[{"uploadtime": 1743281393, "id": "gen9vgc2025reggbo3-2330825679", "format": "[Gen 9] VGC 2025 Reg G (Bo3)", "players": ["BTK9696", "GIULIANO10"], "rating": null, "private": 0, "password": null}, {"uploadtime": 1743281393, "id": "gen9vgc2025reggbo3-2330825149", "format": "[Gen 9] VGC 2025 Reg G (Bo3)", "players": ["Wk_Silva_1112", "Gworf"], "rating": null, "private": 0, "password": null}, {"uploadtime": 1743281393, "id": "gen9vgc2025reggbo3-2330825058", "format": "[Gen 9] VGC 2025 Reg G (Bo3)", "players": ["Calisscrewed", "Vitor_hsaf"], "rating": null, "private": 0, "password": null}, {"uploadtime": 1743281393, "id": "gen9vgc2025reggbo3-2330823441", "format": "[Gen 9] VGC 2025 Reg G (Bo3)", "players": ["BundleUpItsCold", "Gozante"], "rating": null, "private": 0, "password": null}, {"uploadtime": 1743281357, "id": "gen9vgc2025reggbo3-2330827800", "format": "[Gen 9] VGC 2025 Reg G (Bo3)", "players": ["scotty1vgc", "DillonChills"], "rating": null, "private": 0, "password": null}, {"uploadtime": 1743281352, "id": "gen9vgc2025reggbo3-2330825406", "format": "[Gen 9] VGC 2025 Reg G (Bo3)", "players": ["scotty1vgc", "DillonChills"], "rating": null, "private": 0, "password": null}, {"uploadtime": 1743281348, "id": "gen9vgc2025reggbo3-2330822880", "format": "[Gen 9] VGC 2025 Reg G (Bo3)", "players": ["scotty1vgc", "DillonChills"], "rating": null, "private": 0, "password": null}, {"uploadtime": 1743281263, "id": "gen9vgc2025reggbo3-2330827021", "format": "[Gen 9] VGC 2025 Reg G (Bo3)", "players": ["Devious PLan", "M0teM0te13"], "rating": 1499, "private": 0, "password": null}, {"uploadtime": 1743281254, "id": "gen9vgc2025reggbo3-2330824489", "format": "[Gen 9] VGC 2025 Reg G (Bo3)", "players": ["Devious PLan", "M0teM0te13"], "rating": null, "private": 0, "password": null}, {"uploadtime": 1743281254, "id": "gen9vgc2025reggbo3-2330823484", "format": "[Gen 9] VGC 2025 Reg G (Bo3)", "players": ["CandleBlue", "SubToPenglin"], "rating": null, "private": 0, "password": null}, {"uploadtime": 1743281116, "id": "gen9vgc2025reggbo3-2330823515", "format": "[Gen 9] VGC 2025 Reg G (Bo3)", "players": ["GIULIANO10", "Mitojai"], "rating": 1123, "private": 0, "password": null}, {"uploadtime": 1743281116, "id": "gen9vgc2025reggbo3-2330823149", "format": "[Gen 9] VGC 2025 Reg G (Bo3)", "players": ["loprax", "powerfulbuild"], "rating": null, "private": 0, "password": null}, {"uploadtime": 1743281116, "id": "gen9vgc2025reggbo3-2330822421", "format": "[Gen 9] VGC 2025 Reg G (Bo3)", "players": ["habeebomarali123", "Wlccano"], "rating": null, "private": 0, "password": null}, {"uploadtime": 1743281116, "id": "gen9vgc2025reggbo3-2330821898", "format": "[Gen 9] VGC 2025 Reg G (Bo3)", "players": ["Wk_Silva_1112", "Gworf"], "rating": null, "private": 0, "password": null}, {"uploadtime": 1743281005, "id": "gen9vgc2025reggbo3-2330823064", "format": "[Gen 9] VGC 2025 Reg G (Bo3)", "players": ["MagFusktest", "calvinbbc"], "rating": null, "private": 0, "password": null}, {"uploadtime": 1743280977, "id": "gen9vgc2025reggbo3-2330822791", "format": "[Gen 9] VGC 2025 Reg G (Bo3)", "players": ["y-rocko", "wittraid"], "rating": null, "private": 0, "password": null}, {"uploadtime": 1743280838, "id": "gen9vgc2025reggbo3-2330821565", "format": "[Gen 9] VGC 2025 Reg G (Bo3)", "players": ["y-rocko", "wittraid"], "rating": null, "private": 0, "password": null}, {"uploadtime": 1743280838, "id": "gen9vgc2025reggbo3-2330820364", "format": "[Gen 9] VGC 2025 Reg G (Bo3)", "players": ["metaknightmare", "acewithdemination"], "rating": null, "private": 0, "password": null}, {"uploadtime": 1743280838, "id": "gen9vgc2025reggbo3-2330819743", "format": "[Gen 9] VGC 2025 Reg G (Bo3)", "players": ["johnny0007", "YT_JP_SL"], "rating": null, "private": 0, "password": null}, {"uploadtime": 1743280838, "id": "gen9vgc2025reggbo3-2330819339", "format": "[Gen 9] VGC 2025 Reg G (Bo3)", "players": ["CandleBlue", "Cochamo"], "rating": null, "private": 0, "password": null}, {"uploadtime": 1743280685, "id": "gen9vgc2025reggbo3-2330818803", "format": "[Gen 9] VGC 2025 Reg G (Bo3)", "players": ["MagFusktest", "calvinbbc"], "rating": null, "private": 0, "password": null}, {"uploadtime": 1743280423, "id": "gen9vgc2025reggbo3-2330816307", "format": "[Gen 9] VGC 2025 Reg G (Bo3)", "players": ["Queenthinng", "Arnau M_M"], "rating": null, "private": 0, "password": null}, {"uploadtime": 1743280423, "id": "gen9vgc2025reggbo3-2330815965", "format": "[Gen 9] VGC 2025 Reg G (Bo3)", "players": ["CandleBlue", "Cochamo"], "rating": null, "private": 0, "password": null}, {"uploadtime": 1743280398, "id": "gen9vgc2025reggbo3-2330818884", "format": "[Gen 9] VGC 2025 Reg G (Bo3)", "players": ["bachira.lock", "squ1dge_"], "rating": 1296, "private": 0, "password": null}, {"uploadtime": 1743280393, "id": "gen9vgc2025reggbo3-2330817375", "format": "[Gen 9] VGC 2025 Reg G (Bo3)", "players": ["bachira.lock", "squ1dge_"], "rating": null, "private": 0, "password": null}, {"uploadtime": 1743280283, "id": "gen9vgc2025reggbo3-2330816314", "format": "[Gen 9] VGC 2025 Reg G (Bo3)", "players": ["YT_JP_SL", "Krispy_Face"], "rating": null, "private": 0, "password": null}, {"uploadtime": 1743280283, "id": "gen9vgc2025reggbo3-2330815338", "format": "[Gen 9] VGC 2025 Reg G (Bo3)", "players": ["RyanPowneysPatel", "Nemmy23"], "rating": null, "private": 0, "password": null}, {"uploadtime": 1743280145, "id": "gen9vgc2025reggbo3-2330814840", "format": "[Gen 9] VGC 2025 Reg G (Bo3)", "players": ["kyogreing", "Ujan_ujon"], "rating": null, "private": 0, "password": null}, {"uploadtime": 1743280145, "id": "gen9vgc2025reggbo3-2330814446", "format": "[Gen 9] VGC 2025 Reg G (Bo3)", "players": ["Zen1996-VGC", "Volanr"], "rating": null, "private": 0, "password": null}, {"uploadtime": 1743280145, "id": "gen9vgc2025reggbo3-2330813061", "format": "[Gen 9] VGC 2025 Reg G (Bo3)", "players": ["Sic-beatz", "Queenthinng"], "rating": 1113, "private": 0, "password": null}, {"uploadtime": 1743280097, "id": "gen9vgc2025reggbo3-2330815290", "format": "[Gen 9] VGC 2025 Reg G (Bo3)", "players": ["Boumsong90", "Etrale"], "rating": 1154, "private": 0, "password": null}, {"uploadtime": 1743280089, "id": "gen9vgc2025reggbo3-2330812618", "format": "[Gen 9] VGC 2025 Reg G (Bo3)", "players": ["Boumsong90", "Etrale"], "rating": null, "private": 0, "password": null}, {"uploadtime": 1743280074, "id": "gen9vgc2025reggbo3-2330813985", "format": "[Gen 9] VGC 2025 Reg G (Bo3)", "players": ["MagFusktest", "calvinbbc"], "rating": null, "private": 0, "password": null}, {"uploadtime": 1743280006, "id": "gen9vgc2025reggbo3-2330813715", "format": "[Gen 9] VGC 2025 Reg G (Bo3)", "players": ["epic17x", "Cochamo"], "rating": null, "private": 0, "password": null}, {"uploadtime": 1743280006, "id": "gen9vgc2025reggbo3-2330812339", "format": "[Gen 9] VGC 2025 Reg G (Bo3)", "players": ["fanman64", "lasesino"], "rating": null, "private": 0, "password": null}, {"uploadtime": 1743280006, "id": "gen9vgc2025reggbo3-2330811871", "format": "[Gen 9] VGC 2025 Reg G (Bo3)", "players": ["TUIPK", "TheGreenTotoro"], "rating": null, "private": 0, "password": null}, {"uploadtime": 1743280006, "id": "gen9vgc2025reggbo3-2330811705", "format": "[Gen 9] VGC 2025 Reg G (Bo3)", "players": ["wopenheimer alt", "dakotaviolence_"], "rating": null, "private": 0, "password": null}, {"uploadtime": 1743280006, "id": "gen9vgc2025reggbo3-2330811167", "format": "[Gen 9] VGC 2025 Reg G (Bo3)", "players": ["LewBoiiiiiii", "Makosharkdog1"], "rating": null, "private": 0, "password": null}, {"uploadtime": 1743279868, "id": "gen9vgc2025reggbo3-2330811073", "format": "[Gen 9] VGC 2025 Reg G (Bo3)", "players": ["CandleBlue", "NoodleDude2355"], "rating": null, "private": 0, "password": null}, {"uploadtime": 1743279868, "id": "gen9vgc2025reggbo3-2330810525", "format": "[Gen 9] VGC 2025 Reg G (Bo3)", "players": ["fanman64", "lasesino"], "rating": null, "private": 0, "password": null}, {"uploadtime": 1743279868, "id": "gen9vgc2025reggbo3-2330810009", "format": "[Gen 9] VGC 2025 Reg G (Bo3)", "players": ["albertdicksonlf", "Lazaro/shawdown"], "rating": null, "private": 0, "password": null}, {"uploadtime": 1743279590, "id": "gen9vgc2025reggbo3-2330808291", "format": "[Gen 9] VGC 2025 Reg G (Bo3)", "players": ["CandleBlue", "NoodleDude2355"], "rating": null, "private": 0, "password": null}, {"uploadtime": 1743279590, "id": "gen9vgc2025reggbo3-2330807846", "format": "[Gen 9] VGC 2025 Reg G (Bo3)", "players": ["strawenjoyer", "archeokyogre64"], "rating": null, "private": 0, "password": null}, {"uploadtime": 1743279439, "id": "gen9vgc2025reggbo3-2330809027", "format": "[Gen 9] VGC 2025 Reg G (Bo3)", "players": ["Dnomy", "cal_cvgcl"], "rating": null, "private": 0, "password": null}, {"uploadtime": 1743279422, "id": "gen9vgc2025reggbo3-2330807905", "format": "[Gen 9] VGC 2025 Reg G (Bo3)", "players": ["MagFusktest", "calvinbbc"], "rating": null, "private": 0, "password": null}, {"uploadtime": 1743279313, "id": "gen9vgc2025reggbo3-2330806371", "format": "[Gen 9] VGC 2025 Reg G (Bo3)", "players": ["strawenjoyer", "archeokyogre64"], "rating": null, "private": 0, "password": null}, {"uploadtime": 1743279285, "id": "gen9vgc2025reggbo3-2330807401", "format": "[Gen 9] VGC 2025 Reg G (Bo3)", "players": ["kk1pper1314", "FlareFromEs"], "rating": 1237, "private": 0, "password": null}, {"uploadtime": 1743279195, "id": "gen9vgc2025reggbo3-2330803836", "format": "[Gen 9] VGC 2025 Reg G (Bo3)", "players": ["Dnomy", "cal_cvgcl"], "rating": null, "private": 0, "password": null}, {"uploadtime": 1743279192, "id": "gen9vgc2025reggbo3-2330806750", "format": "[Gen 9] VGC 2025 Reg G (Bo3)", "players": ["Dnomy", "cal_cvgcl"], "rating": null, "private": 0, "password": null}, {"uploadtime": 1743279174, "id": "gen9vgc2025reggbo3-2330805556", "format": "[Gen 9] VGC 2025 Reg G (Bo3)", "players": ["youngVegeta2", "FruitDuDragn"], "rating": 1017, "private": 0, "password": null}, {"uploadtime": 1743279174, "id": "gen9vgc2025reggbo3-2330805439", "format": "[Gen 9] VGC 2025 Reg G (Bo3)", "players": ["samyi1234", "Mortimerd"], "rating": null, "private": 0, "password": null}]