[{"uploadtime": 1743273108, "id": "gen9vgc2025reggbo3-2330748734", "format": "[Gen 9] VGC 2025 Reg G (Bo3)", "players": ["hupcosmommycar", "thawolfe"], "rating": null, "private": 0, "password": null}, {"uploadtime": 1743273108, "id": "gen9vgc2025reggbo3-2330748218", "format": "[Gen 9] VGC 2025 Reg G (Bo3)", "players": ["wopenheimer alt", "onxlaughtvgc"], "rating": 1363, "private": 0, "password": null}, {"uploadtime": 1743273108, "id": "gen9vgc2025reggbo3-2330747677", "format": "[Gen 9] VGC 2025 Reg G (Bo3)", "players": ["juacox300", "jolyraanchers"], "rating": null, "private": 0, "password": null}, {"uploadtime": 1743273108, "id": "gen9vgc2025reggbo3-2330746646", "format": "[Gen 9] VGC 2025 Reg G (Bo3)", "players": ["killerofpokemon123", "RandomDude1678"], "rating": null, "private": 0, "password": null}, {"uploadtime": 1743273108, "id": "gen9vgc2025reggbo3-2330746485", "format": "[Gen 9] VGC 2025 Reg G (Bo3)", "players": ["showgo1130", "rocky duck 11"], "rating": null, "private": 0, "password": null}, {"uploadtime": 1743273062, "id": "gen9vgc2025reggbo3-2330747104", "format": "[Gen 9] VGC 2025 Reg G (Bo3)", "players": ["Mega_Ayoub", "NETDlDO"], "rating": 1060, "private": 0, "password": null}, {"uploadtime": 1743273059, "id": "gen9vgc2025reggbo3-2330744432", "format": "[Gen 9] VGC 2025 Reg G (Bo3)", "players": ["Mega_Ayoub", "NETDlDO"], "rating": null, "private": 0, "password": null}, {"uploadtime": 1743273010, "id": "gen9vgc2025reggbo3-2330750449", "format": "[Gen 9] VGC 2025 Reg G (Bo3)", "players": ["4k4k4k4k4k4k", "GummyTime"], "rating": 1002, "private": 0, "password": null}, {"uploadtime": 1743272969, "id": "gen9vgc2025reggbo3-2330748054", "format": "[Gen 9] VGC 2025 Reg G (Bo3)", "players": ["hupcosmommycar", "thawolfe"], "rating": null, "private": 0, "password": null}, {"uploadtime": 1743272969, "id": "gen9vgc2025reggbo3-2330746534", "format": "[Gen 9] VGC 2025 Reg G (Bo3)", "players": ["capworl", "Etrale"], "rating": null, "private": 0, "password": null}, {"uploadtime": 1743272967, "id": "gen9vgc2025reggbo3-2330748785", "format": "[Gen 9] VGC 2025 Reg G (Bo3)", "players": ["Danielesqueda17", "RebL123"], "rating": null, "private": 0, "password": null}, {"uploadtime": 1743272920, "id": "gen9vgc2025reggbo3-2330745225", "format": "[Gen 9] VGC 2025 Reg G (Bo3)", "players": ["D-scNSe", "practicehihello"], "rating": null, "private": 0, "password": null}, {"uploadtime": 1743272864, "id": "gen9vgc2025reggbo3-2330745958", "format": "[Gen 9] VGC 2025 Reg G (Bo3)", "players": ["kelseilakenta", "PhilHellmuth.PH"], "rating": 1421, "private": 0, "password": null}, {"uploadtime": 1743272829, "id": "gen9vgc2025reggbo3-2330746676", "format": "[Gen 9] VGC 2025 Reg G (Bo3)", "players": ["Carynek06", "Shovl"], "rating": null, "private": 0, "password": null}, {"uploadtime": 1743272829, "id": "gen9vgc2025reggbo3-2330745969", "format": "[Gen 9] VGC 2025 Reg G (Bo3)", "players": ["Darkprion", "Millicay"], "rating": null, "private": 0, "password": null}, {"uploadtime": 1743272829, "id": "gen9vgc2025reggbo3-2330745106", "format": "[Gen 9] VGC 2025 Reg G (Bo3)", "players": ["Dbath", "Rfriedrich16"], "rating": null, "private": 0, "password": null}, {"uploadtime": 1743272829, "id": "gen9vgc2025reggbo3-2330744872", "format": "[Gen 9] VGC 2025 Reg G (Bo3)", "players": ["Crown Aether", "TimothyVince"], "rating": null, "private": 0, "password": null}, {"uploadtime": 1743272829, "id": "gen9vgc2025reggbo3-2330744748", "format": "[Gen 9] VGC 2025 Reg G (Bo3)", "players": ["LuketheDuk", "SergiM11"], "rating": null, "private": 0, "password": null}, {"uploadtime": 1743272829, "id": "gen9vgc2025reggbo3-2330744356", "format": "[Gen 9] VGC 2025 Reg G (Bo3)", "players": ["PWR Apollo", "redknight426"], "rating": null, "private": 0, "password": null}, {"uploadtime": 1743272823, "id": "gen9vgc2025reggbo3-2330745687", "format": "[Gen 9] VGC 2025 Reg G (Bo3)", "players": ["chriscanway", "Deharo94vgc"], "rating": 1142, "private": 0, "password": null}, {"uploadtime": 1743272805, "id": "gen9vgc2025reggbo3-2330742481", "format": "[Gen 9] VGC 2025 Reg G (Bo3)", "players": ["chriscanway", "Deharo94vgc"], "rating": null, "private": 0, "password": null}, {"uploadtime": 1743272690, "id": "gen9vgc2025reggbo3-2330744113", "format": "[Gen 9] VGC 2025 Reg G (Bo3)", "players": ["kelseilakenta", "PhilHellmuth.PH"], "rating": null, "private": 0, "password": null}, {"uploadtime": 1743272690, "id": "gen9vgc2025reggbo3-2330743996", "format": "[Gen 9] VGC 2025 Reg G (Bo3)", "players": ["Darkprion", "Millicay"], "rating": null, "private": 0, "password": null}, {"uploadtime": 1743272690, "id": "gen9vgc2025reggbo3-2330742555", "format": "[Gen 9] VGC 2025 Reg G (Bo3)", "players": ["funnythekani", "Harshus"], "rating": null, "private": 0, "password": null}, {"uploadtime": 1743272564, "id": "gen9vgc2025reggbo3-2330733653", "format": "[Gen 9] VGC 2025 Reg G (Bo3)", "players": ["boschybee", "eralith37"], "rating": 1051, "private": 0, "password": null}, {"uploadtime": 1743272552, "id": "gen9vgc2025reggbo3-2330730526", "format": "[Gen 9] VGC 2025 Reg G (Bo3)", "players": ["boschybee", "eralith37"], "rating": null, "private": 0, "password": null}, {"uploadtime": 1743272550, "id": "gen9vgc2025reggbo3-2330742981", "format": "[Gen 9] VGC 2025 Reg G (Bo3)", "players": ["Flamingtiger56", "bigj009"], "rating": null, "private": 0, "password": null}, {"uploadtime": 1743272550, "id": "gen9vgc2025reggbo3-2330741072", "format": "[Gen 9] VGC 2025 Reg G (Bo3)", "players": ["LuketheDuk", "SergiM11"], "rating": null, "private": 0, "password": null}, {"uploadtime": 1743272528, "id": "gen9vgc2025reggbo3-2330727583", "format": "[Gen 9] VGC 2025 Reg G (Bo3)", "players": ["boschybee", "eralith37"], "rating": null, "private": 0, "password": null}, {"uploadtime": 1743272411, "id": "gen9vgc2025reggbo3-2330740358", "format": "[Gen 9] VGC 2025 Reg G (Bo3)", "players": ["Flamingtiger56", "bigj009"], "rating": null, "private": 0, "password": null}, {"uploadtime": 1743272411, "id": "gen9vgc2025reggbo3-2330740008", "format": "[Gen 9] VGC 2025 Reg G (Bo3)", "players": ["MaeveAscella", "J.Arch"], "rating": null, "private": 0, "password": null}, {"uploadtime": 1743272277, "id": "gen9vgc2025reggbo3-2330742084", "format": "[Gen 9] VGC 2025 Reg G (Bo3)", "players": ["PhilHellmuth.PH", "KassFK"], "rating": 1316, "private": 0, "password": null}, {"uploadtime": 1743272272, "id": "gen9vgc2025reggbo3-2330740899", "format": "[Gen 9] VGC 2025 Reg G (Bo3)", "players": ["ANPPP", "dakotaviolence_"], "rating": null, "private": 0, "password": null}, {"uploadtime": 1743272272, "id": "gen9vgc2025reggbo3-2330739574", "format": "[Gen 9] VGC 2025 Reg G (Bo3)", "players": ["funnythekani", "Harshus"], "rating": null, "private": 0, "password": null}, {"uploadtime": 1743272271, "id": "gen9vgc2025reggbo3-2330739609", "format": "[Gen 9] VGC 2025 Reg G (Bo3)", "players": ["PhilHellmuth.PH", "KassFK"], "rating": null, "private": 0, "password": null}, {"uploadtime": 1743272250, "id": "gen9vgc2025reggbo3-2330738443", "format": "[Gen 9] VGC 2025 Reg G (Bo3)", "players": ["raucho", "epikkkk"], "rating": null, "private": 0, "password": null}, {"uploadtime": 1743272224, "id": "gen9vgc2025reggbo3-2330740707", "format": "[Gen 9] VGC 2025 Reg G (Bo3)", "players": ["raucho", "epikkkk"], "rating": 1095, "private": 0, "password": null}, {"uploadtime": 1743272149, "id": "gen9vgc2025reggbo3-2330739193", "format": "[Gen 9] VGC 2025 Reg G (Bo3)", "players": ["HunterOnShowdown", "4k4k4k4k4k4k"], "rating": 1080, "private": 0, "password": null}, {"uploadtime": 1743272122, "id": "gen9vgc2025reggbo3-2330740914", "format": "[Gen 9] VGC 2025 Reg G (Bo3)", "players": ["i am saksham", "Etrale"], "rating": 1244, "private": 0, "password": null}, {"uploadtime": 1743271993, "id": "gen9vgc2025reggbo3-2330735926", "format": "[Gen 9] VGC 2025 Reg G (Bo3)", "players": ["Denjer_12", "Realkanegduaji"], "rating": null, "private": 0, "password": null}, {"uploadtime": 1743271985, "id": "gen9vgc2025reggbo3-2330738674", "format": "[Gen 9] VGC 2025 Reg G (Bo3)", "players": ["i am saksham", "Etrale"], "rating": null, "private": 0, "password": null}, {"uploadtime": 1743271978, "id": "gen9vgc2025reggbo3-2330735214", "format": "[Gen 9] VGC 2025 Reg G (Bo3)", "players": ["i am saksham", "Etrale"], "rating": null, "private": 0, "password": null}, {"uploadtime": 1743271952, "id": "gen9vgc2025reggbo3-2330737974", "format": "[Gen 9] VGC 2025 Reg G (Bo3)", "players": ["Orichalcum25", "reloadset"], "rating": null, "private": 0, "password": null}, {"uploadtime": 1743271946, "id": "gen9vgc2025reggbo3-2330733313", "format": "[Gen 9] VGC 2025 Reg G (Bo3)", "players": ["Orichalcum25", "reloadset"], "rating": null, "private": 0, "password": null}, {"uploadtime": 1743271936, "id": "gen9vgc2025reggbo3-2330729881", "format": "[Gen 9] VGC 2025 Reg G (Bo3)", "players": ["Orichalcum25", "reloadset"], "rating": null, "private": 0, "password": null}, {"uploadtime": 1743271854, "id": "gen9vgc2025reggbo3-2330736468", "format": "[Gen 9] VGC 2025 Reg G (Bo3)", "players": ["Yggdrasil1992", "Hmmmge"], "rating": 1061, "private": 0, "password": null}, {"uploadtime": 1743271854, "id": "gen9vgc2025reggbo3-2330736185", "format": "[Gen 9] VGC 2025 Reg G (Bo3)", "players": ["Sincubii", "el1azss"], "rating": null, "private": 0, "password": null}, {"uploadtime": 1743271854, "id": "gen9vgc2025reggbo3-2330734281", "format": "[Gen 9] VGC 2025 Reg G (Bo3)", "players": ["redknight426", "juzmar7"], "rating": null, "private": 0, "password": null}, {"uploadtime": 1743271777, "id": "gen9vgc2025reggbo3-2330736532", "format": "[Gen 9] VGC 2025 Reg G (Bo3)", "players": ["HunterOnShowdown", "4k4k4k4k4k4k"], "rating": null, "private": 0, "password": null}, {"uploadtime": 1743271715, "id": "gen9vgc2025reggbo3-2330735735", "format": "[Gen 9] VGC 2025 Reg G (Bo3)", "players": ["stan marsh", "Harmcharm"], "rating": null, "private": 0, "password": null}, {"uploadtime": 1743271715, "id": "gen9vgc2025reggbo3-2330735250", "format": "[Gen 9] VGC 2025 Reg G (Bo3)", "players": ["raucho", "snad10"], "rating": null, "private": 0, "password": null}]