[{"uploadtime": 1743310294, "id": "gen9vgc2025reggbo3-2331069139", "format": "[Gen 9] VGC 2025 Reg G (Bo3)", "players": ["Hollowknight29", "vqnFlips"], "rating": null, "private": 0, "password": null}, {"uploadtime": 1743310294, "id": "gen9vgc2025reggbo3-2331069108", "format": "[Gen 9] VGC 2025 Reg G (Bo3)", "players": ["krocksucker", "BrightPaladin1234"], "rating": null, "private": 0, "password": null}, {"uploadtime": 1743310294, "id": "gen9vgc2025reggbo3-2331068915", "format": "[Gen 9] VGC 2025 Reg G (Bo3)", "players": ["KikoPlays", "powerfulbuild"], "rating": null, "private": 0, "password": null}, {"uploadtime": 1743310294, "id": "gen9vgc2025reggbo3-2331068433", "format": "[Gen 9] VGC 2025 Reg G (Bo3)", "players": ["fil_mnfgc", "Waiter0fTables"], "rating": null, "private": 0, "password": null}, {"uploadtime": 1743310018, "id": "gen9vgc2025reggbo3-2331067853", "format": "[Gen 9] VGC 2025 Reg G (Bo3)", "players": ["krocksucker", "BrightPaladin1234"], "rating": null, "private": 0, "password": null}, {"uploadtime": 1743310018, "id": "gen9vgc2025reggbo3-2331066596", "format": "[Gen 9] VGC 2025 Reg G (Bo3)", "players": ["Ocpuddin", "slugpup stew"], "rating": null, "private": 0, "password": null}, {"uploadtime": 1743310018, "id": "gen9vgc2025reggbo3-2331065757", "format": "[Gen 9] VGC 2025 Reg G (Bo3)", "players": ["Pk_Thunder1215", "Glazeguy"], "rating": 1074, "private": 0, "password": null}, {"uploadtime": 1743310017, "id": "gen9vgc2025reggbo3-2331067782", "format": "[Gen 9] VGC 2025 Reg G (Bo3)", "players": ["TCM Zaukepoo", "jerry_cilantro"], "rating": null, "private": 0, "password": null}, {"uploadtime": 1743309880, "id": "gen9vgc2025reggbo3-2331066536", "format": "[Gen 9] VGC 2025 Reg G (Bo3)", "players": ["keonespirit", "aqawa"], "rating": null, "private": 0, "password": null}, {"uploadtime": 1743309880, "id": "gen9vgc2025reggbo3-2331066372", "format": "[Gen 9] VGC 2025 Reg G (Bo3)", "players": ["majormars", "spence.hl"], "rating": null, "private": 0, "password": null}, {"uploadtime": 1743309880, "id": "gen9vgc2025reggbo3-2331066146", "format": "[Gen 9] VGC 2025 Reg G (Bo3)", "players": ["Adudegames2020", "jakeieboy"], "rating": 1048, "private": 0, "password": null}, {"uploadtime": 1743309880, "id": "gen9vgc2025reggbo3-2331065624", "format": "[Gen 9] VGC 2025 Reg G (Bo3)", "players": ["fil_mnfgc", "Waiter0fTables"], "rating": null, "private": 0, "password": null}, {"uploadtime": 1743309742, "id": "gen9vgc2025reggbo3-2331065201", "format": "[Gen 9] VGC 2025 Reg G (Bo3)", "players": ["Adudegames2020", "jakeieboy"], "rating": null, "private": 0, "password": null}, {"uploadtime": 1743309742, "id": "gen9vgc2025reggbo3-2331064879", "format": "[Gen 9] VGC 2025 Reg G (Bo3)", "players": ["Gworf", "mediocrememez"], "rating": null, "private": 0, "password": null}, {"uploadtime": 1743309742, "id": "gen9vgc2025reggbo3-2331064806", "format": "[Gen 9] VGC 2025 Reg G (Bo3)", "players": ["Shiva2099", "CyndaquilHat"], "rating": null, "private": 0, "password": null}, {"uploadtime": 1743309742, "id": "gen9vgc2025reggbo3-2331064676", "format": "[Gen 9] VGC 2025 Reg G (Bo3)", "players": ["erick 8a", "Ochoscar"], "rating": null, "private": 0, "password": null}, {"uploadtime": 1743309742, "id": "gen9vgc2025reggbo3-2331064555", "format": "[Gen 9] VGC 2025 Reg G (Bo3)", "players": ["Flamingo97", "LeonardPlayz"], "rating": null, "private": 0, "password": null}, {"uploadtime": 1743309742, "id": "gen9vgc2025reggbo3-2331064507", "format": "[Gen 9] VGC 2025 Reg G (Bo3)", "players": ["kdan_7", "keonespirit"], "rating": 1220, "private": 0, "password": null}, {"uploadtime": 1743309466, "id": "gen9vgc2025reggbo3-2331063991", "format": "[Gen 9] VGC 2025 Reg G (Bo3)", "players": ["CandleBlue", "gg wp vgc"], "rating": null, "private": 0, "password": null}, {"uploadtime": 1743309466, "id": "gen9vgc2025reggbo3-2331063757", "format": "[Gen 9] VGC 2025 Reg G (Bo3)", "players": ["Echoes630", "Kirito1986"], "rating": null, "private": 0, "password": null}, {"uploadtime": 1743309466, "id": "gen9vgc2025reggbo3-2331063600", "format": "[Gen 9] VGC 2025 Reg G (Bo3)", "players": ["Water_Spout09", "Malacara-vgc"], "rating": 1201, "private": 0, "password": null}, {"uploadtime": 1743309466, "id": "gen9vgc2025reggbo3-2331063480", "format": "[Gen 9] VGC 2025 Reg G (Bo3)", "players": ["Gworf", "Almidaran Crow"], "rating": 1094, "private": 0, "password": null}, {"uploadtime": 1743309466, "id": "gen9vgc2025reggbo3-2331063178", "format": "[Gen 9] VGC 2025 Reg G (Bo3)", "players": ["Rg67", "HutchencemanR"], "rating": null, "private": 0, "password": null}, {"uploadtime": 1743309466, "id": "gen9vgc2025reggbo3-2331062300", "format": "[Gen 9] VGC 2025 Reg G (Bo3)", "players": ["Kuri2309", "promamamia"], "rating": 1008, "private": 0, "password": null}, {"uploadtime": 1743309466, "id": "gen9vgc2025reggbo3-2331062292", "format": "[Gen 9] VGC 2025 Reg G (Bo3)", "players": ["maruja squad", "mikel0404"], "rating": null, "private": 0, "password": null}, {"uploadtime": 1743309275, "id": "gen9vgc2025reggbo3-2331062867", "format": "[Gen 9] VGC 2025 Reg G (Bo3)", "players": ["hexagonfoot", "myshirtisdirty"], "rating": 1225, "private": 0, "password": null}, {"uploadtime": 1743309244, "id": "gen9vgc2025reggbo3-2331060917", "format": "[Gen 9] VGC 2025 Reg G (Bo3)", "players": ["hexagonfoot", "myshirtisdirty"], "rating": null, "private": 0, "password": null}, {"uploadtime": 1743309189, "id": "gen9vgc2025reggbo3-2331062057", "format": "[Gen 9] VGC 2025 Reg G (Bo3)", "players": ["JJ Enton", "WhereIsRiolu?"], "rating": 1043, "private": 0, "password": null}, {"uploadtime": 1743309189, "id": "gen9vgc2025reggbo3-2331062040", "format": "[Gen 9] VGC 2025 Reg G (Bo3)", "players": ["Kantros", "amorpokemon12!"], "rating": 1073, "private": 0, "password": null}, {"uploadtime": 1743309189, "id": "gen9vgc2025reggbo3-2331061759", "format": "[Gen 9] VGC 2025 Reg G (Bo3)", "players": ["zogog", "HoneyTheBear"], "rating": 1303, "private": 0, "password": null}, {"uploadtime": 1743309189, "id": "gen9vgc2025reggbo3-2331060865", "format": "[Gen 9] VGC 2025 Reg G (Bo3)", "players": ["mediocrememez", "jgvitvyvt"], "rating": null, "private": 0, "password": null}, {"uploadtime": 1743309189, "id": "gen9vgc2025reggbo3-2331060580", "format": "[Gen 9] VGC 2025 Reg G (Bo3)", "players": ["pichu1940", "powerfulbuild"], "rating": null, "private": 0, "password": null}, {"uploadtime": 1743309189, "id": "gen9vgc2025reggbo3-2331060382", "format": "[Gen 9] VGC 2025 Reg G (Bo3)", "players": ["KingNoahC17", "ab80"], "rating": null, "private": 0, "password": null}, {"uploadtime": 1743309051, "id": "gen9vgc2025reggbo3-2331059114", "format": "[Gen 9] VGC 2025 Reg G (Bo3)", "players": ["roeProdigy", "LandmarkHalo169"], "rating": null, "private": 0, "password": null}, {"uploadtime": 1743309051, "id": "gen9vgc2025reggbo3-2331058035", "format": "[Gen 9] VGC 2025 Reg G (Bo3)", "players": ["RunZuki", "Elsebidebi-1"], "rating": null, "private": 0, "password": null}, {"uploadtime": 1743308913, "id": "gen9vgc2025reggbo3-2331059352", "format": "[Gen 9] VGC 2025 Reg G (Bo3)", "players": ["fil_mnfgc", "MazaMaster"], "rating": null, "private": 0, "password": null}, {"uploadtime": 1743308913, "id": "gen9vgc2025reggbo3-2331058779", "format": "[Gen 9] VGC 2025 Reg G (Bo3)", "players": ["Deve 1", "Kirito1986"], "rating": null, "private": 0, "password": null}, {"uploadtime": 1743308913, "id": "gen9vgc2025reggbo3-2331058760", "format": "[Gen 9] VGC 2025 Reg G (Bo3)", "players": ["LanzTheDragon", "Glazeguy"], "rating": null, "private": 0, "password": null}, {"uploadtime": 1743308913, "id": "gen9vgc2025reggbo3-2331058515", "format": "[Gen 9] VGC 2025 Reg G (Bo3)", "players": ["supadupahero", "rafe_model_k"], "rating": null, "private": 0, "password": null}, {"uploadtime": 1743308913, "id": "gen9vgc2025reggbo3-2331058127", "format": "[Gen 9] VGC 2025 Reg G (Bo3)", "players": ["PkmnEradication", "fuckvish"], "rating": null, "private": 0, "password": null}, {"uploadtime": 1743308913, "id": "gen9vgc2025reggbo3-2331058090", "format": "[Gen 9] VGC 2025 Reg G (Bo3)", "players": ["loponite", "Pants00"], "rating": null, "private": 0, "password": null}, {"uploadtime": 1743308913, "id": "gen9vgc2025reggbo3-2331057267", "format": "[Gen 9] VGC 2025 Reg G (Bo3)", "players": ["vqnFlips", "warriorooyt"], "rating": null, "private": 0, "password": null}, {"uploadtime": 1743308637, "id": "gen9vgc2025reggbo3-2331058934", "format": "[Gen 9] VGC 2025 Reg G (Bo3)", "players": ["DUNSPARCEDINGO", "ab80"], "rating": null, "private": 0, "password": null}, {"uploadtime": 1743308637, "id": "gen9vgc2025reggbo3-2331058072", "format": "[Gen 9] VGC 2025 Reg G (Bo3)", "players": ["kdan_7", "krocksucker"], "rating": null, "private": 0, "password": null}, {"uploadtime": 1743308637, "id": "gen9vgc2025reggbo3-2331057775", "format": "[Gen 9] VGC 2025 Reg G (Bo3)", "players": ["AveyIGuess", "Kantros"], "rating": null, "private": 0, "password": null}, {"uploadtime": 1743308637, "id": "gen9vgc2025reggbo3-2331057757", "format": "[Gen 9] VGC 2025 Reg G (Bo3)", "players": ["sebastian.gough", "Cheesey027"], "rating": 1023, "private": 0, "password": null}, {"uploadtime": 1743308637, "id": "gen9vgc2025reggbo3-2331057687", "format": "[Gen 9] VGC 2025 Reg G (Bo3)", "players": ["LanzTheDragon", "funnythekani"], "rating": null, "private": 0, "password": null}, {"uploadtime": 1743308637, "id": "gen9vgc2025reggbo3-2331057428", "format": "[Gen 9] VGC 2025 Reg G (Bo3)", "players": ["zombielord918", "Gfcv"], "rating": null, "private": 0, "password": null}, {"uploadtime": 1743308637, "id": "gen9vgc2025reggbo3-2331057392", "format": "[Gen 9] VGC 2025 Reg G (Bo3)", "players": ["Echoes630", "minhisdum"], "rating": 1068, "private": 0, "password": null}, {"uploadtime": 1743308637, "id": "gen9vgc2025reggbo3-2331057154", "format": "[Gen 9] VGC 2025 Reg G (Bo3)", "players": ["roeProdigy", "LandmarkHalo169"], "rating": null, "private": 0, "password": null}, {"uploadtime": 1743308637, "id": "gen9vgc2025reggbo3-2331056943", "format": "[Gen 9] VGC 2025 Reg G (Bo3)", "players": ["jakeieboy", "promamamia"], "rating": null, "private": 0, "password": null}]