[{"uploadtime": 1743414980, "id": "gen9vgc2025reggbo3-2331854125", "format": "[Gen 9] VGC 2025 Reg G (Bo3)", "players": ["Retromon1586", "kigokigo"], "rating": 1107, "private": 0, "password": null}, {"uploadtime": 1743414586, "id": "gen9vgc2025reggbo3-2331854063", "format": "[Gen 9] VGC 2025 Reg G (Bo3)", "players": ["test123vgc456", "Kez72"], "rating": 1151, "private": 0, "password": null}, {"uploadtime": 1743414563, "id": "gen9vgc2025reggbo3-2331850594", "format": "[Gen 9] VGC 2025 Reg G (Bo3)", "players": ["Retromon1586", "dhhrooov"], "rating": null, "private": 0, "password": null}, {"uploadtime": 1743414424, "id": "gen9vgc2025reggbo3-2331850848", "format": "[Gen 9] VGC 2025 Reg G (Bo3)", "players": ["abdullosama25", "Loopylew999"], "rating": null, "private": 0, "password": null}, {"uploadtime": 1743414424, "id": "gen9vgc2025reggbo3-2331850277", "format": "[Gen 9] VGC 2025 Reg G (Bo3)", "players": ["charlottecolon3", "blockedtrain"], "rating": null, "private": 0, "password": null}, {"uploadtime": 1743414424, "id": "gen9vgc2025reggbo3-2331849881", "format": "[Gen 9] VGC 2025 Reg G (Bo3)", "players": ["japanbalanced", "sbor3d"], "rating": null, "private": 0, "password": null}, {"uploadtime": 1743414371, "id": "gen9vgc2025reggbo3-2331851455", "format": "[Gen 9] VGC 2025 Reg G (Bo3)", "players": ["test123vgc456", "Kez72"], "rating": null, "private": 0, "password": null}, {"uploadtime": 1743414285, "id": "gen9vgc2025reggbo3-2331849236", "format": "[Gen 9] VGC 2025 Reg G (Bo3)", "players": ["Doofusburger666", "nikolasnaiz"], "rating": null, "private": 0, "password": null}, {"uploadtime": 1743414146, "id": "gen9vgc2025reggbo3-2331848826", "format": "[Gen 9] VGC 2025 Reg G (Bo3)", "players": ["adhii", "gen2iscoolig"], "rating": null, "private": 0, "password": null}, {"uploadtime": 1743414146, "id": "gen9vgc2025reggbo3-2331848613", "format": "[Gen 9] VGC 2025 Reg G (Bo3)", "players": ["Lazaro/shawdown", "capsian"], "rating": null, "private": 0, "password": null}, {"uploadtime": 1743414146, "id": "gen9vgc2025reggbo3-2331848583", "format": "[Gen 9] VGC 2025 Reg G (Bo3)", "players": ["mattderu5784", "User16838426"], "rating": null, "private": 0, "password": null}, {"uploadtime": 1743414146, "id": "gen9vgc2025reggbo3-2331848468", "format": "[Gen 9] VGC 2025 Reg G (Bo3)", "players": ["relif", "funnynewformat"], "rating": null, "private": 0, "password": null}, {"uploadtime": 1743414082, "id": "gen9vgc2025reggbo3-2331849211", "format": "[Gen 9] VGC 2025 Reg G (Bo3)", "players": ["huatuankhoa", "Mew_Totem"], "rating": null, "private": 0, "password": null}, {"uploadtime": 1743414025, "id": "gen9vgc2025reggbo3-2331850957", "format": "[Gen 9] VGC 2025 Reg G (Bo3)", "players": ["huatuankhoa", "Mew_Totem"], "rating": 1000, "private": 0, "password": null}, {"uploadtime": 1743414007, "id": "gen9vgc2025reggbo3-2331848918", "format": "[Gen 9] VGC 2025 Reg G (Bo3)", "players": ["Roman81014", "Sisks8kx"], "rating": null, "private": 0, "password": null}, {"uploadtime": 1743414007, "id": "gen9vgc2025reggbo3-2331848520", "format": "[Gen 9] VGC 2025 Reg G (Bo3)", "players": ["Et3re_", "pychul23"], "rating": null, "private": 0, "password": null}, {"uploadtime": 1743414007, "id": "gen9vgc2025reggbo3-2331848451", "format": "[Gen 9] VGC 2025 Reg G (Bo3)", "players": ["reptileboy", "Cheesey027"], "rating": null, "private": 0, "password": null}, {"uploadtime": 1743414007, "id": "gen9vgc2025reggbo3-2331848202", "format": "[Gen 9] VGC 2025 Reg G (Bo3)", "players": ["por8os", "Er_Kapi"], "rating": null, "private": 0, "password": null}, {"uploadtime": 1743414007, "id": "gen9vgc2025reggbo3-2331847973", "format": "[Gen 9] VGC 2025 Reg G (Bo3)", "players": ["japanbalanced", "sbor3d"], "rating": null, "private": 0, "password": null}, {"uploadtime": 1743414007, "id": "gen9vgc2025reggbo3-2331847822", "format": "[Gen 9] VGC 2025 Reg G (Bo3)", "players": ["Snowiepi", "Kez72"], "rating": null, "private": 0, "password": null}, {"uploadtime": 1743413868, "id": "gen9vgc2025reggbo3-2331847547", "format": "[Gen 9] VGC 2025 Reg G (Bo3)", "players": ["Et3re_", "pychul23"], "rating": null, "private": 0, "password": null}, {"uploadtime": 1743413868, "id": "gen9vgc2025reggbo3-2331847449", "format": "[Gen 9] VGC 2025 Reg G (Bo3)", "players": ["GiorgiovanZaalen", "Park Su Kim"], "rating": null, "private": 0, "password": null}, {"uploadtime": 1743413868, "id": "gen9vgc2025reggbo3-2331847060", "format": "[Gen 9] VGC 2025 Reg G (Bo3)", "players": ["Roman81014", "Sisks8kx"], "rating": null, "private": 0, "password": null}, {"uploadtime": 1743413868, "id": "gen9vgc2025reggbo3-2331847046", "format": "[Gen 9] VGC 2025 Reg G (Bo3)", "players": ["relif", "funnynewformat"], "rating": null, "private": 0, "password": null}, {"uploadtime": 1743413868, "id": "gen9vgc2025reggbo3-2331846747", "format": "[Gen 9] VGC 2025 Reg G (Bo3)", "players": ["adhii", "gen2iscoolig"], "rating": null, "private": 0, "password": null}, {"uploadtime": 1743413729, "id": "gen9vgc2025reggbo3-2331846470", "format": "[Gen 9] VGC 2025 Reg G (Bo3)", "players": ["huatuankhoa", "Warmlightning"], "rating": null, "private": 0, "password": null}, {"uploadtime": 1743413451, "id": "gen9vgc2025reggbo3-2331844908", "format": "[Gen 9] VGC 2025 Reg G (Bo3)", "players": ["Rallakos", "nhfgghjk"], "rating": 1000, "private": 0, "password": null}, {"uploadtime": 1743413451, "id": "gen9vgc2025reggbo3-2331844317", "format": "[Gen 9] VGC 2025 Reg G (Bo3)", "players": ["RonChan24", "Park Su Kim"], "rating": null, "private": 0, "password": null}, {"uploadtime": 1743413451, "id": "gen9vgc2025reggbo3-2331844139", "format": "[Gen 9] VGC 2025 Reg G (Bo3)", "players": ["reznob", "campbel"], "rating": null, "private": 0, "password": null}, {"uploadtime": 1743413451, "id": "gen9vgc2025reggbo3-2331844061", "format": "[Gen 9] VGC 2025 Reg G (Bo3)", "players": ["lin7482", "User16838426"], "rating": null, "private": 0, "password": null}, {"uploadtime": 1743413312, "id": "gen9vgc2025reggbo3-2331843254", "format": "[Gen 9] VGC 2025 Reg G (Bo3)", "players": ["adhii", "Dcenz7"], "rating": null, "private": 0, "password": null}, {"uploadtime": 1743413312, "id": "gen9vgc2025reggbo3-2331843238", "format": "[Gen 9] VGC 2025 Reg G (Bo3)", "players": ["ShadowTriad Lazer", "baderitz"], "rating": null, "private": 0, "password": null}, {"uploadtime": 1743413173, "id": "gen9vgc2025reggbo3-2331842344", "format": "[Gen 9] VGC 2025 Reg G (Bo3)", "players": ["reznob", "campbel"], "rating": null, "private": 0, "password": null}, {"uploadtime": 1743413034, "id": "gen9vgc2025reggbo3-2331841495", "format": "[Gen 9] VGC 2025 Reg G (Bo3)", "players": ["adhii", "Dcenz7"], "rating": null, "private": 0, "password": null}, {"uploadtime": 1743412895, "id": "gen9vgc2025reggbo3-2331841461", "format": "[Gen 9] VGC 2025 Reg G (Bo3)", "players": ["fabalita", "Dix6"], "rating": null, "private": 0, "password": null}, {"uploadtime": 1743412895, "id": "gen9vgc2025reggbo3-2331840793", "format": "[Gen 9] VGC 2025 Reg G (Bo3)", "players": ["Rg67", "Rallakos"], "rating": null, "private": 0, "password": null}, {"uploadtime": 1743412756, "id": "gen9vgc2025reggbo3-2331840811", "format": "[Gen 9] VGC 2025 Reg G (Bo3)", "players": ["its_me_bubblez", "Gu5146"], "rating": null, "private": 0, "password": null}, {"uploadtime": 1743412756, "id": "gen9vgc2025reggbo3-2331839807", "format": "[Gen 9] VGC 2025 Reg G (Bo3)", "players": ["GTCEA.vgc", "Kempelnie"], "rating": null, "private": 0, "password": null}, {"uploadtime": 1743412617, "id": "gen9vgc2025reggbo3-2331839502", "format": "[Gen 9] VGC 2025 Reg G (Bo3)", "players": ["User16838426", "Il Mule"], "rating": null, "private": 0, "password": null}, {"uploadtime": 1743412478, "id": "gen9vgc2025reggbo3-2331838380", "format": "[Gen 9] VGC 2025 Reg G (Bo3)", "players": ["GTCEA.vgc", "Kempelnie"], "rating": null, "private": 0, "password": null}, {"uploadtime": 1743412339, "id": "gen9vgc2025reggbo3-2331837840", "format": "[Gen 9] VGC 2025 Reg G (Bo3)", "players": ["olciax34", "EnchantDark"], "rating": null, "private": 0, "password": null}, {"uploadtime": 1743412061, "id": "gen9vgc2025reggbo3-2331835516", "format": "[Gen 9] VGC 2025 Reg G (Bo3)", "players": ["pokedinoboy", "sebastian.gough"], "rating": 1074, "private": 0, "password": null}, {"uploadtime": 1743411922, "id": "gen9vgc2025reggbo3-2331834889", "format": "[Gen 9] VGC 2025 Reg G (Bo3)", "players": ["Zapinhojr", "MeekMatt"], "rating": null, "private": 0, "password": null}, {"uploadtime": 1743411922, "id": "gen9vgc2025reggbo3-2331834620", "format": "[Gen 9] VGC 2025 Reg G (Bo3)", "players": ["capsian", "Piti-49"], "rating": null, "private": 0, "password": null}, {"uploadtime": 1743411922, "id": "gen9vgc2025reggbo3-2331834490", "format": "[Gen 9] VGC 2025 Reg G (Bo3)", "players": ["itslikewoah", "supernenechiiii"], "rating": null, "private": 0, "password": null}, {"uploadtime": 1743411783, "id": "gen9vgc2025reggbo3-2331834729", "format": "[Gen 9] VGC 2025 Reg G (Bo3)", "players": ["wopenheimer alt", "SnowquakeMG"], "rating": null, "private": 0, "password": null}, {"uploadtime": 1743411783, "id": "gen9vgc2025reggbo3-2331833817", "format": "[Gen 9] VGC 2025 Reg G (Bo3)", "players": ["pokedinoboy", "sebastian.gough"], "rating": null, "private": 0, "password": null}, {"uploadtime": 1743411783, "id": "gen9vgc2025reggbo3-2331833406", "format": "[Gen 9] VGC 2025 Reg G (Bo3)", "players": ["Graeden4eva", "quazi66"], "rating": null, "private": 0, "password": null}, {"uploadtime": 1743411783, "id": "gen9vgc2025reggbo3-2331832851", "format": "[Gen 9] VGC 2025 Reg G (Bo3)", "players": ["GTCEA.vgc", "badplayer3.141"], "rating": null, "private": 0, "password": null}, {"uploadtime": 1743411644, "id": "gen9vgc2025reggbo3-2331832553", "format": "[Gen 9] VGC 2025 Reg G (Bo3)", "players": ["wopenheimer alt", "SnowquakeMG"], "rating": null, "private": 0, "password": null}, {"uploadtime": 1743411505, "id": "gen9vgc2025reggbo3-2331832904", "format": "[Gen 9] VGC 2025 Reg G (Bo3)", "players": ["Zapinhojr", "TubigBaha"], "rating": 1074, "private": 0, "password": null}]