[{"uploadtime": 1743308637, "id": "gen9vgc2025reggbo3-2331056943", "format": "[Gen 9] VGC 2025 Reg G (Bo3)", "players": ["jakeieboy", "promamamia"], "rating": null, "private": 0, "password": null}, {"uploadtime": 1743308637, "id": "gen9vgc2025reggbo3-2331056369", "format": "[Gen 9] VGC 2025 Reg G (Bo3)", "players": ["maxrf321", "quy1001"], "rating": null, "private": 0, "password": null}, {"uploadtime": 1743308637, "id": "gen9vgc2025reggbo3-2331055911", "format": "[Gen 9] VGC 2025 Reg G (Bo3)", "players": ["d7ywdyghua", "TWICE is LOVE!"], "rating": null, "private": 0, "password": null}, {"uploadtime": 1743308637, "id": "gen9vgc2025reggbo3-2331055252", "format": "[Gen 9] VGC 2025 Reg G (Bo3)", "players": ["Deve 1", "Kirito1986"], "rating": null, "private": 0, "password": null}, {"uploadtime": 1743308438, "id": "gen9vgc2025reggbo3-2331058057", "format": "[Gen 9] VGC 2025 Reg G (Bo3)", "players": ["rphoenix_blaze", "Zessozessozesso"], "rating": 1360, "private": 0, "password": null}, {"uploadtime": 1743308362, "id": "gen9vgc2025reggbo3-2331056096", "format": "[Gen 9] VGC 2025 Reg G (Bo3)", "players": ["loponite", "Pants00"], "rating": null, "private": 0, "password": null}, {"uploadtime": 1743308360, "id": "gen9vgc2025reggbo3-2331055889", "format": "[Gen 9] VGC 2025 Reg G (Bo3)", "players": ["Flamingtiger56", "Witness343"], "rating": 1378, "private": 0, "password": null}, {"uploadtime": 1743308360, "id": "gen9vgc2025reggbo3-2331055702", "format": "[Gen 9] VGC 2025 Reg G (Bo3)", "players": ["anshu08", "SIGMA BOYY"], "rating": null, "private": 0, "password": null}, {"uploadtime": 1743308360, "id": "gen9vgc2025reggbo3-2331055366", "format": "[Gen 9] VGC 2025 Reg G (Bo3)", "players": ["jakeieboy", "promamamia"], "rating": null, "private": 0, "password": null}, {"uploadtime": 1743308360, "id": "gen9vgc2025reggbo3-2331055237", "format": "[Gen 9] VGC 2025 Reg G (Bo3)", "players": ["ImAllUrsLv", "Dr Jokey"], "rating": null, "private": 0, "password": null}, {"uploadtime": 1743308360, "id": "gen9vgc2025reggbo3-2331055182", "format": "[Gen 9] VGC 2025 Reg G (Bo3)", "players": ["Kuri2309", "Miniturtlexd3"], "rating": null, "private": 0, "password": null}, {"uploadtime": 1743308360, "id": "gen9vgc2025reggbo3-2331054842", "format": "[Gen 9] VGC 2025 Reg G (Bo3)", "players": ["WhereIsRiolu?", "2isvi7"], "rating": 1056, "private": 0, "password": null}, {"uploadtime": 1743308360, "id": "gen9vgc2025reggbo3-2331054820", "format": "[Gen 9] VGC 2025 Reg G (Bo3)", "players": ["rafe_model_k", "King_shuckle17"], "rating": null, "private": 0, "password": null}, {"uploadtime": 1743308360, "id": "gen9vgc2025reggbo3-2331054793", "format": "[Gen 9] VGC 2025 Reg G (Bo3)", "players": ["maxrf321", "quy1001"], "rating": null, "private": 0, "password": null}, {"uploadtime": 1743308360, "id": "gen9vgc2025reggbo3-2331054359", "format": "[Gen 9] VGC 2025 Reg G (Bo3)", "players": ["roeProdigy", "LandmarkHalo169"], "rating": null, "private": 0, "password": null}, {"uploadtime": 1743308360, "id": "gen9vgc2025reggbo3-2331053378", "format": "[Gen 9] VGC 2025 Reg G (Bo3)", "players": ["Glazeguy", "DreamSlap_Smash"], "rating": null, "private": 0, "password": null}, {"uploadtime": 1743308217, "id": "gen9vgc2025reggbo3-2331054979", "format": "[Gen 9] VGC 2025 Reg G (Bo3)", "players": ["rphoenix_blaze", "Zessozessozesso"], "rating": null, "private": 0, "password": null}, {"uploadtime": 1743308214, "id": "gen9vgc2025reggbo3-2331056359", "format": "[Gen 9] VGC 2025 Reg G (Bo3)", "players": ["rphoenix_blaze", "Zessozessozesso"], "rating": null, "private": 0, "password": null}, {"uploadtime": 1743308153, "id": "gen9vgc2025reggbo3-2331055617", "format": "[Gen 9] VGC 2025 Reg G (Bo3)", "players": ["LanzTheDragon", "ferrarisbestfriend"], "rating": 1093, "private": 0, "password": null}, {"uploadtime": 1743308084, "id": "gen9vgc2025reggbo3-2331054121", "format": "[Gen 9] VGC 2025 Reg G (Bo3)", "players": ["Adrinhoo", "ab80"], "rating": null, "private": 0, "password": null}, {"uploadtime": 1743308084, "id": "gen9vgc2025reggbo3-2331053733", "format": "[Gen 9] VGC 2025 Reg G (Bo3)", "players": ["cynthiasbob", "ellidacow"], "rating": null, "private": 0, "password": null}, {"uploadtime": 1743308084, "id": "gen9vgc2025reggbo3-2331053731", "format": "[Gen 9] VGC 2025 Reg G (Bo3)", "players": ["yrusg", "madhacker221"], "rating": 1095, "private": 0, "password": null}, {"uploadtime": 1743308084, "id": "gen9vgc2025reggbo3-2331053687", "format": "[Gen 9] VGC 2025 Reg G (Bo3)", "players": ["PkmnEradication", "fuckvish"], "rating": null, "private": 0, "password": null}, {"uploadtime": 1743308084, "id": "gen9vgc2025reggbo3-2331053680", "format": "[Gen 9] VGC 2025 Reg G (Bo3)", "players": ["d7ywdyghua", "TWICE is LOVE!"], "rating": null, "private": 0, "password": null}, {"uploadtime": 1743308084, "id": "gen9vgc2025reggbo3-2331053477", "format": "[Gen 9] VGC 2025 Reg G (Bo3)", "players": ["YCU J LAMBO", "keonespirit"], "rating": null, "private": 0, "password": null}, {"uploadtime": 1743308084, "id": "gen9vgc2025reggbo3-2331053291", "format": "[Gen 9] VGC 2025 Reg G (Bo3)", "players": ["fil_mnfgc", "Krohnos"], "rating": 1026, "private": 0, "password": null}, {"uploadtime": 1743308084, "id": "gen9vgc2025reggbo3-2331053167", "format": "[Gen 9] VGC 2025 Reg G (Bo3)", "players": ["anshu08", "SIGMA BOYY"], "rating": null, "private": 0, "password": null}, {"uploadtime": 1743308084, "id": "gen9vgc2025reggbo3-2331052820", "format": "[Gen 9] VGC 2025 Reg G (Bo3)", "players": ["imtristan", "abcdabfg"], "rating": null, "private": 0, "password": null}, {"uploadtime": 1743308084, "id": "gen9vgc2025reggbo3-2331052392", "format": "[Gen 9] VGC 2025 Reg G (Bo3)", "players": ["connor112", "ProvenNoIQ"], "rating": null, "private": 0, "password": null}, {"uploadtime": 1743308084, "id": "gen9vgc2025reggbo3-2331052065", "format": "[Gen 9] VGC 2025 Reg G (Bo3)", "players": ["RunZuki", "Elsebidebi-1"], "rating": null, "private": 0, "password": null}, {"uploadtime": 1743307945, "id": "gen9vgc2025reggbo3-2331053935", "format": "[Gen 9] VGC 2025 Reg G (Bo3)", "players": ["Echoes630", "FDM"], "rating": null, "private": 0, "password": null}, {"uploadtime": 1743307942, "id": "gen9vgc2025reggbo3-2331052659", "format": "[Gen 9] VGC 2025 Reg G (Bo3)", "players": ["Echoes630", "FDM"], "rating": null, "private": 0, "password": null}, {"uploadtime": 1743307936, "id": "gen9vgc2025reggbo3-2331054864", "format": "[Gen 9] VGC 2025 Reg G (Bo3)", "players": ["Echoes630", "FDM"], "rating": 1157, "private": 0, "password": null}, {"uploadtime": 1743307871, "id": "gen9vgc2025reggbo3-2331052939", "format": "[Gen 9] VGC 2025 Reg G (Bo3)", "players": ["LanzTheDragon", "ferrarisbestfriend"], "rating": null, "private": 0, "password": null}, {"uploadtime": 1743307808, "id": "gen9vgc2025reggbo3-2331052029", "format": "[Gen 9] VGC 2025 Reg G (Bo3)", "players": ["chupete en orto", "maxrf321"], "rating": null, "private": 0, "password": null}, {"uploadtime": 1743307808, "id": "gen9vgc2025reggbo3-2331051772", "format": "[Gen 9] VGC 2025 Reg G (Bo3)", "players": ["minhisdum", "Idiot5000"], "rating": null, "private": 0, "password": null}, {"uploadtime": 1743307808, "id": "gen9vgc2025reggbo3-2331051711", "format": "[Gen 9] VGC 2025 Reg G (Bo3)", "players": ["burritobrown", "Gworf"], "rating": 1103, "private": 0, "password": null}, {"uploadtime": 1743307808, "id": "gen9vgc2025reggbo3-2331051668", "format": "[Gen 9] VGC 2025 Reg G (Bo3)", "players": ["EnchantDark", "Deve 1"], "rating": null, "private": 0, "password": null}, {"uploadtime": 1743307808, "id": "gen9vgc2025reggbo3-2331051252", "format": "[Gen 9] VGC 2025 Reg G (Bo3)", "players": ["Sudhdheh2738494", "cain4511"], "rating": null, "private": 0, "password": null}, {"uploadtime": 1743307808, "id": "gen9vgc2025reggbo3-2331051134", "format": "[Gen 9] VGC 2025 Reg G (Bo3)", "players": ["Losandy", "quy1001"], "rating": null, "private": 0, "password": null}, {"uploadtime": 1743307808, "id": "gen9vgc2025reggbo3-2331050806", "format": "[Gen 9] VGC 2025 Reg G (Bo3)", "players": ["zombielord918", "Gfcv"], "rating": null, "private": 0, "password": null}, {"uploadtime": 1743307808, "id": "gen9vgc2025reggbo3-2331050289", "format": "[Gen 9] VGC 2025 Reg G (Bo3)", "players": ["imtristan", "abcdabfg"], "rating": null, "private": 0, "password": null}, {"uploadtime": 1743307808, "id": "gen9vgc2025reggbo3-2331049920", "format": "[Gen 9] VGC 2025 Reg G (Bo3)", "players": ["BouncyPro", "kiet34"], "rating": 1000, "private": 0, "password": null}, {"uploadtime": 1743307808, "id": "gen9vgc2025reggbo3-2331049710", "format": "[Gen 9] VGC 2025 Reg G (Bo3)", "players": ["anshu08", "ErickF666"], "rating": 1102, "private": 0, "password": null}, {"uploadtime": 1743307808, "id": "gen9vgc2025reggbo3-2331049202", "format": "[Gen 9] VGC 2025 Reg G (Bo3)", "players": ["connor112", "ProvenNoIQ"], "rating": null, "private": 0, "password": null}, {"uploadtime": 1743307805, "id": "gen9vgc2025reggbo3-2331053285", "format": "[Gen 9] VGC 2025 Reg G (Bo3)", "players": ["hexagonfoot", "KodeBeast0526"], "rating": 1172, "private": 0, "password": null}, {"uploadtime": 1743307671, "id": "gen9vgc2025reggbo3-2331050399", "format": "[Gen 9] VGC 2025 Reg G (Bo3)", "players": ["TheHustlerKid", "kerzz49"], "rating": 1168, "private": 0, "password": null}, {"uploadtime": 1743307670, "id": "gen9vgc2025reggbo3-2331052188", "format": "[Gen 9] VGC 2025 Reg G (Bo3)", "players": ["hexagonfoot", "KodeBeast0526"], "rating": null, "private": 0, "password": null}, {"uploadtime": 1743307670, "id": "gen9vgc2025reggbo3-2331051910", "format": "[Gen 9] VGC 2025 Reg G (Bo3)", "players": ["promamamia", "AveyIGuess"], "rating": null, "private": 0, "password": null}, {"uploadtime": 1743307670, "id": "gen9vgc2025reggbo3-2331051701", "format": "[Gen 9] VGC 2025 Reg G (Bo3)", "players": ["fil_mnfgc", "Krohnos"], "rating": null, "private": 0, "password": null}, {"uploadtime": 1743307670, "id": "gen9vgc2025reggbo3-2331051424", "format": "[Gen 9] VGC 2025 Reg G (Bo3)", "players": ["dengonumber1fan", "bdogplatinum"], "rating": 1403, "private": 0, "password": null}]