[{"uploadtime": 1743375131, "id": "gen9vgc2025reggbo3-2331559780", "format": "[Gen 9] VGC 2025 Reg G (Bo3)", "players": ["dijondan", "LaSmurf3000"], "rating": null, "private": 0, "password": null}, {"uploadtime": 1743375131, "id": "gen9vgc2025reggbo3-2331558616", "format": "[Gen 9] VGC 2025 Reg G (Bo3)", "players": ["alguiennino", "le6akaleg"], "rating": 1100, "private": 0, "password": null}, {"uploadtime": 1743375131, "id": "gen9vgc2025reggbo3-2331558356", "format": "[Gen 9] VGC 2025 Reg G (Bo3)", "players": ["AnimeJ10", "miranarda"], "rating": null, "private": 0, "password": null}, {"uploadtime": 1743374914, "id": "gen9vgc2025reggbo3-2331559875", "format": "[Gen 9] VGC 2025 Reg G (Bo3)", "players": ["joni1404", "Silverdance93"], "rating": null, "private": 0, "password": null}, {"uploadtime": 1743374852, "id": "gen9vgc2025reggbo3-2331557929", "format": "[Gen 9] VGC 2025 Reg G (Bo3)", "players": ["c_donstans", "leeko"], "rating": null, "private": 0, "password": null}, {"uploadtime": 1743374852, "id": "gen9vgc2025reggbo3-2331557450", "format": "[Gen 9] VGC 2025 Reg G (Bo3)", "players": ["TheMochiMan", "Guido2002"], "rating": null, "private": 0, "password": null}, {"uploadtime": 1743374820, "id": "gen9vgc2025reggbo3-2331557116", "format": "[Gen 9] VGC 2025 Reg G (Bo3)", "players": ["TheGreenTotoro", "PhilHellmuth.PH"], "rating": 1334, "private": 0, "password": null}, {"uploadtime": 1743374815, "id": "gen9vgc2025reggbo3-2331555028", "format": "[Gen 9] VGC 2025 Reg G (Bo3)", "players": ["TheGreenTotoro", "PhilHellmuth.PH"], "rating": null, "private": 0, "password": null}, {"uploadtime": 1743374809, "id": "gen9vgc2025reggbo3-2331551507", "format": "[Gen 9] VGC 2025 Reg G (Bo3)", "players": ["TheGreenTotoro", "PhilHellmuth.PH"], "rating": null, "private": 0, "password": null}, {"uploadtime": 1743374712, "id": "gen9vgc2025reggbo3-2331556642", "format": "[Gen 9] VGC 2025 Reg G (Bo3)", "players": ["HI X44", "jaflako"], "rating": null, "private": 0, "password": null}, {"uploadtime": 1743374712, "id": "gen9vgc2025reggbo3-2331555237", "format": "[Gen 9] VGC 2025 Reg G (Bo3)", "players": ["alguiennino", "le6akaleg"], "rating": null, "private": 0, "password": null}, {"uploadtime": 1743374712, "id": "gen9vgc2025reggbo3-2331554859", "format": "[Gen 9] VGC 2025 Reg G (Bo3)", "players": ["c_donstans", "leeko"], "rating": null, "private": 0, "password": null}, {"uploadtime": 1743374691, "id": "gen9vgc2025reggbo3-2331556996", "format": "[Gen 9] VGC 2025 Reg G (Bo3)", "players": ["merequetengue12", "wesleihas"], "rating": null, "private": 0, "password": null}, {"uploadtime": 1743374602, "id": "gen9vgc2025reggbo3-2331557608", "format": "[Gen 9] VGC 2025 Reg G (Bo3)", "players": ["jxlioooooooooooo", "dekusawesomeva"], "rating": null, "private": 0, "password": null}, {"uploadtime": 1743374572, "id": "gen9vgc2025reggbo3-2331556168", "format": "[Gen 9] VGC 2025 Reg G (Bo3)", "players": ["TheMochiMan", "Guido2002"], "rating": null, "private": 0, "password": null}, {"uploadtime": 1743374572, "id": "gen9vgc2025reggbo3-2331554757", "format": "[Gen 9] VGC 2025 Reg G (Bo3)", "players": ["skrunkledunk", "Kneedlz"], "rating": null, "private": 0, "password": null}, {"uploadtime": 1743374572, "id": "gen9vgc2025reggbo3-2331554595", "format": "[Gen 9] VGC 2025 Reg G (Bo3)", "players": ["repete64", "kushaha"], "rating": null, "private": 0, "password": null}, {"uploadtime": 1743374505, "id": "gen9vgc2025reggbo3-2331554133", "format": "[Gen 9] VGC 2025 Reg G (Bo3)", "players": ["Timmy276", "usaig"], "rating": 1000, "private": 0, "password": null}, {"uploadtime": 1743374467, "id": "gen9vgc2025reggbo3-2331551659", "format": "[Gen 9] VGC 2025 Reg G (Bo3)", "players": ["Timmy276", "usaig"], "rating": null, "private": 0, "password": null}, {"uploadtime": 1743374446, "id": "gen9vgc2025reggbo3-2331555132", "format": "[Gen 9] VGC 2025 Reg G (Bo3)", "players": ["jxlioooooooooooo", "dekusawesomeva"], "rating": null, "private": 0, "password": null}, {"uploadtime": 1743374392, "id": "gen9vgc2025reggbo3-2331553700", "format": "[Gen 9] VGC 2025 Reg G (Bo3)", "players": ["merequetengue12", "wesleihas"], "rating": null, "private": 0, "password": null}, {"uploadtime": 1743374359, "id": "gen9vgc2025reggbo3-2331549012", "format": "[Gen 9] VGC 2025 Reg G (Bo3)", "players": ["Drmwvr34", "SayYesToTheMess"], "rating": null, "private": 0, "password": null}, {"uploadtime": 1743374293, "id": "gen9vgc2025reggbo3-2331550382", "format": "[Gen 9] VGC 2025 Reg G (Bo3)", "players": ["Cevan77", "sspssp"], "rating": null, "private": 0, "password": null}, {"uploadtime": 1743374258, "id": "gen9vgc2025reggbo3-2331553879", "format": "[Gen 9] VGC 2025 Reg G (Bo3)", "players": ["Volanr", "HushWasHere"], "rating": 1337, "private": 0, "password": null}, {"uploadtime": 1743374253, "id": "gen9vgc2025reggbo3-2331552298", "format": "[Gen 9] VGC 2025 Reg G (Bo3)", "players": ["Volanr", "HushWasHere"], "rating": null, "private": 0, "password": null}, {"uploadtime": 1743374153, "id": "gen9vgc2025reggbo3-2331550403", "format": "[Gen 9] VGC 2025 Reg G (Bo3)", "players": ["stewpractice", "borrajaVGC"], "rating": null, "private": 0, "password": null}, {"uploadtime": 1743374075, "id": "gen9vgc2025reggbo3-2331551200", "format": "[Gen 9] VGC 2025 Reg G (Bo3)", "players": ["Talos2B A.G.", "crimsonkidd"], "rating": 1083, "private": 0, "password": null}, {"uploadtime": 1743374068, "id": "gen9vgc2025reggbo3-2331548928", "format": "[Gen 9] VGC 2025 Reg G (Bo3)", "players": ["Talos2B A.G.", "crimsonkidd"], "rating": null, "private": 0, "password": null}, {"uploadtime": 1743374014, "id": "gen9vgc2025reggbo3-2331549768", "format": "[Gen 9] VGC 2025 Reg G (Bo3)", "players": ["Volanr", "HushWasHere"], "rating": null, "private": 0, "password": null}, {"uploadtime": 1743373874, "id": "gen9vgc2025reggbo3-2331547887", "format": "[Gen 9] VGC 2025 Reg G (Bo3)", "players": ["StevenStonesBoyToy", "stan marsh"], "rating": null, "private": 0, "password": null}, {"uploadtime": 1743373874, "id": "gen9vgc2025reggbo3-2331547781", "format": "[Gen 9] VGC 2025 Reg G (Bo3)", "players": ["stewpractice", "borrajaVGC"], "rating": null, "private": 0, "password": null}, {"uploadtime": 1743373874, "id": "gen9vgc2025reggbo3-2331547068", "format": "[Gen 9] VGC 2025 Reg G (Bo3)", "players": ["Cevan77", "sspssp"], "rating": null, "private": 0, "password": null}, {"uploadtime": 1743373595, "id": "gen9vgc2025reggbo3-2331546868", "format": "[Gen 9] VGC 2025 Reg G (Bo3)", "players": ["mifune64", "JamieMGC"], "rating": null, "private": 0, "password": null}, {"uploadtime": 1743373595, "id": "gen9vgc2025reggbo3-2331546719", "format": "[Gen 9] VGC 2025 Reg G (Bo3)", "players": ["burritobrown", "Serbias"], "rating": null, "private": 0, "password": null}, {"uploadtime": 1743373595, "id": "gen9vgc2025reggbo3-2331545665", "format": "[Gen 9] VGC 2025 Reg G (Bo3)", "players": ["elunex", "Basura2U"], "rating": null, "private": 0, "password": null}, {"uploadtime": 1743373595, "id": "gen9vgc2025reggbo3-2331544696", "format": "[Gen 9] VGC 2025 Reg G (Bo3)", "players": ["rosinante0808", "jaflako"], "rating": 1050, "private": 0, "password": null}, {"uploadtime": 1743373474, "id": "gen9vgc2025reggbo3-2331544108", "format": "[Gen 9] VGC 2025 Reg G (Bo3)", "players": ["Drmwvr34", "drillcurlsaresexy"], "rating": null, "private": 0, "password": null}, {"uploadtime": 1743373469, "id": "gen9vgc2025reggbo3-2331541052", "format": "[Gen 9] VGC 2025 Reg G (Bo3)", "players": ["Drmwvr34", "drillcurlsaresexy"], "rating": null, "private": 0, "password": null}, {"uploadtime": 1743373462, "id": "gen9vgc2025reggbo3-2331537336", "format": "[Gen 9] VGC 2025 Reg G (Bo3)", "players": ["Drmwvr34", "drillcurlsaresexy"], "rating": null, "private": 0, "password": null}, {"uploadtime": 1743373408, "id": "gen9vgc2025reggbo3-2331545727", "format": "[Gen 9] VGC 2025 Reg G (Bo3)", "players": ["aquawarrior21", "baajando"], "rating": 1332, "private": 0, "password": null}, {"uploadtime": 1743373402, "id": "gen9vgc2025reggbo3-2331541598", "format": "[Gen 9] VGC 2025 Reg G (Bo3)", "players": ["aquawarrior21", "baajando"], "rating": null, "private": 0, "password": null}, {"uploadtime": 1743373393, "id": "gen9vgc2025reggbo3-2331538459", "format": "[Gen 9] VGC 2025 Reg G (Bo3)", "players": ["aquawarrior21", "baajando"], "rating": null, "private": 0, "password": null}, {"uploadtime": 1743373316, "id": "gen9vgc2025reggbo3-2331543171", "format": "[Gen 9] VGC 2025 Reg G (Bo3)", "players": ["Foxfox1", "rosinante0808"], "rating": 1058, "private": 0, "password": null}, {"uploadtime": 1743373316, "id": "gen9vgc2025reggbo3-2331541731", "format": "[Gen 9] VGC 2025 Reg G (Bo3)", "players": ["onxlaughtvgc", "CandleBlue"], "rating": null, "private": 0, "password": null}, {"uploadtime": 1743373135, "id": "gen9vgc2025reggbo3-2331542136", "format": "[Gen 9] VGC 2025 Reg G (Bo3)", "players": ["TheMochiMan", "JunkyardBronze"], "rating": null, "private": 0, "password": null}, {"uploadtime": 1743373129, "id": "gen9vgc2025reggbo3-2331540076", "format": "[Gen 9] VGC 2025 Reg G (Bo3)", "players": ["TheMochiMan", "JunkyardBronze"], "rating": null, "private": 0, "password": null}, {"uploadtime": 1743373083, "id": "gen9vgc2025reggbo3-2331542912", "format": "[Gen 9] VGC 2025 Reg G (Bo3)", "players": ["pixelfx", "thetestingpokemonz"], "rating": 1228, "private": 0, "password": null}, {"uploadtime": 1743373051, "id": "gen9vgc2025reggbo3-2331542832", "format": "[Gen 9] VGC 2025 Reg G (Bo3)", "players": ["stan marsh", "Sauce6360"], "rating": 1074, "private": 0, "password": null}, {"uploadtime": 1743372911, "id": "gen9vgc2025reggbo3-2331542264", "format": "[Gen 9] VGC 2025 Reg G (Bo3)", "players": ["pixelfx", "thetestingpokemonz"], "rating": null, "private": 0, "password": null}, {"uploadtime": 1743372884, "id": "gen9vgc2025reggbo3-2331540373", "format": "[Gen 9] VGC 2025 Reg G (Bo3)", "players": ["crimsonkidd", "the lottery"], "rating": 1052, "private": 0, "password": null}, {"uploadtime": 1743372845, "id": "gen9vgc2025reggbo3-2331540582", "format": "[Gen 9] VGC 2025 Reg G (Bo3)", "players": ["pixelfx", "thetestingpokemonz"], "rating": null, "private": 0, "password": null}]