[{"uploadtime": 1743240795, "id": "gen9vgc2025reggbo3-2330500729", "format": "[Gen 9] VGC 2025 Reg G (Bo3)", "players": ["RobeeIniesta", "gyaradostyranitar"], "rating": null, "private": 0, "password": null}, {"uploadtime": 1743240795, "id": "gen9vgc2025reggbo3-2330500379", "format": "[Gen 9] VGC 2025 Reg G (Bo3)", "players": ["ice spice rider", "Dragannia"], "rating": null, "private": 0, "password": null}, {"uploadtime": 1743240795, "id": "gen9vgc2025reggbo3-2330500168", "format": "[Gen 9] VGC 2025 Reg G (Bo3)", "players": ["NemoAK", "sirwilliamssb"], "rating": null, "private": 0, "password": null}, {"uploadtime": 1743240768, "id": "gen9vgc2025reggbo3-2330500137", "format": "[Gen 9] VGC 2025 Reg G (Bo3)", "players": ["LeonardPlayz", "Lass Momo"], "rating": 1219, "private": 0, "password": null}, {"uploadtime": 1743240657, "id": "gen9vgc2025reggbo3-2330499487", "format": "[Gen 9] VGC 2025 Reg G (Bo3)", "players": ["Jacobeiro", "Sic-beatz"], "rating": null, "private": 0, "password": null}, {"uploadtime": 1743240657, "id": "gen9vgc2025reggbo3-2330499081", "format": "[Gen 9] VGC 2025 Reg G (Bo3)", "players": ["PutoLen33", "Brazocrew"], "rating": null, "private": 0, "password": null}, {"uploadtime": 1743240519, "id": "gen9vgc2025reggbo3-2330499576", "format": "[Gen 9] VGC 2025 Reg G (Bo3)", "players": ["ice spice rider", "Dragannia"], "rating": null, "private": 0, "password": null}, {"uploadtime": 1743240519, "id": "gen9vgc2025reggbo3-2330499403", "format": "[Gen 9] VGC 2025 Reg G (Bo3)", "players": ["LeonardPlayz", "Lass Momo"], "rating": null, "private": 0, "password": null}, {"uploadtime": 1743240469, "id": "gen9vgc2025reggbo3-2330499985", "format": "[Gen 9] VGC 2025 Reg G (Bo3)", "players": ["alexit93", "Lyco Just Testing"], "rating": 1238, "private": 0, "password": null}, {"uploadtime": 1743240380, "id": "gen9vgc2025reggbo3-2330498022", "format": "[Gen 9] VGC 2025 Reg G (Bo3)", "players": ["Jacobeiro", "Sic-beatz"], "rating": null, "private": 0, "password": null}, {"uploadtime": 1743240242, "id": "gen9vgc2025reggbo3-2330498236", "format": "[Gen 9] VGC 2025 Reg G (Bo3)", "players": ["D4nkw33b", "123Ayan"], "rating": null, "private": 0, "password": null}, {"uploadtime": 1743240242, "id": "gen9vgc2025reggbo3-2330498046", "format": "[Gen 9] VGC 2025 Reg G (Bo3)", "players": ["ALadk", "povfpoif8ypiv"], "rating": 1135, "private": 0, "password": null}, {"uploadtime": 1743240242, "id": "gen9vgc2025reggbo3-2330498028", "format": "[Gen 9] VGC 2025 Reg G (Bo3)", "players": ["McAtee", "Aguss_deluxe"], "rating": null, "private": 0, "password": null}, {"uploadtime": 1743240242, "id": "gen9vgc2025reggbo3-2330497647", "format": "[Gen 9] VGC 2025 Reg G (Bo3)", "players": ["Hikaru_VT1", "Dix6"], "rating": null, "private": 0, "password": null}, {"uploadtime": 1743240175, "id": "gen9vgc2025reggbo3-2330498784", "format": "[Gen 9] VGC 2025 Reg G (Bo3)", "players": ["alexit93", "Lyco Just Testing"], "rating": null, "private": 0, "password": null}, {"uploadtime": 1743240166, "id": "gen9vgc2025reggbo3-2330498929", "format": "[Gen 9] VGC 2025 Reg G (Bo3)", "players": ["D4nkw33b", "123Ayan"], "rating": 1154, "private": 0, "password": null}, {"uploadtime": 1743240104, "id": "gen9vgc2025reggbo3-2330496627", "format": "[Gen 9] VGC 2025 Reg G (Bo3)", "players": ["SERENA2024", "Slowjow"], "rating": 1363, "private": 0, "password": null}, {"uploadtime": 1743239966, "id": "gen9vgc2025reggbo3-2330496902", "format": "[Gen 9] VGC 2025 Reg G (Bo3)", "players": ["Hikaru_VT1", "Dix6"], "rating": null, "private": 0, "password": null}, {"uploadtime": 1743239966, "id": "gen9vgc2025reggbo3-2330496551", "format": "[Gen 9] VGC 2025 Reg G (Bo3)", "players": ["Cmuj8", "ChrisMarrSmells"], "rating": null, "private": 0, "password": null}, {"uploadtime": 1743239966, "id": "gen9vgc2025reggbo3-2330496397", "format": "[Gen 9] VGC 2025 Reg G (Bo3)", "players": ["User16838426", "kanucks25"], "rating": null, "private": 0, "password": null}, {"uploadtime": 1743239924, "id": "gen9vgc2025reggbo3-2330498083", "format": "[Gen 9] VGC 2025 Reg G (Bo3)", "players": ["alexit93", "Lyco Just Testing"], "rating": null, "private": 0, "password": null}, {"uploadtime": 1743239828, "id": "gen9vgc2025reggbo3-2330495149", "format": "[Gen 9] VGC 2025 Reg G (Bo3)", "players": ["User16838426", "kanucks25"], "rating": null, "private": 0, "password": null}, {"uploadtime": 1743239828, "id": "gen9vgc2025reggbo3-2330494891", "format": "[Gen 9] VGC 2025 Reg G (Bo3)", "players": ["Jacobeiro", "jellytelescope"], "rating": null, "private": 0, "password": null}, {"uploadtime": 1743239828, "id": "gen9vgc2025reggbo3-2330494414", "format": "[Gen 9] VGC 2025 Reg G (Bo3)", "players": ["piipyy", "mozheikich"], "rating": null, "private": 0, "password": null}, {"uploadtime": 1743239827, "id": "gen9vgc2025reggbo3-2330495259", "format": "[Gen 9] VGC 2025 Reg G (Bo3)", "players": ["milagrii", "123Ayan"], "rating": null, "private": 0, "password": null}, {"uploadtime": 1743239551, "id": "gen9vgc2025reggbo3-2330493849", "format": "[Gen 9] VGC 2025 Reg G (Bo3)", "players": ["thesuperbadtrainer", "Chrispool1234"], "rating": 1021, "private": 0, "password": null}, {"uploadtime": 1743239413, "id": "gen9vgc2025reggbo3-2330494077", "format": "[Gen 9] VGC 2025 Reg G (Bo3)", "players": ["Drake Thunderbolt", "GG=Groudon Gaming"], "rating": 1360, "private": 0, "password": null}, {"uploadtime": 1743239274, "id": "gen9vgc2025reggbo3-2330493342", "format": "[Gen 9] VGC 2025 Reg G (Bo3)", "players": ["User16838426", "No.Name.Th"], "rating": null, "private": 0, "password": null}, {"uploadtime": 1743239274, "id": "gen9vgc2025reggbo3-2330493270", "format": "[Gen 9] VGC 2025 Reg G (Bo3)", "players": ["N1ghtm2re", "zenlos"], "rating": null, "private": 0, "password": null}, {"uploadtime": 1743239274, "id": "gen9vgc2025reggbo3-2330493196", "format": "[Gen 9] VGC 2025 Reg G (Bo3)", "players": ["Chaki_Chak", "jakeieboy"], "rating": 1010, "private": 0, "password": null}, {"uploadtime": 1743238859, "id": "gen9vgc2025reggbo3-2330491660", "format": "[Gen 9] VGC 2025 Reg G (Bo3)", "players": ["H21rryB", "zCRISx"], "rating": 1017, "private": 0, "password": null}, {"uploadtime": 1743238859, "id": "gen9vgc2025reggbo3-2330491142", "format": "[Gen 9] VGC 2025 Reg G (Bo3)", "players": ["Chaki_Chak", "jakeieboy"], "rating": null, "private": 0, "password": null}, {"uploadtime": 1743238859, "id": "gen9vgc2025reggbo3-2330485637", "format": "[Gen 9] VGC 2025 Reg G (Bo3)", "players": ["povfpoif8ypiv", "VigsenGaming"], "rating": 1163, "private": 0, "password": null}, {"uploadtime": 1743238721, "id": "gen9vgc2025reggbo3-2330490830", "format": "[Gen 9] VGC 2025 Reg G (Bo3)", "players": ["muifr", "yuirs gsb"], "rating": null, "private": 0, "password": null}, {"uploadtime": 1743238721, "id": "gen9vgc2025reggbo3-2330490768", "format": "[Gen 9] VGC 2025 Reg G (Bo3)", "players": ["mason9283", "ALadk"], "rating": null, "private": 0, "password": null}, {"uploadtime": 1743238721, "id": "gen9vgc2025reggbo3-2330490207", "format": "[Gen 9] VGC 2025 Reg G (Bo3)", "players": ["Rg67", "Hikaru_VT1"], "rating": null, "private": 0, "password": null}, {"uploadtime": 1743238444, "id": "gen9vgc2025reggbo3-2330489435", "format": "[Gen 9] VGC 2025 Reg G (Bo3)", "players": ["boylove1", "isaiah202502"], "rating": null, "private": 0, "password": null}, {"uploadtime": 1743238444, "id": "gen9vgc2025reggbo3-2330489131", "format": "[Gen 9] VGC 2025 Reg G (Bo3)", "players": ["arkjsmith", "willscharnagl"], "rating": null, "private": 0, "password": null}, {"uploadtime": 1743238306, "id": "gen9vgc2025reggbo3-2330488684", "format": "[Gen 9] VGC 2025 Reg G (Bo3)", "players": ["Drake Thunderbolt", "No.Name.Th"], "rating": null, "private": 0, "password": null}, {"uploadtime": 1743238306, "id": "gen9vgc2025reggbo3-2330488556", "format": "[Gen 9] VGC 2025 Reg G (Bo3)", "players": ["boylove1", "isaiah202502"], "rating": null, "private": 0, "password": null}, {"uploadtime": 1743238306, "id": "gen9vgc2025reggbo3-2330488414", "format": "[Gen 9] VGC 2025 Reg G (Bo3)", "players": ["dakotaviolence_", "Wiglett7"], "rating": null, "private": 0, "password": null}, {"uploadtime": 1743238306, "id": "gen9vgc2025reggbo3-2330488372", "format": "[Gen 9] VGC 2025 Reg G (Bo3)", "players": ["Hikaru_VT1", "alexit93"], "rating": null, "private": 0, "password": null}, {"uploadtime": 1743238168, "id": "gen9vgc2025reggbo3-2330488605", "format": "[Gen 9] VGC 2025 Reg G (Bo3)", "players": ["tommy1066", "mason9283"], "rating": null, "private": 0, "password": null}, {"uploadtime": 1743238168, "id": "gen9vgc2025reggbo3-2330488279", "format": "[Gen 9] VGC 2025 Reg G (Bo3)", "players": ["Cheesey027", "ushitsune"], "rating": null, "private": 0, "password": null}, {"uploadtime": 1743238168, "id": "gen9vgc2025reggbo3-2330487917", "format": "[Gen 9] VGC 2025 Reg G (Bo3)", "players": ["caidaf", "ActualIZANdo"], "rating": null, "private": 0, "password": null}, {"uploadtime": 1743238168, "id": "gen9vgc2025reggbo3-2330487274", "format": "[Gen 9] VGC 2025 Reg G (Bo3)", "players": ["Drake Thunderbolt", "No.Name.Th"], "rating": null, "private": 0, "password": null}, {"uploadtime": 1743238030, "id": "gen9vgc2025reggbo3-2330487496", "format": "[Gen 9] VGC 2025 Reg G (Bo3)", "players": ["LukarioVGC", "Chaki_Chak"], "rating": 1031, "private": 0, "password": null}, {"uploadtime": 1743238030, "id": "gen9vgc2025reggbo3-2330487210", "format": "[Gen 9] VGC 2025 Reg G (Bo3)", "players": ["funnythekani", "Harshus"], "rating": null, "private": 0, "password": null}, {"uploadtime": 1743238030, "id": "gen9vgc2025reggbo3-2330487121", "format": "[Gen 9] VGC 2025 Reg G (Bo3)", "players": ["dakotaviolence_", "Wiglett7"], "rating": null, "private": 0, "password": null}, {"uploadtime": 1743238030, "id": "gen9vgc2025reggbo3-2330487093", "format": "[Gen 9] VGC 2025 Reg G (Bo3)", "players": ["Cheesey027", "ushitsune"], "rating": null, "private": 0, "password": null}, {"uploadtime": 1743238030, "id": "gen9vgc2025reggbo3-2330487059", "format": "[Gen 9] VGC 2025 Reg G (Bo3)", "players": ["enyelvgc", "Lass Momo"], "rating": null, "private": 0, "password": null}]