[{"uploadtime": 1743409419, "id": "gen9vgc2025reggbo3-2331819249", "format": "[Gen 9] VGC 2025 Reg G (Bo3)", "players": ["npc06", "bao2405"], "rating": null, "private": 0, "password": null}, {"uploadtime": 1743409280, "id": "gen9vgc2025reggbo3-2331818599", "format": "[Gen 9] VGC 2025 Reg G (Bo3)", "players": ["Drake Thunderbolt", "Jehag"], "rating": null, "private": 0, "password": null}, {"uploadtime": 1743409280, "id": "gen9vgc2025reggbo3-2331818231", "format": "[Gen 9] VGC 2025 Reg G (Bo3)", "players": ["FireRedzzz", "Flareblitz54"], "rating": null, "private": 0, "password": null}, {"uploadtime": 1743409280, "id": "gen9vgc2025reggbo3-2331817523", "format": "[Gen 9] VGC 2025 Reg G (Bo3)", "players": ["ushitsune", "rlgidec"], "rating": null, "private": 0, "password": null}, {"uploadtime": 1743409280, "id": "gen9vgc2025reggbo3-2331817300", "format": "[Gen 9] VGC 2025 Reg G (Bo3)", "players": ["lu1003", "LifeofPabz"], "rating": null, "private": 0, "password": null}, {"uploadtime": 1743409141, "id": "gen9vgc2025reggbo3-2331817453", "format": "[Gen 9] VGC 2025 Reg G (Bo3)", "players": ["Cheesey027", "GTCEA.vgc"], "rating": 1037, "private": 0, "password": null}, {"uploadtime": 1743409141, "id": "gen9vgc2025reggbo3-2331817422", "format": "[Gen 9] VGC 2025 Reg G (Bo3)", "players": ["Drake Thunderbolt", "Jehag"], "rating": null, "private": 0, "password": null}, {"uploadtime": 1743409141, "id": "gen9vgc2025reggbo3-2331816901", "format": "[Gen 9] VGC 2025 Reg G (Bo3)", "players": ["Danielm24", "itslikewoah"], "rating": null, "private": 0, "password": null}, {"uploadtime": 1743408863, "id": "gen9vgc2025reggbo3-2331815986", "format": "[Gen 9] VGC 2025 Reg G (Bo3)", "players": ["Cheesey027", "GTCEA.vgc"], "rating": null, "private": 0, "password": null}, {"uploadtime": 1743408863, "id": "gen9vgc2025reggbo3-2331815822", "format": "[Gen 9] VGC 2025 Reg G (Bo3)", "players": ["Lazaro/shawdown", "ossigt"], "rating": 1156, "private": 0, "password": null}, {"uploadtime": 1743408863, "id": "gen9vgc2025reggbo3-2331815708", "format": "[Gen 9] VGC 2025 Reg G (Bo3)", "players": ["Tendo Pain(Nagato)", "silovgc"], "rating": null, "private": 0, "password": null}, {"uploadtime": 1743408863, "id": "gen9vgc2025reggbo3-2331815502", "format": "[Gen 9] VGC 2025 Reg G (Bo3)", "players": ["Jehag", "swarm"], "rating": 1281, "private": 0, "password": null}, {"uploadtime": 1743406939, "id": "gen9vgc2025reggbo3-2331804583", "format": "[Gen 9] VGC 2025 Reg G (Bo3)", "players": ["Deve 1", "wopenheimer alt"], "rating": 1125, "private": 0, "password": null}, {"uploadtime": 1743406800, "id": "gen9vgc2025reggbo3-2331803168", "format": "[Gen 9] VGC 2025 Reg G (Bo3)", "players": ["jqrzzz", "RoyalGambit"], "rating": null, "private": 0, "password": null}, {"uploadtime": 1743406800, "id": "gen9vgc2025reggbo3-2331802469", "format": "[Gen 9] VGC 2025 Reg G (Bo3)", "players": ["Im Royalte", "WhiteHelmet360"], "rating": null, "private": 0, "password": null}, {"uploadtime": 1743406662, "id": "gen9vgc2025reggbo3-2331802824", "format": "[Gen 9] VGC 2025 Reg G (Bo3)", "players": ["cristhian94", "i am saksham"], "rating": null, "private": 0, "password": null}, {"uploadtime": 1743406662, "id": "gen9vgc2025reggbo3-2331802801", "format": "[Gen 9] VGC 2025 Reg G (Bo3)", "players": ["FireRedzzz", "kanucks25"], "rating": null, "private": 0, "password": null}, {"uploadtime": 1743406523, "id": "gen9vgc2025reggbo3-2331801115", "format": "[Gen 9] VGC 2025 Reg G (Bo3)", "players": ["cristhian94", "i am saksham"], "rating": null, "private": 0, "password": null}, {"uploadtime": 1743406385, "id": "gen9vgc2025reggbo3-2331799850", "format": "[Gen 9] VGC 2025 Reg G (Bo3)", "players": ["borrajaVGC", "boelie26"], "rating": null, "private": 0, "password": null}, {"uploadtime": 1743406247, "id": "gen9vgc2025reggbo3-2331799295", "format": "[Gen 9] VGC 2025 Reg G (Bo3)", "players": ["SOI2852", "i am saksham"], "rating": 1102, "private": 0, "password": null}, {"uploadtime": 1743406246, "id": "gen9vgc2025reggbo3-2331799015", "format": "[Gen 9] VGC 2025 Reg G (Bo3)", "players": ["nhfgghjk", "pokebolz4848"], "rating": 1029, "private": 0, "password": null}, {"uploadtime": 1743406108, "id": "gen9vgc2025reggbo3-2331799633", "format": "[Gen 9] VGC 2025 Reg G (Bo3)", "players": ["Karrottensirup", "dvgdgg"], "rating": 1074, "private": 0, "password": null}, {"uploadtime": 1743406108, "id": "gen9vgc2025reggbo3-2331799564", "format": "[Gen 9] VGC 2025 Reg G (Bo3)", "players": ["TT2024", "DragonExzect"], "rating": null, "private": 0, "password": null}, {"uploadtime": 1743406108, "id": "gen9vgc2025reggbo3-2331799322", "format": "[Gen 9] VGC 2025 Reg G (Bo3)", "players": ["mozheikich", "Marts_the_Martian"], "rating": null, "private": 0, "password": null}, {"uploadtime": 1743406108, "id": "gen9vgc2025reggbo3-2331799283", "format": "[Gen 9] VGC 2025 Reg G (Bo3)", "players": ["AgentOcto7", "Dlucario6"], "rating": null, "private": 0, "password": null}, {"uploadtime": 1743405969, "id": "gen9vgc2025reggbo3-2331798387", "format": "[Gen 9] VGC 2025 Reg G (Bo3)", "players": ["burritobrown", "Unskilled99"], "rating": null, "private": 0, "password": null}, {"uploadtime": 1743405831, "id": "gen9vgc2025reggbo3-2331798133", "format": "[Gen 9] VGC 2025 Reg G (Bo3)", "players": ["mozheikich", "Marts_the_Martian"], "rating": null, "private": 0, "password": null}, {"uploadtime": 1743405831, "id": "gen9vgc2025reggbo3-2331797215", "format": "[Gen 9] VGC 2025 Reg G (Bo3)", "players": ["AgentOcto7", "Dlucario6"], "rating": null, "private": 0, "password": null}, {"uploadtime": 1743405831, "id": "gen9vgc2025reggbo3-2331797121", "format": "[Gen 9] VGC 2025 Reg G (Bo3)", "players": ["SnowquakeMG", "borrajaVGC"], "rating": null, "private": 0, "password": null}, {"uploadtime": 1743405555, "id": "gen9vgc2025reggbo3-2331796804", "format": "[Gen 9] VGC 2025 Reg G (Bo3)", "players": ["Pom123123123", "R4fi03"], "rating": null, "private": 0, "password": null}, {"uploadtime": 1743405555, "id": "gen9vgc2025reggbo3-2331795975", "format": "[Gen 9] VGC 2025 Reg G (Bo3)", "players": ["Karrottensirup", "gikgfffgghj"], "rating": null, "private": 0, "password": null}, {"uploadtime": 1743405555, "id": "gen9vgc2025reggbo3-2331794788", "format": "[Gen 9] VGC 2025 Reg G (Bo3)", "players": ["Stelvius", "disciple of blahaj"], "rating": null, "private": 0, "password": null}, {"uploadtime": 1743405417, "id": "gen9vgc2025reggbo3-2331795786", "format": "[Gen 9] VGC 2025 Reg G (Bo3)", "players": ["Pom123123123", "R4fi03"], "rating": null, "private": 0, "password": null}, {"uploadtime": 1743405417, "id": "gen9vgc2025reggbo3-2331794941", "format": "[Gen 9] VGC 2025 Reg G (Bo3)", "players": ["pokebolz4848", "ushitsune"], "rating": null, "private": 0, "password": null}, {"uploadtime": 1743405278, "id": "gen9vgc2025reggbo3-2331794315", "format": "[Gen 9] VGC 2025 Reg G (Bo3)", "players": ["espatocular", "Zen1996-VGC"], "rating": null, "private": 0, "password": null}, {"uploadtime": 1743405140, "id": "gen9vgc2025reggbo3-2331792852", "format": "[Gen 9] VGC 2025 Reg G (Bo3)", "players": ["miku snow", "Jimcreg"], "rating": null, "private": 0, "password": null}, {"uploadtime": 1743405140, "id": "gen9vgc2025reggbo3-2331792541", "format": "[Gen 9] VGC 2025 Reg G (Bo3)", "players": ["Stelvius", "disciple of blahaj"], "rating": null, "private": 0, "password": null}, {"uploadtime": 1743405002, "id": "gen9vgc2025reggbo3-2331793024", "format": "[Gen 9] VGC 2025 Reg G (Bo3)", "players": ["ushitsune", "KassFK"], "rating": null, "private": 0, "password": null}, {"uploadtime": 1743405001, "id": "gen9vgc2025reggbo3-2331793287", "format": "[Gen 9] VGC 2025 Reg G (Bo3)", "players": ["Lass Momo", "TT2024"], "rating": null, "private": 0, "password": null}, {"uploadtime": 1743405001, "id": "gen9vgc2025reggbo3-2331793118", "format": "[Gen 9] VGC 2025 Reg G (Bo3)", "players": ["xianyuruqin", "mozheikich"], "rating": null, "private": 0, "password": null}, {"uploadtime": 1743405001, "id": "gen9vgc2025reggbo3-2331792644", "format": "[Gen 9] VGC 2025 Reg G (Bo3)", "players": ["MEDIAFIRR", "laypokemonShowdown"], "rating": null, "private": 0, "password": null}, {"uploadtime": 1743405001, "id": "gen9vgc2025reggbo3-2331792622", "format": "[Gen 9] VGC 2025 Reg G (Bo3)", "players": ["popperinho", "marcosdeltasena31"], "rating": null, "private": 0, "password": null}, {"uploadtime": 1743405001, "id": "gen9vgc2025reggbo3-2331792280", "format": "[Gen 9] VGC 2025 Reg G (Bo3)", "players": ["espatocular", "Zen1996-VGC"], "rating": null, "private": 0, "password": null}, {"uploadtime": 1743405001, "id": "gen9vgc2025reggbo3-2331792092", "format": "[Gen 9] VGC 2025 Reg G (Bo3)", "players": ["pikarzvi", "Thegr8joni"], "rating": null, "private": 0, "password": null}, {"uploadtime": 1743404976, "id": "gen9vgc2025reggbo3-2331795568", "format": "[Gen 9] VGC 2025 Reg G (Bo3)", "players": ["qreynolds", "Samm3"], "rating": 1099, "private": 0, "password": null}, {"uploadtime": 1743404863, "id": "gen9vgc2025reggbo3-2331792186", "format": "[Gen 9] VGC 2025 Reg G (Bo3)", "players": ["Lass Momo", "TT2024"], "rating": null, "private": 0, "password": null}, {"uploadtime": 1743404863, "id": "gen9vgc2025reggbo3-2331792005", "format": "[Gen 9] VGC 2025 Reg G (Bo3)", "players": ["ushitsune", "KassFK"], "rating": null, "private": 0, "password": null}, {"uploadtime": 1743404863, "id": "gen9vgc2025reggbo3-2331791196", "format": "[Gen 9] VGC 2025 Reg G (Bo3)", "players": ["Iwanted(a)", "AFKKING_08"], "rating": null, "private": 0, "password": null}, {"uploadtime": 1743404863, "id": "gen9vgc2025reggbo3-2331790770", "format": "[Gen 9] VGC 2025 Reg G (Bo3)", "players": ["muifr", "c.mira"], "rating": 1120, "private": 0, "password": null}, {"uploadtime": 1743404725, "id": "gen9vgc2025reggbo3-2331791591", "format": "[Gen 9] VGC 2025 Reg G (Bo3)", "players": ["marcosdeltasena31", "yung elmers glue"], "rating": 1427, "private": 0, "password": null}, {"uploadtime": 1743404725, "id": "gen9vgc2025reggbo3-2331791259", "format": "[Gen 9] VGC 2025 Reg G (Bo3)", "players": ["terapagossing", "Jimcreg"], "rating": null, "private": 0, "password": null}]