[{"uploadtime": 1743243975, "id": "gen9vgc2025reggbo3-2330516752", "format": "[Gen 9] VGC 2025 Reg G (Bo3)", "players": ["Nemmy23", "b1kope"], "rating": null, "private": 0, "password": null}, {"uploadtime": 1743243975, "id": "gen9vgc2025reggbo3-2330516700", "format": "[Gen 9] VGC 2025 Reg G (Bo3)", "players": ["Asmodeo666", "Mario5x"], "rating": null, "private": 0, "password": null}, {"uploadtime": 1743243975, "id": "gen9vgc2025reggbo3-2330515884", "format": "[Gen 9] VGC 2025 Reg G (Bo3)", "players": ["Usernamesarehard2", "Mihu_UwU"], "rating": null, "private": 0, "password": null}, {"uploadtime": 1743243837, "id": "gen9vgc2025reggbo3-2330514498", "format": "[Gen 9] VGC 2025 Reg G (Bo3)", "players": ["Asmodeo666", "Fcbjnb cdd"], "rating": 1085, "private": 0, "password": null}, {"uploadtime": 1743243698, "id": "gen9vgc2025reggbo3-2330514935", "format": "[Gen 9] VGC 2025 Reg G (Bo3)", "players": ["Picha101", "anythingwww"], "rating": 1041, "private": 0, "password": null}, {"uploadtime": 1743243698, "id": "gen9vgc2025reggbo3-2330514270", "format": "[Gen 9] VGC 2025 Reg G (Bo3)", "players": ["TubularInsect", "funnythekani"], "rating": null, "private": 0, "password": null}, {"uploadtime": 1743243694, "id": "gen9vgc2025reggbo3-2330516494", "format": "[Gen 9] VGC 2025 Reg G (Bo3)", "players": ["royalphysic", "LeonardPlayz"], "rating": 1120, "private": 0, "password": null}, {"uploadtime": 1743243689, "id": "gen9vgc2025reggbo3-2330515490", "format": "[Gen 9] VGC 2025 Reg G (Bo3)", "players": ["royalphysic", "LeonardPlayz"], "rating": null, "private": 0, "password": null}, {"uploadtime": 1743243560, "id": "gen9vgc2025reggbo3-2330514322", "format": "[Gen 9] VGC 2025 Reg G (Bo3)", "players": ["TangCB._.0139", "Mikitrash"], "rating": null, "private": 0, "password": null}, {"uploadtime": 1743243422, "id": "gen9vgc2025reggbo3-2330513951", "format": "[Gen 9] VGC 2025 Reg G (Bo3)", "players": ["Mario5x", "Tanganyiko"], "rating": null, "private": 0, "password": null}, {"uploadtime": 1743243422, "id": "gen9vgc2025reggbo3-2330512599", "format": "[Gen 9] VGC 2025 Reg G (Bo3)", "players": ["Picha101", "anythingwww"], "rating": null, "private": 0, "password": null}, {"uploadtime": 1743243146, "id": "gen9vgc2025reggbo3-2330512629", "format": "[Gen 9] VGC 2025 Reg G (Bo3)", "players": ["SchruteDwight", "atlanta13251351"], "rating": null, "private": 0, "password": null}, {"uploadtime": 1743243146, "id": "gen9vgc2025reggbo3-2330512536", "format": "[Gen 9] VGC 2025 Reg G (Bo3)", "players": ["EnchantDark", "Tanganyiko"], "rating": 1061, "private": 0, "password": null}, {"uploadtime": 1743243145, "id": "gen9vgc2025reggbo3-2330512866", "format": "[Gen 9] VGC 2025 Reg G (Bo3)", "players": ["Fcbjnb cdd", "jakeieboy"], "rating": 1035, "private": 0, "password": null}, {"uploadtime": 1743243145, "id": "gen9vgc2025reggbo3-2330512583", "format": "[Gen 9] VGC 2025 Reg G (Bo3)", "players": ["craloo", "Basura2U"], "rating": null, "private": 0, "password": null}, {"uploadtime": 1743243019, "id": "gen9vgc2025reggbo3-2330512924", "format": "[Gen 9] VGC 2025 Reg G (Bo3)", "players": ["LeonardPlayz", "MarMarteau"], "rating": 1011, "private": 0, "password": null}, {"uploadtime": 1743243007, "id": "gen9vgc2025reggbo3-2330511762", "format": "[Gen 9] VGC 2025 Reg G (Bo3)", "players": ["mepicaunpulmon", "doung yolph"], "rating": null, "private": 0, "password": null}, {"uploadtime": 1743243007, "id": "gen9vgc2025reggbo3-2330511535", "format": "[Gen 9] VGC 2025 Reg G (Bo3)", "players": ["craloo", "Basura2U"], "rating": null, "private": 0, "password": null}, {"uploadtime": 1743243006, "id": "gen9vgc2025reggbo3-2330510805", "format": "[Gen 9] VGC 2025 Reg G (Bo3)", "players": ["LeonardPlayz", "MarMarteau"], "rating": null, "private": 0, "password": null}, {"uploadtime": 1743242869, "id": "gen9vgc2025reggbo3-2330510960", "format": "[Gen 9] VGC 2025 Reg G (Bo3)", "players": ["Cmuj8", "synekkkkk"], "rating": null, "private": 0, "password": null}, {"uploadtime": 1743242869, "id": "gen9vgc2025reggbo3-2330510557", "format": "[Gen 9] VGC 2025 Reg G (Bo3)", "players": ["mepicaunpulmon", "doung yolph"], "rating": null, "private": 0, "password": null}, {"uploadtime": 1743242869, "id": "gen9vgc2025reggbo3-2330510133", "format": "[Gen 9] VGC 2025 Reg G (Bo3)", "players": ["povfpoif8ypiv", "Liva08"], "rating": null, "private": 0, "password": null}, {"uploadtime": 1743242731, "id": "gen9vgc2025reggbo3-2330510475", "format": "[Gen 9] VGC 2025 Reg G (Bo3)", "players": ["Cheesey027", "Fcbjnb cdd"], "rating": 1036, "private": 0, "password": null}, {"uploadtime": 1743242593, "id": "gen9vgc2025reggbo3-2330509069", "format": "[Gen 9] VGC 2025 Reg G (Bo3)", "players": ["LeonardPlayz", "gyaradostyranitar"], "rating": 1201, "private": 0, "password": null}, {"uploadtime": 1743242498, "id": "gen9vgc2025reggbo3-2330510420", "format": "[Gen 9] VGC 2025 Reg G (Bo3)", "players": ["Junseville", "Drgringo"], "rating": 1290, "private": 0, "password": null}, {"uploadtime": 1743242454, "id": "gen9vgc2025reggbo3-2330509390", "format": "[Gen 9] VGC 2025 Reg G (Bo3)", "players": ["squ1dge_", "doung yolph"], "rating": null, "private": 0, "password": null}, {"uploadtime": 1743242454, "id": "gen9vgc2025reggbo3-2330509213", "format": "[Gen 9] VGC 2025 Reg G (Bo3)", "players": ["povfpoif8ypiv", "Liva08"], "rating": null, "private": 0, "password": null}, {"uploadtime": 1743242316, "id": "gen9vgc2025reggbo3-2330508243", "format": "[Gen 9] VGC 2025 Reg G (Bo3)", "players": ["Bobbo1", "Bobbo2"], "rating": null, "private": 0, "password": null}, {"uploadtime": 1743242316, "id": "gen9vgc2025reggbo3-2330507393", "format": "[Gen 9] VGC 2025 Reg G (Bo3)", "players": ["Mihu_UwU", "connormcgreggio"], "rating": null, "private": 0, "password": null}, {"uploadtime": 1743242235, "id": "gen9vgc2025reggbo3-2330508631", "format": "[Gen 9] VGC 2025 Reg G (Bo3)", "players": ["Junseville", "Drgringo"], "rating": null, "private": 0, "password": null}, {"uploadtime": 1743242178, "id": "gen9vgc2025reggbo3-2330506981", "format": "[Gen 9] VGC 2025 Reg G (Bo3)", "players": ["Bobbo1", "Bobbo2"], "rating": null, "private": 0, "password": null}, {"uploadtime": 1743242178, "id": "gen9vgc2025reggbo3-2330506458", "format": "[Gen 9] VGC 2025 Reg G (Bo3)", "players": ["Lewongles", "testing123z"], "rating": null, "private": 0, "password": null}, {"uploadtime": 1743242039, "id": "gen9vgc2025reggbo3-2330505362", "format": "[Gen 9] VGC 2025 Reg G (Bo3)", "players": ["Mihu_UwU", "connormcgreggio"], "rating": null, "private": 0, "password": null}, {"uploadtime": 1743242030, "id": "gen9vgc2025reggbo3-2330508271", "format": "[Gen 9] VGC 2025 Reg G (Bo3)", "players": ["Totally Crazy", "huatuankhoa"], "rating": 1099, "private": 0, "password": null}, {"uploadtime": 1743242022, "id": "gen9vgc2025reggbo3-2330507431", "format": "[Gen 9] VGC 2025 Reg G (Bo3)", "players": ["Totally Crazy", "huatuankhoa"], "rating": null, "private": 0, "password": null}, {"uploadtime": 1743242003, "id": "gen9vgc2025reggbo3-2330506198", "format": "[Gen 9] VGC 2025 Reg G (Bo3)", "players": ["Totally Crazy", "huatuankhoa"], "rating": null, "private": 0, "password": null}, {"uploadtime": 1743241901, "id": "gen9vgc2025reggbo3-2330505153", "format": "[Gen 9] VGC 2025 Reg G (Bo3)", "players": ["Jacobeiro", "synekkkkk"], "rating": 1094, "private": 0, "password": null}, {"uploadtime": 1743241887, "id": "gen9vgc2025reggbo3-2330507575", "format": "[Gen 9] VGC 2025 Reg G (Bo3)", "players": ["Junseville", "Drgringo"], "rating": null, "private": 0, "password": null}, {"uploadtime": 1743241738, "id": "gen9vgc2025reggbo3-2330504423", "format": "[Gen 9] VGC 2025 Reg G (Bo3)", "players": ["LeonardPlayz", "atlanta13251351"], "rating": 1218, "private": 0, "password": null}, {"uploadtime": 1743241667, "id": "gen9vgc2025reggbo3-2330506420", "format": "[Gen 9] VGC 2025 Reg G (Bo3)", "players": ["Junseville", "Sic-beatz"], "rating": 1162, "private": 0, "password": null}, {"uploadtime": 1743241486, "id": "gen9vgc2025reggbo3-2330504269", "format": "[Gen 9] VGC 2025 Reg G (Bo3)", "players": ["alanalna", "synekkkkk"], "rating": 1016, "private": 0, "password": null}, {"uploadtime": 1743241486, "id": "gen9vgc2025reggbo3-2330503293", "format": "[Gen 9] VGC 2025 Reg G (Bo3)", "players": ["JuanMKB", "gyaradostyranitar"], "rating": null, "private": 0, "password": null}, {"uploadtime": 1743241442, "id": "gen9vgc2025reggbo3-2330504901", "format": "[Gen 9] VGC 2025 Reg G (Bo3)", "players": ["Junseville", "Sic-beatz"], "rating": null, "private": 0, "password": null}, {"uploadtime": 1743241348, "id": "gen9vgc2025reggbo3-2330503579", "format": "[Gen 9] VGC 2025 Reg G (Bo3)", "players": ["LeonardPlayz", "atlanta13251351"], "rating": null, "private": 0, "password": null}, {"uploadtime": 1743241210, "id": "gen9vgc2025reggbo3-2330501480", "format": "[Gen 9] VGC 2025 Reg G (Bo3)", "players": ["ALadk", "Onuva51"], "rating": null, "private": 0, "password": null}, {"uploadtime": 1743241092, "id": "gen9vgc2025reggbo3-2330502884", "format": "[Gen 9] VGC 2025 Reg G (Bo3)", "players": ["Chocokoala VGC", "Junseville"], "rating": null, "private": 0, "password": null}, {"uploadtime": 1743241072, "id": "gen9vgc2025reggbo3-2330501179", "format": "[Gen 9] VGC 2025 Reg G (Bo3)", "players": ["NemoAK", "sirwilliamssb"], "rating": null, "private": 0, "password": null}, {"uploadtime": 1743240933, "id": "gen9vgc2025reggbo3-2330500803", "format": "[Gen 9] VGC 2025 Reg G (Bo3)", "players": ["PutoLen33", "Brazocrew"], "rating": 1332, "private": 0, "password": null}, {"uploadtime": 1743240933, "id": "gen9vgc2025reggbo3-2330500695", "format": "[Gen 9] VGC 2025 Reg G (Bo3)", "players": ["JuanMKB", "synekkkkk"], "rating": null, "private": 0, "password": null}, {"uploadtime": 1743240840, "id": "gen9vgc2025reggbo3-2330499956", "format": "[Gen 9] VGC 2025 Reg G (Bo3)", "players": ["skipply", "Ihateabilities"], "rating": null, "private": 0, "password": null}, {"uploadtime": 1743240795, "id": "gen9vgc2025reggbo3-2330500729", "format": "[Gen 9] VGC 2025 Reg G (Bo3)", "players": ["RobeeIniesta", "gyaradostyranitar"], "rating": null, "private": 0, "password": null}]