[{"uploadtime": 1743454869, "id": "gen9vgc2025reggbo3-2332266478", "format": "[Gen 9] VGC 2025 Reg G (Bo3)", "players": ["FlashoGoing", "Totally Crazy"], "rating": null, "private": 0, "password": null}, {"uploadtime": 1743454842, "id": "gen9vgc2025reggbo3-2332270045", "format": "[Gen 9] VGC 2025 Reg G (Bo3)", "players": ["ethnol1816", "Eddy style"], "rating": null, "private": 0, "password": null}, {"uploadtime": 1743454842, "id": "gen9vgc2025reggbo3-2332268895", "format": "[Gen 9] VGC 2025 Reg G (Bo3)", "players": ["TALD56", "justtestingforVGC"], "rating": 1284, "private": 0, "password": null}, {"uploadtime": 1743454841, "id": "gen9vgc2025reggbo3-2332269441", "format": "[Gen 9] VGC 2025 Reg G (Bo3)", "players": ["NemoAK", "notpickleVGC"], "rating": null, "private": 0, "password": null}, {"uploadtime": 1743454703, "id": "gen9vgc2025reggbo3-2332267615", "format": "[Gen 9] VGC 2025 Reg G (Bo3)", "players": ["doung yolph", "BaconBackLizard"], "rating": null, "private": 0, "password": null}, {"uploadtime": 1743454703, "id": "gen9vgc2025reggbo3-2332267309", "format": "[Gen 9] VGC 2025 Reg G (Bo3)", "players": ["ethnol1816", "Eddy style"], "rating": null, "private": 0, "password": null}, {"uploadtime": 1743454703, "id": "gen9vgc2025reggbo3-2332267092", "format": "[Gen 9] VGC 2025 Reg G (Bo3)", "players": ["SayonaraJoJo", "taliaho2"], "rating": null, "private": 0, "password": null}, {"uploadtime": 1743454610, "id": "gen9vgc2025reggbo3-2332269333", "format": "[Gen 9] VGC 2025 Reg G (Bo3)", "players": ["itz.moon", "alphaleo42"], "rating": 1208, "private": 0, "password": null}, {"uploadtime": 1743454608, "id": "gen9vgc2025reggbo3-2332266581", "format": "[Gen 9] VGC 2025 Reg G (Bo3)", "players": ["Hon_Hurricane", "TheGingerGamer0612"], "rating": 1008, "private": 0, "password": null}, {"uploadtime": 1743454600, "id": "gen9vgc2025reggbo3-2332264585", "format": "[Gen 9] VGC 2025 Reg G (Bo3)", "players": ["Turtle Bay", "NemoAK"], "rating": null, "private": 0, "password": null}, {"uploadtime": 1743454598, "id": "gen9vgc2025reggbo3-2332265877", "format": "[Gen 9] VGC 2025 Reg G (Bo3)", "players": ["itz.moon", "alphaleo42"], "rating": null, "private": 0, "password": null}, {"uploadtime": 1743454594, "id": "gen9vgc2025reggbo3-2332266161", "format": "[Gen 9] VGC 2025 Reg G (Bo3)", "players": ["Turtle Bay", "NemoAK"], "rating": 1210, "private": 0, "password": null}, {"uploadtime": 1743454426, "id": "gen9vgc2025reggbo3-2332265434", "format": "[Gen 9] VGC 2025 Reg G (Bo3)", "players": ["SayonaraJoJo", "taliaho2"], "rating": null, "private": 0, "password": null}, {"uploadtime": 1743454426, "id": "gen9vgc2025reggbo3-2332264376", "format": "[Gen 9] VGC 2025 Reg G (Bo3)", "players": ["G1ov4nni", "thelazyslof"], "rating": null, "private": 0, "password": null}, {"uploadtime": 1743454426, "id": "gen9vgc2025reggbo3-2332263447", "format": "[Gen 9] VGC 2025 Reg G (Bo3)", "players": ["Mx. evil", "andromedafausto"], "rating": null, "private": 0, "password": null}, {"uploadtime": 1743454426, "id": "gen9vgc2025reggbo3-2332263402", "format": "[Gen 9] VGC 2025 Reg G (Bo3)", "players": ["el monstruo blanco", "SUB 2 MANDJTV"], "rating": null, "private": 0, "password": null}, {"uploadtime": 1743454426, "id": "gen9vgc2025reggbo3-2332261788", "format": "[Gen 9] VGC 2025 Reg G (Bo3)", "players": ["gwendolyte", "Migue0300pj"], "rating": null, "private": 0, "password": null}, {"uploadtime": 1743454288, "id": "gen9vgc2025reggbo3-2332261913", "format": "[Gen 9] VGC 2025 Reg G (Bo3)", "players": ["Turtle Bay", "NemoAK"], "rating": null, "private": 0, "password": null}, {"uploadtime": 1743454288, "id": "gen9vgc2025reggbo3-2332259703", "format": "[Gen 9] VGC 2025 Reg G (Bo3)", "players": ["Klaus91", "Isisno"], "rating": 1045, "private": 0, "password": null}, {"uploadtime": 1743454152, "id": "gen9vgc2025reggbo3-2332262513", "format": "[Gen 9] VGC 2025 Reg G (Bo3)", "players": ["wernt0", "regiuniverse"], "rating": null, "private": 0, "password": null}, {"uploadtime": 1743454150, "id": "gen9vgc2025reggbo3-2332262826", "format": "[Gen 9] VGC 2025 Reg G (Bo3)", "players": ["strawenjoyer", "TheMochiMan"], "rating": null, "private": 0, "password": null}, {"uploadtime": 1743454027, "id": "gen9vgc2025reggbo3-2332261151", "format": "[Gen 9] VGC 2025 Reg G (Bo3)", "players": ["ElectroAR", "Nub69420"], "rating": 1061, "private": 0, "password": null}, {"uploadtime": 1743454017, "id": "gen9vgc2025reggbo3-2332259313", "format": "[Gen 9] VGC 2025 Reg G (Bo3)", "players": ["ElectroAR", "Nub69420"], "rating": null, "private": 0, "password": null}, {"uploadtime": 1743454011, "id": "gen9vgc2025reggbo3-2332260213", "format": "[Gen 9] VGC 2025 Reg G (Bo3)", "players": ["wernt0", "regiuniverse"], "rating": null, "private": 0, "password": null}, {"uploadtime": 1743454006, "id": "gen9vgc2025reggbo3-2332256888", "format": "[Gen 9] VGC 2025 Reg G (Bo3)", "players": ["ElectroAR", "Nub69420"], "rating": null, "private": 0, "password": null}, {"uploadtime": 1743453928, "id": "gen9vgc2025reggbo3-2332258724", "format": "[Gen 9] VGC 2025 Reg G (Bo3)", "players": ["fanman64", "Pawah"], "rating": 1333, "private": 0, "password": null}, {"uploadtime": 1743453873, "id": "gen9vgc2025reggbo3-2332259273", "format": "[Gen 9] VGC 2025 Reg G (Bo3)", "players": ["Ashniss", "worstiee"], "rating": 1086, "private": 0, "password": null}, {"uploadtime": 1743453858, "id": "gen9vgc2025reggbo3-2332259458", "format": "[Gen 9] VGC 2025 Reg G (Bo3)", "players": ["Testingstuffuser4", "Fluvialcrossing"], "rating": 1030, "private": 0, "password": null}, {"uploadtime": 1743453849, "id": "gen9vgc2025reggbo3-2332256613", "format": "[Gen 9] VGC 2025 Reg G (Bo3)", "players": ["Testingstuffuser4", "Fluvialcrossing"], "rating": null, "private": 0, "password": null}, {"uploadtime": 1743453828, "id": "gen9vgc2025reggbo3-2332256722", "format": "[Gen 9] VGC 2025 Reg G (Bo3)", "players": ["girlschoicebandcry", "Stinson"], "rating": 1011, "private": 0, "password": null}, {"uploadtime": 1743453821, "id": "gen9vgc2025reggbo3-2332253393", "format": "[Gen 9] VGC 2025 Reg G (Bo3)", "players": ["girlschoicebandcry", "Stinson"], "rating": null, "private": 0, "password": null}, {"uploadtime": 1743453805, "id": "gen9vgc2025reggbo3-2332248522", "format": "[Gen 9] VGC 2025 Reg G (Bo3)", "players": ["girlschoicebandcry", "Stinson"], "rating": null, "private": 0, "password": null}, {"uploadtime": 1743453735, "id": "gen9vgc2025reggbo3-2332258090", "format": "[Gen 9] VGC 2025 Reg G (Bo3)", "players": ["ShDw Ace", "Flinflox"], "rating": 1167, "private": 0, "password": null}, {"uploadtime": 1743453735, "id": "gen9vgc2025reggbo3-2332256600", "format": "[Gen 9] VGC 2025 Reg G (Bo3)", "players": ["fanman64", "Pawah"], "rating": null, "private": 0, "password": null}, {"uploadtime": 1743453735, "id": "gen9vgc2025reggbo3-2332256478", "format": "[Gen 9] VGC 2025 Reg G (Bo3)", "players": ["quazi66", "justtestingforVGC"], "rating": null, "private": 0, "password": null}, {"uploadtime": 1743453735, "id": "gen9vgc2025reggbo3-2332256235", "format": "[Gen 9] VGC 2025 Reg G (Bo3)", "players": ["Klaus91", "Isisno"], "rating": null, "private": 0, "password": null}, {"uploadtime": 1743453651, "id": "gen9vgc2025reggbo3-2332258431", "format": "[Gen 9] VGC 2025 Reg G (Bo3)", "players": ["SalomeKostecho", "cheeznuklz"], "rating": 1179, "private": 0, "password": null}, {"uploadtime": 1743453645, "id": "gen9vgc2025reggbo3-2332256341", "format": "[Gen 9] VGC 2025 Reg G (Bo3)", "players": ["wernt0", "regiuniverse"], "rating": null, "private": 0, "password": null}, {"uploadtime": 1743453627, "id": "gen9vgc2025reggbo3-2332256155", "format": "[Gen 9] VGC 2025 Reg G (Bo3)", "players": ["SalomeKostecho", "cheeznuklz"], "rating": null, "private": 0, "password": null}, {"uploadtime": 1743453609, "id": "gen9vgc2025reggbo3-2332254341", "format": "[Gen 9] VGC 2025 Reg G (Bo3)", "players": ["Awammy", "All Love for Devy"], "rating": 1216, "private": 0, "password": null}, {"uploadtime": 1743453597, "id": "gen9vgc2025reggbo3-2332255678", "format": "[Gen 9] VGC 2025 Reg G (Bo3)", "players": ["alex banana", "Tlayer4002"], "rating": null, "private": 0, "password": null}, {"uploadtime": 1743453459, "id": "gen9vgc2025reggbo3-2332254120", "format": "[Gen 9] VGC 2025 Reg G (Bo3)", "players": ["fanman64", "Pawah"], "rating": null, "private": 0, "password": null}, {"uploadtime": 1743453459, "id": "gen9vgc2025reggbo3-2332253842", "format": "[Gen 9] VGC 2025 Reg G (Bo3)", "players": ["quazi66", "justtestingforVGC"], "rating": null, "private": 0, "password": null}, {"uploadtime": 1743453458, "id": "gen9vgc2025reggbo3-2332252911", "format": "[Gen 9] VGC 2025 Reg G (Bo3)", "players": ["silv2r", "Vurocz"], "rating": null, "private": 0, "password": null}, {"uploadtime": 1743453458, "id": "gen9vgc2025reggbo3-2332252629", "format": "[Gen 9] VGC 2025 Reg G (Bo3)", "players": ["alex banana", "Tlayer4002"], "rating": null, "private": 0, "password": null}, {"uploadtime": 1743453449, "id": "gen9vgc2025reggbo3-2332256914", "format": "[Gen 9] VGC 2025 Reg G (Bo3)", "players": ["MeekMatt", "OwanTanSoup"], "rating": null, "private": 0, "password": null}, {"uploadtime": 1743453402, "id": "gen9vgc2025reggbo3-2332254499", "format": "[Gen 9] VGC 2025 Reg G (Bo3)", "players": ["123Ayan", "GhostEeveelution"], "rating": 1071, "private": 0, "password": null}, {"uploadtime": 1743453320, "id": "gen9vgc2025reggbo3-2332248767", "format": "[Gen 9] VGC 2025 Reg G (Bo3)", "players": ["good luck 123455", "Pokemon go1235"], "rating": null, "private": 0, "password": null}, {"uploadtime": 1743453182, "id": "gen9vgc2025reggbo3-2332250348", "format": "[Gen 9] VGC 2025 Reg G (Bo3)", "players": ["silv2r", "Vurocz"], "rating": null, "private": 0, "password": null}, {"uploadtime": 1743453182, "id": "gen9vgc2025reggbo3-2332249778", "format": "[Gen 9] VGC 2025 Reg G (Bo3)", "players": ["Josefino Augusto", "AwsoGlitch"], "rating": null, "private": 0, "password": null}, {"uploadtime": 1743453168, "id": "gen9vgc2025reggbo3-2332249871", "format": "[Gen 9] VGC 2025 Reg G (Bo3)", "players": ["naytea", "alphaleo42"], "rating": 1092, "private": 0, "password": null}]