[{"uploadtime": 1743399189, "id": "gen9vgc2025reggbo3-2331759525", "format": "[Gen 9] VGC 2025 Reg G (Bo3)", "players": ["haxtreeme", "Lass Momo"], "rating": null, "private": 0, "password": null}, {"uploadtime": 1743399189, "id": "gen9vgc2025reggbo3-2331758047", "format": "[Gen 9] VGC 2025 Reg G (Bo3)", "players": ["manct", "Samm3"], "rating": 1131, "private": 0, "password": null}, {"uploadtime": 1743399173, "id": "gen9vgc2025reggbo3-2331759113", "format": "[Gen 9] VGC 2025 Reg G (Bo3)", "players": ["onya nurve", "Unskilled99"], "rating": null, "private": 0, "password": null}, {"uploadtime": 1743398940, "id": "gen9vgc2025reggbo3-2331758650", "format": "[Gen 9] VGC 2025 Reg G (Bo3)", "players": ["Fabricio19jr", "Astonished_25"], "rating": null, "private": 0, "password": null}, {"uploadtime": 1743398924, "id": "gen9vgc2025reggbo3-2331755802", "format": "[Gen 9] VGC 2025 Reg G (Bo3)", "players": ["Fabricio19jr", "Astonished_25"], "rating": null, "private": 0, "password": null}, {"uploadtime": 1743398913, "id": "gen9vgc2025reggbo3-2331757498", "format": "[Gen 9] VGC 2025 Reg G (Bo3)", "players": ["haxtreeme", "Rodrigo21amz"], "rating": null, "private": 0, "password": null}, {"uploadtime": 1743398913, "id": "gen9vgc2025reggbo3-2331757323", "format": "[Gen 9] VGC 2025 Reg G (Bo3)", "players": ["Fabricio19jr", "Astonished_25"], "rating": null, "private": 0, "password": null}, {"uploadtime": 1743398913, "id": "gen9vgc2025reggbo3-2331757235", "format": "[Gen 9] VGC 2025 Reg G (Bo3)", "players": ["qreynolds", "SenditSean"], "rating": null, "private": 0, "password": null}, {"uploadtime": 1743398774, "id": "gen9vgc2025reggbo3-2331756218", "format": "[Gen 9] VGC 2025 Reg G (Bo3)", "players": ["Niicknaame", "Markingdra"], "rating": null, "private": 0, "password": null}, {"uploadtime": 1743398636, "id": "gen9vgc2025reggbo3-2331755659", "format": "[Gen 9] VGC 2025 Reg G (Bo3)", "players": ["Nub69420", "enyelvgc"], "rating": null, "private": 0, "password": null}, {"uploadtime": 1743398636, "id": "gen9vgc2025reggbo3-2331755393", "format": "[Gen 9] VGC 2025 Reg G (Bo3)", "players": ["Kuri2309", "Cheesey027"], "rating": null, "private": 0, "password": null}, {"uploadtime": 1743398636, "id": "gen9vgc2025reggbo3-2331755121", "format": "[Gen 9] VGC 2025 Reg G (Bo3)", "players": ["Park Su Kim", "manct"], "rating": null, "private": 0, "password": null}, {"uploadtime": 1743398498, "id": "gen9vgc2025reggbo3-2331754689", "format": "[Gen 9] VGC 2025 Reg G (Bo3)", "players": ["Sarveshsaha29", "Lass Momo"], "rating": null, "private": 0, "password": null}, {"uploadtime": 1743398498, "id": "gen9vgc2025reggbo3-2331754303", "format": "[Gen 9] VGC 2025 Reg G (Bo3)", "players": ["poppalovesice", "qwerttyuiopa"], "rating": null, "private": 0, "password": null}, {"uploadtime": 1743398498, "id": "gen9vgc2025reggbo3-2331754290", "format": "[Gen 9] VGC 2025 Reg G (Bo3)", "players": ["LocalFoodTank", "MeekMatt"], "rating": 1073, "private": 0, "password": null}, {"uploadtime": 1743398498, "id": "gen9vgc2025reggbo3-2331753870", "format": "[Gen 9] VGC 2025 Reg G (Bo3)", "players": ["Marts_the_Martian", "Samm3"], "rating": null, "private": 0, "password": null}, {"uploadtime": 1743398221, "id": "gen9vgc2025reggbo3-2331753324", "format": "[Gen 9] VGC 2025 Reg G (Bo3)", "players": ["Sarveshsaha29", "Lass Momo"], "rating": null, "private": 0, "password": null}, {"uploadtime": 1743398221, "id": "gen9vgc2025reggbo3-2331753242", "format": "[Gen 9] VGC 2025 Reg G (Bo3)", "players": ["BloopScoop", "Risquin"], "rating": null, "private": 0, "password": null}, {"uploadtime": 1743398221, "id": "gen9vgc2025reggbo3-2331752447", "format": "[Gen 9] VGC 2025 Reg G (Bo3)", "players": ["frncee", "quazi66"], "rating": null, "private": 0, "password": null}, {"uploadtime": 1743398221, "id": "gen9vgc2025reggbo3-2331751873", "format": "[Gen 9] VGC 2025 Reg G (Bo3)", "players": ["Retromon1586", "NemoAK"], "rating": null, "private": 0, "password": null}, {"uploadtime": 1743398083, "id": "gen9vgc2025reggbo3-2331752706", "format": "[Gen 9] VGC 2025 Reg G (Bo3)", "players": ["LeLeVGC", "Sparklucario"], "rating": null, "private": 0, "password": null}, {"uploadtime": 1743398083, "id": "gen9vgc2025reggbo3-2331752596", "format": "[Gen 9] VGC 2025 Reg G (Bo3)", "players": ["Guiigstv", "excess29"], "rating": 1036, "private": 0, "password": null}, {"uploadtime": 1743397990, "id": "gen9vgc2025reggbo3-2331753206", "format": "[Gen 9] VGC 2025 Reg G (Bo3)", "players": ["Fabricio19jr", "Astonished_25"], "rating": null, "private": 0, "password": null}, {"uploadtime": 1743397945, "id": "gen9vgc2025reggbo3-2331752073", "format": "[Gen 9] VGC 2025 Reg G (Bo3)", "players": ["seajason11", "1pad"], "rating": null, "private": 0, "password": null}, {"uploadtime": 1743397945, "id": "gen9vgc2025reggbo3-2331751537", "format": "[Gen 9] VGC 2025 Reg G (Bo3)", "players": ["Cheesey027", "Keemi"], "rating": null, "private": 0, "password": null}, {"uploadtime": 1743397945, "id": "gen9vgc2025reggbo3-2331751369", "format": "[Gen 9] VGC 2025 Reg G (Bo3)", "players": ["petiteperson", "keonespirit"], "rating": null, "private": 0, "password": null}, {"uploadtime": 1743397945, "id": "gen9vgc2025reggbo3-2331751317", "format": "[Gen 9] VGC 2025 Reg G (Bo3)", "players": ["BloopScoop", "Risquin"], "rating": null, "private": 0, "password": null}, {"uploadtime": 1743397945, "id": "gen9vgc2025reggbo3-2331750773", "format": "[Gen 9] VGC 2025 Reg G (Bo3)", "players": ["SixHeroes", "Audinapuzzle"], "rating": null, "private": 0, "password": null}, {"uploadtime": 1743397945, "id": "gen9vgc2025reggbo3-2331750631", "format": "[Gen 9] VGC 2025 Reg G (Bo3)", "players": ["Fabricio19jr", "Astonished_25"], "rating": null, "private": 0, "password": null}, {"uploadtime": 1743397945, "id": "gen9vgc2025reggbo3-2331750427", "format": "[Gen 9] VGC 2025 Reg G (Bo3)", "players": ["duck-vn", "useless0o0"], "rating": null, "private": 0, "password": null}, {"uploadtime": 1743397945, "id": "gen9vgc2025reggbo3-2331749685", "format": "[Gen 9] VGC 2025 Reg G (Bo3)", "players": ["Robert1606", "cottoncandywoof"], "rating": null, "private": 0, "password": null}, {"uploadtime": 1743397742, "id": "gen9vgc2025reggbo3-2331751169", "format": "[Gen 9] VGC 2025 Reg G (Bo3)", "players": ["cometmore", "TiemposCompuestos"], "rating": 1086, "private": 0, "password": null}, {"uploadtime": 1743397668, "id": "gen9vgc2025reggbo3-2331750330", "format": "[Gen 9] VGC 2025 Reg G (Bo3)", "players": ["Samm3", "chasewilson0579"], "rating": 1084, "private": 0, "password": null}, {"uploadtime": 1743397668, "id": "gen9vgc2025reggbo3-2331750000", "format": "[Gen 9] VGC 2025 Reg G (Bo3)", "players": ["RobertAleen", "nenu18"], "rating": null, "private": 0, "password": null}, {"uploadtime": 1743397668, "id": "gen9vgc2025reggbo3-2331749866", "format": "[Gen 9] VGC 2025 Reg G (Bo3)", "players": ["seajason11", "1pad"], "rating": null, "private": 0, "password": null}, {"uploadtime": 1743397668, "id": "gen9vgc2025reggbo3-2331749665", "format": "[Gen 9] VGC 2025 Reg G (Bo3)", "players": ["Cheesey027", "Keemi"], "rating": null, "private": 0, "password": null}, {"uploadtime": 1743397668, "id": "gen9vgc2025reggbo3-2331749589", "format": "[Gen 9] VGC 2025 Reg G (Bo3)", "players": ["ertsnom", "Nub69420"], "rating": null, "private": 0, "password": null}, {"uploadtime": 1743397668, "id": "gen9vgc2025reggbo3-2331749377", "format": "[Gen 9] VGC 2025 Reg G (Bo3)", "players": ["cometmore", "TiemposCompuestos"], "rating": null, "private": 0, "password": null}, {"uploadtime": 1743397530, "id": "gen9vgc2025reggbo3-2331749221", "format": "[Gen 9] VGC 2025 Reg G (Bo3)", "players": ["Samm3", "chasewilson0579"], "rating": null, "private": 0, "password": null}, {"uploadtime": 1743397530, "id": "gen9vgc2025reggbo3-2331749083", "format": "[Gen 9] VGC 2025 Reg G (Bo3)", "players": ["RobertAleen", "nenu18"], "rating": null, "private": 0, "password": null}, {"uploadtime": 1743397530, "id": "gen9vgc2025reggbo3-2331748829", "format": "[Gen 9] VGC 2025 Reg G (Bo3)", "players": ["quazi66", "Archie09867"], "rating": 1088, "private": 0, "password": null}, {"uploadtime": 1743397530, "id": "gen9vgc2025reggbo3-2331748607", "format": "[Gen 9] VGC 2025 Reg G (Bo3)", "players": ["ab80", "TWICE is LOVE!"], "rating": 1163, "private": 0, "password": null}, {"uploadtime": 1743397391, "id": "gen9vgc2025reggbo3-2331748406", "format": "[Gen 9] VGC 2025 Reg G (Bo3)", "players": ["i am saksham", "NemoAK"], "rating": 1184, "private": 0, "password": null}, {"uploadtime": 1743397391, "id": "gen9vgc2025reggbo3-2331747692", "format": "[Gen 9] VGC 2025 Reg G (Bo3)", "players": ["duck-vn", "Red0978"], "rating": null, "private": 0, "password": null}, {"uploadtime": 1743397391, "id": "gen9vgc2025reggbo3-2331747159", "format": "[Gen 9] VGC 2025 Reg G (Bo3)", "players": ["Retromon1586", "JeffEnveneom"], "rating": 1226, "private": 0, "password": null}, {"uploadtime": 1743397253, "id": "gen9vgc2025reggbo3-2331747447", "format": "[Gen 9] VGC 2025 Reg G (Bo3)", "players": ["nenu18", "elunex"], "rating": null, "private": 0, "password": null}, {"uploadtime": 1743397133, "id": "gen9vgc2025reggbo3-2331746504", "format": "[Gen 9] VGC 2025 Reg G (Bo3)", "players": ["Sarveshsaha29", "MultiStormChi"], "rating": 1100, "private": 0, "password": null}, {"uploadtime": 1743397115, "id": "gen9vgc2025reggbo3-2331746862", "format": "[Gen 9] VGC 2025 Reg G (Bo3)", "players": ["BloopScoop", "stan marsh"], "rating": 1064, "private": 0, "password": null}, {"uploadtime": 1743397115, "id": "gen9vgc2025reggbo3-2331746681", "format": "[Gen 9] VGC 2025 Reg G (Bo3)", "players": ["9999999ooo9999", "adhii"], "rating": null, "private": 0, "password": null}, {"uploadtime": 1743397115, "id": "gen9vgc2025reggbo3-2331745737", "format": "[Gen 9] VGC 2025 Reg G (Bo3)", "players": ["duck-vn", "Red0978"], "rating": null, "private": 0, "password": null}, {"uploadtime": 1743396844, "id": "gen9vgc2025reggbo3-2331746822", "format": "[Gen 9] VGC 2025 Reg G (Bo3)", "players": ["Marts_the_Martian", "the lottery"], "rating": 1138, "private": 0, "password": null}]