[{"uploadtime": 1743246326, "id": "gen9vgc2025reggbo3-2330530145", "format": "[Gen 9] VGC 2025 Reg G (Bo3)", "players": ["gta44", "espatocular"], "rating": null, "private": 0, "password": null}, {"uploadtime": 1743246326, "id": "gen9vgc2025reggbo3-2330529989", "format": "[Gen 9] VGC 2025 Reg G (Bo3)", "players": ["awy1n", "joxe1"], "rating": 1030, "private": 0, "password": null}, {"uploadtime": 1743246188, "id": "gen9vgc2025reggbo3-2330529398", "format": "[Gen 9] VGC 2025 Reg G (Bo3)", "players": ["sqldeveloper", "robbie0301"], "rating": null, "private": 0, "password": null}, {"uploadtime": 1743246187, "id": "gen9vgc2025reggbo3-2330528482", "format": "[Gen 9] VGC 2025 Reg G (Bo3)", "players": ["Oshawott GOAT", "pikabolz4848"], "rating": null, "private": 0, "password": null}, {"uploadtime": 1743246167, "id": "gen9vgc2025reggbo3-2330530409", "format": "[Gen 9] VGC 2025 Reg G (Bo3)", "players": ["propedro", "b1kope"], "rating": 1351, "private": 0, "password": null}, {"uploadtime": 1743246155, "id": "gen9vgc2025reggbo3-2330528853", "format": "[Gen 9] VGC 2025 Reg G (Bo3)", "players": ["propedro", "b1kope"], "rating": null, "private": 0, "password": null}, {"uploadtime": 1743246049, "id": "gen9vgc2025reggbo3-2330528551", "format": "[Gen 9] VGC 2025 Reg G (Bo3)", "players": ["Bobbo1", "Bobbo2"], "rating": null, "private": 0, "password": null}, {"uploadtime": 1743246049, "id": "gen9vgc2025reggbo3-2330528314", "format": "[Gen 9] VGC 2025 Reg G (Bo3)", "players": ["D4nkw33b", "Malgooee"], "rating": null, "private": 0, "password": null}, {"uploadtime": 1743246049, "id": "gen9vgc2025reggbo3-2330527358", "format": "[Gen 9] VGC 2025 Reg G (Bo3)", "players": ["skipply", "boom246"], "rating": null, "private": 0, "password": null}, {"uploadtime": 1743245911, "id": "gen9vgc2025reggbo3-2330527623", "format": "[Gen 9] VGC 2025 Reg G (Bo3)", "players": ["ash78693", "Nocurne"], "rating": null, "private": 0, "password": null}, {"uploadtime": 1743245773, "id": "gen9vgc2025reggbo3-2330527685", "format": "[Gen 9] VGC 2025 Reg G (Bo3)", "players": ["Mikitrash", "KoromeowVGC"], "rating": 1160, "private": 0, "password": null}, {"uploadtime": 1743245773, "id": "gen9vgc2025reggbo3-2330527269", "format": "[Gen 9] VGC 2025 Reg G (Bo3)", "players": ["b1kope", "Flareblitz54"], "rating": null, "private": 0, "password": null}, {"uploadtime": 1743245773, "id": "gen9vgc2025reggbo3-2330526804", "format": "[Gen 9] VGC 2025 Reg G (Bo3)", "players": ["Bogging", "Basura2U"], "rating": 1406, "private": 0, "password": null}, {"uploadtime": 1743245773, "id": "gen9vgc2025reggbo3-2330526541", "format": "[Gen 9] VGC 2025 Reg G (Bo3)", "players": ["ash78693", "Nocurne"], "rating": null, "private": 0, "password": null}, {"uploadtime": 1743245634, "id": "gen9vgc2025reggbo3-2330525698", "format": "[Gen 9] VGC 2025 Reg G (Bo3)", "players": ["skipply", "boom246"], "rating": null, "private": 0, "password": null}, {"uploadtime": 1743245496, "id": "gen9vgc2025reggbo3-2330525824", "format": "[Gen 9] VGC 2025 Reg G (Bo3)", "players": ["Bogging", "Basura2U"], "rating": null, "private": 0, "password": null}, {"uploadtime": 1743245496, "id": "gen9vgc2025reggbo3-2330525479", "format": "[Gen 9] VGC 2025 Reg G (Bo3)", "players": ["Xsquared Playz!", "zeyn-299"], "rating": null, "private": 0, "password": null}, {"uploadtime": 1743245466, "id": "gen9vgc2025reggbo3-2330525815", "format": "[Gen 9] VGC 2025 Reg G (Bo3)", "players": ["synekkkkk", "Oshawott GOAT"], "rating": 1020, "private": 0, "password": null}, {"uploadtime": 1743245442, "id": "gen9vgc2025reggbo3-2330526028", "format": "[Gen 9] VGC 2025 Reg G (Bo3)", "players": ["capi533", "friesischereber"], "rating": 1059, "private": 0, "password": null}, {"uploadtime": 1743245432, "id": "gen9vgc2025reggbo3-2330525128", "format": "[Gen 9] VGC 2025 Reg G (Bo3)", "players": ["ChrisMarrSmells", "Neurodivirgin't"], "rating": null, "private": 0, "password": null}, {"uploadtime": 1743245422, "id": "gen9vgc2025reggbo3-2330525826", "format": "[Gen 9] VGC 2025 Reg G (Bo3)", "players": ["ChrisMarrSmells", "Neurodivirgin't"], "rating": null, "private": 0, "password": null}, {"uploadtime": 1743245220, "id": "gen9vgc2025reggbo3-2330522698", "format": "[Gen 9] VGC 2025 Reg G (Bo3)", "players": ["b1kope", "dambro222"], "rating": null, "private": 0, "password": null}, {"uploadtime": 1743245219, "id": "gen9vgc2025reggbo3-2330524609", "format": "[Gen 9] VGC 2025 Reg G (Bo3)", "players": ["7amont", "zeyn-299"], "rating": 1225, "private": 0, "password": null}, {"uploadtime": 1743245219, "id": "gen9vgc2025reggbo3-2330523268", "format": "[Gen 9] VGC 2025 Reg G (Bo3)", "players": ["javi1297", "FireRedzzz"], "rating": null, "private": 0, "password": null}, {"uploadtime": 1743245160, "id": "gen9vgc2025reggbo3-2330524255", "format": "[Gen 9] VGC 2025 Reg G (Bo3)", "players": ["capi533", "friesischereber"], "rating": null, "private": 0, "password": null}, {"uploadtime": 1743245081, "id": "gen9vgc2025reggbo3-2330522724", "format": "[Gen 9] VGC 2025 Reg G (Bo3)", "players": ["TubularInsect", "boom246"], "rating": null, "private": 0, "password": null}, {"uploadtime": 1743245081, "id": "gen9vgc2025reggbo3-2330522116", "format": "[Gen 9] VGC 2025 Reg G (Bo3)", "players": ["pikabolz4848", "bobovile"], "rating": null, "private": 0, "password": null}, {"uploadtime": 1743244943, "id": "gen9vgc2025reggbo3-2330521968", "format": "[Gen 9] VGC 2025 Reg G (Bo3)", "players": ["zeyn-299", "Kemp1412"], "rating": null, "private": 0, "password": null}, {"uploadtime": 1743244805, "id": "gen9vgc2025reggbo3-2330521704", "format": "[Gen 9] VGC 2025 Reg G (Bo3)", "players": ["wofley gickl", "Koihoiboi"], "rating": null, "private": 0, "password": null}, {"uploadtime": 1743244805, "id": "gen9vgc2025reggbo3-2330521500", "format": "[Gen 9] VGC 2025 Reg G (Bo3)", "players": ["Drake Thunderbolt", "nikolasnaiz"], "rating": null, "private": 0, "password": null}, {"uploadtime": 1743244805, "id": "gen9vgc2025reggbo3-2330521207", "format": "[Gen 9] VGC 2025 Reg G (Bo3)", "players": ["DAMPJuice", "DeStef2003"], "rating": null, "private": 0, "password": null}, {"uploadtime": 1743244805, "id": "gen9vgc2025reggbo3-2330520782", "format": "[Gen 9] VGC 2025 Reg G (Bo3)", "players": ["b1kope", "dambro222"], "rating": null, "private": 0, "password": null}, {"uploadtime": 1743244804, "id": "gen9vgc2025reggbo3-2330520392", "format": "[Gen 9] VGC 2025 Reg G (Bo3)", "players": ["pikabolz4848", "bobovile"], "rating": null, "private": 0, "password": null}, {"uploadtime": 1743244794, "id": "gen9vgc2025reggbo3-2330522271", "format": "[Gen 9] VGC 2025 Reg G (Bo3)", "players": ["capi533", "LeonardPlayz"], "rating": 1084, "private": 0, "password": null}, {"uploadtime": 1743244666, "id": "gen9vgc2025reggbo3-2330520906", "format": "[Gen 9] VGC 2025 Reg G (Bo3)", "players": ["Mario5x", "NuovoSangue"], "rating": 1212, "private": 0, "password": null}, {"uploadtime": 1743244666, "id": "gen9vgc2025reggbo3-2330519509", "format": "[Gen 9] VGC 2025 Reg G (Bo3)", "players": ["gyaradostyranitar", "sqldeveloper"], "rating": null, "private": 0, "password": null}, {"uploadtime": 1743244528, "id": "gen9vgc2025reggbo3-2330519701", "format": "[Gen 9] VGC 2025 Reg G (Bo3)", "players": ["Nocurne", "friesischereber"], "rating": null, "private": 0, "password": null}, {"uploadtime": 1743244480, "id": "gen9vgc2025reggbo3-2330520840", "format": "[Gen 9] VGC 2025 Reg G (Bo3)", "players": ["capi533", "LeonardPlayz"], "rating": null, "private": 0, "password": null}, {"uploadtime": 1743244403, "id": "gen9vgc2025reggbo3-2330519880", "format": "[Gen 9] VGC 2025 Reg G (Bo3)", "players": ["skipply", "ChaconRM"], "rating": 1000, "private": 0, "password": null}, {"uploadtime": 1743244390, "id": "gen9vgc2025reggbo3-2330519132", "format": "[Gen 9] VGC 2025 Reg G (Bo3)", "players": ["wofley gickl", "ChrisMarrSmells"], "rating": null, "private": 0, "password": null}, {"uploadtime": 1743244390, "id": "gen9vgc2025reggbo3-2330518737", "format": "[Gen 9] VGC 2025 Reg G (Bo3)", "players": ["Nocurne", "friesischereber"], "rating": null, "private": 0, "password": null}, {"uploadtime": 1743244390, "id": "gen9vgc2025reggbo3-2330518725", "format": "[Gen 9] VGC 2025 Reg G (Bo3)", "players": ["ice spice rider", "gta44"], "rating": null, "private": 0, "password": null}, {"uploadtime": 1743244390, "id": "gen9vgc2025reggbo3-2330518308", "format": "[Gen 9] VGC 2025 Reg G (Bo3)", "players": ["hispanic0539", "TubularInsect"], "rating": null, "private": 0, "password": null}, {"uploadtime": 1743244252, "id": "gen9vgc2025reggbo3-2330518465", "format": "[Gen 9] VGC 2025 Reg G (Bo3)", "players": ["pikabolz4848", "TangCB._.0139"], "rating": null, "private": 0, "password": null}, {"uploadtime": 1743244252, "id": "gen9vgc2025reggbo3-2330518009", "format": "[Gen 9] VGC 2025 Reg G (Bo3)", "players": ["Asmodeo666", "Mario5x"], "rating": null, "private": 0, "password": null}, {"uploadtime": 1743244251, "id": "gen9vgc2025reggbo3-2330518352", "format": "[Gen 9] VGC 2025 Reg G (Bo3)", "players": ["wofley gickl", "ChrisMarrSmells"], "rating": null, "private": 0, "password": null}, {"uploadtime": 1743244236, "id": "gen9vgc2025reggbo3-2330518054", "format": "[Gen 9] VGC 2025 Reg G (Bo3)", "players": ["capi533", "LeonardPlayz"], "rating": null, "private": 0, "password": null}, {"uploadtime": 1743244113, "id": "gen9vgc2025reggbo3-2330517555", "format": "[Gen 9] VGC 2025 Reg G (Bo3)", "players": ["aleixrock", "causatorres"], "rating": null, "private": 0, "password": null}, {"uploadtime": 1743244113, "id": "gen9vgc2025reggbo3-2330517421", "format": "[Gen 9] VGC 2025 Reg G (Bo3)", "players": ["Usernamesarehard2", "Mihu_UwU"], "rating": null, "private": 0, "password": null}, {"uploadtime": 1743244113, "id": "gen9vgc2025reggbo3-2330516376", "format": "[Gen 9] VGC 2025 Reg G (Bo3)", "players": ["sqldeveloper", "Drgringo"], "rating": null, "private": 0, "password": null}, {"uploadtime": 1743243975, "id": "gen9vgc2025reggbo3-2330516752", "format": "[Gen 9] VGC 2025 Reg G (Bo3)", "players": ["Nemmy23", "b1kope"], "rating": null, "private": 0, "password": null}]