[{"uploadtime": 1743377091, "id": "gen9vgc2025reggbo3-2331577966", "format": "[Gen 9] VGC 2025 Reg G (Bo3)", "players": ["TheLordNebiros", "pizzawing"], "rating": null, "private": 0, "password": null}, {"uploadtime": 1743377091, "id": "gen9vgc2025reggbo3-2331577557", "format": "[Gen 9] VGC 2025 Reg G (Bo3)", "players": ["Daebleaser", "sam litwicky"], "rating": 1219, "private": 0, "password": null}, {"uploadtime": 1743377091, "id": "gen9vgc2025reggbo3-2331576465", "format": "[Gen 9] VGC 2025 Reg G (Bo3)", "players": ["SubToPenglin", "garracrema"], "rating": null, "private": 0, "password": null}, {"uploadtime": 1743377084, "id": "gen9vgc2025reggbo3-2331575660", "format": "[Gen 9] VGC 2025 Reg G (Bo3)", "players": ["RamenOuO", "PhilHellmuth.PH"], "rating": 1375, "private": 0, "password": null}, {"uploadtime": 1743377079, "id": "gen9vgc2025reggbo3-2331571301", "format": "[Gen 9] VGC 2025 Reg G (Bo3)", "players": ["RamenOuO", "PhilHellmuth.PH"], "rating": null, "private": 0, "password": null}, {"uploadtime": 1743377062, "id": "gen9vgc2025reggbo3-2331569237", "format": "[Gen 9] VGC 2025 Reg G (Bo3)", "players": ["RamenOuO", "PhilHellmuth.PH"], "rating": null, "private": 0, "password": null}, {"uploadtime": 1743377055, "id": "gen9vgc2025reggbo3-2331579268", "format": "[Gen 9] VGC 2025 Reg G (Bo3)", "players": ["ZephyrBreezy", "necroshaded"], "rating": 1110, "private": 0, "password": null}, {"uploadtime": 1743377013, "id": "gen9vgc2025reggbo3-2331576238", "format": "[Gen 9] VGC 2025 Reg G (Bo3)", "players": ["ZephyrBreezy", "necroshaded"], "rating": null, "private": 0, "password": null}, {"uploadtime": 1743376951, "id": "gen9vgc2025reggbo3-2331576770", "format": "[Gen 9] VGC 2025 Reg G (Bo3)", "players": ["Dinosaur Kingz", "HushWasHere"], "rating": null, "private": 0, "password": null}, {"uploadtime": 1743376856, "id": "gen9vgc2025reggbo3-2331577589", "format": "[Gen 9] VGC 2025 Reg G (Bo3)", "players": ["pixelfx", "ledinoleo"], "rating": null, "private": 0, "password": null}, {"uploadtime": 1743376810, "id": "gen9vgc2025reggbo3-2331573438", "format": "[Gen 9] VGC 2025 Reg G (Bo3)", "players": ["wijinaldum", "EeveeSolution"], "rating": null, "private": 0, "password": null}, {"uploadtime": 1743376671, "id": "gen9vgc2025reggbo3-2331574450", "format": "[Gen 9] VGC 2025 Reg G (Bo3)", "players": ["ProtectPartingShot", "sibiiiiiii"], "rating": null, "private": 0, "password": null}, {"uploadtime": 1743376671, "id": "gen9vgc2025reggbo3-2331572910", "format": "[Gen 9] VGC 2025 Reg G (Bo3)", "players": ["ToastedArt", "malacara-vgc"], "rating": null, "private": 0, "password": null}, {"uploadtime": 1743376644, "id": "gen9vgc2025reggbo3-2331576968", "format": "[Gen 9] VGC 2025 Reg G (Bo3)", "players": ["jxlioooooooooooo", "dekusawesomeva"], "rating": null, "private": 0, "password": null}, {"uploadtime": 1743376613, "id": "gen9vgc2025reggbo3-2331575127", "format": "[Gen 9] VGC 2025 Reg G (Bo3)", "players": ["NuovoSangue", "Volanr"], "rating": 1434, "private": 0, "password": null}, {"uploadtime": 1743376608, "id": "gen9vgc2025reggbo3-2331573741", "format": "[Gen 9] VGC 2025 Reg G (Bo3)", "players": ["NuovoSangue", "Volanr"], "rating": null, "private": 0, "password": null}, {"uploadtime": 1743376605, "id": "gen9vgc2025reggbo3-2331574576", "format": "[Gen 9] VGC 2025 Reg G (Bo3)", "players": ["Daebleaser", "sam litwicky"], "rating": null, "private": 0, "password": null}, {"uploadtime": 1743376542, "id": "gen9vgc2025reggbo3-2331576084", "format": "[Gen 9] VGC 2025 Reg G (Bo3)", "players": ["jxlioooooooooooo", "dekusawesomeva"], "rating": null, "private": 0, "password": null}, {"uploadtime": 1743376531, "id": "gen9vgc2025reggbo3-2331573425", "format": "[Gen 9] VGC 2025 Reg G (Bo3)", "players": ["ggioyl", "Lilacq"], "rating": null, "private": 0, "password": null}, {"uploadtime": 1743376524, "id": "gen9vgc2025reggbo3-2331571793", "format": "[Gen 9] VGC 2025 Reg G (Bo3)", "players": ["NuovoSangue", "Volanr"], "rating": null, "private": 0, "password": null}, {"uploadtime": 1743376391, "id": "gen9vgc2025reggbo3-2331572133", "format": "[Gen 9] VGC 2025 Reg G (Bo3)", "players": ["boonanar", "R2Bz"], "rating": null, "private": 0, "password": null}, {"uploadtime": 1743376391, "id": "gen9vgc2025reggbo3-2331571555", "format": "[Gen 9] VGC 2025 Reg G (Bo3)", "players": ["ggioyl", "Lilacq"], "rating": null, "private": 0, "password": null}, {"uploadtime": 1743376391, "id": "gen9vgc2025reggbo3-2331570605", "format": "[Gen 9] VGC 2025 Reg G (Bo3)", "players": ["wijinaldum", "EeveeSolution"], "rating": null, "private": 0, "password": null}, {"uploadtime": 1743376391, "id": "gen9vgc2025reggbo3-2331569725", "format": "[Gen 9] VGC 2025 Reg G (Bo3)", "players": ["skrunkledunk", "Ghorpy"], "rating": null, "private": 0, "password": null}, {"uploadtime": 1743376308, "id": "gen9vgc2025reggbo3-2331573194", "format": "[Gen 9] VGC 2025 Reg G (Bo3)", "players": ["jxlioooooooooooo", "dekusawesomeva"], "rating": null, "private": 0, "password": null}, {"uploadtime": 1743376252, "id": "gen9vgc2025reggbo3-2331569698", "format": "[Gen 9] VGC 2025 Reg G (Bo3)", "players": ["boonanar", "R2Bz"], "rating": null, "private": 0, "password": null}, {"uploadtime": 1743376135, "id": "gen9vgc2025reggbo3-2331569828", "format": "[Gen 9] VGC 2025 Reg G (Bo3)", "players": ["jxlioooooooooooo", "dekusawesomeva"], "rating": null, "private": 0, "password": null}, {"uploadtime": 1743376112, "id": "gen9vgc2025reggbo3-2331569860", "format": "[Gen 9] VGC 2025 Reg G (Bo3)", "players": ["pqlarbear_fan", "ProtectPartingShot"], "rating": null, "private": 0, "password": null}, {"uploadtime": 1743376112, "id": "gen9vgc2025reggbo3-2331567392", "format": "[Gen 9] VGC 2025 Reg G (Bo3)", "players": ["BenjiRNG", "Nasheville"], "rating": null, "private": 0, "password": null}, {"uploadtime": 1743375972, "id": "gen9vgc2025reggbo3-2331568334", "format": "[Gen 9] VGC 2025 Reg G (Bo3)", "players": ["zionthekidd009", "Yairmeron"], "rating": null, "private": 0, "password": null}, {"uploadtime": 1743375972, "id": "gen9vgc2025reggbo3-2331567549", "format": "[Gen 9] VGC 2025 Reg G (Bo3)", "players": ["borrajaVGC", "bokudlr"], "rating": null, "private": 0, "password": null}, {"uploadtime": 1743375972, "id": "gen9vgc2025reggbo3-2331567333", "format": "[Gen 9] VGC 2025 Reg G (Bo3)", "players": ["BItalio", "HI X44"], "rating": null, "private": 0, "password": null}, {"uploadtime": 1743375832, "id": "gen9vgc2025reggbo3-2331565116", "format": "[Gen 9] VGC 2025 Reg G (Bo3)", "players": ["skrunkledunk", "Ghorpy"], "rating": null, "private": 0, "password": null}, {"uploadtime": 1743375709, "id": "gen9vgc2025reggbo3-2331566698", "format": "[Gen 9] VGC 2025 Reg G (Bo3)", "players": ["Carapitengo", "RyanPowneysPatel"], "rating": 1182, "private": 0, "password": null}, {"uploadtime": 1743375693, "id": "gen9vgc2025reggbo3-2331566201", "format": "[Gen 9] VGC 2025 Reg G (Bo3)", "players": ["dijondan", "I_love_danny_green"], "rating": null, "private": 0, "password": null}, {"uploadtime": 1743375693, "id": "gen9vgc2025reggbo3-2331564861", "format": "[Gen 9] VGC 2025 Reg G (Bo3)", "players": ["Sizzle2466", "Zalsto"], "rating": null, "private": 0, "password": null}, {"uploadtime": 1743375555, "id": "gen9vgc2025reggbo3-2331564261", "format": "[Gen 9] VGC 2025 Reg G (Bo3)", "players": ["Volanr", "ban_quaquaval"], "rating": 1391, "private": 0, "password": null}, {"uploadtime": 1743375553, "id": "gen9vgc2025reggbo3-2331564539", "format": "[Gen 9] VGC 2025 Reg G (Bo3)", "players": ["Carapitengo", "RyanPowneysPatel"], "rating": null, "private": 0, "password": null}, {"uploadtime": 1743375553, "id": "gen9vgc2025reggbo3-2331563858", "format": "[Gen 9] VGC 2025 Reg G (Bo3)", "players": ["keonespirit", "EeveeSolution"], "rating": null, "private": 0, "password": null}, {"uploadtime": 1743375553, "id": "gen9vgc2025reggbo3-2331563287", "format": "[Gen 9] VGC 2025 Reg G (Bo3)", "players": ["zionthekidd009", "itslikewoah"], "rating": null, "private": 0, "password": null}, {"uploadtime": 1743375547, "id": "gen9vgc2025reggbo3-2331561971", "format": "[Gen 9] VGC 2025 Reg G (Bo3)", "players": ["Volanr", "ban_quaquaval"], "rating": null, "private": 0, "password": null}, {"uploadtime": 1743375509, "id": "gen9vgc2025reggbo3-2331556640", "format": "[Gen 9] VGC 2025 Reg G (Bo3)", "players": ["Drmwvr34", "SayYesToTheMess"], "rating": null, "private": 0, "password": null}, {"uploadtime": 1743375494, "id": "gen9vgc2025reggbo3-2331560958", "format": "[Gen 9] VGC 2025 Reg G (Bo3)", "players": ["Drmwvr34", "SayYesToTheMess"], "rating": null, "private": 0, "password": null}, {"uploadtime": 1743375411, "id": "gen9vgc2025reggbo3-2331562217", "format": "[Gen 9] VGC 2025 Reg G (Bo3)", "players": ["skrunkledunk", "Ghorpy"], "rating": null, "private": 0, "password": null}, {"uploadtime": 1743375400, "id": "gen9vgc2025reggbo3-2331564820", "format": "[Gen 9] VGC 2025 Reg G (Bo3)", "players": ["jxlioooooooooooo", "dekusawesomeva"], "rating": null, "private": 0, "password": null}, {"uploadtime": 1743375231, "id": "gen9vgc2025reggbo3-2331561875", "format": "[Gen 9] VGC 2025 Reg G (Bo3)", "players": ["jxlioooooooooooo", "dekusawesomeva"], "rating": null, "private": 0, "password": null}, {"uploadtime": 1743375164, "id": "gen9vgc2025reggbo3-2331562087", "format": "[Gen 9] VGC 2025 Reg G (Bo3)", "players": ["pokehys", "csrtime"], "rating": 1404, "private": 0, "password": null}, {"uploadtime": 1743375161, "id": "gen9vgc2025reggbo3-2331560821", "format": "[Gen 9] VGC 2025 Reg G (Bo3)", "players": ["pokehys", "csrtime"], "rating": null, "private": 0, "password": null}, {"uploadtime": 1743375157, "id": "gen9vgc2025reggbo3-2331558811", "format": "[Gen 9] VGC 2025 Reg G (Bo3)", "players": ["pokehys", "csrtime"], "rating": null, "private": 0, "password": null}, {"uploadtime": 1743375134, "id": "gen9vgc2025reggbo3-2331559849", "format": "[Gen 9] VGC 2025 Reg G (Bo3)", "players": ["merequetengue12", "wesleihas"], "rating": 1366, "private": 0, "password": null}, {"uploadtime": 1743375131, "id": "gen9vgc2025reggbo3-2331559780", "format": "[Gen 9] VGC 2025 Reg G (Bo3)", "players": ["dijondan", "LaSmurf3000"], "rating": null, "private": 0, "password": null}]