[{"uploadtime": 1743357575, "id": "gen9vgc2025reggbo3-2331378829", "format": "[Gen 9] VGC 2025 Reg G (Bo3)", "players": ["keonespirit", "Vinyl III"], "rating": null, "private": 0, "password": null}, {"uploadtime": 1743357544, "id": "gen9vgc2025reggbo3-2331384023", "format": "[Gen 9] VGC 2025 Reg G (Bo3)", "players": ["merequetengue12", "copaladder"], "rating": null, "private": 0, "password": null}, {"uploadtime": 1743357439, "id": "gen9vgc2025reggbo3-2331383449", "format": "[Gen 9] VGC 2025 Reg G (Bo3)", "players": ["MonterreyRegionals", "disciple of blahaj"], "rating": null, "private": 0, "password": null}, {"uploadtime": 1743357437, "id": "gen9vgc2025reggbo3-2331381200", "format": "[Gen 9] VGC 2025 Reg G (Bo3)", "players": ["apex lel", "Karamatcho"], "rating": null, "private": 0, "password": null}, {"uploadtime": 1743357437, "id": "gen9vgc2025reggbo3-2331381057", "format": "[Gen 9] VGC 2025 Reg G (Bo3)", "players": ["revengeforjohnpork", "el1azss"], "rating": null, "private": 0, "password": null}, {"uploadtime": 1743357353, "id": "gen9vgc2025reggbo3-2331380719", "format": "[Gen 9] VGC 2025 Reg G (Bo3)", "players": ["Spearstorms", "Przzy"], "rating": null, "private": 0, "password": null}, {"uploadtime": 1743357299, "id": "gen9vgc2025reggbo3-2331379391", "format": "[Gen 9] VGC 2025 Reg G (Bo3)", "players": ["upchicken", "strawenjoyer"], "rating": null, "private": 0, "password": null}, {"uploadtime": 1743357298, "id": "gen9vgc2025reggbo3-2331380724", "format": "[Gen 9] VGC 2025 Reg G (Bo3)", "players": ["nathan2_b", "casperition1"], "rating": null, "private": 0, "password": null}, {"uploadtime": 1743357298, "id": "gen9vgc2025reggbo3-2331378947", "format": "[Gen 9] VGC 2025 Reg G (Bo3)", "players": ["apex lel", "Karamatcho"], "rating": null, "private": 0, "password": null}, {"uploadtime": 1743357298, "id": "gen9vgc2025reggbo3-2331378731", "format": "[Gen 9] VGC 2025 Reg G (Bo3)", "players": ["JOka1000", "Alvaro360"], "rating": null, "private": 0, "password": null}, {"uploadtime": 1743357298, "id": "gen9vgc2025reggbo3-2331377230", "format": "[Gen 9] VGC 2025 Reg G (Bo3)", "players": ["MultiZapdos", "natera145"], "rating": null, "private": 0, "password": null}, {"uploadtime": 1743357160, "id": "gen9vgc2025reggbo3-2331379062", "format": "[Gen 9] VGC 2025 Reg G (Bo3)", "players": ["revengeforjohnpork", "el1azss"], "rating": null, "private": 0, "password": null}, {"uploadtime": 1743357160, "id": "gen9vgc2025reggbo3-2331378834", "format": "[Gen 9] VGC 2025 Reg G (Bo3)", "players": ["nathan2_b", "casperition1"], "rating": null, "private": 0, "password": null}, {"uploadtime": 1743357160, "id": "gen9vgc2025reggbo3-2331377834", "format": "[Gen 9] VGC 2025 Reg G (Bo3)", "players": ["Frozen Miind", "ban_quaquaval"], "rating": null, "private": 0, "password": null}, {"uploadtime": 1743357160, "id": "gen9vgc2025reggbo3-2331377158", "format": "[Gen 9] VGC 2025 Reg G (Bo3)", "players": ["Daebleaser", "b1kope"], "rating": null, "private": 0, "password": null}, {"uploadtime": 1743357160, "id": "gen9vgc2025reggbo3-2331376679", "format": "[Gen 9] VGC 2025 Reg G (Bo3)", "players": ["pakaan64", "charjabugthegreat"], "rating": null, "private": 0, "password": null}, {"uploadtime": 1743357160, "id": "gen9vgc2025reggbo3-2331375189", "format": "[Gen 9] VGC 2025 Reg G (Bo3)", "players": ["Killunova", "FoopToop"], "rating": null, "private": 0, "password": null}, {"uploadtime": 1743357098, "id": "gen9vgc2025reggbo3-2331378701", "format": "[Gen 9] VGC 2025 Reg G (Bo3)", "players": ["BWPMimi4u", "Big_mVn"], "rating": 1000, "private": 0, "password": null}, {"uploadtime": 1743357022, "id": "gen9vgc2025reggbo3-2331377225", "format": "[Gen 9] VGC 2025 Reg G (Bo3)", "players": ["adhii", "nathan2_b"], "rating": 1232, "private": 0, "password": null}, {"uploadtime": 1743357022, "id": "gen9vgc2025reggbo3-2331376316", "format": "[Gen 9] VGC 2025 Reg G (Bo3)", "players": ["SayonaraJoJo", "Amitysrl"], "rating": null, "private": 0, "password": null}, {"uploadtime": 1743356884, "id": "gen9vgc2025reggbo3-2331375849", "format": "[Gen 9] VGC 2025 Reg G (Bo3)", "players": ["supadupahero", "TaylorKind"], "rating": null, "private": 0, "password": null}, {"uploadtime": 1743356884, "id": "gen9vgc2025reggbo3-2331374199", "format": "[Gen 9] VGC 2025 Reg G (Bo3)", "players": ["Daebleaser", "b1kope"], "rating": null, "private": 0, "password": null}, {"uploadtime": 1743356883, "id": "gen9vgc2025reggbo3-2331376532", "format": "[Gen 9] VGC 2025 Reg G (Bo3)", "players": ["CandleBlue", "BraneFX"], "rating": null, "private": 0, "password": null}, {"uploadtime": 1743356792, "id": "gen9vgc2025reggbo3-2331376729", "format": "[Gen 9] VGC 2025 Reg G (Bo3)", "players": ["BWPMimi4u", "Big_mVn"], "rating": null, "private": 0, "password": null}, {"uploadtime": 1743356745, "id": "gen9vgc2025reggbo3-2331374827", "format": "[Gen 9] VGC 2025 Reg G (Bo3)", "players": ["DocBobPA", "revengeforjohnpork"], "rating": null, "private": 0, "password": null}, {"uploadtime": 1743356745, "id": "gen9vgc2025reggbo3-2331373663", "format": "[Gen 9] VGC 2025 Reg G (Bo3)", "players": ["CandleBlue", "BraneFX"], "rating": null, "private": 0, "password": null}, {"uploadtime": 1743356745, "id": "gen9vgc2025reggbo3-2331373481", "format": "[Gen 9] VGC 2025 Reg G (Bo3)", "players": ["Gigagilbert", "purple clownfish"], "rating": null, "private": 0, "password": null}, {"uploadtime": 1743356745, "id": "gen9vgc2025reggbo3-2331372534", "format": "[Gen 9] VGC 2025 Reg G (Bo3)", "players": ["UBTHETRAINER", "Jeshy420"], "rating": null, "private": 0, "password": null}, {"uploadtime": 1743356745, "id": "gen9vgc2025reggbo3-2331372154", "format": "[Gen 9] VGC 2025 Reg G (Bo3)", "players": ["MultiZapdos", "natera145"], "rating": null, "private": 0, "password": null}, {"uploadtime": 1743356635, "id": "gen9vgc2025reggbo3-2331375860", "format": "[Gen 9] VGC 2025 Reg G (Bo3)", "players": ["Gigagilbert", "purple clownfish"], "rating": 1303, "private": 0, "password": null}, {"uploadtime": 1743356607, "id": "gen9vgc2025reggbo3-2331372536", "format": "[Gen 9] VGC 2025 Reg G (Bo3)", "players": ["Nekloth", "Ziik"], "rating": null, "private": 0, "password": null}, {"uploadtime": 1743356607, "id": "gen9vgc2025reggbo3-2331371948", "format": "[Gen 9] VGC 2025 Reg G (Bo3)", "players": ["Tecmovgc", "keonespirit"], "rating": null, "private": 0, "password": null}, {"uploadtime": 1743356555, "id": "gen9vgc2025reggbo3-2331371481", "format": "[Gen 9] VGC 2025 Reg G (Bo3)", "players": ["ndjobus", "onya nurve"], "rating": 1330, "private": 0, "password": null}, {"uploadtime": 1743356545, "id": "gen9vgc2025reggbo3-2331366891", "format": "[Gen 9] VGC 2025 Reg G (Bo3)", "players": ["ndjobus", "onya nurve"], "rating": null, "private": 0, "password": null}, {"uploadtime": 1743356508, "id": "gen9vgc2025reggbo3-2331373810", "format": "[Gen 9] VGC 2025 Reg G (Bo3)", "players": ["pixelfx", "nathan2_b"], "rating": 1233, "private": 0, "password": null}, {"uploadtime": 1743356469, "id": "gen9vgc2025reggbo3-2331371757", "format": "[Gen 9] VGC 2025 Reg G (Bo3)", "players": ["wittraid", "zeyn-299"], "rating": null, "private": 0, "password": null}, {"uploadtime": 1743356469, "id": "gen9vgc2025reggbo3-2331371478", "format": "[Gen 9] VGC 2025 Reg G (Bo3)", "players": ["TrickGroomer", "fil_mnfgc"], "rating": null, "private": 0, "password": null}, {"uploadtime": 1743356331, "id": "gen9vgc2025reggbo3-2331370076", "format": "[Gen 9] VGC 2025 Reg G (Bo3)", "players": ["1. versuch", "ketertitanarmadio"], "rating": null, "private": 0, "password": null}, {"uploadtime": 1743356300, "id": "gen9vgc2025reggbo3-2331371332", "format": "[Gen 9] VGC 2025 Reg G (Bo3)", "players": ["pixelfx", "nathan2_b"], "rating": null, "private": 0, "password": null}, {"uploadtime": 1743356217, "id": "gen9vgc2025reggbo3-2331368143", "format": "[Gen 9] VGC 2025 Reg G (Bo3)", "players": ["Kommander", "Gawainzero"], "rating": null, "private": 0, "password": null}, {"uploadtime": 1743356212, "id": "gen9vgc2025reggbo3-2331357567", "format": "[Gen 9] VGC 2025 Reg G (Bo3)", "players": ["Kommander", "Gawainzero"], "rating": null, "private": 0, "password": null}, {"uploadtime": 1743356193, "id": "gen9vgc2025reggbo3-2331368456", "format": "[Gen 9] VGC 2025 Reg G (Bo3)", "players": ["TrickGroomer", "fil_mnfgc"], "rating": null, "private": 0, "password": null}, {"uploadtime": 1743356193, "id": "gen9vgc2025reggbo3-2331367508", "format": "[Gen 9] VGC 2025 Reg G (Bo3)", "players": ["kai", "champvdp29"], "rating": null, "private": 0, "password": null}, {"uploadtime": 1743356193, "id": "gen9vgc2025reggbo3-2331367220", "format": "[Gen 9] VGC 2025 Reg G (Bo3)", "players": ["jompinhans", "Daebleaser"], "rating": null, "private": 0, "password": null}, {"uploadtime": 1743356179, "id": "gen9vgc2025reggbo3-2331370313", "format": "[Gen 9] VGC 2025 Reg G (Bo3)", "players": ["Shishio_Ax", "jayballester"], "rating": null, "private": 0, "password": null}, {"uploadtime": 1743356144, "id": "gen9vgc2025reggbo3-2331370318", "format": "[Gen 9] VGC 2025 Reg G (Bo3)", "players": ["UBTHETRAINER", "disciple of blahaj"], "rating": 1227, "private": 0, "password": null}, {"uploadtime": 1743356139, "id": "gen9vgc2025reggbo3-2331369069", "format": "[Gen 9] VGC 2025 Reg G (Bo3)", "players": ["UBTHETRAINER", "disciple of blahaj"], "rating": null, "private": 0, "password": null}, {"uploadtime": 1743356055, "id": "gen9vgc2025reggbo3-2331366708", "format": "[Gen 9] VGC 2025 Reg G (Bo3)", "players": ["Amitysrl", "CortexVGC"], "rating": null, "private": 0, "password": null}, {"uploadtime": 1743356054, "id": "gen9vgc2025reggbo3-2331367863", "format": "[Gen 9] VGC 2025 Reg G (Bo3)", "players": ["SQLdeveloper", "bigj009"], "rating": null, "private": 0, "password": null}, {"uploadtime": 1743356054, "id": "gen9vgc2025reggbo3-2331366296", "format": "[Gen 9] VGC 2025 Reg G (Bo3)", "players": ["charjabugthegreat", "purple clownfish"], "rating": null, "private": 0, "password": null}, {"uploadtime": 1743356041, "id": "gen9vgc2025reggbo3-2331369125", "format": "[Gen 9] VGC 2025 Reg G (Bo3)", "players": ["pixelfx", "nathan2_b"], "rating": null, "private": 0, "password": null}]