[{"uploadtime": 1743286105, "id": "gen9vgc2025reggbo3-2330869413", "format": "[Gen 9] VGC 2025 Reg G (Bo3)", "players": ["xamsir", "slamder"], "rating": null, "private": 0, "password": null}, {"uploadtime": 1743285948, "id": "gen9vgc2025reggbo3-2330871251", "format": "[Gen 9] VGC 2025 Reg G (Bo3)", "players": ["cosmic lover heart", "BundleUpItsCold"], "rating": null, "private": 0, "password": null}, {"uploadtime": 1743285783, "id": "gen9vgc2025reggbo3-2330867580", "format": "[Gen 9] VGC 2025 Reg G (Bo3)", "players": ["DiscoBarbarella", "Etrale"], "rating": null, "private": 0, "password": null}, {"uploadtime": 1743285701, "id": "gen9vgc2025reggbo3-2330869505", "format": "[Gen 9] VGC 2025 Reg G (Bo3)", "players": ["thirdverse", "Cwebb2022"], "rating": 1048, "private": 0, "password": null}, {"uploadtime": 1743285689, "id": "gen9vgc2025reggbo3-2330867231", "format": "[Gen 9] VGC 2025 Reg G (Bo3)", "players": ["MetaknightXIII", "marcosdeltasena31"], "rating": null, "private": 0, "password": null}, {"uploadtime": 1743285618, "id": "gen9vgc2025reggbo3-2330866870", "format": "[Gen 9] VGC 2025 Reg G (Bo3)", "players": ["thirdverse", "Cwebb2022"], "rating": null, "private": 0, "password": null}, {"uploadtime": 1743285532, "id": "gen9vgc2025reggbo3-2330864221", "format": "[Gen 9] VGC 2025 Reg G (Bo3)", "players": ["ledinoleo", "grey's astralogy"], "rating": 1358, "private": 0, "password": null}, {"uploadtime": 1743285525, "id": "gen9vgc2025reggbo3-2330860570", "format": "[Gen 9] VGC 2025 Reg G (Bo3)", "players": ["ledinoleo", "grey's astralogy"], "rating": null, "private": 0, "password": null}, {"uploadtime": 1743285510, "id": "gen9vgc2025reggbo3-2330856762", "format": "[Gen 9] VGC 2025 Reg G (Bo3)", "players": ["ledinoleo", "grey's astralogy"], "rating": null, "private": 0, "password": null}, {"uploadtime": 1743285419, "id": "gen9vgc2025reggbo3-2330863824", "format": "[Gen 9] VGC 2025 Reg G (Bo3)", "players": ["carroll14mlq", "Drgringo"], "rating": 1409, "private": 0, "password": null}, {"uploadtime": 1743285413, "id": "gen9vgc2025reggbo3-2330862678", "format": "[Gen 9] VGC 2025 Reg G (Bo3)", "players": ["FrenziedMyGouging", "sirwilliamssb"], "rating": null, "private": 0, "password": null}, {"uploadtime": 1743285412, "id": "gen9vgc2025reggbo3-2330864216", "format": "[Gen 9] VGC 2025 Reg G (Bo3)", "players": ["SpoinkxSpoink", "Gozante"], "rating": null, "private": 0, "password": null}, {"uploadtime": 1743285412, "id": "gen9vgc2025reggbo3-2330862501", "format": "[Gen 9] VGC 2025 Reg G (Bo3)", "players": ["Lazaro/shawdown", "EeveeSolution"], "rating": null, "private": 0, "password": null}, {"uploadtime": 1743285401, "id": "gen9vgc2025reggbo3-2330865511", "format": "[Gen 9] VGC 2025 Reg G (Bo3)", "players": ["VoiSimp", "Etrale"], "rating": 1227, "private": 0, "password": null}, {"uploadtime": 1743285391, "id": "gen9vgc2025reggbo3-2330864378", "format": "[Gen 9] VGC 2025 Reg G (Bo3)", "players": ["VoiSimp", "Etrale"], "rating": null, "private": 0, "password": null}, {"uploadtime": 1743285274, "id": "gen9vgc2025reggbo3-2330862687", "format": "[Gen 9] VGC 2025 Reg G (Bo3)", "players": ["VGCFreeStratos", "soudowoodoo"], "rating": null, "private": 0, "password": null}, {"uploadtime": 1743285274, "id": "gen9vgc2025reggbo3-2330861144", "format": "[Gen 9] VGC 2025 Reg G (Bo3)", "players": ["Just a Minus", "pokehys"], "rating": null, "private": 0, "password": null}, {"uploadtime": 1743285182, "id": "gen9vgc2025reggbo3-2330863482", "format": "[Gen 9] VGC 2025 Reg G (Bo3)", "players": ["NETDlDO", "cashyg122"], "rating": 1029, "private": 0, "password": null}, {"uploadtime": 1743285179, "id": "gen9vgc2025reggbo3-2330861649", "format": "[Gen 9] VGC 2025 Reg G (Bo3)", "players": ["NETDlDO", "cashyg122"], "rating": null, "private": 0, "password": null}, {"uploadtime": 1743285159, "id": "gen9vgc2025reggbo3-2330863274", "format": "[Gen 9] VGC 2025 Reg G (Bo3)", "players": ["hexagonfoot", "Temporary name 3"], "rating": 1155, "private": 0, "password": null}, {"uploadtime": 1743285136, "id": "gen9vgc2025reggbo3-2330861996", "format": "[Gen 9] VGC 2025 Reg G (Bo3)", "players": ["CaptainCombusken", "VoiSimp"], "rating": null, "private": 0, "password": null}, {"uploadtime": 1743285136, "id": "gen9vgc2025reggbo3-2330860700", "format": "[Gen 9] VGC 2025 Reg G (Bo3)", "players": ["keonespirit", "deltazero21"], "rating": null, "private": 0, "password": null}, {"uploadtime": 1743285114, "id": "gen9vgc2025reggbo3-2330862148", "format": "[Gen 9] VGC 2025 Reg G (Bo3)", "players": ["hexagonfoot", "Temporary name 3"], "rating": null, "private": 0, "password": null}, {"uploadtime": 1743284997, "id": "gen9vgc2025reggbo3-2330859116", "format": "[Gen 9] VGC 2025 Reg G (Bo3)", "players": ["Just a Minus", "pokehys"], "rating": null, "private": 0, "password": null}, {"uploadtime": 1743284997, "id": "gen9vgc2025reggbo3-2330858634", "format": "[Gen 9] VGC 2025 Reg G (Bo3)", "players": ["Lazaro/shawdown", "EeveeSolution"], "rating": null, "private": 0, "password": null}, {"uploadtime": 1743284982, "id": "gen9vgc2025reggbo3-2330859583", "format": "[Gen 9] VGC 2025 Reg G (Bo3)", "players": ["Flareblitz54", "PhilHellmuth.PH"], "rating": 1279, "private": 0, "password": null}, {"uploadtime": 1743284978, "id": "gen9vgc2025reggbo3-2330857804", "format": "[Gen 9] VGC 2025 Reg G (Bo3)", "players": ["Flareblitz54", "PhilHellmuth.PH"], "rating": null, "private": 0, "password": null}, {"uploadtime": 1743284971, "id": "gen9vgc2025reggbo3-2330855879", "format": "[Gen 9] VGC 2025 Reg G (Bo3)", "players": ["Flareblitz54", "PhilHellmuth.PH"], "rating": null, "private": 0, "password": null}, {"uploadtime": 1743284967, "id": "gen9vgc2025reggbo3-2330858411", "format": "[Gen 9] VGC 2025 Reg G (Bo3)", "players": ["MagFusktest", "calvinbbc"], "rating": null, "private": 0, "password": null}, {"uploadtime": 1743284859, "id": "gen9vgc2025reggbo3-2330858388", "format": "[Gen 9] VGC 2025 Reg G (Bo3)", "players": ["keonespirit", "Eternatususususu"], "rating": null, "private": 0, "password": null}, {"uploadtime": 1743284721, "id": "gen9vgc2025reggbo3-2330857179", "format": "[Gen 9] VGC 2025 Reg G (Bo3)", "players": ["MoonEnthusiast", "marcosdeltasena31"], "rating": null, "private": 0, "password": null}, {"uploadtime": 1743284721, "id": "gen9vgc2025reggbo3-2330856932", "format": "[Gen 9] VGC 2025 Reg G (Bo3)", "players": ["lexerthanatauros", "Ruben1452"], "rating": null, "private": 0, "password": null}, {"uploadtime": 1743284721, "id": "gen9vgc2025reggbo3-2330856406", "format": "[Gen 9] VGC 2025 Reg G (Bo3)", "players": ["TheReturn2999", "NotTheZodiac"], "rating": 1204, "private": 0, "password": null}, {"uploadtime": 1743284582, "id": "gen9vgc2025reggbo3-2330855950", "format": "[Gen 9] VGC 2025 Reg G (Bo3)", "players": ["itslikewoah", "YouAreAPoopyFace"], "rating": null, "private": 0, "password": null}, {"uploadtime": 1743284582, "id": "gen9vgc2025reggbo3-2330854354", "format": "[Gen 9] VGC 2025 Reg G (Bo3)", "players": ["BundleUpItsCold", "ginopollo"], "rating": null, "private": 0, "password": null}, {"uploadtime": 1743284463, "id": "gen9vgc2025reggbo3-2330852669", "format": "[Gen 9] VGC 2025 Reg G (Bo3)", "players": ["Im bad 211", "bastione"], "rating": null, "private": 0, "password": null}, {"uploadtime": 1743284444, "id": "gen9vgc2025reggbo3-2330853933", "format": "[Gen 9] VGC 2025 Reg G (Bo3)", "players": ["EeveeSolution", "deltazero21"], "rating": null, "private": 0, "password": null}, {"uploadtime": 1743284443, "id": "gen9vgc2025reggbo3-2330854654", "format": "[Gen 9] VGC 2025 Reg G (Bo3)", "players": ["MoonEnthusiast", "marcosdeltasena31"], "rating": null, "private": 0, "password": null}, {"uploadtime": 1743284305, "id": "gen9vgc2025reggbo3-2330854094", "format": "[Gen 9] VGC 2025 Reg G (Bo3)", "players": ["robbie0301", "SpoinkxSpoink"], "rating": null, "private": 0, "password": null}, {"uploadtime": 1743284305, "id": "gen9vgc2025reggbo3-2330852290", "format": "[Gen 9] VGC 2025 Reg G (Bo3)", "players": ["dengonumber1fan", "KrishKabob"], "rating": null, "private": 0, "password": null}, {"uploadtime": 1743284249, "id": "gen9vgc2025reggbo3-2330852982", "format": "[Gen 9] VGC 2025 Reg G (Bo3)", "players": ["Just a Minus", "MyBatWork"], "rating": 1394, "private": 0, "password": null}, {"uploadtime": 1743284233, "id": "gen9vgc2025reggbo3-2330850498", "format": "[Gen 9] VGC 2025 Reg G (Bo3)", "players": ["Just a Minus", "MyBatWork"], "rating": null, "private": 0, "password": null}, {"uploadtime": 1743284227, "id": "gen9vgc2025reggbo3-2330848096", "format": "[Gen 9] VGC 2025 Reg G (Bo3)", "players": ["Just a Minus", "MyBatWork"], "rating": null, "private": 0, "password": null}, {"uploadtime": 1743284167, "id": "gen9vgc2025reggbo3-2330853143", "format": "[Gen 9] VGC 2025 Reg G (Bo3)", "players": ["Maziii", "marcosdeltasena31"], "rating": 1220, "private": 0, "password": null}, {"uploadtime": 1743284167, "id": "gen9vgc2025reggbo3-2330852082", "format": "[Gen 9] VGC 2025 Reg G (Bo3)", "players": ["capworl", "stan marsh"], "rating": null, "private": 0, "password": null}, {"uploadtime": 1743284167, "id": "gen9vgc2025reggbo3-2330852034", "format": "[Gen 9] VGC 2025 Reg G (Bo3)", "players": ["robbie0301", "SpoinkxSpoink"], "rating": null, "private": 0, "password": null}, {"uploadtime": 1743284167, "id": "gen9vgc2025reggbo3-2330851912", "format": "[Gen 9] VGC 2025 Reg G (Bo3)", "players": ["powerfulbuild", "itslikewoah"], "rating": null, "private": 0, "password": null}, {"uploadtime": 1743284077, "id": "gen9vgc2025reggbo3-2330852124", "format": "[Gen 9] VGC 2025 Reg G (Bo3)", "players": ["Etrale", "BroImKranky"], "rating": 1220, "private": 0, "password": null}, {"uploadtime": 1743284070, "id": "gen9vgc2025reggbo3-2330849633", "format": "[Gen 9] VGC 2025 Reg G (Bo3)", "players": ["Etrale", "BroImKranky"], "rating": null, "private": 0, "password": null}, {"uploadtime": 1743284028, "id": "gen9vgc2025reggbo3-2330850714", "format": "[Gen 9] VGC 2025 Reg G (Bo3)", "players": ["fabiobl7", "deltazero21"], "rating": null, "private": 0, "password": null}, {"uploadtime": 1743284028, "id": "gen9vgc2025reggbo3-2330850454", "format": "[Gen 9] VGC 2025 Reg G (Bo3)", "players": ["FerLive", "Lazaro/shawdown"], "rating": null, "private": 0, "password": null}]