[{"uploadtime": 1743226504, "id": "gen9vgc2025reggbo3-2330430473", "format": "[Gen 9] VGC 2025 Reg G (Bo3)", "players": ["Sarik405", "Travency"], "rating": null, "private": 0, "password": null}, {"uploadtime": 1743226437, "id": "gen9vgc2025reggbo3-2330426438", "format": "[Gen 9] VGC 2025 Reg G (Bo3)", "players": ["tobiasvg", "Rocket Grunt ZXK"], "rating": null, "private": 0, "password": null}, {"uploadtime": 1743226410, "id": "gen9vgc2025reggbo3-2330429097", "format": "[Gen 9] VGC 2025 Reg G (Bo3)", "players": ["tobiasvg", "Rocket Grunt ZXK"], "rating": 1032, "private": 0, "password": null}, {"uploadtime": 1743226363, "id": "gen9vgc2025reggbo3-2330429047", "format": "[Gen 9] VGC 2025 Reg G (Bo3)", "players": ["WeGonnaCrash", "sun goes wrong"], "rating": null, "private": 0, "password": null}, {"uploadtime": 1743226362, "id": "gen9vgc2025reggbo3-2330428986", "format": "[Gen 9] VGC 2025 Reg G (Bo3)", "players": ["funnythekani", "Harshus"], "rating": null, "private": 0, "password": null}, {"uploadtime": 1743226221, "id": "gen9vgc2025reggbo3-2330429589", "format": "[Gen 9] VGC 2025 Reg G (Bo3)", "players": ["marcosdeltasena31", "We_Love_The_Gong"], "rating": null, "private": 0, "password": null}, {"uploadtime": 1743226221, "id": "gen9vgc2025reggbo3-2330429018", "format": "[Gen 9] VGC 2025 Reg G (Bo3)", "players": ["Sarik405", "Travency"], "rating": null, "private": 0, "password": null}, {"uploadtime": 1743226221, "id": "gen9vgc2025reggbo3-2330428943", "format": "[Gen 9] VGC 2025 Reg G (Bo3)", "players": ["Kylewithasmile69", "Scarface22"], "rating": 1035, "private": 0, "password": null}, {"uploadtime": 1743226221, "id": "gen9vgc2025reggbo3-2330428436", "format": "[Gen 9] VGC 2025 Reg G (Bo3)", "players": ["NoodleDude2355", "Tiger58"], "rating": null, "private": 0, "password": null}, {"uploadtime": 1743226221, "id": "gen9vgc2025reggbo3-2330427872", "format": "[Gen 9] VGC 2025 Reg G (Bo3)", "players": ["EnchantDark", "ElCapitanPP"], "rating": null, "private": 0, "password": null}, {"uploadtime": 1743225938, "id": "gen9vgc2025reggbo3-2330427789", "format": "[Gen 9] VGC 2025 Reg G (Bo3)", "players": ["WeGonnaCrash", "sun goes wrong"], "rating": null, "private": 0, "password": null}, {"uploadtime": 1743225937, "id": "gen9vgc2025reggbo3-2330427624", "format": "[Gen 9] VGC 2025 Reg G (Bo3)", "players": ["Kylewithasmile69", "Scarface22"], "rating": null, "private": 0, "password": null}, {"uploadtime": 1743225937, "id": "gen9vgc2025reggbo3-2330427600", "format": "[Gen 9] VGC 2025 Reg G (Bo3)", "players": ["nobody103i", "maxteilor_409"], "rating": null, "private": 0, "password": null}, {"uploadtime": 1743225937, "id": "gen9vgc2025reggbo3-2330427530", "format": "[Gen 9] VGC 2025 Reg G (Bo3)", "players": ["primsh9", "We_Love_The_Gong"], "rating": null, "private": 0, "password": null}, {"uploadtime": 1743225937, "id": "gen9vgc2025reggbo3-2330426891", "format": "[Gen 9] VGC 2025 Reg G (Bo3)", "players": ["kk1pper1314", "J4yz1lla"], "rating": null, "private": 0, "password": null}, {"uploadtime": 1743225922, "id": "gen9vgc2025reggbo3-2330428394", "format": "[Gen 9] VGC 2025 Reg G (Bo3)", "players": ["AsukaHikaru", "Etrale"], "rating": 1319, "private": 0, "password": null}, {"uploadtime": 1743225912, "id": "gen9vgc2025reggbo3-2330427066", "format": "[Gen 9] VGC 2025 Reg G (Bo3)", "players": ["AsukaHikaru", "Etrale"], "rating": null, "private": 0, "password": null}, {"uploadtime": 1743225796, "id": "gen9vgc2025reggbo3-2330427251", "format": "[Gen 9] VGC 2025 Reg G (Bo3)", "players": ["marcosdeltasena31", "Fyzzl"], "rating": null, "private": 0, "password": null}, {"uploadtime": 1743225655, "id": "gen9vgc2025reggbo3-2330426245", "format": "[Gen 9] VGC 2025 Reg G (Bo3)", "players": ["MoonEnthusiast", "We_Love_The_Gong"], "rating": null, "private": 0, "password": null}, {"uploadtime": 1743225655, "id": "gen9vgc2025reggbo3-2330426142", "format": "[Gen 9] VGC 2025 Reg G (Bo3)", "players": ["P1nkbearz07", "PyroPaquette"], "rating": null, "private": 0, "password": null}, {"uploadtime": 1743225655, "id": "gen9vgc2025reggbo3-2330425411", "format": "[Gen 9] VGC 2025 Reg G (Bo3)", "players": ["jakeieboy", "Sassafrassa"], "rating": 1022, "private": 0, "password": null}, {"uploadtime": 1743225655, "id": "gen9vgc2025reggbo3-2330425360", "format": "[Gen 9] VGC 2025 Reg G (Bo3)", "players": ["MrsKeishah", "lakeandbake"], "rating": null, "private": 0, "password": null}, {"uploadtime": 1743225655, "id": "gen9vgc2025reggbo3-2330425266", "format": "[Gen 9] VGC 2025 Reg G (Bo3)", "players": ["primsh9", "ProtectPartingShot"], "rating": null, "private": 0, "password": null}, {"uploadtime": 1743225655, "id": "gen9vgc2025reggbo3-2330425243", "format": "[Gen 9] VGC 2025 Reg G (Bo3)", "players": ["soul_slayer_10293", "JJJ0k3"], "rating": 1102, "private": 0, "password": null}, {"uploadtime": 1743225655, "id": "gen9vgc2025reggbo3-2330425028", "format": "[Gen 9] VGC 2025 Reg G (Bo3)", "players": ["Tiger58", "marcosdeltasena31"], "rating": null, "private": 0, "password": null}, {"uploadtime": 1743225655, "id": "gen9vgc2025reggbo3-2330424607", "format": "[Gen 9] VGC 2025 Reg G (Bo3)", "players": ["Claude555", "Flake217"], "rating": null, "private": 0, "password": null}, {"uploadtime": 1743225655, "id": "gen9vgc2025reggbo3-2330424117", "format": "[Gen 9] VGC 2025 Reg G (Bo3)", "players": ["tobiasvg", "Rocket Grunt ZXK"], "rating": null, "private": 0, "password": null}, {"uploadtime": 1743225606, "id": "gen9vgc2025reggbo3-2330425435", "format": "[Gen 9] VGC 2025 Reg G (Bo3)", "players": ["LemmeCallMyGuy", "RobertAleen"], "rating": null, "private": 0, "password": null}, {"uploadtime": 1743225603, "id": "gen9vgc2025reggbo3-2330426373", "format": "[Gen 9] VGC 2025 Reg G (Bo3)", "players": ["MrsKeishah", "lakeandbake"], "rating": 1128, "private": 0, "password": null}, {"uploadtime": 1743225513, "id": "gen9vgc2025reggbo3-2330421783", "format": "[Gen 9] VGC 2025 Reg G (Bo3)", "players": ["funnythekani", "Harshus"], "rating": null, "private": 0, "password": null}, {"uploadtime": 1743225395, "id": "gen9vgc2025reggbo3-2330424471", "format": "[Gen 9] VGC 2025 Reg G (Bo3)", "players": ["dricano", "crsiplemnos"], "rating": 1130, "private": 0, "password": null}, {"uploadtime": 1743225384, "id": "gen9vgc2025reggbo3-2330422905", "format": "[Gen 9] VGC 2025 Reg G (Bo3)", "players": ["dricano", "crsiplemnos"], "rating": null, "private": 0, "password": null}, {"uploadtime": 1743225372, "id": "gen9vgc2025reggbo3-2330424280", "format": "[Gen 9] VGC 2025 Reg G (Bo3)", "players": ["MrsKeishah", "lakeandbake"], "rating": null, "private": 0, "password": null}, {"uploadtime": 1743225372, "id": "gen9vgc2025reggbo3-2330423585", "format": "[Gen 9] VGC 2025 Reg G (Bo3)", "players": ["poppalovesice", "qwerttyuiopa"], "rating": null, "private": 0, "password": null}, {"uploadtime": 1743225372, "id": "gen9vgc2025reggbo3-2330423520", "format": "[Gen 9] VGC 2025 Reg G (Bo3)", "players": ["MoonEnthusiast", "OOF? YEE?"], "rating": null, "private": 0, "password": null}, {"uploadtime": 1743225372, "id": "gen9vgc2025reggbo3-2330423114", "format": "[Gen 9] VGC 2025 Reg G (Bo3)", "players": ["loponite", "MrsKeishah"], "rating": 1047, "private": 0, "password": null}, {"uploadtime": 1743225231, "id": "gen9vgc2025reggbo3-2330423767", "format": "[Gen 9] VGC 2025 Reg G (Bo3)", "players": ["Cheesey027", "ShadowJohny"], "rating": null, "private": 0, "password": null}, {"uploadtime": 1743225231, "id": "gen9vgc2025reggbo3-2330423676", "format": "[Gen 9] VGC 2025 Reg G (Bo3)", "players": ["Ocpuddin", "cain4511"], "rating": null, "private": 0, "password": null}, {"uploadtime": 1743225231, "id": "gen9vgc2025reggbo3-2330422937", "format": "[Gen 9] VGC 2025 Reg G (Bo3)", "players": ["Just a Minus", "WeGonnaCrash"], "rating": 1385, "private": 0, "password": null}, {"uploadtime": 1743225151, "id": "gen9vgc2025reggbo3-2330423621", "format": "[Gen 9] VGC 2025 Reg G (Bo3)", "players": ["katfishfilet", "SolarPieVGC"], "rating": 1171, "private": 0, "password": null}, {"uploadtime": 1743225089, "id": "gen9vgc2025reggbo3-2330422121", "format": "[Gen 9] VGC 2025 Reg G (Bo3)", "players": ["MoonEnthusiast", "OOF? YEE?"], "rating": null, "private": 0, "password": null}, {"uploadtime": 1743225089, "id": "gen9vgc2025reggbo3-2330421985", "format": "[Gen 9] VGC 2025 Reg G (Bo3)", "players": ["Ocpuddin", "cain4511"], "rating": null, "private": 0, "password": null}, {"uploadtime": 1743225089, "id": "gen9vgc2025reggbo3-2330421473", "format": "[Gen 9] VGC 2025 Reg G (Bo3)", "players": ["welme", "Siyume"], "rating": null, "private": 0, "password": null}, {"uploadtime": 1743225089, "id": "gen9vgc2025reggbo3-2330420966", "format": "[Gen 9] VGC 2025 Reg G (Bo3)", "players": ["superiorviper", "cing64"], "rating": null, "private": 0, "password": null}, {"uploadtime": 1743225089, "id": "gen9vgc2025reggbo3-2330420738", "format": "[Gen 9] VGC 2025 Reg G (Bo3)", "players": ["poppalovesice", "qwerttyuiopa"], "rating": null, "private": 0, "password": null}, {"uploadtime": 1743225089, "id": "gen9vgc2025reggbo3-2330420554", "format": "[Gen 9] VGC 2025 Reg G (Bo3)", "players": ["PyroPaquette", "P1nkbearz07"], "rating": null, "private": 0, "password": null}, {"uploadtime": 1743225088, "id": "gen9vgc2025reggbo3-2330423391", "format": "[Gen 9] VGC 2025 Reg G (Bo3)", "players": ["PurelyCynical", "Etrale"], "rating": 1124, "private": 0, "password": null}, {"uploadtime": 1743224948, "id": "gen9vgc2025reggbo3-2330420675", "format": "[Gen 9] VGC 2025 Reg G (Bo3)", "players": ["sleepy_mo18", "Travency"], "rating": null, "private": 0, "password": null}, {"uploadtime": 1743224948, "id": "gen9vgc2025reggbo3-2330420381", "format": "[Gen 9] VGC 2025 Reg G (Bo3)", "players": ["ldhc22", "marcosdeltasena31"], "rating": null, "private": 0, "password": null}, {"uploadtime": 1743224948, "id": "gen9vgc2025reggbo3-2330420017", "format": "[Gen 9] VGC 2025 Reg G (Bo3)", "players": ["tmrei3", "Sehaj27"], "rating": null, "private": 0, "password": null}, {"uploadtime": 1743224925, "id": "gen9vgc2025reggbo3-2330421702", "format": "[Gen 9] VGC 2025 Reg G (Bo3)", "players": ["blockus6969", "Alecat"], "rating": 1166, "private": 0, "password": null}]