[{"uploadtime": 1743404725, "id": "gen9vgc2025reggbo3-2331791259", "format": "[Gen 9] VGC 2025 Reg G (Bo3)", "players": ["terapagossing", "Jimcreg"], "rating": null, "private": 0, "password": null}, {"uploadtime": 1743404725, "id": "gen9vgc2025reggbo3-2331790624", "format": "[Gen 9] VGC 2025 Reg G (Bo3)", "players": ["disciple of blahaj", "Gworf"], "rating": 1190, "private": 0, "password": null}, {"uploadtime": 1743404449, "id": "gen9vgc2025reggbo3-2331789997", "format": "[Gen 9] VGC 2025 Reg G (Bo3)", "players": ["Scarface22", "adam Z.X.Y"], "rating": 1041, "private": 0, "password": null}, {"uploadtime": 1743404449, "id": "gen9vgc2025reggbo3-2331789313", "format": "[Gen 9] VGC 2025 Reg G (Bo3)", "players": ["disciple of blahaj", "Gworf"], "rating": null, "private": 0, "password": null}, {"uploadtime": 1743404448, "id": "gen9vgc2025reggbo3-2331789530", "format": "[Gen 9] VGC 2025 Reg G (Bo3)", "players": ["qreynolds", "dagrzekrom"], "rating": 1143, "private": 0, "password": null}, {"uploadtime": 1743404448, "id": "gen9vgc2025reggbo3-2331789521", "format": "[Gen 9] VGC 2025 Reg G (Bo3)", "players": ["MeekMatt", "marcosdeltasena31"], "rating": 1174, "private": 0, "password": null}, {"uploadtime": 1743404448, "id": "gen9vgc2025reggbo3-2331789040", "format": "[Gen 9] VGC 2025 Reg G (Bo3)", "players": ["Seal00", "Olciax34"], "rating": 1136, "private": 0, "password": null}, {"uploadtime": 1743404448, "id": "gen9vgc2025reggbo3-2331788281", "format": "[Gen 9] VGC 2025 Reg G (Bo3)", "players": ["muifr", "c.mira"], "rating": null, "private": 0, "password": null}, {"uploadtime": 1743404172, "id": "gen9vgc2025reggbo3-2331788090", "format": "[Gen 9] VGC 2025 Reg G (Bo3)", "players": ["miku snow", "funnythekani"], "rating": 1047, "private": 0, "password": null}, {"uploadtime": 1743404034, "id": "gen9vgc2025reggbo3-2331786255", "format": "[Gen 9] VGC 2025 Reg G (Bo3)", "players": ["muifr", "c.mira"], "rating": null, "private": 0, "password": null}, {"uploadtime": 1743404033, "id": "gen9vgc2025reggbo3-2331787108", "format": "[Gen 9] VGC 2025 Reg G (Bo3)", "players": ["slugpup stew", "jakeieboy"], "rating": null, "private": 0, "password": null}, {"uploadtime": 1743403895, "id": "gen9vgc2025reggbo3-2331786768", "format": "[Gen 9] VGC 2025 Reg G (Bo3)", "players": ["ayger999", "raulolmedogmzz"], "rating": 1038, "private": 0, "password": null}, {"uploadtime": 1743403895, "id": "gen9vgc2025reggbo3-2331785665", "format": "[Gen 9] VGC 2025 Reg G (Bo3)", "players": ["Solo mick", "Francixmario007"], "rating": null, "private": 0, "password": null}, {"uploadtime": 1743403618, "id": "gen9vgc2025reggbo3-2331784018", "format": "[Gen 9] VGC 2025 Reg G (Bo3)", "players": ["Jim9174", "Freecko99"], "rating": 1167, "private": 0, "password": null}, {"uploadtime": 1743403618, "id": "gen9vgc2025reggbo3-2331783621", "format": "[Gen 9] VGC 2025 Reg G (Bo3)", "players": ["Solo mick", "Francixmario007"], "rating": null, "private": 0, "password": null}, {"uploadtime": 1743403609, "id": "gen9vgc2025reggbo3-2331786028", "format": "[Gen 9] VGC 2025 Reg G (Bo3)", "players": ["MultiStormChi", "Mortal-Presence"], "rating": 1051, "private": 0, "password": null}, {"uploadtime": 1743403480, "id": "gen9vgc2025reggbo3-2331783662", "format": "[Gen 9] VGC 2025 Reg G (Bo3)", "players": ["crustleuk", "TT2024"], "rating": null, "private": 0, "password": null}, {"uploadtime": 1743403480, "id": "gen9vgc2025reggbo3-2331782877", "format": "[Gen 9] VGC 2025 Reg G (Bo3)", "players": ["jqrzzz", "uuregex"], "rating": null, "private": 0, "password": null}, {"uploadtime": 1743403341, "id": "gen9vgc2025reggbo3-2331783577", "format": "[Gen 9] VGC 2025 Reg G (Bo3)", "players": ["Jositoelpanameno", "GeneralDoggo"], "rating": null, "private": 0, "password": null}, {"uploadtime": 1743403341, "id": "gen9vgc2025reggbo3-2331782954", "format": "[Gen 9] VGC 2025 Reg G (Bo3)", "players": ["DGBeamer", "Iwanted(a)"], "rating": null, "private": 0, "password": null}, {"uploadtime": 1743403341, "id": "gen9vgc2025reggbo3-2331781943", "format": "[Gen 9] VGC 2025 Reg G (Bo3)", "players": ["420dablord", "25th_mang"], "rating": null, "private": 0, "password": null}, {"uploadtime": 1743403341, "id": "gen9vgc2025reggbo3-2331781851", "format": "[Gen 9] VGC 2025 Reg G (Bo3)", "players": ["Jim9174", "Freecko99"], "rating": null, "private": 0, "password": null}, {"uploadtime": 1743403203, "id": "gen9vgc2025reggbo3-2331782822", "format": "[Gen 9] VGC 2025 Reg G (Bo3)", "players": ["Flareblitz54", "swarm"], "rating": null, "private": 0, "password": null}, {"uploadtime": 1743403065, "id": "gen9vgc2025reggbo3-2331781791", "format": "[Gen 9] VGC 2025 Reg G (Bo3)", "players": ["DGBeamer", "Iwanted(a)"], "rating": null, "private": 0, "password": null}, {"uploadtime": 1743403065, "id": "gen9vgc2025reggbo3-2331781609", "format": "[Gen 9] VGC 2025 Reg G (Bo3)", "players": ["AngrrryGuy", "uuregex"], "rating": 1015, "private": 0, "password": null}, {"uploadtime": 1743402926, "id": "gen9vgc2025reggbo3-2331781175", "format": "[Gen 9] VGC 2025 Reg G (Bo3)", "players": ["disciple of blahaj", "slyterin"], "rating": null, "private": 0, "password": null}, {"uploadtime": 1743402926, "id": "gen9vgc2025reggbo3-2331780764", "format": "[Gen 9] VGC 2025 Reg G (Bo3)", "players": ["Pom123123123", "sebiandmattgaming"], "rating": 1008, "private": 0, "password": null}, {"uploadtime": 1743402926, "id": "gen9vgc2025reggbo3-2331779924", "format": "[Gen 9] VGC 2025 Reg G (Bo3)", "players": ["LifeofPabz", "Lyph88"], "rating": null, "private": 0, "password": null}, {"uploadtime": 1743402787, "id": "gen9vgc2025reggbo3-2331778263", "format": "[Gen 9] VGC 2025 Reg G (Bo3)", "players": ["disciple of blahaj", "slyterin"], "rating": null, "private": 0, "password": null}, {"uploadtime": 1743402649, "id": "gen9vgc2025reggbo3-2331779203", "format": "[Gen 9] VGC 2025 Reg G (Bo3)", "players": ["zisar", "c.mira"], "rating": null, "private": 0, "password": null}, {"uploadtime": 1743402649, "id": "gen9vgc2025reggbo3-2331778605", "format": "[Gen 9] VGC 2025 Reg G (Bo3)", "players": ["Samm3", "Kenal1810"], "rating": null, "private": 0, "password": null}, {"uploadtime": 1743402510, "id": "gen9vgc2025reggbo3-2331778989", "format": "[Gen 9] VGC 2025 Reg G (Bo3)", "players": ["Jimcreg", "TT2024"], "rating": null, "private": 0, "password": null}, {"uploadtime": 1743402510, "id": "gen9vgc2025reggbo3-2331777863", "format": "[Gen 9] VGC 2025 Reg G (Bo3)", "players": ["Zen1996-VGC", "DgC1605"], "rating": 1506, "private": 0, "password": null}, {"uploadtime": 1743402510, "id": "gen9vgc2025reggbo3-2331777808", "format": "[Gen 9] VGC 2025 Reg G (Bo3)", "players": ["swarm", "Flareblitz54"], "rating": null, "private": 0, "password": null}, {"uploadtime": 1743402510, "id": "gen9vgc2025reggbo3-2331777454", "format": "[Gen 9] VGC 2025 Reg G (Bo3)", "players": ["Shell loss", "sebiandmattgaming"], "rating": null, "private": 0, "password": null}, {"uploadtime": 1743402510, "id": "gen9vgc2025reggbo3-2331777193", "format": "[Gen 9] VGC 2025 Reg G (Bo3)", "players": ["LifeofPabz", "Lyph88"], "rating": null, "private": 0, "password": null}, {"uploadtime": 1743402510, "id": "gen9vgc2025reggbo3-2331775564", "format": "[Gen 9] VGC 2025 Reg G (Bo3)", "players": ["yeetnstuff", "rorakfan"], "rating": null, "private": 0, "password": null}, {"uploadtime": 1743402371, "id": "gen9vgc2025reggbo3-2331776169", "format": "[Gen 9] VGC 2025 Reg G (Bo3)", "players": ["ayger999", "DusknoirisKing"], "rating": null, "private": 0, "password": null}, {"uploadtime": 1743402237, "id": "gen9vgc2025reggbo3-2331778842", "format": "[Gen 9] VGC 2025 Reg G (Bo3)", "players": ["Flake217", "25th_mang"], "rating": 1050, "private": 0, "password": null}, {"uploadtime": 1743402233, "id": "gen9vgc2025reggbo3-2331776504", "format": "[Gen 9] VGC 2025 Reg G (Bo3)", "players": ["Zen1996-VGC", "DgC1605"], "rating": null, "private": 0, "password": null}, {"uploadtime": 1743402094, "id": "gen9vgc2025reggbo3-2331775863", "format": "[Gen 9] VGC 2025 Reg G (Bo3)", "players": ["pwrbttm4christ", "Asmodeo666"], "rating": 1084, "private": 0, "password": null}, {"uploadtime": 1743402094, "id": "gen9vgc2025reggbo3-2331775637", "format": "[Gen 9] VGC 2025 Reg G (Bo3)", "players": ["Gworf", "qreynolds"], "rating": null, "private": 0, "password": null}, {"uploadtime": 1743401956, "id": "gen9vgc2025reggbo3-2331775753", "format": "[Gen 9] VGC 2025 Reg G (Bo3)", "players": ["purple clownfish", "Flareblitz54"], "rating": null, "private": 0, "password": null}, {"uploadtime": 1743401956, "id": "gen9vgc2025reggbo3-2331774898", "format": "[Gen 9] VGC 2025 Reg G (Bo3)", "players": ["uuregex", "torkemada73"], "rating": null, "private": 0, "password": null}, {"uploadtime": 1743401956, "id": "gen9vgc2025reggbo3-2331774746", "format": "[Gen 9] VGC 2025 Reg G (Bo3)", "players": ["ayger999", "DusknoirisKing"], "rating": null, "private": 0, "password": null}, {"uploadtime": 1743401818, "id": "gen9vgc2025reggbo3-2331774479", "format": "[Gen 9] VGC 2025 Reg G (Bo3)", "players": ["Alenthia", "disciple of blahaj"], "rating": null, "private": 0, "password": null}, {"uploadtime": 1743401818, "id": "gen9vgc2025reggbo3-2331774109", "format": "[Gen 9] VGC 2025 Reg G (Bo3)", "players": ["Asmodeo666", "gabazor"], "rating": 1120, "private": 0, "password": null}, {"uploadtime": 1743401680, "id": "gen9vgc2025reggbo3-2331774305", "format": "[Gen 9] VGC 2025 Reg G (Bo3)", "players": ["tylerjugulis", "Karrottensirup"], "rating": 1102, "private": 0, "password": null}, {"uploadtime": 1743401680, "id": "gen9vgc2025reggbo3-2331773904", "format": "[Gen 9] VGC 2025 Reg G (Bo3)", "players": ["ayger999", "selormdesigns"], "rating": 1041, "private": 0, "password": null}, {"uploadtime": 1743401567, "id": "gen9vgc2025reggbo3-2331773476", "format": "[Gen 9] VGC 2025 Reg G (Bo3)", "players": ["the lottery", "Soratami"], "rating": 1174, "private": 0, "password": null}, {"uploadtime": 1743401403, "id": "gen9vgc2025reggbo3-2331772256", "format": "[Gen 9] VGC 2025 Reg G (Bo3)", "players": ["disciple of blahaj", "tylerjugulis"], "rating": 1131, "private": 0, "password": null}]