[{"uploadtime": 1743338009, "id": "gen9vgc2025reggbo3-2331220721", "format": "[Gen 9] VGC 2025 Reg G (Bo3)", "players": ["jakeieboy", "champvdp29"], "rating": null, "private": 0, "password": null}, {"uploadtime": 1743338009, "id": "gen9vgc2025reggbo3-2331220718", "format": "[Gen 9] VGC 2025 Reg G (Bo3)", "players": ["v-azel", "1pad"], "rating": null, "private": 0, "password": null}, {"uploadtime": 1743338009, "id": "gen9vgc2025reggbo3-2331220489", "format": "[Gen 9] VGC 2025 Reg G (Bo3)", "players": ["Bhjud", "Mario5x"], "rating": null, "private": 0, "password": null}, {"uploadtime": 1743337870, "id": "gen9vgc2025reggbo3-2331219825", "format": "[Gen 9] VGC 2025 Reg G (Bo3)", "players": ["v-azel", "1pad"], "rating": null, "private": 0, "password": null}, {"uploadtime": 1743337870, "id": "gen9vgc2025reggbo3-2331219562", "format": "[Gen 9] VGC 2025 Reg G (Bo3)", "players": ["Bhjud", "Mario5x"], "rating": null, "private": 0, "password": null}, {"uploadtime": 1743337812, "id": "gen9vgc2025reggbo3-2331220188", "format": "[Gen 9] VGC 2025 Reg G (Bo3)", "players": ["Junseville", "pruaxx"], "rating": null, "private": 0, "password": null}, {"uploadtime": 1743337591, "id": "gen9vgc2025reggbo3-2331217710", "format": "[Gen 9] VGC 2025 Reg G (Bo3)", "players": ["c.mira", "MCOBSOK"], "rating": null, "private": 0, "password": null}, {"uploadtime": 1743337452, "id": "gen9vgc2025reggbo3-2331216927", "format": "[Gen 9] VGC 2025 Reg G (Bo3)", "players": ["Dreimax18", "STARMAXXIMUS"], "rating": null, "private": 0, "password": null}, {"uploadtime": 1743337452, "id": "gen9vgc2025reggbo3-2331216796", "format": "[Gen 9] VGC 2025 Reg G (Bo3)", "players": ["jakeieboy", "bapdabo"], "rating": null, "private": 0, "password": null}, {"uploadtime": 1743337452, "id": "gen9vgc2025reggbo3-2331216202", "format": "[Gen 9] VGC 2025 Reg G (Bo3)", "players": ["Mario5x", "Goodwyn"], "rating": null, "private": 0, "password": null}, {"uploadtime": 1743337437, "id": "gen9vgc2025reggbo3-2331217888", "format": "[Gen 9] VGC 2025 Reg G (Bo3)", "players": ["Junseville", "pruaxx"], "rating": null, "private": 0, "password": null}, {"uploadtime": 1743337404, "id": "gen9vgc2025reggbo3-2331218115", "format": "[Gen 9] VGC 2025 Reg G (Bo3)", "players": ["Jikura206", "Ultra Colin"], "rating": null, "private": 0, "password": null}, {"uploadtime": 1743337313, "id": "gen9vgc2025reggbo3-2331215255", "format": "[Gen 9] VGC 2025 Reg G (Bo3)", "players": ["Odeio Corinthians", "JeanRyuPR"], "rating": null, "private": 0, "password": null}, {"uploadtime": 1743337272, "id": "gen9vgc2025reggbo3-2331216215", "format": "[Gen 9] VGC 2025 Reg G (Bo3)", "players": ["Volanr", "Mortipherus"], "rating": null, "private": 0, "password": null}, {"uploadtime": 1743337255, "id": "gen9vgc2025reggbo3-2331218080", "format": "[Gen 9] VGC 2025 Reg G (Bo3)", "players": ["Volanr", "Mortipherus"], "rating": 1345, "private": 0, "password": null}, {"uploadtime": 1743337174, "id": "gen9vgc2025reggbo3-2331215145", "format": "[Gen 9] VGC 2025 Reg G (Bo3)", "players": ["reggo pegoo123", "Jaso2008"], "rating": null, "private": 0, "password": null}, {"uploadtime": 1743337174, "id": "gen9vgc2025reggbo3-2331213841", "format": "[Gen 9] VGC 2025 Reg G (Bo3)", "players": ["Mario5x", "Goodwyn"], "rating": null, "private": 0, "password": null}, {"uploadtime": 1743337097, "id": "gen9vgc2025reggbo3-2331216777", "format": "[Gen 9] VGC 2025 Reg G (Bo3)", "players": ["Jikura206", "Ultra Colin"], "rating": null, "private": 0, "password": null}, {"uploadtime": 1743337035, "id": "gen9vgc2025reggbo3-2331214906", "format": "[Gen 9] VGC 2025 Reg G (Bo3)", "players": ["Necrozma1996", "pep_uni"], "rating": null, "private": 0, "password": null}, {"uploadtime": 1743337035, "id": "gen9vgc2025reggbo3-2331214142", "format": "[Gen 9] VGC 2025 Reg G (Bo3)", "players": ["Chang21", "Woopah96"], "rating": null, "private": 0, "password": null}, {"uploadtime": 1743337035, "id": "gen9vgc2025reggbo3-2331214105", "format": "[Gen 9] VGC 2025 Reg G (Bo3)", "players": ["Bhjud", "Eternatususususu"], "rating": null, "private": 0, "password": null}, {"uploadtime": 1743337034, "id": "gen9vgc2025reggbo3-2331215611", "format": "[Gen 9] VGC 2025 Reg G (Bo3)", "players": ["brphy", "Bertigo"], "rating": null, "private": 0, "password": null}, {"uploadtime": 1743336986, "id": "gen9vgc2025reggbo3-2331215929", "format": "[Gen 9] VGC 2025 Reg G (Bo3)", "players": ["alxkdkdc", "Junseville"], "rating": 1150, "private": 0, "password": null}, {"uploadtime": 1743336939, "id": "gen9vgc2025reggbo3-2331215882", "format": "[Gen 9] VGC 2025 Reg G (Bo3)", "players": ["Necrozma1996", "pep_uni"], "rating": 1434, "private": 0, "password": null}, {"uploadtime": 1743336896, "id": "gen9vgc2025reggbo3-2331214055", "format": "[Gen 9] VGC 2025 Reg G (Bo3)", "players": ["Necrozma1996", "pep_uni"], "rating": null, "private": 0, "password": null}, {"uploadtime": 1743336896, "id": "gen9vgc2025reggbo3-2331213929", "format": "[Gen 9] VGC 2025 Reg G (Bo3)", "players": ["KissMyAsthma416", "somarjo23"], "rating": null, "private": 0, "password": null}, {"uploadtime": 1743336757, "id": "gen9vgc2025reggbo3-2331211882", "format": "[Gen 9] VGC 2025 Reg G (Bo3)", "players": ["KissMyAsthma416", "somarjo23"], "rating": null, "private": 0, "password": null}, {"uploadtime": 1743336745, "id": "gen9vgc2025reggbo3-2331215245", "format": "[Gen 9] VGC 2025 Reg G (Bo3)", "players": ["alxkdkdc", "Junseville"], "rating": null, "private": 0, "password": null}, {"uploadtime": 1743336696, "id": "gen9vgc2025reggbo3-2331214003", "format": "[Gen 9] VGC 2025 Reg G (Bo3)", "players": ["brphy", "Bertigo"], "rating": null, "private": 0, "password": null}, {"uploadtime": 1743336631, "id": "gen9vgc2025reggbo3-2331213993", "format": "[Gen 9] VGC 2025 Reg G (Bo3)", "players": ["alxkdkdc", "Junseville"], "rating": null, "private": 0, "password": null}, {"uploadtime": 1743336618, "id": "gen9vgc2025reggbo3-2331211898", "format": "[Gen 9] VGC 2025 Reg G (Bo3)", "players": ["JordiEncabo", "bapdabo"], "rating": null, "private": 0, "password": null}, {"uploadtime": 1743336618, "id": "gen9vgc2025reggbo3-2331211754", "format": "[Gen 9] VGC 2025 Reg G (Bo3)", "players": ["MBL_Frnce", "1pad"], "rating": null, "private": 0, "password": null}, {"uploadtime": 1743336618, "id": "gen9vgc2025reggbo3-2331211697", "format": "[Gen 9] VGC 2025 Reg G (Bo3)", "players": ["Swoggy72", "Mortipherus"], "rating": null, "private": 0, "password": null}, {"uploadtime": 1743336423, "id": "gen9vgc2025reggbo3-2331211893", "format": "[Gen 9] VGC 2025 Reg G (Bo3)", "players": ["brphy", "Bertigo"], "rating": null, "private": 0, "password": null}, {"uploadtime": 1743336390, "id": "gen9vgc2025reggbo3-2331212173", "format": "[Gen 9] VGC 2025 Reg G (Bo3)", "players": ["Goodwyn", "Junseville"], "rating": 1290, "private": 0, "password": null}, {"uploadtime": 1743336109, "id": "gen9vgc2025reggbo3-2331210045", "format": "[Gen 9] VGC 2025 Reg G (Bo3)", "players": ["Goodwyn", "Junseville"], "rating": null, "private": 0, "password": null}, {"uploadtime": 1743335789, "id": "gen9vgc2025reggbo3-2331209061", "format": "[Gen 9] VGC 2025 Reg G (Bo3)", "players": ["QrdeJegoMac", "ZPanNucC1"], "rating": 1377, "private": 0, "password": null}, {"uploadtime": 1743335777, "id": "gen9vgc2025reggbo3-2331207492", "format": "[Gen 9] VGC 2025 Reg G (Bo3)", "players": ["QrdeJegoMac", "ZPanNucC1"], "rating": null, "private": 0, "password": null}, {"uploadtime": 1743335448, "id": "gen9vgc2025reggbo3-2331204818", "format": "[Gen 9] VGC 2025 Reg G (Bo3)", "players": ["Tlayer4002", "tobiasderraecher"], "rating": null, "private": 0, "password": null}, {"uploadtime": 1743335439, "id": "gen9vgc2025reggbo3-2331202143", "format": "[Gen 9] VGC 2025 Reg G (Bo3)", "players": ["Tlayer4002", "tobiasderraecher"], "rating": null, "private": 0, "password": null}, {"uploadtime": 1743335337, "id": "gen9vgc2025reggbo3-2331205562", "format": "[Gen 9] VGC 2025 Reg G (Bo3)", "players": ["QrdeJegoMac", "ZPanNucC1"], "rating": null, "private": 0, "password": null}, {"uploadtime": 1743334901, "id": "gen9vgc2025reggbo3-2331202194", "format": "[Gen 9] VGC 2025 Reg G (Bo3)", "players": ["wopenheimer alt", "Basura2U"], "rating": 1280, "private": 0, "password": null}, {"uploadtime": 1743334876, "id": "gen9vgc2025reggbo3-2331202957", "format": "[Gen 9] VGC 2025 Reg G (Bo3)", "players": ["pruaxx", "tzback"], "rating": 1452, "private": 0, "password": null}, {"uploadtime": 1743334869, "id": "gen9vgc2025reggbo3-2331201519", "format": "[Gen 9] VGC 2025 Reg G (Bo3)", "players": ["pruaxx", "tzback"], "rating": null, "private": 0, "password": null}, {"uploadtime": 1743334763, "id": "gen9vgc2025reggbo3-2331201335", "format": "[Gen 9] VGC 2025 Reg G (Bo3)", "players": ["PokeDokuVGC", "ranvgc"], "rating": null, "private": 0, "password": null}, {"uploadtime": 1743334763, "id": "gen9vgc2025reggbo3-2331201087", "format": "[Gen 9] VGC 2025 Reg G (Bo3)", "players": ["wopenheimer alt", "Basura2U"], "rating": null, "private": 0, "password": null}, {"uploadtime": 1743334742, "id": "gen9vgc2025reggbo3-2331202714", "format": "[Gen 9] VGC 2025 Reg G (Bo3)", "players": ["QrdeJegoMac", "Zen1996-VGC"], "rating": 1353, "private": 0, "password": null}, {"uploadtime": 1743334731, "id": "gen9vgc2025reggbo3-2331201785", "format": "[Gen 9] VGC 2025 Reg G (Bo3)", "players": ["QrdeJegoMac", "Zen1996-VGC"], "rating": null, "private": 0, "password": null}, {"uploadtime": 1743334625, "id": "gen9vgc2025reggbo3-2331199862", "format": "[Gen 9] VGC 2025 Reg G (Bo3)", "players": ["Snarf6969", "YAGOY_SK"], "rating": null, "private": 0, "password": null}, {"uploadtime": 1743334625, "id": "gen9vgc2025reggbo3-2331199854", "format": "[Gen 9] VGC 2025 Reg G (Bo3)", "players": ["JohnUnique", "Cybearaze"], "rating": null, "private": 0, "password": null}, {"uploadtime": 1743334625, "id": "gen9vgc2025reggbo3-2331199683", "format": "[Gen 9] VGC 2025 Reg G (Bo3)", "players": ["wopenheimer alt", "Basura2U"], "rating": null, "private": 0, "password": null}]