[{"uploadtime": 1743267019, "id": "gen9vgc2025reggbo3-2330689224", "format": "[Gen 9] VGC 2025 Reg G (Bo3)", "players": ["papixe", "D-scNSe"], "rating": null, "private": 0, "password": null}, {"uploadtime": 1743267004, "id": "gen9vgc2025reggbo3-2330688359", "format": "[Gen 9] VGC 2025 Reg G (Bo3)", "players": ["Andreu.RR", "joni1404"], "rating": null, "private": 0, "password": null}, {"uploadtime": 1743266973, "id": "gen9vgc2025reggbo3-2330687994", "format": "[Gen 9] VGC 2025 Reg G (Bo3)", "players": ["Holixs", "JordiEncabo"], "rating": null, "private": 0, "password": null}, {"uploadtime": 1743266895, "id": "gen9vgc2025reggbo3-2330688232", "format": "[Gen 9] VGC 2025 Reg G (Bo3)", "players": ["LaxoVGC", "Junseville"], "rating": null, "private": 0, "password": null}, {"uploadtime": 1743266834, "id": "gen9vgc2025reggbo3-2330687122", "format": "[Gen 9] VGC 2025 Reg G (Bo3)", "players": ["bodega8", "Jzvictini"], "rating": null, "private": 0, "password": null}, {"uploadtime": 1743266833, "id": "gen9vgc2025reggbo3-2330687497", "format": "[Gen 9] VGC 2025 Reg G (Bo3)", "players": ["No.Name.Th", "road to atlanta"], "rating": null, "private": 0, "password": null}, {"uploadtime": 1743266833, "id": "gen9vgc2025reggbo3-2330682151", "format": "[Gen 9] VGC 2025 Reg G (Bo3)", "players": ["Afonsho", "Scemo34"], "rating": null, "private": 0, "password": null}, {"uploadtime": 1743266694, "id": "gen9vgc2025reggbo3-2330685921", "format": "[Gen 9] VGC 2025 Reg G (Bo3)", "players": ["LaTentacion", "TheMochiMan"], "rating": null, "private": 0, "password": null}, {"uploadtime": 1743266603, "id": "gen9vgc2025reggbo3-2330685674", "format": "[Gen 9] VGC 2025 Reg G (Bo3)", "players": ["apex lel", "D-scNSe"], "rating": 1189, "private": 0, "password": null}, {"uploadtime": 1743266498, "id": "gen9vgc2025reggbo3-2330686756", "format": "[Gen 9] VGC 2025 Reg G (Bo3)", "players": ["Akalaman", "Junseville"], "rating": 1229, "private": 0, "password": null}, {"uploadtime": 1743266415, "id": "gen9vgc2025reggbo3-2330684066", "format": "[Gen 9] VGC 2025 Reg G (Bo3)", "players": ["BTK9696", "GaMeronFIRE"], "rating": null, "private": 0, "password": null}, {"uploadtime": 1743266415, "id": "gen9vgc2025reggbo3-2330683482", "format": "[Gen 9] VGC 2025 Reg G (Bo3)", "players": ["LaTentacion", "TheMochiMan"], "rating": null, "private": 0, "password": null}, {"uploadtime": 1743266359, "id": "gen9vgc2025reggbo3-2330685616", "format": "[Gen 9] VGC 2025 Reg G (Bo3)", "players": ["Akalaman", "Junseville"], "rating": null, "private": 0, "password": null}, {"uploadtime": 1743266276, "id": "gen9vgc2025reggbo3-2330682553", "format": "[Gen 9] VGC 2025 Reg G (Bo3)", "players": ["iomismosoyio", "darwinrgpro"], "rating": null, "private": 0, "password": null}, {"uploadtime": 1743266276, "id": "gen9vgc2025reggbo3-2330682478", "format": "[Gen 9] VGC 2025 Reg G (Bo3)", "players": ["ShadowJohny", "ccbb22"], "rating": null, "private": 0, "password": null}, {"uploadtime": 1743266276, "id": "gen9vgc2025reggbo3-2330681152", "format": "[Gen 9] VGC 2025 Reg G (Bo3)", "players": ["br1jxp", "jamirolol"], "rating": null, "private": 0, "password": null}, {"uploadtime": 1743266241, "id": "gen9vgc2025reggbo3-2330683099", "format": "[Gen 9] VGC 2025 Reg G (Bo3)", "players": ["apex lel", "D-scNSe"], "rating": null, "private": 0, "password": null}, {"uploadtime": 1743266239, "id": "gen9vgc2025reggbo3-2330683006", "format": "[Gen 9] VGC 2025 Reg G (Bo3)", "players": ["Akalaman", "Junseville"], "rating": null, "private": 0, "password": null}, {"uploadtime": 1743266135, "id": "gen9vgc2025reggbo3-2330680543", "format": "[Gen 9] VGC 2025 Reg G (Bo3)", "players": ["iomismosoyio", "darwinrgpro"], "rating": null, "private": 0, "password": null}, {"uploadtime": 1743265965, "id": "gen9vgc2025reggbo3-2330678762", "format": "[Gen 9] VGC 2025 Reg G (Bo3)", "players": ["apex lel", "D-scNSe"], "rating": null, "private": 0, "password": null}, {"uploadtime": 1743265857, "id": "gen9vgc2025reggbo3-2330679123", "format": "[Gen 9] VGC 2025 Reg G (Bo3)", "players": ["Holixs", "winner9630"], "rating": null, "private": 0, "password": null}, {"uploadtime": 1743265856, "id": "gen9vgc2025reggbo3-2330678470", "format": "[Gen 9] VGC 2025 Reg G (Bo3)", "players": ["wopenheimer alt", "road to atlanta"], "rating": null, "private": 0, "password": null}, {"uploadtime": 1743265717, "id": "gen9vgc2025reggbo3-2330677559", "format": "[Gen 9] VGC 2025 Reg G (Bo3)", "players": ["goodfish6211", "mikemoon11"], "rating": null, "private": 0, "password": null}, {"uploadtime": 1743265717, "id": "gen9vgc2025reggbo3-2330676533", "format": "[Gen 9] VGC 2025 Reg G (Bo3)", "players": ["Batmanshhh1", "zeyn-299"], "rating": null, "private": 0, "password": null}, {"uploadtime": 1743265577, "id": "gen9vgc2025reggbo3-2330675322", "format": "[Gen 9] VGC 2025 Reg G (Bo3)", "players": ["LaxoVGC", "dgc1605"], "rating": null, "private": 0, "password": null}, {"uploadtime": 1743265577, "id": "gen9vgc2025reggbo3-2330675064", "format": "[Gen 9] VGC 2025 Reg G (Bo3)", "players": ["Rossificture", "weebcreature"], "rating": null, "private": 0, "password": null}, {"uploadtime": 1743265577, "id": "gen9vgc2025reggbo3-2330674958", "format": "[Gen 9] VGC 2025 Reg G (Bo3)", "players": ["Tinman1025", "josh4president"], "rating": null, "private": 0, "password": null}, {"uploadtime": 1743265577, "id": "gen9vgc2025reggbo3-2330670618", "format": "[Gen 9] VGC 2025 Reg G (Bo3)", "players": ["Dappsen", "joni1404"], "rating": null, "private": 0, "password": null}, {"uploadtime": 1743265566, "id": "gen9vgc2025reggbo3-2330676206", "format": "[Gen 9] VGC 2025 Reg G (Bo3)", "players": ["jchase42", "Hactor-gv128"], "rating": 1096, "private": 0, "password": null}, {"uploadtime": 1743265547, "id": "gen9vgc2025reggbo3-2330674265", "format": "[Gen 9] VGC 2025 Reg G (Bo3)", "players": ["jchase42", "Hactor-gv128"], "rating": null, "private": 0, "password": null}, {"uploadtime": 1743265511, "id": "gen9vgc2025reggbo3-2330677222", "format": "[Gen 9] VGC 2025 Reg G (Bo3)", "players": ["Deharo94vgc", "Dryynvgc"], "rating": 1176, "private": 0, "password": null}, {"uploadtime": 1743265438, "id": "gen9vgc2025reggbo3-2330674657", "format": "[Gen 9] VGC 2025 Reg G (Bo3)", "players": ["apex lel", "K1rbyChaos"], "rating": null, "private": 0, "password": null}, {"uploadtime": 1743265438, "id": "gen9vgc2025reggbo3-2330671488", "format": "[Gen 9] VGC 2025 Reg G (Bo3)", "players": ["elvegis1", "mattderu5784"], "rating": null, "private": 0, "password": null}, {"uploadtime": 1743265299, "id": "gen9vgc2025reggbo3-2330669980", "format": "[Gen 9] VGC 2025 Reg G (Bo3)", "players": ["Tinman1025", "josh4president"], "rating": null, "private": 0, "password": null}, {"uploadtime": 1743265159, "id": "gen9vgc2025reggbo3-2330672516", "format": "[Gen 9] VGC 2025 Reg G (Bo3)", "players": ["wopenheimer alt", "vicburgos"], "rating": null, "private": 0, "password": null}, {"uploadtime": 1743265019, "id": "gen9vgc2025reggbo3-2330670408", "format": "[Gen 9] VGC 2025 Reg G (Bo3)", "players": ["VoiSimp", "MultiStormChi"], "rating": null, "private": 0, "password": null}, {"uploadtime": 1743264961, "id": "gen9vgc2025reggbo3-2330670283", "format": "[Gen 9] VGC 2025 Reg G (Bo3)", "players": ["Aska IV", "dfjkhbf"], "rating": null, "private": 0, "password": null}, {"uploadtime": 1743264958, "id": "gen9vgc2025reggbo3-2330667490", "format": "[Gen 9] VGC 2025 Reg G (Bo3)", "players": ["Aska IV", "dfjkhbf"], "rating": null, "private": 0, "password": null}, {"uploadtime": 1743264880, "id": "gen9vgc2025reggbo3-2330669659", "format": "[Gen 9] VGC 2025 Reg G (Bo3)", "players": ["zjk19", "LaTentacion"], "rating": null, "private": 0, "password": null}, {"uploadtime": 1743264880, "id": "gen9vgc2025reggbo3-2330669432", "format": "[Gen 9] VGC 2025 Reg G (Bo3)", "players": ["Dappsen", "BTK9696"], "rating": 1117, "private": 0, "password": null}, {"uploadtime": 1743264880, "id": "gen9vgc2025reggbo3-2330669415", "format": "[Gen 9] VGC 2025 Reg G (Bo3)", "players": ["Jzvictini", "Snorlaxpikachu1"], "rating": null, "private": 0, "password": null}, {"uploadtime": 1743264741, "id": "gen9vgc2025reggbo3-2330668711", "format": "[Gen 9] VGC 2025 Reg G (Bo3)", "players": ["glizzytoter", "diego 4731"], "rating": 1112, "private": 0, "password": null}, {"uploadtime": 1743264741, "id": "gen9vgc2025reggbo3-2330667752", "format": "[Gen 9] VGC 2025 Reg G (Bo3)", "players": ["Matyel2030", "dikvandijk"], "rating": null, "private": 0, "password": null}, {"uploadtime": 1743264741, "id": "gen9vgc2025reggbo3-2330667345", "format": "[Gen 9] VGC 2025 Reg G (Bo3)", "players": ["RamenOuO", "onya nurve"], "rating": null, "private": 0, "password": null}, {"uploadtime": 1743264741, "id": "gen9vgc2025reggbo3-2330666638", "format": "[Gen 9] VGC 2025 Reg G (Bo3)", "players": ["Asisvz12", "casperition1"], "rating": 1189, "private": 0, "password": null}, {"uploadtime": 1743264691, "id": "gen9vgc2025reggbo3-2330668359", "format": "[Gen 9] VGC 2025 Reg G (Bo3)", "players": ["Orange_tier", "pwendolyn"], "rating": null, "private": 0, "password": null}, {"uploadtime": 1743264621, "id": "gen9vgc2025reggbo3-2330666436", "format": "[Gen 9] VGC 2025 Reg G (Bo3)", "players": ["goodterminator", "RticT"], "rating": null, "private": 0, "password": null}, {"uploadtime": 1743264601, "id": "gen9vgc2025reggbo3-2330667497", "format": "[Gen 9] VGC 2025 Reg G (Bo3)", "players": ["JammVGC", "Snacqk"], "rating": 1354, "private": 0, "password": null}, {"uploadtime": 1743264601, "id": "gen9vgc2025reggbo3-2330666498", "format": "[Gen 9] VGC 2025 Reg G (Bo3)", "players": ["noya shiba", "jamirolol"], "rating": null, "private": 0, "password": null}, {"uploadtime": 1743264601, "id": "gen9vgc2025reggbo3-2330665021", "format": "[Gen 9] VGC 2025 Reg G (Bo3)", "players": ["Matyel2030", "dikvandijk"], "rating": null, "private": 0, "password": null}, {"uploadtime": 1743264601, "id": "gen9vgc2025reggbo3-2330664694", "format": "[Gen 9] VGC 2025 Reg G (Bo3)", "players": ["Frozen Miind", "gyaradostyranitar"], "rating": null, "private": 0, "password": null}]