[{"uploadtime": 1743354550, "id": "gen9vgc2025reggbo3-2331352489", "format": "[Gen 9] VGC 2025 Reg G (Bo3)", "players": ["GlickWithAGlock", "Isthisreallifeman"], "rating": null, "private": 0, "password": null}, {"uploadtime": 1743354535, "id": "gen9vgc2025reggbo3-2331353452", "format": "[Gen 9] VGC 2025 Reg G (Bo3)", "players": ["otransmontano", "BluBBluBBer"], "rating": 1157, "private": 0, "password": null}, {"uploadtime": 1743354535, "id": "gen9vgc2025reggbo3-2331352455", "format": "[Gen 9] VGC 2025 Reg G (Bo3)", "players": ["bobbert3rd", "Risquin"], "rating": 1079, "private": 0, "password": null}, {"uploadtime": 1743354428, "id": "gen9vgc2025reggbo3-2331353980", "format": "[Gen 9] VGC 2025 Reg G (Bo3)", "players": ["TALD56", "pixelfx"], "rating": 1263, "private": 0, "password": null}, {"uploadtime": 1743354426, "id": "gen9vgc2025reggbo3-2331349259", "format": "[Gen 9] VGC 2025 Reg G (Bo3)", "players": ["Arabel_VAL", "The_OxAlChemist"], "rating": null, "private": 0, "password": null}, {"uploadtime": 1743354397, "id": "gen9vgc2025reggbo3-2331352219", "format": "[Gen 9] VGC 2025 Reg G (Bo3)", "players": ["alxkdkdc", "Divyansh Sharma"], "rating": null, "private": 0, "password": null}, {"uploadtime": 1743354397, "id": "gen9vgc2025reggbo3-2331351878", "format": "[Gen 9] VGC 2025 Reg G (Bo3)", "players": ["Chequis", "Rudunbo"], "rating": 1002, "private": 0, "password": null}, {"uploadtime": 1743354397, "id": "gen9vgc2025reggbo3-2331349192", "format": "[Gen 9] VGC 2025 Reg G (Bo3)", "players": ["Ziik", "Lkeeeee"], "rating": null, "private": 0, "password": null}, {"uploadtime": 1743354397, "id": "gen9vgc2025reggbo3-2331348188", "format": "[Gen 9] VGC 2025 Reg G (Bo3)", "players": ["Skoolzon3", "pitermax"], "rating": null, "private": 0, "password": null}, {"uploadtime": 1743354368, "id": "gen9vgc2025reggbo3-2331352958", "format": "[Gen 9] VGC 2025 Reg G (Bo3)", "players": ["hermit5", "Tpshame"], "rating": null, "private": 0, "password": null}, {"uploadtime": 1743354281, "id": "gen9vgc2025reggbo3-2331352926", "format": "[Gen 9] VGC 2025 Reg G (Bo3)", "players": ["Shirteasy22", "bvg2"], "rating": 1190, "private": 0, "password": null}, {"uploadtime": 1743354271, "id": "gen9vgc2025reggbo3-2331349980", "format": "[Gen 9] VGC 2025 Reg G (Bo3)", "players": ["Shirteasy22", "bvg2"], "rating": null, "private": 0, "password": null}, {"uploadtime": 1743354259, "id": "gen9vgc2025reggbo3-2331350132", "format": "[Gen 9] VGC 2025 Reg G (Bo3)", "players": ["Cresstothetop", "boom246"], "rating": null, "private": 0, "password": null}, {"uploadtime": 1743354259, "id": "gen9vgc2025reggbo3-2331349969", "format": "[Gen 9] VGC 2025 Reg G (Bo3)", "players": ["bobbert3rd", "Risquin"], "rating": null, "private": 0, "password": null}, {"uploadtime": 1743354254, "id": "gen9vgc2025reggbo3-2331351427", "format": "[Gen 9] VGC 2025 Reg G (Bo3)", "players": ["TALD56", "pixelfx"], "rating": null, "private": 0, "password": null}, {"uploadtime": 1743354206, "id": "gen9vgc2025reggbo3-2331350337", "format": "[Gen 9] VGC 2025 Reg G (Bo3)", "players": ["rodjilius", "Frozen Miind"], "rating": 1316, "private": 0, "password": null}, {"uploadtime": 1743354181, "id": "gen9vgc2025reggbo3-2331347906", "format": "[Gen 9] VGC 2025 Reg G (Bo3)", "players": ["rodjilius", "Frozen Miind"], "rating": null, "private": 0, "password": null}, {"uploadtime": 1743354121, "id": "gen9vgc2025reggbo3-2331350035", "format": "[Gen 9] VGC 2025 Reg G (Bo3)", "players": ["JordiEncabo", "Divyansh Sharma"], "rating": null, "private": 0, "password": null}, {"uploadtime": 1743354121, "id": "gen9vgc2025reggbo3-2331349335", "format": "[Gen 9] VGC 2025 Reg G (Bo3)", "players": ["rodjilius", "Frozen Miind"], "rating": null, "private": 0, "password": null}, {"uploadtime": 1743354121, "id": "gen9vgc2025reggbo3-2331346752", "format": "[Gen 9] VGC 2025 Reg G (Bo3)", "players": ["Rudunbo", "IceCreamTail"], "rating": null, "private": 0, "password": null}, {"uploadtime": 1743354106, "id": "gen9vgc2025reggbo3-2331346961", "format": "[Gen 9] VGC 2025 Reg G (Bo3)", "players": ["rodjilius", "MarTekk"], "rating": 1168, "private": 0, "password": null}, {"uploadtime": 1743354096, "id": "gen9vgc2025reggbo3-2331345122", "format": "[Gen 9] VGC 2025 Reg G (Bo3)", "players": ["rodjilius", "MarTekk"], "rating": null, "private": 0, "password": null}, {"uploadtime": 1743354064, "id": "gen9vgc2025reggbo3-2331347452", "format": "[Gen 9] VGC 2025 Reg G (Bo3)", "players": ["Bytor19", "cuajerones"], "rating": null, "private": 0, "password": null}, {"uploadtime": 1743353927, "id": "gen9vgc2025reggbo3-2331348956", "format": "[Gen 9] VGC 2025 Reg G (Bo3)", "players": ["Dball_Games", "ferrarisbestfriend"], "rating": 1226, "private": 0, "password": null}, {"uploadtime": 1743353827, "id": "gen9vgc2025reggbo3-2331347285", "format": "[Gen 9] VGC 2025 Reg G (Bo3)", "players": ["Wilkeyyy", "Shirteasy22"], "rating": 1051, "private": 0, "password": null}, {"uploadtime": 1743353725, "id": "gen9vgc2025reggbo3-2331346745", "format": "[Gen 9] VGC 2025 Reg G (Bo3)", "players": ["Dball_Games", "ferrarisbestfriend"], "rating": null, "private": 0, "password": null}, {"uploadtime": 1743353707, "id": "gen9vgc2025reggbo3-2331344624", "format": "[Gen 9] VGC 2025 Reg G (Bo3)", "players": ["Muttonhead", "ldhc22"], "rating": null, "private": 0, "password": null}, {"uploadtime": 1743353568, "id": "gen9vgc2025reggbo3-2331343401", "format": "[Gen 9] VGC 2025 Reg G (Bo3)", "players": ["zeyn-299", "MorangoTango"], "rating": null, "private": 0, "password": null}, {"uploadtime": 1743353568, "id": "gen9vgc2025reggbo3-2331342509", "format": "[Gen 9] VGC 2025 Reg G (Bo3)", "players": ["i am saksham", "powerfulbuild"], "rating": null, "private": 0, "password": null}, {"uploadtime": 1743353567, "id": "gen9vgc2025reggbo3-2331340841", "format": "[Gen 9] VGC 2025 Reg G (Bo3)", "players": ["Bytor19", "cuajerones"], "rating": null, "private": 0, "password": null}, {"uploadtime": 1743353495, "id": "gen9vgc2025reggbo3-2331343977", "format": "[Gen 9] VGC 2025 Reg G (Bo3)", "players": ["Dball_Games", "ferrarisbestfriend"], "rating": null, "private": 0, "password": null}, {"uploadtime": 1743353430, "id": "gen9vgc2025reggbo3-2331343201", "format": "[Gen 9] VGC 2025 Reg G (Bo3)", "players": ["BluBBluBBer", "vicburgos"], "rating": null, "private": 0, "password": null}, {"uploadtime": 1743353430, "id": "gen9vgc2025reggbo3-2331342900", "format": "[Gen 9] VGC 2025 Reg G (Bo3)", "players": ["Ttotheaylor", "gengar13o"], "rating": null, "private": 0, "password": null}, {"uploadtime": 1743353430, "id": "gen9vgc2025reggbo3-2331341057", "format": "[Gen 9] VGC 2025 Reg G (Bo3)", "players": ["Snarf6969", "Cresstothetop"], "rating": null, "private": 0, "password": null}, {"uploadtime": 1743353292, "id": "gen9vgc2025reggbo3-2331341368", "format": "[Gen 9] VGC 2025 Reg G (Bo3)", "players": ["terapagossing", "GoobisLoobisToobis"], "rating": null, "private": 0, "password": null}, {"uploadtime": 1743353292, "id": "gen9vgc2025reggbo3-2331339749", "format": "[Gen 9] VGC 2025 Reg G (Bo3)", "players": ["bobovile", "yeskifranco"], "rating": null, "private": 0, "password": null}, {"uploadtime": 1743353292, "id": "gen9vgc2025reggbo3-2331339706", "format": "[Gen 9] VGC 2025 Reg G (Bo3)", "players": ["twavewhimsicott", "bassplayer33952"], "rating": null, "private": 0, "password": null}, {"uploadtime": 1743353178, "id": "gen9vgc2025reggbo3-2331340847", "format": "[Gen 9] VGC 2025 Reg G (Bo3)", "players": ["Carapitengo", "Mongoos19"], "rating": 1224, "private": 0, "password": null}, {"uploadtime": 1743353167, "id": "gen9vgc2025reggbo3-2331338337", "format": "[Gen 9] VGC 2025 Reg G (Bo3)", "players": ["Carapitengo", "Mongoos19"], "rating": null, "private": 0, "password": null}, {"uploadtime": 1743353154, "id": "gen9vgc2025reggbo3-2331339196", "format": "[Gen 9] VGC 2025 Reg G (Bo3)", "players": ["pychul23", "IceCreamTail"], "rating": null, "private": 0, "password": null}, {"uploadtime": 1743353154, "id": "gen9vgc2025reggbo3-2331338600", "format": "[Gen 9] VGC 2025 Reg G (Bo3)", "players": ["XtremeSkillz22", "gengar13o"], "rating": null, "private": 0, "password": null}, {"uploadtime": 1743353035, "id": "gen9vgc2025reggbo3-2331340827", "format": "[Gen 9] VGC 2025 Reg G (Bo3)", "players": ["ido1234567890", "ferrarisbestfriend"], "rating": 1160, "private": 0, "password": null}, {"uploadtime": 1743353015, "id": "gen9vgc2025reggbo3-2331338368", "format": "[Gen 9] VGC 2025 Reg G (Bo3)", "players": ["BundleUpItsCold", "SQLdeveloper"], "rating": null, "private": 0, "password": null}, {"uploadtime": 1743353015, "id": "gen9vgc2025reggbo3-2331338231", "format": "[Gen 9] VGC 2025 Reg G (Bo3)", "players": ["HLS_Filipe", "DaniAragon"], "rating": null, "private": 0, "password": null}, {"uploadtime": 1743353015, "id": "gen9vgc2025reggbo3-2331336783", "format": "[Gen 9] VGC 2025 Reg G (Bo3)", "players": ["Thegr8joni", "Frozen Miind"], "rating": null, "private": 0, "password": null}, {"uploadtime": 1743353003, "id": "gen9vgc2025reggbo3-2331340290", "format": "[Gen 9] VGC 2025 Reg G (Bo3)", "players": ["mxm68", "nazunabpd"], "rating": 1000, "private": 0, "password": null}, {"uploadtime": 1743352921, "id": "gen9vgc2025reggbo3-2331338845", "format": "[Gen 9] VGC 2025 Reg G (Bo3)", "players": ["Schmalzbrot", "Flopi667"], "rating": null, "private": 0, "password": null}, {"uploadtime": 1743352877, "id": "gen9vgc2025reggbo3-2331337144", "format": "[Gen 9] VGC 2025 Reg G (Bo3)", "players": ["Goodwyn", "Placidbee"], "rating": null, "private": 0, "password": null}, {"uploadtime": 1743352876, "id": "gen9vgc2025reggbo3-2331339411", "format": "[Gen 9] VGC 2025 Reg G (Bo3)", "players": ["ido1234567890", "ferrarisbestfriend"], "rating": null, "private": 0, "password": null}, {"uploadtime": 1743352739, "id": "gen9vgc2025reggbo3-2331335911", "format": "[Gen 9] VGC 2025 Reg G (Bo3)", "players": ["BundleUpItsCold", "SQLdeveloper"], "rating": null, "private": 0, "password": null}, {"uploadtime": 1743352739, "id": "gen9vgc2025reggbo3-2331335868", "format": "[Gen 9] VGC 2025 Reg G (Bo3)", "players": ["PAT_3rt", "elziko"], "rating": null, "private": 0, "password": null}]