[{"uploadtime": 1743276746, "id": "gen9vgc2025reggbo3-2330771842", "format": "[Gen 9] VGC 2025 Reg G (Bo3)", "players": ["Prof.Qrow", "luxray2029"], "rating": 1082, "private": 0, "password": null}, {"uploadtime": 1743276740, "id": "gen9vgc2025reggbo3-2330782373", "format": "[Gen 9] VGC 2025 Reg G (Bo3)", "players": ["Staryu97", "HelhiemFiend"], "rating": null, "private": 0, "password": null}, {"uploadtime": 1743276740, "id": "gen9vgc2025reggbo3-2330781567", "format": "[Gen 9] VGC 2025 Reg G (Bo3)", "players": ["synekkkkk", "viatles"], "rating": null, "private": 0, "password": null}, {"uploadtime": 1743276739, "id": "gen9vgc2025reggbo3-2330781987", "format": "[Gen 9] VGC 2025 Reg G (Bo3)", "players": ["TheGreenTotoro", "CandleBlue"], "rating": null, "private": 0, "password": null}, {"uploadtime": 1743276685, "id": "gen9vgc2025reggbo3-2330775954", "format": "[Gen 9] VGC 2025 Reg G (Bo3)", "players": ["MagFusktest", "calvinbbc"], "rating": null, "private": 0, "password": null}, {"uploadtime": 1743276681, "id": "gen9vgc2025reggbo3-2330784118", "format": "[Gen 9] VGC 2025 Reg G (Bo3)", "players": ["Etrale", "bignatedogg"], "rating": 1295, "private": 0, "password": null}, {"uploadtime": 1743276675, "id": "gen9vgc2025reggbo3-2330782809", "format": "[Gen 9] VGC 2025 Reg G (Bo3)", "players": ["Etrale", "bignatedogg"], "rating": null, "private": 0, "password": null}, {"uploadtime": 1743276600, "id": "gen9vgc2025reggbo3-2330780824", "format": "[Gen 9] VGC 2025 Reg G (Bo3)", "players": ["ccgang", "manpeace1"], "rating": null, "private": 0, "password": null}, {"uploadtime": 1743276600, "id": "gen9vgc2025reggbo3-2330780457", "format": "[Gen 9] VGC 2025 Reg G (Bo3)", "players": ["fakexanax", "bartei"], "rating": null, "private": 0, "password": null}, {"uploadtime": 1743276600, "id": "gen9vgc2025reggbo3-2330780321", "format": "[Gen 9] VGC 2025 Reg G (Bo3)", "players": ["pf8888", "dakotaviolence_"], "rating": null, "private": 0, "password": null}, {"uploadtime": 1743276494, "id": "gen9vgc2025reggbo3-2330780914", "format": "[Gen 9] VGC 2025 Reg G (Bo3)", "players": ["Etrale", "bignatedogg"], "rating": null, "private": 0, "password": null}, {"uploadtime": 1743276415, "id": "gen9vgc2025reggbo3-2330770657", "format": "[Gen 9] VGC 2025 Reg G (Bo3)", "players": ["MagFusktest", "calvinbbc"], "rating": null, "private": 0, "password": null}, {"uploadtime": 1743276181, "id": "gen9vgc2025reggbo3-2330778355", "format": "[Gen 9] VGC 2025 Reg G (Bo3)", "players": ["y-rocko", "PyroPaquette"], "rating": 1093, "private": 0, "password": null}, {"uploadtime": 1743276181, "id": "gen9vgc2025reggbo3-2330777296", "format": "[Gen 9] VGC 2025 Reg G (Bo3)", "players": ["cancreatic", "CandleBlue"], "rating": null, "private": 0, "password": null}, {"uploadtime": 1743276181, "id": "gen9vgc2025reggbo3-2330776956", "format": "[Gen 9] VGC 2025 Reg G (Bo3)", "players": ["FlareFromEs", "catastrophiVGC"], "rating": null, "private": 0, "password": null}, {"uploadtime": 1743276042, "id": "gen9vgc2025reggbo3-2330776397", "format": "[Gen 9] VGC 2025 Reg G (Bo3)", "players": ["D8finest", "bignatedogg"], "rating": null, "private": 0, "password": null}, {"uploadtime": 1743276042, "id": "gen9vgc2025reggbo3-2330776213", "format": "[Gen 9] VGC 2025 Reg G (Bo3)", "players": ["ultraclaw1", "viatles"], "rating": null, "private": 0, "password": null}, {"uploadtime": 1743276042, "id": "gen9vgc2025reggbo3-2330775333", "format": "[Gen 9] VGC 2025 Reg G (Bo3)", "players": ["dakotaviolence_", "bartei"], "rating": null, "private": 0, "password": null}, {"uploadtime": 1743276009, "id": "gen9vgc2025reggbo3-2330777461", "format": "[Gen 9] VGC 2025 Reg G (Bo3)", "players": ["saperoko10", "Alexid"], "rating": null, "private": 0, "password": null}, {"uploadtime": 1743275991, "id": "gen9vgc2025reggbo3-2330777780", "format": "[Gen 9] VGC 2025 Reg G (Bo3)", "players": ["William_Guidi_98", "D-scNSe"], "rating": 1234, "private": 0, "password": null}, {"uploadtime": 1743275901, "id": "gen9vgc2025reggbo3-2330775428", "format": "[Gen 9] VGC 2025 Reg G (Bo3)", "players": ["sille rovert", "stockholmovist"], "rating": null, "private": 0, "password": null}, {"uploadtime": 1743275795, "id": "gen9vgc2025reggbo3-2330775887", "format": "[Gen 9] VGC 2025 Reg G (Bo3)", "players": ["William_Guidi_98", "D-scNSe"], "rating": null, "private": 0, "password": null}, {"uploadtime": 1743275762, "id": "gen9vgc2025reggbo3-2330774179", "format": "[Gen 9] VGC 2025 Reg G (Bo3)", "players": ["sille rovert", "stockholmovist"], "rating": null, "private": 0, "password": null}, {"uploadtime": 1743275762, "id": "gen9vgc2025reggbo3-2330773204", "format": "[Gen 9] VGC 2025 Reg G (Bo3)", "players": ["dakotaviolence_", "i am saksham"], "rating": 1304, "private": 0, "password": null}, {"uploadtime": 1743275622, "id": "gen9vgc2025reggbo3-2330772737", "format": "[Gen 9] VGC 2025 Reg G (Bo3)", "players": ["Millicay", "PyroPaquette"], "rating": null, "private": 0, "password": null}, {"uploadtime": 1743275622, "id": "gen9vgc2025reggbo3-2330771596", "format": "[Gen 9] VGC 2025 Reg G (Bo3)", "players": ["bvg2", "wenas noches 2"], "rating": null, "private": 0, "password": null}, {"uploadtime": 1743275622, "id": "gen9vgc2025reggbo3-2330768980", "format": "[Gen 9] VGC 2025 Reg G (Bo3)", "players": ["Ozze7", "hgyguktciykudodf"], "rating": null, "private": 0, "password": null}, {"uploadtime": 1743275570, "id": "gen9vgc2025reggbo3-2330773507", "format": "[Gen 9] VGC 2025 Reg G (Bo3)", "players": ["pokesita", "D-scNSe"], "rating": 1148, "private": 0, "password": null}, {"uploadtime": 1743275554, "id": "smogtours-gen9vgc2025reggbo3-828110", "format": "[Gen 9] VGC 2025 Reg G (Bo3)", "players": ["volcaronavgc", "Jesuuuus"], "rating": null, "private": 0, "password": null}, {"uploadtime": 1743275479, "id": "gen9vgc2025reggbo3-2330772782", "format": "[Gen 9] VGC 2025 Reg G (Bo3)", "players": ["Etrale", "Bolt-Beam Studios"], "rating": 1181, "private": 0, "password": null}, {"uploadtime": 1743275472, "id": "gen9vgc2025reggbo3-2330770987", "format": "[Gen 9] VGC 2025 Reg G (Bo3)", "players": ["Etrale", "Bolt-Beam Studios"], "rating": null, "private": 0, "password": null}, {"uploadtime": 1743275460, "id": "gen9vgc2025reggbo3-2330768951", "format": "[Gen 9] VGC 2025 Reg G (Bo3)", "players": ["Etrale", "Bolt-Beam Studios"], "rating": null, "private": 0, "password": null}, {"uploadtime": 1743275353, "id": "gen9vgc2025reggbo3-2330770200", "format": "[Gen 9] VGC 2025 Reg G (Bo3)", "players": ["pokesita", "D-scNSe"], "rating": null, "private": 0, "password": null}, {"uploadtime": 1743275341, "id": "gen9vgc2025reggbo3-2330770013", "format": "[Gen 9] VGC 2025 Reg G (Bo3)", "players": ["bignatedogg", "bigj009"], "rating": null, "private": 0, "password": null}, {"uploadtime": 1743275341, "id": "gen9vgc2025reggbo3-2330768640", "format": "[Gen 9] VGC 2025 Reg G (Bo3)", "players": ["bvg2", "wenas noches 2"], "rating": null, "private": 0, "password": null}, {"uploadtime": 1743275315, "id": "gen9vgc2025reggbo3-2330771007", "format": "[Gen 9] VGC 2025 Reg G (Bo3)", "players": ["Kemp1412", "Braute"], "rating": 1159, "private": 0, "password": null}, {"uploadtime": 1743275307, "id": "gen9vgc2025reggbo3-2330769403", "format": "[Gen 9] VGC 2025 Reg G (Bo3)", "players": ["Kemp1412", "Braute"], "rating": null, "private": 0, "password": null}, {"uploadtime": 1743275202, "id": "gen9vgc2025reggbo3-2330768257", "format": "[Gen 9] VGC 2025 Reg G (Bo3)", "players": ["blerglarg", "KaseyQ"], "rating": null, "private": 0, "password": null}, {"uploadtime": 1743275202, "id": "gen9vgc2025reggbo3-2330768111", "format": "[Gen 9] VGC 2025 Reg G (Bo3)", "players": ["bignatedogg", "bigj009"], "rating": null, "private": 0, "password": null}, {"uploadtime": 1743275182, "id": "smogtours-gen9vgc2025reggbo3-828105", "format": "[Gen 9] VGC 2025 Reg G (Bo3)", "players": ["volcaronavgc", "Jesuuuus"], "rating": null, "private": 0, "password": null}, {"uploadtime": 1743275169, "id": "gen9vgc2025reggbo3-2330768385", "format": "[Gen 9] VGC 2025 Reg G (Bo3)", "players": ["TheParasectKing", "pichu1940"], "rating": null, "private": 0, "password": null}, {"uploadtime": 1743275154, "id": "gen9vgc2025reggbo3-2330770352", "format": "[Gen 9] VGC 2025 Reg G (Bo3)", "players": ["TheParasectKing", "pichu1940"], "rating": 1194, "private": 0, "password": null}, {"uploadtime": 1743275062, "id": "gen9vgc2025reggbo3-2330767230", "format": "[Gen 9] VGC 2025 Reg G (Bo3)", "players": ["Kemp1412", "Braute"], "rating": null, "private": 0, "password": null}, {"uploadtime": 1743275062, "id": "gen9vgc2025reggbo3-2330766970", "format": "[Gen 9] VGC 2025 Reg G (Bo3)", "players": ["Zady11", "Googie06"], "rating": null, "private": 0, "password": null}, {"uploadtime": 1743275062, "id": "gen9vgc2025reggbo3-2330765214", "format": "[Gen 9] VGC 2025 Reg G (Bo3)", "players": ["onxlaughtvgc", "doung yolph"], "rating": null, "private": 0, "password": null}, {"uploadtime": 1743275062, "id": "gen9vgc2025reggbo3-2330764163", "format": "[Gen 9] VGC 2025 Reg G (Bo3)", "players": ["Vylerean", "dakotaviolence_"], "rating": 1243, "private": 0, "password": null}, {"uploadtime": 1743274923, "id": "gen9vgc2025reggbo3-2330765486", "format": "[Gen 9] VGC 2025 Reg G (Bo3)", "players": ["marcgope", "icarocastroo"], "rating": null, "private": 0, "password": null}, {"uploadtime": 1743274783, "id": "gen9vgc2025reggbo3-2330764766", "format": "[Gen 9] VGC 2025 Reg G (Bo3)", "players": ["ccgang", "manpeace1"], "rating": null, "private": 0, "password": null}, {"uploadtime": 1743274644, "id": "gen9vgc2025reggbo3-2330763209", "format": "[Gen 9] VGC 2025 Reg G (Bo3)", "players": ["Millicay", "hgyguktciykudodf"], "rating": null, "private": 0, "password": null}, {"uploadtime": 1743274643, "id": "gen9vgc2025reggbo3-2330764028", "format": "[Gen 9] VGC 2025 Reg G (Bo3)", "players": ["CuboX11n", "Etrale"], "rating": null, "private": 0, "password": null}, {"uploadtime": 1743274643, "id": "gen9vgc2025reggbo3-2330761427", "format": "[Gen 9] VGC 2025 Reg G (Bo3)", "players": ["pallino748", "dieghiii"], "rating": null, "private": 0, "password": null}]