[{"uploadtime": 1743386734, "id": "gen9vgc2025reggbo3-2331666651", "format": "[Gen 9] VGC 2025 Reg G (Bo3)", "players": ["bigwill606", "SwiftSteps"], "rating": null, "private": 0, "password": null}, {"uploadtime": 1743386673, "id": "gen9vgc2025reggbo3-2331663816", "format": "[Gen 9] VGC 2025 Reg G (Bo3)", "players": ["bigwill606", "SwiftSteps"], "rating": null, "private": 0, "password": null}, {"uploadtime": 1743385942, "id": "gen9vgc2025reggbo3-2331660409", "format": "[Gen 9] VGC 2025 Reg G (Bo3)", "players": ["Galisto", "caterleigh"], "rating": 1174, "private": 0, "password": null}, {"uploadtime": 1743385661, "id": "gen9vgc2025reggbo3-2331657290", "format": "[Gen 9] VGC 2025 Reg G (Bo3)", "players": ["BItalio", "tmg_vibin"], "rating": 1084, "private": 0, "password": null}, {"uploadtime": 1743385394, "id": "gen9vgc2025reggbo3-2331652786", "format": "[Gen 9] VGC 2025 Reg G (Bo3)", "players": ["RagnaC", "UnviaEther"], "rating": null, "private": 0, "password": null}, {"uploadtime": 1743385389, "id": "gen9vgc2025reggbo3-2331654952", "format": "[Gen 9] VGC 2025 Reg G (Bo3)", "players": ["RagnaC", "UnviaEther"], "rating": null, "private": 0, "password": null}, {"uploadtime": 1743384631, "id": "gen9vgc2025reggbo3-2331648766", "format": "[Gen 9] VGC 2025 Reg G (Bo3)", "players": ["Samm3", "FalconAQP"], "rating": 1206, "private": 0, "password": null}, {"uploadtime": 1743384615, "id": "gen9vgc2025reggbo3-2331646115", "format": "[Gen 9] VGC 2025 Reg G (Bo3)", "players": ["Samm3", "FalconAQP"], "rating": null, "private": 0, "password": null}, {"uploadtime": 1743384456, "id": "gen9vgc2025reggbo3-2331645614", "format": "[Gen 9] VGC 2025 Reg G (Bo3)", "players": ["FakeAllen", "7even.senses"], "rating": 1033, "private": 0, "password": null}, {"uploadtime": 1743384375, "id": "gen9vgc2025reggbo3-2331644740", "format": "[Gen 9] VGC 2025 Reg G (Bo3)", "players": ["AEIOUYSOMETIMES", "queenkobra"], "rating": 1013, "private": 0, "password": null}, {"uploadtime": 1743384110, "id": "gen9vgc2025reggbo3-2331641547", "format": "[Gen 9] VGC 2025 Reg G (Bo3)", "players": ["luxray2029", "gholdengooners"], "rating": 1323, "private": 0, "password": null}, {"uploadtime": 1743384093, "id": "gen9vgc2025reggbo3-2331638721", "format": "[Gen 9] VGC 2025 Reg G (Bo3)", "players": ["luxray2029", "gholdengooners"], "rating": null, "private": 0, "password": null}, {"uploadtime": 1743384070, "id": "gen9vgc2025reggbo3-2331636001", "format": "[Gen 9] VGC 2025 Reg G (Bo3)", "players": ["luxray2029", "gholdengooners"], "rating": null, "private": 0, "password": null}, {"uploadtime": 1743384041, "id": "gen9vgc2025reggbo3-2331640680", "format": "[Gen 9] VGC 2025 Reg G (Bo3)", "players": ["AEIOUYSOMETIMES", "queenkobra"], "rating": null, "private": 0, "password": null}, {"uploadtime": 1743384036, "id": "gen9vgc2025reggbo3-2331642178", "format": "[Gen 9] VGC 2025 Reg G (Bo3)", "players": ["AEIOUYSOMETIMES", "queenkobra"], "rating": null, "private": 0, "password": null}, {"uploadtime": 1743383073, "id": "gen9vgc2025reggbo3-2331634268", "format": "[Gen 9] VGC 2025 Reg G (Bo3)", "players": ["jxlioooooooooooo", "dekusawesomeva"], "rating": null, "private": 0, "password": null}, {"uploadtime": 1743382988, "id": "gen9vgc2025reggbo3-2331633424", "format": "[Gen 9] VGC 2025 Reg G (Bo3)", "players": ["luxray2029", "atl 2025"], "rating": 1354, "private": 0, "password": null}, {"uploadtime": 1743382966, "id": "gen9vgc2025reggbo3-2331631659", "format": "[Gen 9] VGC 2025 Reg G (Bo3)", "players": ["luxray2029", "atl 2025"], "rating": null, "private": 0, "password": null}, {"uploadtime": 1743382898, "id": "gen9vgc2025reggbo3-2331631285", "format": "[Gen 9] VGC 2025 Reg G (Bo3)", "players": ["avaluggisbae", "Frost0627"], "rating": null, "private": 0, "password": null}, {"uploadtime": 1743382557, "id": "gen9vgc2025reggbo3-2331624304", "format": "[Gen 9] VGC 2025 Reg G (Bo3)", "players": ["avaluggisbae", "Frost0627"], "rating": null, "private": 0, "password": null}, {"uploadtime": 1743382490, "id": "gen9vgc2025reggbo3-2331624232", "format": "[Gen 9] VGC 2025 Reg G (Bo3)", "players": ["IWannaPorkChop", "Purge the Ranks"], "rating": null, "private": 0, "password": null}, {"uploadtime": 1743382416, "id": "gen9vgc2025reggbo3-2331627745", "format": "[Gen 9] VGC 2025 Reg G (Bo3)", "players": ["luxray2029", "Sowoift"], "rating": 1340, "private": 0, "password": null}, {"uploadtime": 1743382400, "id": "gen9vgc2025reggbo3-2331620984", "format": "[Gen 9] VGC 2025 Reg G (Bo3)", "players": ["IWannaPorkChop", "Purge the Ranks"], "rating": null, "private": 0, "password": null}, {"uploadtime": 1743382389, "id": "gen9vgc2025reggbo3-2331625616", "format": "[Gen 9] VGC 2025 Reg G (Bo3)", "players": ["luxray2029", "Sowoift"], "rating": null, "private": 0, "password": null}, {"uploadtime": 1743382371, "id": "gen9vgc2025reggbo3-2331623538", "format": "[Gen 9] VGC 2025 Reg G (Bo3)", "players": ["luxray2029", "Sowoift"], "rating": null, "private": 0, "password": null}, {"uploadtime": 1743382314, "id": "gen9vgc2025reggbo3-2331626358", "format": "[Gen 9] VGC 2025 Reg G (Bo3)", "players": ["IWannaPorkChop", "Purge the Ranks"], "rating": null, "private": 0, "password": null}, {"uploadtime": 1743382304, "id": "gen9vgc2025reggbo3-2331627018", "format": "[Gen 9] VGC 2025 Reg G (Bo3)", "players": ["the lottery", "Dude375"], "rating": 1076, "private": 0, "password": null}, {"uploadtime": 1743382192, "id": "gen9vgc2025reggbo3-2331624147", "format": "[Gen 9] VGC 2025 Reg G (Bo3)", "players": ["OzzyUF", "ledinoleo"], "rating": 1222, "private": 0, "password": null}, {"uploadtime": 1743382180, "id": "gen9vgc2025reggbo3-2331620078", "format": "[Gen 9] VGC 2025 Reg G (Bo3)", "players": ["OzzyUF", "ledinoleo"], "rating": null, "private": 0, "password": null}, {"uploadtime": 1743382150, "id": "gen9vgc2025reggbo3-2331625807", "format": "[Gen 9] VGC 2025 Reg G (Bo3)", "players": ["disciple of blahaj", "thirdverse"], "rating": 1111, "private": 0, "password": null}, {"uploadtime": 1743382074, "id": "gen9vgc2025reggbo3-2331625441", "format": "[Gen 9] VGC 2025 Reg G (Bo3)", "players": ["the lottery", "Dude375"], "rating": null, "private": 0, "password": null}, {"uploadtime": 1743381943, "id": "gen9vgc2025reggbo3-2331623605", "format": "[Gen 9] VGC 2025 Reg G (Bo3)", "players": ["disciple of blahaj", "thirdverse"], "rating": null, "private": 0, "password": null}, {"uploadtime": 1743381899, "id": "gen9vgc2025reggbo3-2331622492", "format": "[Gen 9] VGC 2025 Reg G (Bo3)", "players": ["the lottery", "Dude375"], "rating": null, "private": 0, "password": null}, {"uploadtime": 1743381661, "id": "gen9vgc2025reggbo3-2331618782", "format": "[Gen 9] VGC 2025 Reg G (Bo3)", "players": ["AppleFeatureFilm", "ShidoLovesAlexia"], "rating": null, "private": 0, "password": null}, {"uploadtime": 1743381652, "id": "gen9vgc2025reggbo3-2331616807", "format": "[Gen 9] VGC 2025 Reg G (Bo3)", "players": ["AppleFeatureFilm", "ShidoLovesAlexia"], "rating": null, "private": 0, "password": null}, {"uploadtime": 1743381502, "id": "gen9vgc2025reggbo3-2331614162", "format": "[Gen 9] VGC 2025 Reg G (Bo3)", "players": ["AppleFeatureFilm", "ShidoLovesAlexia"], "rating": null, "private": 0, "password": null}, {"uploadtime": 1743381298, "id": "gen9vgc2025reggbo3-2331618303", "format": "[Gen 9] VGC 2025 Reg G (Bo3)", "players": ["HannahMontana2001", "thirdverse"], "rating": 1074, "private": 0, "password": null}, {"uploadtime": 1743381130, "id": "gen9vgc2025reggbo3-2331615836", "format": "[Gen 9] VGC 2025 Reg G (Bo3)", "players": ["HannahMontana2001", "thirdverse"], "rating": null, "private": 0, "password": null}, {"uploadtime": 1743380870, "id": "gen9vgc2025reggbo3-2331613865", "format": "[Gen 9] VGC 2025 Reg G (Bo3)", "players": ["HannahMontana2001", "thirdverse"], "rating": null, "private": 0, "password": null}, {"uploadtime": 1743380784, "id": "gen9vgc2025reggbo3-2331613063", "format": "[Gen 9] VGC 2025 Reg G (Bo3)", "players": ["tzim14", "c_donstans"], "rating": 1135, "private": 0, "password": null}, {"uploadtime": 1743380714, "id": "gen9vgc2025reggbo3-2331608917", "format": "[Gen 9] VGC 2025 Reg G (Bo3)", "players": ["TheLordNebiros", "Micas0_0"], "rating": null, "private": 0, "password": null}, {"uploadtime": 1743380624, "id": "gen9vgc2025reggbo3-2331611042", "format": "[Gen 9] VGC 2025 Reg G (Bo3)", "players": ["TheLordNebiros", "Micas0_0"], "rating": 1150, "private": 0, "password": null}, {"uploadtime": 1743380607, "id": "gen9vgc2025reggbo3-2331610590", "format": "[Gen 9] VGC 2025 Reg G (Bo3)", "players": ["ledinoleo", "ushitsune"], "rating": 1215, "private": 0, "password": null}, {"uploadtime": 1743380600, "id": "gen9vgc2025reggbo3-2331604630", "format": "[Gen 9] VGC 2025 Reg G (Bo3)", "players": ["ledinoleo", "ushitsune"], "rating": null, "private": 0, "password": null}, {"uploadtime": 1743380508, "id": "gen9vgc2025reggbo3-2331610035", "format": "[Gen 9] VGC 2025 Reg G (Bo3)", "players": ["PhilHellmuth.PH", "perry1"], "rating": 1264, "private": 0, "password": null}, {"uploadtime": 1743380505, "id": "gen9vgc2025reggbo3-2331610059", "format": "[Gen 9] VGC 2025 Reg G (Bo3)", "players": ["dragoondog", "Niemo"], "rating": null, "private": 0, "password": null}, {"uploadtime": 1743380503, "id": "gen9vgc2025reggbo3-2331606068", "format": "[Gen 9] VGC 2025 Reg G (Bo3)", "players": ["PhilHellmuth.PH", "perry1"], "rating": null, "private": 0, "password": null}, {"uploadtime": 1743380497, "id": "gen9vgc2025reggbo3-2331602670", "format": "[Gen 9] VGC 2025 Reg G (Bo3)", "players": ["PhilHellmuth.PH", "perry1"], "rating": null, "private": 0, "password": null}, {"uploadtime": 1743380493, "id": "gen9vgc2025reggbo3-2331606695", "format": "[Gen 9] VGC 2025 Reg G (Bo3)", "players": ["dragoondog", "Niemo"], "rating": null, "private": 0, "password": null}, {"uploadtime": 1743380486, "id": "gen9vgc2025reggbo3-2331602940", "format": "[Gen 9] VGC 2025 Reg G (Bo3)", "players": ["dragoondog", "Niemo"], "rating": null, "private": 0, "password": null}, {"uploadtime": 1743380261, "id": "gen9vgc2025reggbo3-2331607113", "format": "[Gen 9] VGC 2025 Reg G (Bo3)", "players": ["cottoncandywoof", "BWPMimi4u"], "rating": 1066, "private": 0, "password": null}]