[{"uploadtime": 1743391865, "id": "gen9vgc2025reggbo3-2331711142", "format": "[Gen 9] VGC 2025 Reg G (Bo3)", "players": ["juninho1", "Dmongr"], "rating": null, "private": 0, "password": null}, {"uploadtime": 1743391595, "id": "gen9vgc2025reggbo3-2331708678", "format": "[Gen 9] VGC 2025 Reg G (Bo3)", "players": ["juninho1", "Dmongr"], "rating": null, "private": 0, "password": null}, {"uploadtime": 1743391569, "id": "gen9vgc2025reggbo3-2331709586", "format": "[Gen 9] VGC 2025 Reg G (Bo3)", "players": ["road to atlanta", "ScV Testing"], "rating": null, "private": 0, "password": null}, {"uploadtime": 1743391011, "id": "gen9vgc2025reggbo3-2331703883", "format": "[Gen 9] VGC 2025 Reg G (Bo3)", "players": ["11DiamondsaurVGC", "Undala"], "rating": null, "private": 0, "password": null}, {"uploadtime": 1743390675, "id": "gen9vgc2025reggbo3-2331700916", "format": "[Gen 9] VGC 2025 Reg G (Bo3)", "players": ["ScarfEater", "JTechtonic"], "rating": null, "private": 0, "password": null}, {"uploadtime": 1743390571, "id": "gen9vgc2025reggbo3-2331697914", "format": "[Gen 9] VGC 2025 Reg G (Bo3)", "players": ["joebytres", "BBRAFF"], "rating": null, "private": 0, "password": null}, {"uploadtime": 1743390568, "id": "gen9vgc2025reggbo3-2331694705", "format": "[Gen 9] VGC 2025 Reg G (Bo3)", "players": ["joebytres", "BBRAFF"], "rating": null, "private": 0, "password": null}, {"uploadtime": 1743390399, "id": "gen9vgc2025reggbo3-2331696740", "format": "[Gen 9] VGC 2025 Reg G (Bo3)", "players": ["ScarfEater", "JTechtonic"], "rating": null, "private": 0, "password": null}, {"uploadtime": 1743390338, "id": "gen9vgc2025reggbo3-2331697403", "format": "[Gen 9] VGC 2025 Reg G (Bo3)", "players": ["cain4511", "greasyflamingo34"], "rating": 1085, "private": 0, "password": null}, {"uploadtime": 1743390216, "id": "gen9vgc2025reggbo3-2331691503", "format": "[Gen 9] VGC 2025 Reg G (Bo3)", "players": ["EpicGiratinaFan69", "Squarecity"], "rating": null, "private": 0, "password": null}, {"uploadtime": 1743389968, "id": "gen9vgc2025reggbo3-2331694452", "format": "[Gen 9] VGC 2025 Reg G (Bo3)", "players": ["cain4511", "greasyflamingo34"], "rating": null, "private": 0, "password": null}, {"uploadtime": 1743389940, "id": "gen9vgc2025reggbo3-2331692506", "format": "[Gen 9] VGC 2025 Reg G (Bo3)", "players": ["kamiryu123", "akselt"], "rating": 1152, "private": 0, "password": null}, {"uploadtime": 1743389936, "id": "gen9vgc2025reggbo3-2331688901", "format": "[Gen 9] VGC 2025 Reg G (Bo3)", "players": ["kamiryu123", "akselt"], "rating": null, "private": 0, "password": null}, {"uploadtime": 1743389456, "id": "gen9vgc2025reggbo3-2331690569", "format": "[Gen 9] VGC 2025 Reg G (Bo3)", "players": ["LelBoii", "greasyflamingo34"], "rating": null, "private": 0, "password": null}, {"uploadtime": 1743389204, "id": "gen9vgc2025reggbo3-2331689013", "format": "[Gen 9] VGC 2025 Reg G (Bo3)", "players": ["Giraldo567", "Nobdyspecialvgc"], "rating": 1175, "private": 0, "password": null}, {"uploadtime": 1743389145, "id": "gen9vgc2025reggbo3-2331687925", "format": "[Gen 9] VGC 2025 Reg G (Bo3)", "players": ["c_donstans", "F_Blizzy"], "rating": 1186, "private": 0, "password": null}, {"uploadtime": 1743389124, "id": "gen9vgc2025reggbo3-2331684510", "format": "[Gen 9] VGC 2025 Reg G (Bo3)", "players": ["c_donstans", "F_Blizzy"], "rating": null, "private": 0, "password": null}, {"uploadtime": 1743389117, "id": "gen9vgc2025reggbo3-2331687549", "format": "[Gen 9] VGC 2025 Reg G (Bo3)", "players": ["Nameoneshoe", "the lottery"], "rating": 1000, "private": 0, "password": null}, {"uploadtime": 1743388994, "id": "gen9vgc2025reggbo3-2331687899", "format": "[Gen 9] VGC 2025 Reg G (Bo3)", "players": ["Giraldo567", "Nobdyspecialvgc"], "rating": null, "private": 0, "password": null}, {"uploadtime": 1743388940, "id": "gen9vgc2025reggbo3-2331684822", "format": "[Gen 9] VGC 2025 Reg G (Bo3)", "players": ["akselt", "Hactor-gv128"], "rating": 1239, "private": 0, "password": null}, {"uploadtime": 1743388934, "id": "gen9vgc2025reggbo3-2331681984", "format": "[Gen 9] VGC 2025 Reg G (Bo3)", "players": ["akselt", "Hactor-gv128"], "rating": null, "private": 0, "password": null}, {"uploadtime": 1743388927, "id": "gen9vgc2025reggbo3-2331677716", "format": "[Gen 9] VGC 2025 Reg G (Bo3)", "players": ["akselt", "Hactor-gv128"], "rating": null, "private": 0, "password": null}, {"uploadtime": 1743388774, "id": "gen9vgc2025reggbo3-2331684085", "format": "[Gen 9] VGC 2025 Reg G (Bo3)", "players": ["urstepslowbro", "pixelfx"], "rating": 1170, "private": 0, "password": null}, {"uploadtime": 1743388455, "id": "gen9vgc2025reggbo3-2331680894", "format": "[Gen 9] VGC 2025 Reg G (Bo3)", "players": ["the lottery", "The3rdGourmet"], "rating": null, "private": 0, "password": null}, {"uploadtime": 1743388426, "id": "gen9vgc2025reggbo3-2331681488", "format": "[Gen 9] VGC 2025 Reg G (Bo3)", "players": ["urstepslowbro", "pixelfx"], "rating": null, "private": 0, "password": null}, {"uploadtime": 1743388125, "id": "gen9vgc2025reggbo3-2331677958", "format": "[Gen 9] VGC 2025 Reg G (Bo3)", "players": ["urstepslowbro", "pixelfx"], "rating": null, "private": 0, "password": null}, {"uploadtime": 1743388042, "id": "gen9vgc2025reggbo3-2331677863", "format": "[Gen 9] VGC 2025 Reg G (Bo3)", "players": ["idiot5000", "trabajando duro"], "rating": 1247, "private": 0, "password": null}, {"uploadtime": 1743388033, "id": "gen9vgc2025reggbo3-2331674151", "format": "[Gen 9] VGC 2025 Reg G (Bo3)", "players": ["idiot5000", "trabajando duro"], "rating": null, "private": 0, "password": null}, {"uploadtime": 1743388021, "id": "gen9vgc2025reggbo3-2331679407", "format": "[Gen 9] VGC 2025 Reg G (Bo3)", "players": ["the lottery", "textbook ey"], "rating": 1000, "private": 0, "password": null}, {"uploadtime": 1743387964, "id": "gen9vgc2025reggbo3-2331672063", "format": "[Gen 9] VGC 2025 Reg G (Bo3)", "players": ["KodeBeast0526", "skipply"], "rating": null, "private": 0, "password": null}, {"uploadtime": 1743387811, "id": "gen9vgc2025reggbo3-2331676436", "format": "[Gen 9] VGC 2025 Reg G (Bo3)", "players": ["csrtime", "Rfriedrich16"], "rating": 1274, "private": 0, "password": null}, {"uploadtime": 1743387772, "id": "gen9vgc2025reggbo3-2331675814", "format": "[Gen 9] VGC 2025 Reg G (Bo3)", "players": ["Divya sutra suites", "Rkmada"], "rating": 1459, "private": 0, "password": null}, {"uploadtime": 1743387740, "id": "gen9vgc2025reggbo3-2331672919", "format": "[Gen 9] VGC 2025 Reg G (Bo3)", "players": ["User16838426", "KassFK"], "rating": null, "private": 0, "password": null}, {"uploadtime": 1743387721, "id": "gen9vgc2025reggbo3-2331676210", "format": "[Gen 9] VGC 2025 Reg G (Bo3)", "players": ["kordeke", "urstepslowbro"], "rating": 1188, "private": 0, "password": null}, {"uploadtime": 1743387529, "id": "gen9vgc2025reggbo3-2331673558", "format": "[Gen 9] VGC 2025 Reg G (Bo3)", "players": ["kordeke", "urstepslowbro"], "rating": null, "private": 0, "password": null}, {"uploadtime": 1743387349, "id": "gen9vgc2025reggbo3-2331668740", "format": "[Gen 9] VGC 2025 Reg G (Bo3)", "players": ["khatru69", "akselt"], "rating": 1235, "private": 0, "password": null}, {"uploadtime": 1743387344, "id": "gen9vgc2025reggbo3-2331664886", "format": "[Gen 9] VGC 2025 Reg G (Bo3)", "players": ["khatru69", "akselt"], "rating": null, "private": 0, "password": null}, {"uploadtime": 1743387295, "id": "gen9vgc2025reggbo3-2331673196", "format": "[Gen 9] VGC 2025 Reg G (Bo3)", "players": ["kiddoos", "Nub69420"], "rating": 1039, "private": 0, "password": null}, {"uploadtime": 1743387275, "id": "gen9vgc2025reggbo3-2331668426", "format": "[Gen 9] VGC 2025 Reg G (Bo3)", "players": ["kiddoos", "Nub69420"], "rating": null, "private": 0, "password": null}, {"uploadtime": 1743387244, "id": "gen9vgc2025reggbo3-2331670313", "format": "[Gen 9] VGC 2025 Reg G (Bo3)", "players": ["KassFK", "elderen17"], "rating": 1358, "private": 0, "password": null}, {"uploadtime": 1743387242, "id": "gen9vgc2025reggbo3-2331671255", "format": "[Gen 9] VGC 2025 Reg G (Bo3)", "players": ["Pengu", "gephicka"], "rating": null, "private": 0, "password": null}, {"uploadtime": 1743387241, "id": "gen9vgc2025reggbo3-2331668400", "format": "[Gen 9] VGC 2025 Reg G (Bo3)", "players": ["KassFK", "elderen17"], "rating": null, "private": 0, "password": null}, {"uploadtime": 1743387238, "id": "gen9vgc2025reggbo3-2331666839", "format": "[Gen 9] VGC 2025 Reg G (Bo3)", "players": ["KassFK", "elderen17"], "rating": null, "private": 0, "password": null}, {"uploadtime": 1743387165, "id": "gen9vgc2025reggbo3-2331669362", "format": "[Gen 9] VGC 2025 Reg G (Bo3)", "players": ["F_Blizzy", "qwqwanan"], "rating": 1237, "private": 0, "password": null}, {"uploadtime": 1743387151, "id": "gen9vgc2025reggbo3-2331666464", "format": "[Gen 9] VGC 2025 Reg G (Bo3)", "players": ["F_Blizzy", "qwqwanan"], "rating": null, "private": 0, "password": null}, {"uploadtime": 1743387083, "id": "gen9vgc2025reggbo3-2331663224", "format": "[Gen 9] VGC 2025 Reg G (Bo3)", "players": ["F_Blizzy", "qwqwanan"], "rating": null, "private": 0, "password": null}, {"uploadtime": 1743387034, "id": "gen9vgc2025reggbo3-2331667860", "format": "[Gen 9] VGC 2025 Reg G (Bo3)", "players": ["mossfather37", "tmg_vibin"], "rating": null, "private": 0, "password": null}, {"uploadtime": 1743386973, "id": "gen9vgc2025reggbo3-2331668869", "format": "[Gen 9] VGC 2025 Reg G (Bo3)", "players": ["Pengu", "gephicka"], "rating": null, "private": 0, "password": null}, {"uploadtime": 1743386788, "id": "gen9vgc2025reggbo3-2331666479", "format": "[Gen 9] VGC 2025 Reg G (Bo3)", "players": ["trabajando duro", "doggybears"], "rating": 1329, "private": 0, "password": null}, {"uploadtime": 1743386776, "id": "gen9vgc2025reggbo3-2331664163", "format": "[Gen 9] VGC 2025 Reg G (Bo3)", "players": ["trabajando duro", "doggybears"], "rating": null, "private": 0, "password": null}, {"uploadtime": 1743386734, "id": "gen9vgc2025reggbo3-2331666651", "format": "[Gen 9] VGC 2025 Reg G (Bo3)", "players": ["bigwill606", "SwiftSteps"], "rating": null, "private": 0, "password": null}]