[{"uploadtime": 1743248401, "id": "gen9vgc2025reggbo3-2330542297", "format": "[Gen 9] VGC 2025 Reg G (Bo3)", "players": ["BundleUpItsCold", "DanteLionheart"], "rating": null, "private": 0, "password": null}, {"uploadtime": 1743248401, "id": "gen9vgc2025reggbo3-2330541448", "format": "[Gen 9] VGC 2025 Reg G (Bo3)", "players": ["awy1n", "cottoncandywoof"], "rating": null, "private": 0, "password": null}, {"uploadtime": 1743248312, "id": "gen9vgc2025reggbo3-2330542276", "format": "[Gen 9] VGC 2025 Reg G (Bo3)", "players": ["Le P VGC", "Junseville"], "rating": 1238, "private": 0, "password": null}, {"uploadtime": 1743248263, "id": "gen9vgc2025reggbo3-2330541838", "format": "[Gen 9] VGC 2025 Reg G (Bo3)", "players": ["imgonnalose12", "akingswit"], "rating": null, "private": 0, "password": null}, {"uploadtime": 1743248263, "id": "gen9vgc2025reggbo3-2330541780", "format": "[Gen 9] VGC 2025 Reg G (Bo3)", "players": ["D1VYANG111", "Josefino Augusto"], "rating": null, "private": 0, "password": null}, {"uploadtime": 1743248263, "id": "gen9vgc2025reggbo3-2330541612", "format": "[Gen 9] VGC 2025 Reg G (Bo3)", "players": ["Bobbo1", "Bobbo2"], "rating": null, "private": 0, "password": null}, {"uploadtime": 1743248263, "id": "gen9vgc2025reggbo3-2330540721", "format": "[Gen 9] VGC 2025 Reg G (Bo3)", "players": ["BundleUpItsCold", "Pepitolopalote"], "rating": null, "private": 0, "password": null}, {"uploadtime": 1743248263, "id": "gen9vgc2025reggbo3-2330540690", "format": "[Gen 9] VGC 2025 Reg G (Bo3)", "players": ["Dryynvgc", "TubularInsect"], "rating": 1071, "private": 0, "password": null}, {"uploadtime": 1743248125, "id": "gen9vgc2025reggbo3-2330539738", "format": "[Gen 9] VGC 2025 Reg G (Bo3)", "players": ["Louffytarau", "Theverynotsusman"], "rating": null, "private": 0, "password": null}, {"uploadtime": 1743248030, "id": "gen9vgc2025reggbo3-2330540475", "format": "[Gen 9] VGC 2025 Reg G (Bo3)", "players": ["Le P VGC", "Junseville"], "rating": null, "private": 0, "password": null}, {"uploadtime": 1743248017, "id": "gen9vgc2025reggbo3-2330539938", "format": "[Gen 9] VGC 2025 Reg G (Bo3)", "players": ["D-scNSe", "wolffetrooper"], "rating": null, "private": 0, "password": null}, {"uploadtime": 1743247987, "id": "gen9vgc2025reggbo3-2330540236", "format": "[Gen 9] VGC 2025 Reg G (Bo3)", "players": ["squ1dge_", "DanteLionheart"], "rating": null, "private": 0, "password": null}, {"uploadtime": 1743247987, "id": "gen9vgc2025reggbo3-2330539446", "format": "[Gen 9] VGC 2025 Reg G (Bo3)", "players": ["Dryynvgc", "TubularInsect"], "rating": null, "private": 0, "password": null}, {"uploadtime": 1743247987, "id": "gen9vgc2025reggbo3-2330539107", "format": "[Gen 9] VGC 2025 Reg G (Bo3)", "players": ["imgonnalose12", "secondgamewaswhite"], "rating": 1071, "private": 0, "password": null}, {"uploadtime": 1743247918, "id": "gen9vgc2025reggbo3-2330540375", "format": "[Gen 9] VGC 2025 Reg G (Bo3)", "players": ["NemoAK", "OreburghRanger"], "rating": 1305, "private": 0, "password": null}, {"uploadtime": 1743247849, "id": "gen9vgc2025reggbo3-2330538654", "format": "[Gen 9] VGC 2025 Reg G (Bo3)", "players": ["BigBoyYKT", "awy1n"], "rating": null, "private": 0, "password": null}, {"uploadtime": 1743247848, "id": "gen9vgc2025reggbo3-2330539235", "format": "[Gen 9] VGC 2025 Reg G (Bo3)", "players": ["We_Love_The_Gong", "FRENKIS450"], "rating": 1254, "private": 0, "password": null}, {"uploadtime": 1743247721, "id": "gen9vgc2025reggbo3-2330538477", "format": "[Gen 9] VGC 2025 Reg G (Bo3)", "players": ["Le P VGC", "Junseville"], "rating": null, "private": 0, "password": null}, {"uploadtime": 1743247712, "id": "gen9vgc2025reggbo3-2330539140", "format": "[Gen 9] VGC 2025 Reg G (Bo3)", "players": ["NemoAK", "OreburghRanger"], "rating": null, "private": 0, "password": null}, {"uploadtime": 1743247710, "id": "gen9vgc2025reggbo3-2330538723", "format": "[Gen 9] VGC 2025 Reg G (Bo3)", "players": ["tmart282", "littlepotato13"], "rating": null, "private": 0, "password": null}, {"uploadtime": 1743247710, "id": "gen9vgc2025reggbo3-2330537749", "format": "[Gen 9] VGC 2025 Reg G (Bo3)", "players": ["gyaradostyranitar", "RobeeIniesta"], "rating": null, "private": 0, "password": null}, {"uploadtime": 1743247601, "id": "gen9vgc2025reggbo3-2330538793", "format": "[Gen 9] VGC 2025 Reg G (Bo3)", "players": ["Lyco Just Testing", "LeonardPlayz"], "rating": 1189, "private": 0, "password": null}, {"uploadtime": 1743247590, "id": "gen9vgc2025reggbo3-2330537639", "format": "[Gen 9] VGC 2025 Reg G (Bo3)", "players": ["ppyyy", "DesertGardener"], "rating": null, "private": 0, "password": null}, {"uploadtime": 1743247572, "id": "gen9vgc2025reggbo3-2330537833", "format": "[Gen 9] VGC 2025 Reg G (Bo3)", "players": ["tmart282", "littlepotato13"], "rating": null, "private": 0, "password": null}, {"uploadtime": 1743247572, "id": "gen9vgc2025reggbo3-2330537251", "format": "[Gen 9] VGC 2025 Reg G (Bo3)", "players": ["sqldeveloper", "FleurCannon56"], "rating": null, "private": 0, "password": null}, {"uploadtime": 1743247572, "id": "gen9vgc2025reggbo3-2330537094", "format": "[Gen 9] VGC 2025 Reg G (Bo3)", "players": ["Minoluck", "FRENKIS450"], "rating": null, "private": 0, "password": null}, {"uploadtime": 1743247572, "id": "gen9vgc2025reggbo3-2330536771", "format": "[Gen 9] VGC 2025 Reg G (Bo3)", "players": ["squ1dge_", "onirico_11"], "rating": null, "private": 0, "password": null}, {"uploadtime": 1743247572, "id": "gen9vgc2025reggbo3-2330536532", "format": "[Gen 9] VGC 2025 Reg G (Bo3)", "players": ["BigBoyYKT", "awy1n"], "rating": null, "private": 0, "password": null}, {"uploadtime": 1743247533, "id": "gen9vgc2025reggbo3-2330537636", "format": "[Gen 9] VGC 2025 Reg G (Bo3)", "players": ["D4nkw33b", "roykeenkennedy"], "rating": 1260, "private": 0, "password": null}, {"uploadtime": 1743247455, "id": "gen9vgc2025reggbo3-2330538134", "format": "[Gen 9] VGC 2025 Reg G (Bo3)", "players": ["Lyco Just Testing", "LeonardPlayz"], "rating": null, "private": 0, "password": null}, {"uploadtime": 1743247434, "id": "gen9vgc2025reggbo3-2330535763", "format": "[Gen 9] VGC 2025 Reg G (Bo3)", "players": ["kiki2k3", "Skubbloom"], "rating": null, "private": 0, "password": null}, {"uploadtime": 1743247340, "id": "gen9vgc2025reggbo3-2330536901", "format": "[Gen 9] VGC 2025 Reg G (Bo3)", "players": ["Lyco Just Testing", "LeonardPlayz"], "rating": null, "private": 0, "password": null}, {"uploadtime": 1743247295, "id": "gen9vgc2025reggbo3-2330535255", "format": "[Gen 9] VGC 2025 Reg G (Bo3)", "players": ["cancer farer", "Jeplan"], "rating": 1030, "private": 0, "password": null}, {"uploadtime": 1743247295, "id": "gen9vgc2025reggbo3-2330535002", "format": "[Gen 9] VGC 2025 Reg G (Bo3)", "players": ["Torusuke", "EeveeSolution"], "rating": null, "private": 0, "password": null}, {"uploadtime": 1743247235, "id": "gen9vgc2025reggbo3-2330536541", "format": "[Gen 9] VGC 2025 Reg G (Bo3)", "players": ["ppyyy", "VYNCHIO"], "rating": null, "private": 0, "password": null}, {"uploadtime": 1743247157, "id": "gen9vgc2025reggbo3-2330535581", "format": "[Gen 9] VGC 2025 Reg G (Bo3)", "players": ["FleurCannon56", "PrimarinaMasona"], "rating": null, "private": 0, "password": null}, {"uploadtime": 1743247157, "id": "gen9vgc2025reggbo3-2330534817", "format": "[Gen 9] VGC 2025 Reg G (Bo3)", "players": ["LeonardPlayz", "squ1dge_"], "rating": null, "private": 0, "password": null}, {"uploadtime": 1743247157, "id": "gen9vgc2025reggbo3-2330534784", "format": "[Gen 9] VGC 2025 Reg G (Bo3)", "players": ["JenWow", "wolffetrooper"], "rating": null, "private": 0, "password": null}, {"uploadtime": 1743247157, "id": "gen9vgc2025reggbo3-2330533342", "format": "[Gen 9] VGC 2025 Reg G (Bo3)", "players": ["LeonardPlayz", "squ1dge_"], "rating": null, "private": 0, "password": null}, {"uploadtime": 1743247066, "id": "gen9vgc2025reggbo3-2330535224", "format": "[Gen 9] VGC 2025 Reg G (Bo3)", "players": ["ppyyy", "VYNCHIO"], "rating": null, "private": 0, "password": null}, {"uploadtime": 1743247019, "id": "gen9vgc2025reggbo3-2330533970", "format": "[Gen 9] VGC 2025 Reg G (Bo3)", "players": ["Marcored87", "Exnigorochi"], "rating": null, "private": 0, "password": null}, {"uploadtime": 1743247019, "id": "gen9vgc2025reggbo3-2330533200", "format": "[Gen 9] VGC 2025 Reg G (Bo3)", "players": ["zeyn-299", "gyaradostyranitar"], "rating": null, "private": 0, "password": null}, {"uploadtime": 1743246893, "id": "gen9vgc2025reggbo3-2330533290", "format": "[Gen 9] VGC 2025 Reg G (Bo3)", "players": ["Robear641", "propedro"], "rating": 1284, "private": 0, "password": null}, {"uploadtime": 1743246876, "id": "gen9vgc2025reggbo3-2330531694", "format": "[Gen 9] VGC 2025 Reg G (Bo3)", "players": ["Robear641", "propedro"], "rating": null, "private": 0, "password": null}, {"uploadtime": 1743246741, "id": "gen9vgc2025reggbo3-2330532206", "format": "[Gen 9] VGC 2025 Reg G (Bo3)", "players": ["b1kope", "User16838426"], "rating": null, "private": 0, "password": null}, {"uploadtime": 1743246718, "id": "gen9vgc2025reggbo3-2330532842", "format": "[Gen 9] VGC 2025 Reg G (Bo3)", "players": ["D-scNSe", "Jeplan"], "rating": 1049, "private": 0, "password": null}, {"uploadtime": 1743246602, "id": "gen9vgc2025reggbo3-2330531493", "format": "[Gen 9] VGC 2025 Reg G (Bo3)", "players": ["Akalaman", "Park Su Kim"], "rating": null, "private": 0, "password": null}, {"uploadtime": 1743246464, "id": "gen9vgc2025reggbo3-2330531161", "format": "[Gen 9] VGC 2025 Reg G (Bo3)", "players": ["Basura2U", "squ1dge_"], "rating": null, "private": 0, "password": null}, {"uploadtime": 1743246464, "id": "gen9vgc2025reggbo3-2330530809", "format": "[Gen 9] VGC 2025 Reg G (Bo3)", "players": ["imgonnalose12", "Max y Bon"], "rating": null, "private": 0, "password": null}, {"uploadtime": 1743246464, "id": "gen9vgc2025reggbo3-2330530209", "format": "[Gen 9] VGC 2025 Reg G (Bo3)", "players": ["D4nkw33b", "Malgooee"], "rating": 1133, "private": 0, "password": null}, {"uploadtime": 1743246326, "id": "gen9vgc2025reggbo3-2330530145", "format": "[Gen 9] VGC 2025 Reg G (Bo3)", "players": ["gta44", "espatocular"], "rating": null, "private": 0, "password": null}]