[{"uploadtime": 1743303849, "id": "gen9vgc2025reggbo3-2331016008", "format": "[Gen 9] VGC 2025 Reg G (Bo3)", "players": ["LittleBig18", "chriscanway"], "rating": null, "private": 0, "password": null}, {"uploadtime": 1743303820, "id": "gen9vgc2025reggbo3-2331021870", "format": "[Gen 9] VGC 2025 Reg G (Bo3)", "players": ["Fieryfl4me", "FreeSquidy"], "rating": null, "private": 0, "password": null}, {"uploadtime": 1743303820, "id": "gen9vgc2025reggbo3-2331021176", "format": "[Gen 9] VGC 2025 Reg G (Bo3)", "players": ["DatGuyJimmeh", "breakingsparkz"], "rating": null, "private": 0, "password": null}, {"uploadtime": 1743303695, "id": "gen9vgc2025reggbo3-2331022721", "format": "[Gen 9] VGC 2025 Reg G (Bo3)", "players": ["mobile2433", "Etrale"], "rating": 1204, "private": 0, "password": null}, {"uploadtime": 1743303688, "id": "gen9vgc2025reggbo3-2331021677", "format": "[Gen 9] VGC 2025 Reg G (Bo3)", "players": ["mobile2433", "Etrale"], "rating": null, "private": 0, "password": null}, {"uploadtime": 1743303684, "id": "gen9vgc2025reggbo3-2331022477", "format": "[Gen 9] VGC 2025 Reg G (Bo3)", "players": ["pokemasterz461", "Adroqk"], "rating": 1230, "private": 0, "password": null}, {"uploadtime": 1743303682, "id": "gen9vgc2025reggbo3-2331018075", "format": "[Gen 9] VGC 2025 Reg G (Bo3)", "players": ["chitoswrld", "fssgdfgfd"], "rating": null, "private": 0, "password": null}, {"uploadtime": 1743303681, "id": "gen9vgc2025reggbo3-2331020939", "format": "[Gen 9] VGC 2025 Reg G (Bo3)", "players": ["atl 2025", "ProtectPartingShot"], "rating": null, "private": 0, "password": null}, {"uploadtime": 1743303595, "id": "gen9vgc2025reggbo3-2331022575", "format": "[Gen 9] VGC 2025 Reg G (Bo3)", "players": ["el1azss", "rishrage"], "rating": 1089, "private": 0, "password": null}, {"uploadtime": 1743303583, "id": "gen9vgc2025reggbo3-2331021018", "format": "[Gen 9] VGC 2025 Reg G (Bo3)", "players": ["el1azss", "rishrage"], "rating": null, "private": 0, "password": null}, {"uploadtime": 1743303499, "id": "gen9vgc2025reggbo3-2331020997", "format": "[Gen 9] VGC 2025 Reg G (Bo3)", "players": ["pokemasterz461", "Adroqk"], "rating": null, "private": 0, "password": null}, {"uploadtime": 1743303488, "id": "gen9vgc2025reggbo3-2331019854", "format": "[Gen 9] VGC 2025 Reg G (Bo3)", "players": ["atl 2025", "ProtectPartingShot"], "rating": null, "private": 0, "password": null}, {"uploadtime": 1743303479, "id": "gen9vgc2025reggbo3-2331021155", "format": "[Gen 9] VGC 2025 Reg G (Bo3)", "players": ["pixelfx", "Just a Minus"], "rating": 1293, "private": 0, "password": null}, {"uploadtime": 1743303470, "id": "gen9vgc2025reggbo3-2331016702", "format": "[Gen 9] VGC 2025 Reg G (Bo3)", "players": ["garracrema", "maxrf321"], "rating": 1308, "private": 0, "password": null}, {"uploadtime": 1743303461, "id": "gen9vgc2025reggbo3-2331013651", "format": "[Gen 9] VGC 2025 Reg G (Bo3)", "players": ["garracrema", "maxrf321"], "rating": null, "private": 0, "password": null}, {"uploadtime": 1743303453, "id": "gen9vgc2025reggbo3-2331009351", "format": "[Gen 9] VGC 2025 Reg G (Bo3)", "players": ["garracrema", "maxrf321"], "rating": null, "private": 0, "password": null}, {"uploadtime": 1743303389, "id": "gen9vgc2025reggbo3-2331019946", "format": "[Gen 9] VGC 2025 Reg G (Bo3)", "players": ["kk1pper1314", "Etrale"], "rating": 1176, "private": 0, "password": null}, {"uploadtime": 1743303383, "id": "gen9vgc2025reggbo3-2331018426", "format": "[Gen 9] VGC 2025 Reg G (Bo3)", "players": ["kk1pper1314", "Etrale"], "rating": null, "private": 0, "password": null}, {"uploadtime": 1743303333, "id": "gen9vgc2025reggbo3-2331020342", "format": "[Gen 9] VGC 2025 Reg G (Bo3)", "players": ["pixelfx", "Just a Minus"], "rating": null, "private": 0, "password": null}, {"uploadtime": 1743303267, "id": "gen9vgc2025reggbo3-2331016365", "format": "[Gen 9] VGC 2025 Reg G (Bo3)", "players": ["aidenribbon", "stan marsh"], "rating": null, "private": 0, "password": null}, {"uploadtime": 1743303265, "id": "gen9vgc2025reggbo3-2331016960", "format": "[Gen 9] VGC 2025 Reg G (Bo3)", "players": ["bapdabo", "Jair369"], "rating": null, "private": 0, "password": null}, {"uploadtime": 1743303230, "id": "gen9vgc2025reggbo3-2331018463", "format": "[Gen 9] VGC 2025 Reg G (Bo3)", "players": ["pixelfx", "Just a Minus"], "rating": null, "private": 0, "password": null}, {"uploadtime": 1743303128, "id": "gen9vgc2025reggbo3-2331015208", "format": "[Gen 9] VGC 2025 Reg G (Bo3)", "players": ["fil_mnfgc", "boschybee"], "rating": null, "private": 0, "password": null}, {"uploadtime": 1743302989, "id": "gen9vgc2025reggbo3-2331014676", "format": "[Gen 9] VGC 2025 Reg G (Bo3)", "players": ["Gworf", "Ricardo van Hoorn"], "rating": null, "private": 0, "password": null}, {"uploadtime": 1743302989, "id": "gen9vgc2025reggbo3-2331014524", "format": "[Gen 9] VGC 2025 Reg G (Bo3)", "players": ["aidenribbon", "stan marsh"], "rating": null, "private": 0, "password": null}, {"uploadtime": 1743302988, "id": "gen9vgc2025reggbo3-2331015029", "format": "[Gen 9] VGC 2025 Reg G (Bo3)", "players": ["bapdabo", "Jair369"], "rating": null, "private": 0, "password": null}, {"uploadtime": 1743302944, "id": "gen9vgc2025reggbo3-2331015368", "format": "[Gen 9] VGC 2025 Reg G (Bo3)", "players": ["Etrale", "Scheetzy02"], "rating": 1128, "private": 0, "password": null}, {"uploadtime": 1743302849, "id": "gen9vgc2025reggbo3-2331014290", "format": "[Gen 9] VGC 2025 Reg G (Bo3)", "players": ["Rangerbatonage", "Slowjow"], "rating": 1361, "private": 0, "password": null}, {"uploadtime": 1743302735, "id": "gen9vgc2025reggbo3-2331013550", "format": "[Gen 9] VGC 2025 Reg G (Bo3)", "players": ["pixelfx", "StuvStuv VGC"], "rating": null, "private": 0, "password": null}, {"uploadtime": 1743302711, "id": "gen9vgc2025reggbo3-2331010718", "format": "[Gen 9] VGC 2025 Reg G (Bo3)", "players": ["Gworf", "Ricardo van Hoorn"], "rating": null, "private": 0, "password": null}, {"uploadtime": 1743302621, "id": "gen9vgc2025reggbo3-2331014102", "format": "[Gen 9] VGC 2025 Reg G (Bo3)", "players": ["Etrale", "Scheetzy02"], "rating": null, "private": 0, "password": null}, {"uploadtime": 1743302573, "id": "gen9vgc2025reggbo3-2331011301", "format": "[Gen 9] VGC 2025 Reg G (Bo3)", "players": ["Ribbicus", "walkervgc"], "rating": null, "private": 0, "password": null}, {"uploadtime": 1743302541, "id": "gen9vgc2025reggbo3-2331012328", "format": "[Gen 9] VGC 2025 Reg G (Bo3)", "players": ["tastethekoalabear", "shieeeee"], "rating": 1324, "private": 0, "password": null}, {"uploadtime": 1743302510, "id": "gen9vgc2025reggbo3-2331009987", "format": "[Gen 9] VGC 2025 Reg G (Bo3)", "players": ["tastethekoalabear", "shieeeee"], "rating": null, "private": 0, "password": null}, {"uploadtime": 1743302295, "id": "gen9vgc2025reggbo3-2331008116", "format": "[Gen 9] VGC 2025 Reg G (Bo3)", "players": ["NutsaCavan", "SixHeroes"], "rating": null, "private": 0, "password": null}, {"uploadtime": 1743302225, "id": "gen9vgc2025reggbo3-2331010560", "format": "[Gen 9] VGC 2025 Reg G (Bo3)", "players": ["Adam Z", "rishrage"], "rating": 1048, "private": 0, "password": null}, {"uploadtime": 1743302217, "id": "gen9vgc2025reggbo3-2331008803", "format": "[Gen 9] VGC 2025 Reg G (Bo3)", "players": ["Adam Z", "rishrage"], "rating": null, "private": 0, "password": null}, {"uploadtime": 1743302017, "id": "gen9vgc2025reggbo3-2331006614", "format": "[Gen 9] VGC 2025 Reg G (Bo3)", "players": ["chitoswrld", "keonespirit"], "rating": null, "private": 0, "password": null}, {"uploadtime": 1743301989, "id": "gen9vgc2025reggbo3-2331007196", "format": "[Gen 9] VGC 2025 Reg G (Bo3)", "players": ["lilbigestjake", "alijahforever"], "rating": null, "private": 0, "password": null}, {"uploadtime": 1743301977, "id": "gen9vgc2025reggbo3-2331005348", "format": "[Gen 9] VGC 2025 Reg G (Bo3)", "players": ["lilbigestjake", "alijahforever"], "rating": null, "private": 0, "password": null}, {"uploadtime": 1743301741, "id": "gen9vgc2025reggbo3-2331005126", "format": "[Gen 9] VGC 2025 Reg G (Bo3)", "players": ["Ribbicus", "inacio1305"], "rating": 1025, "private": 0, "password": null}, {"uploadtime": 1743301600, "id": "gen9vgc2025reggbo3-2331003002", "format": "[Gen 9] VGC 2025 Reg G (Bo3)", "players": ["stan marsh", "jompinhans"], "rating": null, "private": 0, "password": null}, {"uploadtime": 1743301466, "id": "gen9vgc2025reggbo3-2331004167", "format": "[Gen 9] VGC 2025 Reg G (Bo3)", "players": ["Etrale", "Gworf"], "rating": 1226, "private": 0, "password": null}, {"uploadtime": 1743301461, "id": "gen9vgc2025reggbo3-2330999520", "format": "[Gen 9] VGC 2025 Reg G (Bo3)", "players": ["chitoswrld", "MrFernMan"], "rating": null, "private": 0, "password": null}, {"uploadtime": 1743301460, "id": "gen9vgc2025reggbo3-2331001905", "format": "[Gen 9] VGC 2025 Reg G (Bo3)", "players": ["Etrale", "Gworf"], "rating": null, "private": 0, "password": null}, {"uploadtime": 1743301453, "id": "gen9vgc2025reggbo3-2330999963", "format": "[Gen 9] VGC 2025 Reg G (Bo3)", "players": ["Etrale", "Gworf"], "rating": null, "private": 0, "password": null}, {"uploadtime": 1743301205, "id": "gen9vgc2025reggbo3-2331001702", "format": "[Gen 9] VGC 2025 Reg G (Bo3)", "players": ["PhilHellmuth.PH", "bigj009"], "rating": 1317, "private": 0, "password": null}, {"uploadtime": 1743301199, "id": "gen9vgc2025reggbo3-2331000290", "format": "[Gen 9] VGC 2025 Reg G (Bo3)", "players": ["PhilHellmuth.PH", "bigj009"], "rating": null, "private": 0, "password": null}, {"uploadtime": 1743301020, "id": "gen9vgc2025reggbo3-2330994931", "format": "[Gen 9] VGC 2025 Reg G (Bo3)", "players": ["VolanR", "izmatti"], "rating": null, "private": 0, "password": null}, {"uploadtime": 1743301006, "id": "gen9vgc2025reggbo3-2330992952", "format": "[Gen 9] VGC 2025 Reg G (Bo3)", "players": ["VolanR", "izmatti"], "rating": null, "private": 0, "password": null}, {"uploadtime": 1743301005, "id": "gen9vgc2025reggbo3-2330999628", "format": "[Gen 9] VGC 2025 Reg G (Bo3)", "players": ["Gigagilbert", "Zessozessozesso"], "rating": 1345, "private": 0, "password": null}]