[{"uploadtime": 1743395173, "id": "gen9vgc2025reggbo3-2331732641", "format": "[Gen 9] VGC 2025 Reg G (Bo3)", "players": ["i am saksham", "Rizosensei"], "rating": null, "private": 0, "password": null}, {"uploadtime": 1743395041, "id": "gen9vgc2025reggbo3-2331733480", "format": "[Gen 9] VGC 2025 Reg G (Bo3)", "players": ["i lost the gc", "Unskilled99"], "rating": 1285, "private": 0, "password": null}, {"uploadtime": 1743395041, "id": "gen9vgc2025reggbo3-2331733368", "format": "[Gen 9] VGC 2025 Reg G (Bo3)", "players": ["ab80", "endK649"], "rating": 1194, "private": 0, "password": null}, {"uploadtime": 1743395041, "id": "gen9vgc2025reggbo3-2331733216", "format": "[Gen 9] VGC 2025 Reg G (Bo3)", "players": ["ultrog", "RICHARDHAVOC"], "rating": null, "private": 0, "password": null}, {"uploadtime": 1743395041, "id": "gen9vgc2025reggbo3-2331733150", "format": "[Gen 9] VGC 2025 Reg G (Bo3)", "players": ["Samm3", "LoomianGuy55"], "rating": 1044, "private": 0, "password": null}, {"uploadtime": 1743395041, "id": "gen9vgc2025reggbo3-2331733075", "format": "[Gen 9] VGC 2025 Reg G (Bo3)", "players": ["Soratami", "Just a Minus"], "rating": 1289, "private": 0, "password": null}, {"uploadtime": 1743395041, "id": "gen9vgc2025reggbo3-2331732949", "format": "[Gen 9] VGC 2025 Reg G (Bo3)", "players": ["SirLoxel", "Makubiku"], "rating": 1045, "private": 0, "password": null}, {"uploadtime": 1743395041, "id": "gen9vgc2025reggbo3-2331732944", "format": "[Gen 9] VGC 2025 Reg G (Bo3)", "players": ["king stump daddy", "moshmakivgc"], "rating": 1212, "private": 0, "password": null}, {"uploadtime": 1743395041, "id": "gen9vgc2025reggbo3-2331732882", "format": "[Gen 9] VGC 2025 Reg G (Bo3)", "players": ["Cheesey027", "I'm sinning"], "rating": null, "private": 0, "password": null}, {"uploadtime": 1743395041, "id": "gen9vgc2025reggbo3-2331732817", "format": "[Gen 9] VGC 2025 Reg G (Bo3)", "players": ["Pikaman21", "poppalovesice"], "rating": null, "private": 0, "password": null}, {"uploadtime": 1743395041, "id": "gen9vgc2025reggbo3-2331732759", "format": "[Gen 9] VGC 2025 Reg G (Bo3)", "players": ["miku snow", "good pov"], "rating": null, "private": 0, "password": null}, {"uploadtime": 1743395041, "id": "gen9vgc2025reggbo3-2331731415", "format": "[Gen 9] VGC 2025 Reg G (Bo3)", "players": ["bmthbiohazard", "supositorio01"], "rating": null, "private": 0, "password": null}, {"uploadtime": 1743394922, "id": "gen9vgc2025reggbo3-2331733694", "format": "[Gen 9] VGC 2025 Reg G (Bo3)", "players": ["luminousazu", "Sarveshsaha29"], "rating": 1085, "private": 0, "password": null}, {"uploadtime": 1743394896, "id": "gen9vgc2025reggbo3-2331732331", "format": "[Gen 9] VGC 2025 Reg G (Bo3)", "players": ["luminousazu", "Sarveshsaha29"], "rating": null, "private": 0, "password": null}, {"uploadtime": 1743394867, "id": "gen9vgc2025reggbo3-2331733042", "format": "[Gen 9] VGC 2025 Reg G (Bo3)", "players": ["victoryyyroadd", "plantscience"], "rating": null, "private": 0, "password": null}, {"uploadtime": 1743394764, "id": "gen9vgc2025reggbo3-2331730874", "format": "[Gen 9] VGC 2025 Reg G (Bo3)", "players": ["luminousazu", "Sarveshsaha29"], "rating": null, "private": 0, "password": null}, {"uploadtime": 1743394764, "id": "gen9vgc2025reggbo3-2331730821", "format": "[Gen 9] VGC 2025 Reg G (Bo3)", "players": ["I_love_danny_green", "mightybofa"], "rating": null, "private": 0, "password": null}, {"uploadtime": 1743394764, "id": "gen9vgc2025reggbo3-2331730743", "format": "[Gen 9] VGC 2025 Reg G (Bo3)", "players": ["i am saksham", "I'm sinning"], "rating": 1213, "private": 0, "password": null}, {"uploadtime": 1743394764, "id": "gen9vgc2025reggbo3-2331730567", "format": "[Gen 9] VGC 2025 Reg G (Bo3)", "players": ["MagoAndroide", "Frankk114"], "rating": null, "private": 0, "password": null}, {"uploadtime": 1743394764, "id": "gen9vgc2025reggbo3-2331729778", "format": "[Gen 9] VGC 2025 Reg G (Bo3)", "players": ["nahkile2000", "sharon0723"], "rating": 1096, "private": 0, "password": null}, {"uploadtime": 1743394720, "id": "gen9vgc2025reggbo3-2331733164", "format": "[Gen 9] VGC 2025 Reg G (Bo3)", "players": ["I_love_danny_green", "waitimplaying"], "rating": null, "private": 0, "password": null}, {"uploadtime": 1743394704, "id": "gen9vgc2025reggbo3-2331729777", "format": "[Gen 9] VGC 2025 Reg G (Bo3)", "players": ["Firefeather57+1", "freshveggies2"], "rating": null, "private": 0, "password": null}, {"uploadtime": 1743394556, "id": "gen9vgc2025reggbo3-2331730155", "format": "[Gen 9] VGC 2025 Reg G (Bo3)", "players": ["victoryyyroadd", "dracozard9"], "rating": 1171, "private": 0, "password": null}, {"uploadtime": 1743394527, "id": "gen9vgc2025reggbo3-2331730615", "format": "[Gen 9] VGC 2025 Reg G (Bo3)", "players": ["Littlenap", "Shirteasy22"], "rating": 1180, "private": 0, "password": null}, {"uploadtime": 1743394488, "id": "gen9vgc2025reggbo3-2331729490", "format": "[Gen 9] VGC 2025 Reg G (Bo3)", "players": ["LocalFoodTank", "CatboyBiologist"], "rating": 1102, "private": 0, "password": null}, {"uploadtime": 1743394488, "id": "gen9vgc2025reggbo3-2331729221", "format": "[Gen 9] VGC 2025 Reg G (Bo3)", "players": ["king stump daddy", "xXBMillsXx7"], "rating": 1169, "private": 0, "password": null}, {"uploadtime": 1743394488, "id": "gen9vgc2025reggbo3-2331729217", "format": "[Gen 9] VGC 2025 Reg G (Bo3)", "players": ["lakeandbake", "waitimplaying"], "rating": null, "private": 0, "password": null}, {"uploadtime": 1743394488, "id": "gen9vgc2025reggbo3-2331728329", "format": "[Gen 9] VGC 2025 Reg G (Bo3)", "players": ["SirLoxel", "Makubiku"], "rating": null, "private": 0, "password": null}, {"uploadtime": 1743394488, "id": "gen9vgc2025reggbo3-2331728081", "format": "[Gen 9] VGC 2025 Reg G (Bo3)", "players": ["kkhutt", "Keemi"], "rating": null, "private": 0, "password": null}, {"uploadtime": 1743394488, "id": "gen9vgc2025reggbo3-2331727718", "format": "[Gen 9] VGC 2025 Reg G (Bo3)", "players": ["Sowoift", "RamenOuO"], "rating": null, "private": 0, "password": null}, {"uploadtime": 1743394488, "id": "gen9vgc2025reggbo3-2331727625", "format": "[Gen 9] VGC 2025 Reg G (Bo3)", "players": ["i am saksham", "Rg67"], "rating": 1182, "private": 0, "password": null}, {"uploadtime": 1743394488, "id": "gen9vgc2025reggbo3-2331727072", "format": "[Gen 9] VGC 2025 Reg G (Bo3)", "players": ["Firefeather57+1", "freshveggies2"], "rating": null, "private": 0, "password": null}, {"uploadtime": 1743394224, "id": "gen9vgc2025reggbo3-2331728921", "format": "[Gen 9] VGC 2025 Reg G (Bo3)", "players": ["Littlenap", "Shirteasy22"], "rating": null, "private": 0, "password": null}, {"uploadtime": 1743394211, "id": "gen9vgc2025reggbo3-2331726034", "format": "[Gen 9] VGC 2025 Reg G (Bo3)", "players": ["Tendent", "AFloofysheep"], "rating": 1103, "private": 0, "password": null}, {"uploadtime": 1743394211, "id": "gen9vgc2025reggbo3-2331725480", "format": "[Gen 9] VGC 2025 Reg G (Bo3)", "players": ["blaisenova1", "Samm3"], "rating": null, "private": 0, "password": null}, {"uploadtime": 1743394210, "id": "gen9vgc2025reggbo3-2331727720", "format": "[Gen 9] VGC 2025 Reg G (Bo3)", "players": ["plantscience", "ultrog"], "rating": 1372, "private": 0, "password": null}, {"uploadtime": 1743394210, "id": "gen9vgc2025reggbo3-2331727337", "format": "[Gen 9] VGC 2025 Reg G (Bo3)", "players": ["CatboyBiologist", "waitimplaying"], "rating": 1118, "private": 0, "password": null}, {"uploadtime": 1743394210, "id": "gen9vgc2025reggbo3-2331727160", "format": "[Gen 9] VGC 2025 Reg G (Bo3)", "players": ["NotTheZodiac", "tanningproblems"], "rating": 1083, "private": 0, "password": null}, {"uploadtime": 1743394210, "id": "gen9vgc2025reggbo3-2331727157", "format": "[Gen 9] VGC 2025 Reg G (Bo3)", "players": ["Vitalis24", "Kinyachta"], "rating": null, "private": 0, "password": null}, {"uploadtime": 1743394210, "id": "gen9vgc2025reggbo3-2331726805", "format": "[Gen 9] VGC 2025 Reg G (Bo3)", "players": ["Idolization Nation", "Grafaiaii"], "rating": null, "private": 0, "password": null}, {"uploadtime": 1743394210, "id": "gen9vgc2025reggbo3-2331726460", "format": "[Gen 9] VGC 2025 Reg G (Bo3)", "players": ["ScV Testing", "road to atlanta"], "rating": null, "private": 0, "password": null}, {"uploadtime": 1743394210, "id": "gen9vgc2025reggbo3-2331726041", "format": "[Gen 9] VGC 2025 Reg G (Bo3)", "players": ["Just a Minus", "moshmakivgc"], "rating": null, "private": 0, "password": null}, {"uploadtime": 1743394157, "id": "gen9vgc2025reggbo3-2331726035", "format": "[Gen 9] VGC 2025 Reg G (Bo3)", "players": ["AlfajoresGame", "dracozard9"], "rating": 1196, "private": 0, "password": null}, {"uploadtime": 1743393976, "id": "gen9vgc2025reggbo3-2331727421", "format": "[Gen 9] VGC 2025 Reg G (Bo3)", "players": ["Littlenap", "Shirteasy22"], "rating": null, "private": 0, "password": null}, {"uploadtime": 1743393626, "id": "gen9vgc2025reggbo3-2331723334", "format": "[Gen 9] VGC 2025 Reg G (Bo3)", "players": ["AlfajoresGame", "dracozard9"], "rating": null, "private": 0, "password": null}, {"uploadtime": 1743393516, "id": "gen9vgc2025reggbo3-2331722841", "format": "[Gen 9] VGC 2025 Reg G (Bo3)", "players": ["Shirteasy22", "phlickyy"], "rating": 1206, "private": 0, "password": null}, {"uploadtime": 1743393504, "id": "gen9vgc2025reggbo3-2331720751", "format": "[Gen 9] VGC 2025 Reg G (Bo3)", "players": ["Shirteasy22", "phlickyy"], "rating": null, "private": 0, "password": null}, {"uploadtime": 1743393209, "id": "gen9vgc2025reggbo3-2331715642", "format": "[Gen 9] VGC 2025 Reg G (Bo3)", "players": ["c_donstans", "cometmore"], "rating": null, "private": 0, "password": null}, {"uploadtime": 1743393191, "id": "gen9vgc2025reggbo3-2331720185", "format": "[Gen 9] VGC 2025 Reg G (Bo3)", "players": ["c_donstans", "cometmore"], "rating": 1057, "private": 0, "password": null}, {"uploadtime": 1743392856, "id": "gen9vgc2025reggbo3-2331718120", "format": "[Gen 9] VGC 2025 Reg G (Bo3)", "players": ["Shirteasy22", "phlickyy"], "rating": null, "private": 0, "password": null}, {"uploadtime": 1743391865, "id": "gen9vgc2025reggbo3-2331711142", "format": "[Gen 9] VGC 2025 Reg G (Bo3)", "players": ["juninho1", "Dmongr"], "rating": null, "private": 0, "password": null}]