[{"uploadtime": 1743331862, "id": "gen9vgc2025reggbo3-2331184626", "format": "[Gen 9] VGC 2025 Reg G (Bo3)", "players": ["RichardTheCompany", "LeonardPlayz"], "rating": null, "private": 0, "password": null}, {"uploadtime": 1743331724, "id": "gen9vgc2025reggbo3-2331184265", "format": "[Gen 9] VGC 2025 Reg G (Bo3)", "players": ["Noimir", "Seany3"], "rating": null, "private": 0, "password": null}, {"uploadtime": 1743331724, "id": "gen9vgc2025reggbo3-2331183467", "format": "[Gen 9] VGC 2025 Reg G (Bo3)", "players": ["boom246", "Earthmeal"], "rating": null, "private": 0, "password": null}, {"uploadtime": 1743331724, "id": "gen9vgc2025reggbo3-2331183214", "format": "[Gen 9] VGC 2025 Reg G (Bo3)", "players": ["patty da god", "TubularInsect"], "rating": null, "private": 0, "password": null}, {"uploadtime": 1743331708, "id": "gen9vgc2025reggbo3-2331186010", "format": "[Gen 9] VGC 2025 Reg G (Bo3)", "players": ["thom16", "Max y Bon"], "rating": 1105, "private": 0, "password": null}, {"uploadtime": 1743331542, "id": "gen9vgc2025reggbo3-2331184696", "format": "[Gen 9] VGC 2025 Reg G (Bo3)", "players": ["astral_ttm", "PhilHellmuth.PH"], "rating": 1293, "private": 0, "password": null}, {"uploadtime": 1743331529, "id": "gen9vgc2025reggbo3-2331184094", "format": "[Gen 9] VGC 2025 Reg G (Bo3)", "players": ["astral_ttm", "PhilHellmuth.PH"], "rating": null, "private": 0, "password": null}, {"uploadtime": 1743331439, "id": "gen9vgc2025reggbo3-2331184394", "format": "[Gen 9] VGC 2025 Reg G (Bo3)", "players": ["juzmar7", "kdogs32"], "rating": 1107, "private": 0, "password": null}, {"uploadtime": 1743331403, "id": "gen9vgc2025reggbo3-2331182984", "format": "[Gen 9] VGC 2025 Reg G (Bo3)", "players": ["juzmar7", "kdogs32"], "rating": null, "private": 0, "password": null}, {"uploadtime": 1743331171, "id": "gen9vgc2025reggbo3-2331179955", "format": "[Gen 9] VGC 2025 Reg G (Bo3)", "players": ["terapagossing", "kk1pper1314"], "rating": null, "private": 0, "password": null}, {"uploadtime": 1743330895, "id": "gen9vgc2025reggbo3-2331180427", "format": "[Gen 9] VGC 2025 Reg G (Bo3)", "players": ["RichardTheCompany", "Shabooboo2200"], "rating": null, "private": 0, "password": null}, {"uploadtime": 1743330895, "id": "gen9vgc2025reggbo3-2331179699", "format": "[Gen 9] VGC 2025 Reg G (Bo3)", "players": ["LeonardPlayz", "MatteoMabl"], "rating": null, "private": 0, "password": null}, {"uploadtime": 1743330895, "id": "gen9vgc2025reggbo3-2331179611", "format": "[Gen 9] VGC 2025 Reg G (Bo3)", "players": ["Stelvius", "Samueljacksonheehe"], "rating": null, "private": 0, "password": null}, {"uploadtime": 1743330895, "id": "gen9vgc2025reggbo3-2331179264", "format": "[Gen 9] VGC 2025 Reg G (Bo3)", "players": ["anythingwww", "elmagosniper"], "rating": null, "private": 0, "password": null}, {"uploadtime": 1743330817, "id": "gen9vgc2025reggbo3-2331181326", "format": "[Gen 9] VGC 2025 Reg G (Bo3)", "players": ["RichardTheCompany", "Shabooboo2200"], "rating": 1097, "private": 0, "password": null}, {"uploadtime": 1743330757, "id": "gen9vgc2025reggbo3-2331179241", "format": "[Gen 9] VGC 2025 Reg G (Bo3)", "players": ["AFKKING_08", "Zen1996-VGC"], "rating": null, "private": 0, "password": null}, {"uploadtime": 1743330618, "id": "gen9vgc2025reggbo3-2331177769", "format": "[Gen 9] VGC 2025 Reg G (Bo3)", "players": ["funnythekani", "Denjer_12"], "rating": null, "private": 0, "password": null}, {"uploadtime": 1743330550, "id": "gen9vgc2025reggbo3-2331179661", "format": "[Gen 9] VGC 2025 Reg G (Bo3)", "players": ["thom16", "ClubTropicanaVGC"], "rating": 1097, "private": 0, "password": null}, {"uploadtime": 1743330524, "id": "gen9vgc2025reggbo3-2331178394", "format": "[Gen 9] VGC 2025 Reg G (Bo3)", "players": ["thom16", "ClubTropicanaVGC"], "rating": null, "private": 0, "password": null}, {"uploadtime": 1743330495, "id": "gen9vgc2025reggbo3-2331176486", "format": "[Gen 9] VGC 2025 Reg G (Bo3)", "players": ["thom16", "ClubTropicanaVGC"], "rating": null, "private": 0, "password": null}, {"uploadtime": 1743330480, "id": "gen9vgc2025reggbo3-2331177943", "format": "[Gen 9] VGC 2025 Reg G (Bo3)", "players": ["itslikewoah", "Hmmmge"], "rating": null, "private": 0, "password": null}, {"uploadtime": 1743330480, "id": "gen9vgc2025reggbo3-2331177659", "format": "[Gen 9] VGC 2025 Reg G (Bo3)", "players": ["elmagosniper", "Kikiolio"], "rating": 1072, "private": 0, "password": null}, {"uploadtime": 1743330462, "id": "gen9vgc2025reggbo3-2331178689", "format": "[Gen 9] VGC 2025 Reg G (Bo3)", "players": ["RichardTheCompany", "Shabooboo2200"], "rating": null, "private": 0, "password": null}, {"uploadtime": 1743330439, "id": "gen9vgc2025reggbo3-2331178969", "format": "[Gen 9] VGC 2025 Reg G (Bo3)", "players": ["11thRegHAccount", "capworl"], "rating": 1212, "private": 0, "password": null}, {"uploadtime": 1743330436, "id": "gen9vgc2025reggbo3-2331177767", "format": "[Gen 9] VGC 2025 Reg G (Bo3)", "players": ["11thRegHAccount", "capworl"], "rating": null, "private": 0, "password": null}, {"uploadtime": 1743330342, "id": "gen9vgc2025reggbo3-2331177703", "format": "[Gen 9] VGC 2025 Reg G (Bo3)", "players": ["greasyflamingo34", "caterqu2"], "rating": null, "private": 0, "password": null}, {"uploadtime": 1743330342, "id": "gen9vgc2025reggbo3-2331176847", "format": "[Gen 9] VGC 2025 Reg G (Bo3)", "players": ["itslikewoah", "Hmmmge"], "rating": null, "private": 0, "password": null}, {"uploadtime": 1743330342, "id": "gen9vgc2025reggbo3-2331176372", "format": "[Gen 9] VGC 2025 Reg G (Bo3)", "players": ["Bowdydee", "ushitsune"], "rating": null, "private": 0, "password": null}, {"uploadtime": 1743330342, "id": "gen9vgc2025reggbo3-2331176239", "format": "[Gen 9] VGC 2025 Reg G (Bo3)", "players": ["fili53", "Necrozma1996"], "rating": null, "private": 0, "password": null}, {"uploadtime": 1743330262, "id": "gen9vgc2025reggbo3-2331177742", "format": "[Gen 9] VGC 2025 Reg G (Bo3)", "players": ["fili53", "Necrozma1996"], "rating": 1392, "private": 0, "password": null}, {"uploadtime": 1743330204, "id": "gen9vgc2025reggbo3-2331176911", "format": "[Gen 9] VGC 2025 Reg G (Bo3)", "players": ["babytronfan420", "AustraLENvgc"], "rating": 1295, "private": 0, "password": null}, {"uploadtime": 1743330204, "id": "gen9vgc2025reggbo3-2331176735", "format": "[Gen 9] VGC 2025 Reg G (Bo3)", "players": ["Zen1996-VGC", "gyaradostyranitar"], "rating": null, "private": 0, "password": null}, {"uploadtime": 1743330065, "id": "gen9vgc2025reggbo3-2331175754", "format": "[Gen 9] VGC 2025 Reg G (Bo3)", "players": ["Rafastarr", "capworl"], "rating": null, "private": 0, "password": null}, {"uploadtime": 1743330065, "id": "gen9vgc2025reggbo3-2331175090", "format": "[Gen 9] VGC 2025 Reg G (Bo3)", "players": ["Bowdydee", "ushitsune"], "rating": null, "private": 0, "password": null}, {"uploadtime": 1743330065, "id": "gen9vgc2025reggbo3-2331174253", "format": "[Gen 9] VGC 2025 Reg G (Bo3)", "players": ["MaeveOG", "wopenheimer alt"], "rating": null, "private": 0, "password": null}, {"uploadtime": 1743329947, "id": "gen9vgc2025reggbo3-2331175747", "format": "[Gen 9] VGC 2025 Reg G (Bo3)", "players": ["greasyflamingo34", "caterqu2"], "rating": null, "private": 0, "password": null}, {"uploadtime": 1743329927, "id": "gen9vgc2025reggbo3-2331174994", "format": "[Gen 9] VGC 2025 Reg G (Bo3)", "players": ["Panflex00", "shinjihirako230"], "rating": 1021, "private": 0, "password": null}, {"uploadtime": 1743329927, "id": "gen9vgc2025reggbo3-2331174937", "format": "[Gen 9] VGC 2025 Reg G (Bo3)", "players": ["Rafastarr", "capworl"], "rating": null, "private": 0, "password": null}, {"uploadtime": 1743329700, "id": "gen9vgc2025reggbo3-2331174759", "format": "[Gen 9] VGC 2025 Reg G (Bo3)", "players": ["ClubTropicanaVGC", "kerzz49"], "rating": 1216, "private": 0, "password": null}, {"uploadtime": 1743329651, "id": "gen9vgc2025reggbo3-2331173614", "format": "[Gen 9] VGC 2025 Reg G (Bo3)", "players": ["capworl", "NuovoSangue"], "rating": null, "private": 0, "password": null}, {"uploadtime": 1743329651, "id": "gen9vgc2025reggbo3-2331173362", "format": "[Gen 9] VGC 2025 Reg G (Bo3)", "players": ["jamirolol", "calciumnyl"], "rating": null, "private": 0, "password": null}, {"uploadtime": 1743329513, "id": "gen9vgc2025reggbo3-2331172730", "format": "[Gen 9] VGC 2025 Reg G (Bo3)", "players": ["Sarveshsaha29", "deadly bommer"], "rating": null, "private": 0, "password": null}, {"uploadtime": 1743329513, "id": "gen9vgc2025reggbo3-2331172602", "format": "[Gen 9] VGC 2025 Reg G (Bo3)", "players": ["wopenheimer alt", "Asmodeo666"], "rating": 1207, "private": 0, "password": null}, {"uploadtime": 1743329513, "id": "gen9vgc2025reggbo3-2331172426", "format": "[Gen 9] VGC 2025 Reg G (Bo3)", "players": ["jamirolol", "calciumnyl"], "rating": null, "private": 0, "password": null}, {"uploadtime": 1743329513, "id": "gen9vgc2025reggbo3-2331172016", "format": "[Gen 9] VGC 2025 Reg G (Bo3)", "players": ["capworl", "NuovoSangue"], "rating": null, "private": 0, "password": null}, {"uploadtime": 1743329513, "id": "gen9vgc2025reggbo3-2331171927", "format": "[Gen 9] VGC 2025 Reg G (Bo3)", "players": ["bookoh", "ushitsune"], "rating": null, "private": 0, "password": null}, {"uploadtime": 1743329474, "id": "gen9vgc2025reggbo3-2331174383", "format": "[Gen 9] VGC 2025 Reg G (Bo3)", "players": ["greasyflamingo34", "Aimar15"], "rating": null, "private": 0, "password": null}, {"uploadtime": 1743329375, "id": "gen9vgc2025reggbo3-2331171783", "format": "[Gen 9] VGC 2025 Reg G (Bo3)", "players": ["funnythekani", "Realkanegduaji"], "rating": null, "private": 0, "password": null}, {"uploadtime": 1743329375, "id": "gen9vgc2025reggbo3-2331171670", "format": "[Gen 9] VGC 2025 Reg G (Bo3)", "players": ["KissMyAsthma416", "somarjo23"], "rating": null, "private": 0, "password": null}, {"uploadtime": 1743329371, "id": "gen9vgc2025reggbo3-2331172812", "format": "[Gen 9] VGC 2025 Reg G (Bo3)", "players": ["ClubTropicanaVGC", "kerzz49"], "rating": null, "private": 0, "password": null}, {"uploadtime": 1743329305, "id": "gen9vgc2025reggbo3-2331173105", "format": "[Gen 9] VGC 2025 Reg G (Bo3)", "players": ["rrrttrbbbbf", "greasyflamingo34"], "rating": 1000, "private": 0, "password": null}]