[{"uploadtime": 1743238030, "id": "gen9vgc2025reggbo3-2330487059", "format": "[Gen 9] VGC 2025 Reg G (Bo3)", "players": ["enyelvgc", "Lass Momo"], "rating": null, "private": 0, "password": null}, {"uploadtime": 1743238030, "id": "gen9vgc2025reggbo3-2330486810", "format": "[Gen 9] VGC 2025 Reg G (Bo3)", "players": ["Hikaru_VT1", "alexit93"], "rating": null, "private": 0, "password": null}, {"uploadtime": 1743237892, "id": "gen9vgc2025reggbo3-2330487234", "format": "[Gen 9] VGC 2025 Reg G (Bo3)", "players": ["mason9283", "HAVEATYOU"], "rating": 1084, "private": 0, "password": null}, {"uploadtime": 1743237892, "id": "gen9vgc2025reggbo3-2330486937", "format": "[Gen 9] VGC 2025 Reg G (Bo3)", "players": ["jonen", "exinmianVGC"], "rating": null, "private": 0, "password": null}, {"uploadtime": 1743237892, "id": "gen9vgc2025reggbo3-2330486618", "format": "[Gen 9] VGC 2025 Reg G (Bo3)", "players": ["Big-Wx", "rollokandi"], "rating": null, "private": 0, "password": null}, {"uploadtime": 1743237891, "id": "gen9vgc2025reggbo3-2330486998", "format": "[Gen 9] VGC 2025 Reg G (Bo3)", "players": ["caidaf", "ActualIZANdo"], "rating": null, "private": 0, "password": null}, {"uploadtime": 1743237753, "id": "gen9vgc2025reggbo3-2330486247", "format": "[Gen 9] VGC 2025 Reg G (Bo3)", "players": ["funnythekani", "Harshus"], "rating": null, "private": 0, "password": null}, {"uploadtime": 1743237615, "id": "gen9vgc2025reggbo3-2330485750", "format": "[Gen 9] VGC 2025 Reg G (Bo3)", "players": ["ushitsune", "Lass Momo"], "rating": null, "private": 0, "password": null}, {"uploadtime": 1743237615, "id": "gen9vgc2025reggbo3-2330485656", "format": "[Gen 9] VGC 2025 Reg G (Bo3)", "players": ["Big-Wx", "rollokandi"], "rating": null, "private": 0, "password": null}, {"uploadtime": 1743237477, "id": "gen9vgc2025reggbo3-2330485257", "format": "[Gen 9] VGC 2025 Reg G (Bo3)", "players": ["biglivingorganism", "GielBakker"], "rating": null, "private": 0, "password": null}, {"uploadtime": 1743237477, "id": "gen9vgc2025reggbo3-2330484672", "format": "[Gen 9] VGC 2025 Reg G (Bo3)", "players": ["amorpokemon12!", "Hikaru_VT1"], "rating": null, "private": 0, "password": null}, {"uploadtime": 1743237339, "id": "gen9vgc2025reggbo3-2330483981", "format": "[Gen 9] VGC 2025 Reg G (Bo3)", "players": ["biglivingorganism", "GielBakker"], "rating": null, "private": 0, "password": null}, {"uploadtime": 1743237200, "id": "gen9vgc2025reggbo3-2330483311", "format": "[Gen 9] VGC 2025 Reg G (Bo3)", "players": ["amorpokemon12!", "Hikaru_VT1"], "rating": null, "private": 0, "password": null}, {"uploadtime": 1743237079, "id": "gen9vgc2025reggbo3-2330483953", "format": "[Gen 9] VGC 2025 Reg G (Bo3)", "players": ["theboginator", "FDM"], "rating": 1098, "private": 0, "password": null}, {"uploadtime": 1743237062, "id": "gen9vgc2025reggbo3-2330483476", "format": "[Gen 9] VGC 2025 Reg G (Bo3)", "players": ["ice spice rider", "sirwilliamssb"], "rating": 1243, "private": 0, "password": null}, {"uploadtime": 1743236924, "id": "gen9vgc2025reggbo3-2330482926", "format": "[Gen 9] VGC 2025 Reg G (Bo3)", "players": ["Jeisdiek", "bmursalunafan96"], "rating": null, "private": 0, "password": null}, {"uploadtime": 1743236785, "id": "gen9vgc2025reggbo3-2330482183", "format": "[Gen 9] VGC 2025 Reg G (Bo3)", "players": ["Scythekatana", "Dryynvgc"], "rating": null, "private": 0, "password": null}, {"uploadtime": 1743236785, "id": "gen9vgc2025reggbo3-2330482138", "format": "[Gen 9] VGC 2025 Reg G (Bo3)", "players": ["mason9283", "Jwwt"], "rating": null, "private": 0, "password": null}, {"uploadtime": 1743236715, "id": "gen9vgc2025reggbo3-2330482724", "format": "[Gen 9] VGC 2025 Reg G (Bo3)", "players": ["theboginator", "FDM"], "rating": null, "private": 0, "password": null}, {"uploadtime": 1743236647, "id": "gen9vgc2025reggbo3-2330481658", "format": "[Gen 9] VGC 2025 Reg G (Bo3)", "players": ["Big-Wx", "amorpokemon12!"], "rating": null, "private": 0, "password": null}, {"uploadtime": 1743236647, "id": "gen9vgc2025reggbo3-2330481451", "format": "[Gen 9] VGC 2025 Reg G (Bo3)", "players": ["sam litwicky", "javivaarela"], "rating": null, "private": 0, "password": null}, {"uploadtime": 1743236647, "id": "gen9vgc2025reggbo3-2330480723", "format": "[Gen 9] VGC 2025 Reg G (Bo3)", "players": ["Bobbo1", "Bobbo2"], "rating": null, "private": 0, "password": null}, {"uploadtime": 1743236647, "id": "gen9vgc2025reggbo3-2330480553", "format": "[Gen 9] VGC 2025 Reg G (Bo3)", "players": ["jonen", "Robear641"], "rating": null, "private": 0, "password": null}, {"uploadtime": 1743236647, "id": "gen9vgc2025reggbo3-2330480246", "format": "[Gen 9] VGC 2025 Reg G (Bo3)", "players": ["ice spice rider", "AngrrryGuy"], "rating": null, "private": 0, "password": null}, {"uploadtime": 1743236509, "id": "gen9vgc2025reggbo3-2330480924", "format": "[Gen 9] VGC 2025 Reg G (Bo3)", "players": ["Dryynvgc", "owbfix"], "rating": 1001, "private": 0, "password": null}, {"uploadtime": 1743236509, "id": "gen9vgc2025reggbo3-2330480210", "format": "[Gen 9] VGC 2025 Reg G (Bo3)", "players": ["solidserpent001", "pikabolz4848"], "rating": 1072, "private": 0, "password": null}, {"uploadtime": 1743236509, "id": "gen9vgc2025reggbo3-2330479960", "format": "[Gen 9] VGC 2025 Reg G (Bo3)", "players": ["Big-Wx", "amorpokemon12!"], "rating": null, "private": 0, "password": null}, {"uploadtime": 1743236509, "id": "gen9vgc2025reggbo3-2330479506", "format": "[Gen 9] VGC 2025 Reg G (Bo3)", "players": ["ThorGodOfGoats", "Scythekatana"], "rating": null, "private": 0, "password": null}, {"uploadtime": 1743236370, "id": "gen9vgc2025reggbo3-2330479673", "format": "[Gen 9] VGC 2025 Reg G (Bo3)", "players": ["GRE5", "LukarioVGC"], "rating": null, "private": 0, "password": null}, {"uploadtime": 1743236326, "id": "gen9vgc2025reggbo3-2330480722", "format": "[Gen 9] VGC 2025 Reg G (Bo3)", "players": ["vitthal.inani", "dalphaaa"], "rating": 1012, "private": 0, "password": null}, {"uploadtime": 1743236318, "id": "gen9vgc2025reggbo3-2330479595", "format": "[Gen 9] VGC 2025 Reg G (Bo3)", "players": ["vitthal.inani", "dalphaaa"], "rating": null, "private": 0, "password": null}, {"uploadtime": 1743236294, "id": "gen9vgc2025reggbo3-2330478154", "format": "[Gen 9] VGC 2025 Reg G (Bo3)", "players": ["vitthal.inani", "dalphaaa"], "rating": null, "private": 0, "password": null}, {"uploadtime": 1743236232, "id": "gen9vgc2025reggbo3-2330479707", "format": "[Gen 9] VGC 2025 Reg G (Bo3)", "players": ["GG=Groudon Gaming", "Just a Minus"], "rating": null, "private": 0, "password": null}, {"uploadtime": 1743236232, "id": "gen9vgc2025reggbo3-2330479457", "format": "[Gen 9] VGC 2025 Reg G (Bo3)", "players": ["ALadk", "sam litwicky"], "rating": null, "private": 0, "password": null}, {"uploadtime": 1743236090, "id": "gen9vgc2025reggbo3-2330478402", "format": "[Gen 9] VGC 2025 Reg G (Bo3)", "players": ["Tubig Baha", "wolffetrooper"], "rating": null, "private": 0, "password": null}, {"uploadtime": 1743235810, "id": "gen9vgc2025reggbo3-2330478025", "format": "[Gen 9] VGC 2025 Reg G (Bo3)", "players": ["Hikaru_VT1", "MrsKeishah"], "rating": 1157, "private": 0, "password": null}, {"uploadtime": 1743235810, "id": "gen9vgc2025reggbo3-2330477869", "format": "[Gen 9] VGC 2025 Reg G (Bo3)", "players": ["pikabolz4848", "Scythekatana"], "rating": 1014, "private": 0, "password": null}, {"uploadtime": 1743235810, "id": "gen9vgc2025reggbo3-2330477761", "format": "[Gen 9] VGC 2025 Reg G (Bo3)", "players": ["ushitsune", "ALadk"], "rating": null, "private": 0, "password": null}, {"uploadtime": 1743235810, "id": "gen9vgc2025reggbo3-2330477504", "format": "[Gen 9] VGC 2025 Reg G (Bo3)", "players": ["egam3", "1anzo21"], "rating": null, "private": 0, "password": null}, {"uploadtime": 1743235810, "id": "gen9vgc2025reggbo3-2330477441", "format": "[Gen 9] VGC 2025 Reg G (Bo3)", "players": ["Bobbo1", "Bobbo2"], "rating": null, "private": 0, "password": null}, {"uploadtime": 1743235810, "id": "gen9vgc2025reggbo3-2330476908", "format": "[Gen 9] VGC 2025 Reg G (Bo3)", "players": ["Tubig Baha", "wolffetrooper"], "rating": null, "private": 0, "password": null}, {"uploadtime": 1743235810, "id": "gen9vgc2025reggbo3-2330476687", "format": "[Gen 9] VGC 2025 Reg G (Bo3)", "players": ["acarovgc", "FireRedzzz"], "rating": null, "private": 0, "password": null}, {"uploadtime": 1743235452, "id": "gen9vgc2025reggbo3-2330476945", "format": "[Gen 9] VGC 2025 Reg G (Bo3)", "players": ["ALadk", "soul_slayer_10293"], "rating": 1117, "private": 0, "password": null}, {"uploadtime": 1743235374, "id": "gen9vgc2025reggbo3-2330475635", "format": "[Gen 9] VGC 2025 Reg G (Bo3)", "players": ["Alecat", "jrojas"], "rating": null, "private": 0, "password": null}, {"uploadtime": 1743235306, "id": "gen9vgc2025reggbo3-2330475783", "format": "[Gen 9] VGC 2025 Reg G (Bo3)", "players": ["the creeator", "FDM"], "rating": 1028, "private": 0, "password": null}, {"uploadtime": 1743235304, "id": "gen9vgc2025reggbo3-2330474720", "format": "[Gen 9] VGC 2025 Reg G (Bo3)", "players": ["the creeator", "FDM"], "rating": null, "private": 0, "password": null}, {"uploadtime": 1743235076, "id": "gen9vgc2025reggbo3-2330475450", "format": "[Gen 9] VGC 2025 Reg G (Bo3)", "players": ["Brazocrew", "andrezlevy"], "rating": 1215, "private": 0, "password": null}, {"uploadtime": 1743235063, "id": "gen9vgc2025reggbo3-2330474584", "format": "[Gen 9] VGC 2025 Reg G (Bo3)", "players": ["Brazocrew", "andrezlevy"], "rating": null, "private": 0, "password": null}, {"uploadtime": 1743235042, "id": "gen9vgc2025reggbo3-2330473367", "format": "[Gen 9] VGC 2025 Reg G (Bo3)", "players": ["Brazocrew", "andrezlevy"], "rating": null, "private": 0, "password": null}, {"uploadtime": 1743234397, "id": "gen9vgc2025reggbo3-2330472167", "format": "[Gen 9] VGC 2025 Reg G (Bo3)", "players": ["LeonardPlayz", "GG=Groudon Gaming"], "rating": 1157, "private": 0, "password": null}, {"uploadtime": 1743234131, "id": "gen9vgc2025reggbo3-2330469361", "format": "[Gen 9] VGC 2025 Reg G (Bo3)", "players": ["raucho", "kamewo"], "rating": null, "private": 0, "password": null}]