[{"uploadtime": 1743264601, "id": "gen9vgc2025reggbo3-2330664694", "format": "[Gen 9] VGC 2025 Reg G (Bo3)", "players": ["Frozen Miind", "gyaradostyranitar"], "rating": null, "private": 0, "password": null}, {"uploadtime": 1743264594, "id": "gen9vgc2025reggbo3-2330664423", "format": "[Gen 9] VGC 2025 Reg G (Bo3)", "players": ["goodterminator", "RticT"], "rating": null, "private": 0, "password": null}, {"uploadtime": 1743264552, "id": "gen9vgc2025reggbo3-2330667479", "format": "[Gen 9] VGC 2025 Reg G (Bo3)", "players": ["Insertable194", "KaguyaFalls"], "rating": null, "private": 0, "password": null}, {"uploadtime": 1743264499, "id": "gen9vgc2025reggbo3-2330665431", "format": "[Gen 9] VGC 2025 Reg G (Bo3)", "players": ["Insertable194", "KaguyaFalls"], "rating": null, "private": 0, "password": null}, {"uploadtime": 1743264462, "id": "gen9vgc2025reggbo3-2330665713", "format": "[Gen 9] VGC 2025 Reg G (Bo3)", "players": ["JammVGC", "Snacqk"], "rating": null, "private": 0, "password": null}, {"uploadtime": 1743264462, "id": "gen9vgc2025reggbo3-2330665389", "format": "[Gen 9] VGC 2025 Reg G (Bo3)", "players": ["Eternatususususu", "josh4president"], "rating": null, "private": 0, "password": null}, {"uploadtime": 1743264462, "id": "gen9vgc2025reggbo3-2330663966", "format": "[Gen 9] VGC 2025 Reg G (Bo3)", "players": ["KissMyAsthma416", "somarjo23"], "rating": null, "private": 0, "password": null}, {"uploadtime": 1743264411, "id": "gen9vgc2025reggbo3-2330665709", "format": "[Gen 9] VGC 2025 Reg G (Bo3)", "players": ["Orange_tier", "pwendolyn"], "rating": null, "private": 0, "password": null}, {"uploadtime": 1743264020, "id": "gen9vgc2025reggbo3-2330653939", "format": "[Gen 9] VGC 2025 Reg G (Bo3)", "players": ["FireRedzzz", "Adroqk"], "rating": null, "private": 0, "password": null}, {"uploadtime": 1743263998, "id": "gen9vgc2025reggbo3-2330656998", "format": "[Gen 9] VGC 2025 Reg G (Bo3)", "players": ["FireRedzzz", "Adroqk"], "rating": null, "private": 0, "password": null}, {"uploadtime": 1743263991, "id": "gen9vgc2025reggbo3-2330660258", "format": "[Gen 9] VGC 2025 Reg G (Bo3)", "players": ["FireRedzzz", "Adroqk"], "rating": 1314, "private": 0, "password": null}, {"uploadtime": 1743263709, "id": "gen9vgc2025reggbo3-2330659371", "format": "[Gen 9] VGC 2025 Reg G (Bo3)", "players": ["quy1001", "hexagonfoot"], "rating": 1166, "private": 0, "password": null}, {"uploadtime": 1743263704, "id": "gen9vgc2025reggbo3-2330657437", "format": "[Gen 9] VGC 2025 Reg G (Bo3)", "players": ["quy1001", "hexagonfoot"], "rating": null, "private": 0, "password": null}, {"uploadtime": 1743263633, "id": "gen9vgc2025reggbo3-2330655540", "format": "[Gen 9] VGC 2025 Reg G (Bo3)", "players": ["quy1001", "hexagonfoot"], "rating": null, "private": 0, "password": null}, {"uploadtime": 1743263384, "id": "gen9vgc2025reggbo3-2330656274", "format": "[Gen 9] VGC 2025 Reg G (Bo3)", "players": ["FDM", "torkemada73"], "rating": 1186, "private": 0, "password": null}, {"uploadtime": 1743263380, "id": "gen9vgc2025reggbo3-2330653954", "format": "[Gen 9] VGC 2025 Reg G (Bo3)", "players": ["FDM", "torkemada73"], "rating": null, "private": 0, "password": null}, {"uploadtime": 1743263377, "id": "gen9vgc2025reggbo3-2330651518", "format": "[Gen 9] VGC 2025 Reg G (Bo3)", "players": ["FDM", "torkemada73"], "rating": null, "private": 0, "password": null}, {"uploadtime": 1743262917, "id": "gen9vgc2025reggbo3-2330650106", "format": "[Gen 9] VGC 2025 Reg G (Bo3)", "players": ["maddokyoma", "Tpshame"], "rating": null, "private": 0, "password": null}, {"uploadtime": 1743262849, "id": "gen9vgc2025reggbo3-2330651672", "format": "[Gen 9] VGC 2025 Reg G (Bo3)", "players": ["noya shiba", "AzaleaAkariVT"], "rating": 1088, "private": 0, "password": null}, {"uploadtime": 1743262832, "id": "gen9vgc2025reggbo3-2330649023", "format": "[Gen 9] VGC 2025 Reg G (Bo3)", "players": ["noya shiba", "AzaleaAkariVT"], "rating": null, "private": 0, "password": null}, {"uploadtime": 1743262752, "id": "gen9vgc2025reggbo3-2330651513", "format": "[Gen 9] VGC 2025 Reg G (Bo3)", "players": ["Gcdfgfd", "VictorbrineCassini"], "rating": 1023, "private": 0, "password": null}, {"uploadtime": 1743262752, "id": "gen9vgc2025reggbo3-2330649555", "format": "[Gen 9] VGC 2025 Reg G (Bo3)", "players": ["diego 4731", "HunterOnShowdown"], "rating": null, "private": 0, "password": null}, {"uploadtime": 1743262593, "id": "gen9vgc2025reggbo3-2330649745", "format": "[Gen 9] VGC 2025 Reg G (Bo3)", "players": ["TCampVGC", "nagiyi"], "rating": null, "private": 0, "password": null}, {"uploadtime": 1743262567, "id": "gen9vgc2025reggbo3-2330648300", "format": "[Gen 9] VGC 2025 Reg G (Bo3)", "players": ["TCampVGC", "nagiyi"], "rating": null, "private": 0, "password": null}, {"uploadtime": 1743262468, "id": "gen9vgc2025reggbo3-2330647025", "format": "[Gen 9] VGC 2025 Reg G (Bo3)", "players": ["stan marsh", "caterleigh"], "rating": null, "private": 0, "password": null}, {"uploadtime": 1743262468, "id": "gen9vgc2025reggbo3-2330645340", "format": "[Gen 9] VGC 2025 Reg G (Bo3)", "players": ["Aizenora", "twavewhimsicott"], "rating": null, "private": 0, "password": null}, {"uploadtime": 1743262357, "id": "gen9vgc2025reggbo3-2330647624", "format": "[Gen 9] VGC 2025 Reg G (Bo3)", "players": ["MarTekk", "VictorbrineCassini"], "rating": 1017, "private": 0, "password": null}, {"uploadtime": 1743262349, "id": "gen9vgc2025reggbo3-2330644025", "format": "[Gen 9] VGC 2025 Reg G (Bo3)", "players": ["MarTekk", "VictorbrineCassini"], "rating": null, "private": 0, "password": null}, {"uploadtime": 1743262325, "id": "gen9vgc2025reggbo3-2330646005", "format": "[Gen 9] VGC 2025 Reg G (Bo3)", "players": ["stan marsh", "caterleigh"], "rating": null, "private": 0, "password": null}, {"uploadtime": 1743262325, "id": "gen9vgc2025reggbo3-2330645477", "format": "[Gen 9] VGC 2025 Reg G (Bo3)", "players": ["maddokyoma", "Drogaplut003"], "rating": null, "private": 0, "password": null}, {"uploadtime": 1743262325, "id": "gen9vgc2025reggbo3-2330644162", "format": "[Gen 9] VGC 2025 Reg G (Bo3)", "players": ["PodLooper", "pedrobosta"], "rating": null, "private": 0, "password": null}, {"uploadtime": 1743262190, "id": "gen9vgc2025reggbo3-2330644781", "format": "[Gen 9] VGC 2025 Reg G (Bo3)", "players": ["Azur_Elf", "wxtermelxxxn"], "rating": null, "private": 0, "password": null}, {"uploadtime": 1743262183, "id": "gen9vgc2025reggbo3-2330643899", "format": "[Gen 9] VGC 2025 Reg G (Bo3)", "players": ["maddokyoma", "Drogaplut003"], "rating": null, "private": 0, "password": null}, {"uploadtime": 1743262112, "id": "gen9vgc2025reggbo3-2330645344", "format": "[Gen 9] VGC 2025 Reg G (Bo3)", "players": ["dikvandijk", "kroesvgc"], "rating": null, "private": 0, "password": null}, {"uploadtime": 1743262003, "id": "gen9vgc2025reggbo3-2330642709", "format": "[Gen 9] VGC 2025 Reg G (Bo3)", "players": ["henryyy158", "Mortipherus"], "rating": null, "private": 0, "password": null}, {"uploadtime": 1743261988, "id": "gen9vgc2025reggbo3-2330640349", "format": "[Gen 9] VGC 2025 Reg G (Bo3)", "players": ["henryyy158", "Mortipherus"], "rating": null, "private": 0, "password": null}, {"uploadtime": 1743261898, "id": "gen9vgc2025reggbo3-2330640321", "format": "[Gen 9] VGC 2025 Reg G (Bo3)", "players": ["funnythekani", "Harshus"], "rating": null, "private": 0, "password": null}, {"uploadtime": 1743261898, "id": "gen9vgc2025reggbo3-2330638865", "format": "[Gen 9] VGC 2025 Reg G (Bo3)", "players": ["Giom92", "bmthbiohazard"], "rating": null, "private": 0, "password": null}, {"uploadtime": 1743261897, "id": "gen9vgc2025reggbo3-2330640566", "format": "[Gen 9] VGC 2025 Reg G (Bo3)", "players": ["PodLooper", "pedrobosta"], "rating": null, "private": 0, "password": null}, {"uploadtime": 1743261869, "id": "gen9vgc2025reggbo3-2330642276", "format": "[Gen 9] VGC 2025 Reg G (Bo3)", "players": ["Junseville", "Azur_Elf"], "rating": 1275, "private": 0, "password": null}, {"uploadtime": 1743261767, "id": "gen9vgc2025reggbo3-2330636372", "format": "[Gen 9] VGC 2025 Reg G (Bo3)", "players": ["MyBatWork", "sazar saifi"], "rating": null, "private": 0, "password": null}, {"uploadtime": 1743261700, "id": "gen9vgc2025reggbo3-2330640913", "format": "[Gen 9] VGC 2025 Reg G (Bo3)", "players": ["Minicrack", "KingDom1992"], "rating": 1206, "private": 0, "password": null}, {"uploadtime": 1743261681, "id": "gen9vgc2025reggbo3-2330638290", "format": "[Gen 9] VGC 2025 Reg G (Bo3)", "players": ["Minicrack", "KingDom1992"], "rating": null, "private": 0, "password": null}, {"uploadtime": 1743261639, "id": "gen9vgc2025reggbo3-2330638304", "format": "[Gen 9] VGC 2025 Reg G (Bo3)", "players": ["VictorbrineCassini", "Googie06"], "rating": 1029, "private": 0, "password": null}, {"uploadtime": 1743261631, "id": "gen9vgc2025reggbo3-2330635525", "format": "[Gen 9] VGC 2025 Reg G (Bo3)", "players": ["VictorbrineCassini", "Googie06"], "rating": null, "private": 0, "password": null}, {"uploadtime": 1743261613, "id": "gen9vgc2025reggbo3-2330637052", "format": "[Gen 9] VGC 2025 Reg G (Bo3)", "players": ["funnythekani", "Harshus"], "rating": null, "private": 0, "password": null}, {"uploadtime": 1743261595, "id": "gen9vgc2025reggbo3-2330639955", "format": "[Gen 9] VGC 2025 Reg G (Bo3)", "players": ["Junseville", "Azur_Elf"], "rating": null, "private": 0, "password": null}, {"uploadtime": 1743261539, "id": "gen9vgc2025reggbo3-2330639124", "format": "[Gen 9] VGC 2025 Reg G (Bo3)", "players": ["szilagyigyuszi", "Insertable194"], "rating": 1549, "private": 0, "password": null}, {"uploadtime": 1743261488, "id": "gen9vgc2025reggbo3-2330636198", "format": "[Gen 9] VGC 2025 Reg G (Bo3)", "players": ["szilagyigyuszi", "Insertable194"], "rating": null, "private": 0, "password": null}, {"uploadtime": 1743261470, "id": "gen9vgc2025reggbo3-2330638606", "format": "[Gen 9] VGC 2025 Reg G (Bo3)", "players": ["KissMyAsthma416", "somarjo23"], "rating": null, "private": 0, "password": null}, {"uploadtime": 1743261470, "id": "gen9vgc2025reggbo3-2330637835", "format": "[Gen 9] VGC 2025 Reg G (Bo3)", "players": ["szilagyigyuszi", "Insertable194"], "rating": null, "private": 0, "password": null}]