[{"uploadtime": 1743438497, "id": "gen9vgc2025reggbo3-2332077241", "format": "[Gen 9] VGC 2025 Reg G (Bo3)", "players": ["koiseyo otome", "Isthisreallifeman"], "rating": null, "private": 0, "password": null}, {"uploadtime": 1743438455, "id": "gen9vgc2025reggbo3-2332076710", "format": "[Gen 9] VGC 2025 Reg G (Bo3)", "players": ["rainyshrimpyy", "NoNeedForGravity"], "rating": null, "private": 0, "password": null}, {"uploadtime": 1743438445, "id": "gen9vgc2025reggbo3-2332076916", "format": "[Gen 9] VGC 2025 Reg G (Bo3)", "players": ["MobiusVGC", "noahguyvgc"], "rating": 1326, "private": 0, "password": null}, {"uploadtime": 1743438442, "id": "gen9vgc2025reggbo3-2332074821", "format": "[Gen 9] VGC 2025 Reg G (Bo3)", "players": ["MobiusVGC", "noahguyvgc"], "rating": null, "private": 0, "password": null}, {"uploadtime": 1743438399, "id": "gen9vgc2025reggbo3-2332071935", "format": "[Gen 9] VGC 2025 Reg G (Bo3)", "players": ["Cheesey027", "colonelween"], "rating": null, "private": 0, "password": null}, {"uploadtime": 1743438386, "id": "gen9vgc2025reggbo3-2332073633", "format": "[Gen 9] VGC 2025 Reg G (Bo3)", "players": ["Novacast", "BundleUpItsCold"], "rating": 1481, "private": 0, "password": null}, {"uploadtime": 1743438380, "id": "gen9vgc2025reggbo3-2332071674", "format": "[Gen 9] VGC 2025 Reg G (Bo3)", "players": ["Novacast", "BundleUpItsCold"], "rating": null, "private": 0, "password": null}, {"uploadtime": 1743438376, "id": "gen9vgc2025reggbo3-2332069853", "format": "[Gen 9] VGC 2025 Reg G (Bo3)", "players": ["Novacast", "BundleUpItsCold"], "rating": null, "private": 0, "password": null}, {"uploadtime": 1743438365, "id": "gen9vgc2025reggbo3-2332075939", "format": "[Gen 9] VGC 2025 Reg G (Bo3)", "players": ["Atrix MJ", "Junseville"], "rating": 1346, "private": 0, "password": null}, {"uploadtime": 1743438360, "id": "gen9vgc2025reggbo3-2332075179", "format": "[Gen 9] VGC 2025 Reg G (Bo3)", "players": ["3Blackwolf", "hugoplays05"], "rating": 1102, "private": 0, "password": null}, {"uploadtime": 1743438260, "id": "gen9vgc2025reggbo3-2332070656", "format": "[Gen 9] VGC 2025 Reg G (Bo3)", "players": ["mixontokox", "Ashniss"], "rating": null, "private": 0, "password": null}, {"uploadtime": 1743438260, "id": "gen9vgc2025reggbo3-2332069568", "format": "[Gen 9] VGC 2025 Reg G (Bo3)", "players": ["rodjilius", "bobovile"], "rating": null, "private": 0, "password": null}, {"uploadtime": 1743438255, "id": "gen9vgc2025reggbo3-2332073110", "format": "[Gen 9] VGC 2025 Reg G (Bo3)", "players": ["rainyshrimpyy", "NoNeedForGravity"], "rating": null, "private": 0, "password": null}, {"uploadtime": 1743438228, "id": "gen9vgc2025reggbo3-2332075053", "format": "[Gen 9] VGC 2025 Reg G (Bo3)", "players": ["Atrix MJ", "Junseville"], "rating": null, "private": 0, "password": null}, {"uploadtime": 1743438227, "id": "gen9vgc2025reggbo3-2332072014", "format": "[Gen 9] VGC 2025 Reg G (Bo3)", "players": ["cringepilled", "Juanitto Balatrez"], "rating": 1244, "private": 0, "password": null}, {"uploadtime": 1743438215, "id": "gen9vgc2025reggbo3-2332068353", "format": "[Gen 9] VGC 2025 Reg G (Bo3)", "players": ["cringepilled", "Juanitto Balatrez"], "rating": null, "private": 0, "password": null}, {"uploadtime": 1743438201, "id": "gen9vgc2025reggbo3-2332071820", "format": "[Gen 9] VGC 2025 Reg G (Bo3)", "players": ["sgt254", "Fluvialcrossing"], "rating": 1049, "private": 0, "password": null}, {"uploadtime": 1743438190, "id": "gen9vgc2025reggbo3-2332067968", "format": "[Gen 9] VGC 2025 Reg G (Bo3)", "players": ["sgt254", "Fluvialcrossing"], "rating": null, "private": 0, "password": null}, {"uploadtime": 1743438161, "id": "gen9vgc2025reggbo3-2332060033", "format": "[Gen 9] VGC 2025 Reg G (Bo3)", "players": ["noya shiba", "Fluvialcrossing"], "rating": 1033, "private": 0, "password": null}, {"uploadtime": 1743438143, "id": "gen9vgc2025reggbo3-2332072431", "format": "[Gen 9] VGC 2025 Reg G (Bo3)", "players": ["Atrix MJ", "Junseville"], "rating": null, "private": 0, "password": null}, {"uploadtime": 1743438143, "id": "gen9vgc2025reggbo3-2332070752", "format": "[Gen 9] VGC 2025 Reg G (Bo3)", "players": ["3Blackwolf", "hugoplays05"], "rating": null, "private": 0, "password": null}, {"uploadtime": 1743438143, "id": "gen9vgc2025reggbo3-2332064660", "format": "[Gen 9] VGC 2025 Reg G (Bo3)", "players": ["sgt254", "Fluvialcrossing"], "rating": null, "private": 0, "password": null}, {"uploadtime": 1743438122, "id": "gen9vgc2025reggbo3-2332070175", "format": "[Gen 9] VGC 2025 Reg G (Bo3)", "players": ["Stelvius", "xPatmon"], "rating": 1328, "private": 0, "password": null}, {"uploadtime": 1743438122, "id": "gen9vgc2025reggbo3-2332069508", "format": "[Gen 9] VGC 2025 Reg G (Bo3)", "players": ["Sazandoramx", "AgenciesIntern"], "rating": null, "private": 0, "password": null}, {"uploadtime": 1743438122, "id": "gen9vgc2025reggbo3-2332069189", "format": "[Gen 9] VGC 2025 Reg G (Bo3)", "players": ["GTCEA.vgc", "stan marsh"], "rating": null, "private": 0, "password": null}, {"uploadtime": 1743437988, "id": "gen9vgc2025reggbo3-2332069324", "format": "[Gen 9] VGC 2025 Reg G (Bo3)", "players": ["rainyshrimpyy", "NoNeedForGravity"], "rating": null, "private": 0, "password": null}, {"uploadtime": 1743437984, "id": "gen9vgc2025reggbo3-2332068977", "format": "[Gen 9] VGC 2025 Reg G (Bo3)", "players": ["Oncenroan", "asummasu"], "rating": null, "private": 0, "password": null}, {"uploadtime": 1743437984, "id": "gen9vgc2025reggbo3-2332068752", "format": "[Gen 9] VGC 2025 Reg G (Bo3)", "players": ["Applepi_5_10", "tgrt15"], "rating": null, "private": 0, "password": null}, {"uploadtime": 1743437984, "id": "gen9vgc2025reggbo3-2332068461", "format": "[Gen 9] VGC 2025 Reg G (Bo3)", "players": ["R2Bz", "Doofusburger666"], "rating": 1056, "private": 0, "password": null}, {"uploadtime": 1743437846, "id": "gen9vgc2025reggbo3-2332065315", "format": "[Gen 9] VGC 2025 Reg G (Bo3)", "players": ["PWR Apollo", "diego listmaker"], "rating": null, "private": 0, "password": null}, {"uploadtime": 1743437845, "id": "gen9vgc2025reggbo3-2332067445", "format": "[Gen 9] VGC 2025 Reg G (Bo3)", "players": ["Sazandoramx", "AgenciesIntern"], "rating": null, "private": 0, "password": null}, {"uploadtime": 1743437845, "id": "gen9vgc2025reggbo3-2332066803", "format": "[Gen 9] VGC 2025 Reg G (Bo3)", "players": ["Dball_Games", "mixontokox"], "rating": null, "private": 0, "password": null}, {"uploadtime": 1743437845, "id": "gen9vgc2025reggbo3-2332066716", "format": "[Gen 9] VGC 2025 Reg G (Bo3)", "players": ["masterof69x", "TumericSalsa"], "rating": null, "private": 0, "password": null}, {"uploadtime": 1743437845, "id": "gen9vgc2025reggbo3-2332065953", "format": "[Gen 9] VGC 2025 Reg G (Bo3)", "players": ["colonelween", "broccoliraab"], "rating": null, "private": 0, "password": null}, {"uploadtime": 1743437845, "id": "gen9vgc2025reggbo3-2332065828", "format": "[Gen 9] VGC 2025 Reg G (Bo3)", "players": ["Applepi_5_10", "tgrt15"], "rating": null, "private": 0, "password": null}, {"uploadtime": 1743437845, "id": "gen9vgc2025reggbo3-2332065003", "format": "[Gen 9] VGC 2025 Reg G (Bo3)", "players": ["Oncenroan", "asummasu"], "rating": null, "private": 0, "password": null}, {"uploadtime": 1743437781, "id": "gen9vgc2025reggbo3-2332067546", "format": "[Gen 9] VGC 2025 Reg G (Bo3)", "players": ["hugoplays05", "ClubTropicanaVGC"], "rating": 1216, "private": 0, "password": null}, {"uploadtime": 1743437707, "id": "gen9vgc2025reggbo3-2332065836", "format": "[Gen 9] VGC 2025 Reg G (Bo3)", "players": ["Audinapuzzle", "Susername"], "rating": null, "private": 0, "password": null}, {"uploadtime": 1743437707, "id": "gen9vgc2025reggbo3-2332063948", "format": "[Gen 9] VGC 2025 Reg G (Bo3)", "players": ["amarin93", "AwsoGlitch"], "rating": null, "private": 0, "password": null}, {"uploadtime": 1743437593, "id": "gen9vgc2025reggbo3-2332064119", "format": "[Gen 9] VGC 2025 Reg G (Bo3)", "players": ["cringepilled", "Juanitto Balatrez"], "rating": null, "private": 0, "password": null}, {"uploadtime": 1743437571, "id": "gen9vgc2025reggbo3-2332065035", "format": "[Gen 9] VGC 2025 Reg G (Bo3)", "players": ["Karissel", "senzumi_here"], "rating": null, "private": 0, "password": null}, {"uploadtime": 1743437569, "id": "gen9vgc2025reggbo3-2332063996", "format": "[Gen 9] VGC 2025 Reg G (Bo3)", "players": ["Placidbee", "Zen1996-VGC"], "rating": null, "private": 0, "password": null}, {"uploadtime": 1743437569, "id": "gen9vgc2025reggbo3-2332063220", "format": "[Gen 9] VGC 2025 Reg G (Bo3)", "players": ["Audinapuzzle", "Susername"], "rating": null, "private": 0, "password": null}, {"uploadtime": 1743437568, "id": "gen9vgc2025reggbo3-2332061858", "format": "[Gen 9] VGC 2025 Reg G (Bo3)", "players": ["colonelween", "broccoliraab"], "rating": null, "private": 0, "password": null}, {"uploadtime": 1743437553, "id": "gen9vgc2025reggbo3-2332066263", "format": "[Gen 9] VGC 2025 Reg G (Bo3)", "players": ["rainyshrimpyy", "NoNeedForGravity"], "rating": null, "private": 0, "password": null}, {"uploadtime": 1743437525, "id": "gen9vgc2025reggbo3-2332064445", "format": "[Gen 9] VGC 2025 Reg G (Bo3)", "players": ["hugoplays05", "ClubTropicanaVGC"], "rating": null, "private": 0, "password": null}, {"uploadtime": 1743437430, "id": "gen9vgc2025reggbo3-2332062159", "format": "[Gen 9] VGC 2025 Reg G (Bo3)", "players": ["amarin93", "AwsoGlitch"], "rating": null, "private": 0, "password": null}, {"uploadtime": 1743437430, "id": "gen9vgc2025reggbo3-2332061957", "format": "[Gen 9] VGC 2025 Reg G (Bo3)", "players": ["phfg", "DerpyRizzyPenguin"], "rating": null, "private": 0, "password": null}, {"uploadtime": 1743437430, "id": "gen9vgc2025reggbo3-2332061067", "format": "[Gen 9] VGC 2025 Reg G (Bo3)", "players": ["Placidbee", "Zen1996-VGC"], "rating": null, "private": 0, "password": null}, {"uploadtime": 1743437430, "id": "gen9vgc2025reggbo3-2332060208", "format": "[Gen 9] VGC 2025 Reg G (Bo3)", "players": ["thee-keen", "Ashniss"], "rating": 1023, "private": 0, "password": null}, {"uploadtime": 1743437430, "id": "gen9vgc2025reggbo3-2332059978", "format": "[Gen 9] VGC 2025 Reg G (Bo3)", "players": ["smoking brocoli", "kaf7"], "rating": 1222, "private": 0, "password": null}]