[{"uploadtime": 1743324125, "id": "gen9vgc2025reggbo3-2331145713", "format": "[Gen 9] VGC 2025 Reg G (Bo3)", "players": ["Just a Minus", "MozzieGamesVGC"], "rating": null, "private": 0, "password": null}, {"uploadtime": 1743324125, "id": "gen9vgc2025reggbo3-2331145509", "format": "[Gen 9] VGC 2025 Reg G (Bo3)", "players": ["Pebam", "Snowingmittens"], "rating": 1000, "private": 0, "password": null}, {"uploadtime": 1743324125, "id": "gen9vgc2025reggbo3-2331145045", "format": "[Gen 9] VGC 2025 Reg G (Bo3)", "players": ["ultraclaw1", "MazaMaster"], "rating": null, "private": 0, "password": null}, {"uploadtime": 1743323849, "id": "gen9vgc2025reggbo3-2331144845", "format": "[Gen 9] VGC 2025 Reg G (Bo3)", "players": ["alxkdkdc", "snocks"], "rating": 1144, "private": 0, "password": null}, {"uploadtime": 1743323849, "id": "gen9vgc2025reggbo3-2331143961", "format": "[Gen 9] VGC 2025 Reg G (Bo3)", "players": ["Deve 1", "Tinkisgaming"], "rating": null, "private": 0, "password": null}, {"uploadtime": 1743323711, "id": "gen9vgc2025reggbo3-2331144289", "format": "[Gen 9] VGC 2025 Reg G (Bo3)", "players": ["stepbro6802", "MozzieGamesVGC"], "rating": null, "private": 0, "password": null}, {"uploadtime": 1743323711, "id": "gen9vgc2025reggbo3-2331143878", "format": "[Gen 9] VGC 2025 Reg G (Bo3)", "players": ["Mothraguy", "alxkdkdc"], "rating": null, "private": 0, "password": null}, {"uploadtime": 1743323573, "id": "gen9vgc2025reggbo3-2331143119", "format": "[Gen 9] VGC 2025 Reg G (Bo3)", "players": ["valeron88", "Drake Thunderbolt"], "rating": null, "private": 0, "password": null}, {"uploadtime": 1743323435, "id": "gen9vgc2025reggbo3-2331142397", "format": "[Gen 9] VGC 2025 Reg G (Bo3)", "players": ["Biscuitbob", "burritobrown"], "rating": null, "private": 0, "password": null}, {"uploadtime": 1743323435, "id": "gen9vgc2025reggbo3-2331142253", "format": "[Gen 9] VGC 2025 Reg G (Bo3)", "players": ["bokudlr", "stepbro6802"], "rating": null, "private": 0, "password": null}, {"uploadtime": 1743323435, "id": "gen9vgc2025reggbo3-2331141910", "format": "[Gen 9] VGC 2025 Reg G (Bo3)", "players": ["geets2306", "VeganCannibal"], "rating": null, "private": 0, "password": null}, {"uploadtime": 1743323435, "id": "gen9vgc2025reggbo3-2331141772", "format": "[Gen 9] VGC 2025 Reg G (Bo3)", "players": ["snocks", "Malgooee"], "rating": null, "private": 0, "password": null}, {"uploadtime": 1743323237, "id": "gen9vgc2025reggbo3-2331142470", "format": "[Gen 9] VGC 2025 Reg G (Bo3)", "players": ["Feddouu", "akselt"], "rating": 1296, "private": 0, "password": null}, {"uploadtime": 1743323191, "id": "gen9vgc2025reggbo3-2331139970", "format": "[Gen 9] VGC 2025 Reg G (Bo3)", "players": ["Feddouu", "akselt"], "rating": null, "private": 0, "password": null}, {"uploadtime": 1743323159, "id": "gen9vgc2025reggbo3-2331141347", "format": "[Gen 9] VGC 2025 Reg G (Bo3)", "players": ["Biscuitbob", "burritobrown"], "rating": null, "private": 0, "password": null}, {"uploadtime": 1743323159, "id": "gen9vgc2025reggbo3-2331141140", "format": "[Gen 9] VGC 2025 Reg G (Bo3)", "players": ["MozzieGamesVGC", "Maxdeese98"], "rating": null, "private": 0, "password": null}, {"uploadtime": 1743323158, "id": "gen9vgc2025reggbo3-2331140756", "format": "[Gen 9] VGC 2025 Reg G (Bo3)", "players": ["povfpoif8ypiv", "harplockhygiene"], "rating": null, "private": 0, "password": null}, {"uploadtime": 1743323158, "id": "gen9vgc2025reggbo3-2331140221", "format": "[Gen 9] VGC 2025 Reg G (Bo3)", "players": ["geets2306", "VeganCannibal"], "rating": null, "private": 0, "password": null}, {"uploadtime": 1743323020, "id": "gen9vgc2025reggbo3-2331140963", "format": "[Gen 9] VGC 2025 Reg G (Bo3)", "players": ["Squ1dge_", "JohnnyBoy015"], "rating": null, "private": 0, "password": null}, {"uploadtime": 1743322882, "id": "gen9vgc2025reggbo3-2331140435", "format": "[Gen 9] VGC 2025 Reg G (Bo3)", "players": ["willscharnagl", "ido1234567890"], "rating": null, "private": 0, "password": null}, {"uploadtime": 1743322882, "id": "gen9vgc2025reggbo3-2331139724", "format": "[Gen 9] VGC 2025 Reg G (Bo3)", "players": ["Maxdeese98", "Squ1dge_"], "rating": 1258, "private": 0, "password": null}, {"uploadtime": 1743322882, "id": "gen9vgc2025reggbo3-2331139506", "format": "[Gen 9] VGC 2025 Reg G (Bo3)", "players": ["JohnnyBoy015", "Necrozma1996"], "rating": 1388, "private": 0, "password": null}, {"uploadtime": 1743322743, "id": "gen9vgc2025reggbo3-2331139229", "format": "[Gen 9] VGC 2025 Reg G (Bo3)", "players": ["geets2306", "123Ayan"], "rating": 1154, "private": 0, "password": null}, {"uploadtime": 1743322743, "id": "gen9vgc2025reggbo3-2331139124", "format": "[Gen 9] VGC 2025 Reg G (Bo3)", "players": ["tortilla limon", "Dappsen"], "rating": null, "private": 0, "password": null}, {"uploadtime": 1743322743, "id": "gen9vgc2025reggbo3-2331138998", "format": "[Gen 9] VGC 2025 Reg G (Bo3)", "players": ["povfpoif8ypiv", "burritobrown"], "rating": null, "private": 0, "password": null}, {"uploadtime": 1743322743, "id": "gen9vgc2025reggbo3-2331138734", "format": "[Gen 9] VGC 2025 Reg G (Bo3)", "players": ["ramuia", "ushitsune"], "rating": null, "private": 0, "password": null}, {"uploadtime": 1743322467, "id": "gen9vgc2025reggbo3-2331138178", "format": "[Gen 9] VGC 2025 Reg G (Bo3)", "players": ["Maxdeese98", "Squ1dge_"], "rating": null, "private": 0, "password": null}, {"uploadtime": 1743322467, "id": "gen9vgc2025reggbo3-2331138059", "format": "[Gen 9] VGC 2025 Reg G (Bo3)", "players": ["sille rovert", "generic_personname"], "rating": 1270, "private": 0, "password": null}, {"uploadtime": 1743322467, "id": "gen9vgc2025reggbo3-2331137557", "format": "[Gen 9] VGC 2025 Reg G (Bo3)", "players": ["ramuia", "ushitsune"], "rating": null, "private": 0, "password": null}, {"uploadtime": 1743322329, "id": "gen9vgc2025reggbo3-2331137197", "format": "[Gen 9] VGC 2025 Reg G (Bo3)", "players": ["Drake Thunderbolt", "Stelvius"], "rating": null, "private": 0, "password": null}, {"uploadtime": 1743322191, "id": "gen9vgc2025reggbo3-2331136903", "format": "[Gen 9] VGC 2025 Reg G (Bo3)", "players": ["geets2306", "VeganCannibal"], "rating": 1198, "private": 0, "password": null}, {"uploadtime": 1743322191, "id": "gen9vgc2025reggbo3-2331136806", "format": "[Gen 9] VGC 2025 Reg G (Bo3)", "players": ["JohnnyBoy015", "Rafastarr"], "rating": 1395, "private": 0, "password": null}, {"uploadtime": 1743322191, "id": "gen9vgc2025reggbo3-2331136638", "format": "[Gen 9] VGC 2025 Reg G (Bo3)", "players": ["swarm", "fr49"], "rating": null, "private": 0, "password": null}, {"uploadtime": 1743321828, "id": "gen9vgc2025reggbo3-2331134963", "format": "[Gen 9] VGC 2025 Reg G (Bo3)", "players": ["Martial_Fantasy", "ghotwannabe"], "rating": null, "private": 0, "password": null}, {"uploadtime": 1743321404, "id": "gen9vgc2025reggbo3-2331133720", "format": "[Gen 9] VGC 2025 Reg G (Bo3)", "players": ["i love gumshoos", "thirdverse"], "rating": 1006, "private": 0, "password": null}, {"uploadtime": 1743321094, "id": "gen9vgc2025reggbo3-2331132469", "format": "[Gen 9] VGC 2025 Reg G (Bo3)", "players": ["i love gumshoos", "thirdverse"], "rating": null, "private": 0, "password": null}, {"uploadtime": 1743320884, "id": "gen9vgc2025reggbo3-2331127001", "format": "[Gen 9] VGC 2025 Reg G (Bo3)", "players": ["akselt", "wizzzpower"], "rating": null, "private": 0, "password": null}, {"uploadtime": 1743320805, "id": "gen9vgc2025reggbo3-2331131417", "format": "[Gen 9] VGC 2025 Reg G (Bo3)", "players": ["Abofplastic", "thirdverse"], "rating": 1033, "private": 0, "password": null}, {"uploadtime": 1743320734, "id": "gen9vgc2025reggbo3-2331129751", "format": "[Gen 9] VGC 2025 Reg G (Bo3)", "players": ["akselt", "wizzzpower"], "rating": 1323, "private": 0, "password": null}, {"uploadtime": 1743320623, "id": "gen9vgc2025reggbo3-2331130170", "format": "[Gen 9] VGC 2025 Reg G (Bo3)", "players": ["Abofplastic", "thirdverse"], "rating": null, "private": 0, "password": null}, {"uploadtime": 1743320506, "id": "gen9vgc2025reggbo3-2331128635", "format": "[Gen 9] VGC 2025 Reg G (Bo3)", "players": ["fom van put", "marinussi"], "rating": 1096, "private": 0, "password": null}, {"uploadtime": 1743320426, "id": "gen9vgc2025reggbo3-2331128213", "format": "[Gen 9] VGC 2025 Reg G (Bo3)", "players": ["Abofplastic", "thirdverse"], "rating": null, "private": 0, "password": null}, {"uploadtime": 1743320368, "id": "gen9vgc2025reggbo3-2331127193", "format": "[Gen 9] VGC 2025 Reg G (Bo3)", "players": ["willscharnagl", "Boardwipe"], "rating": null, "private": 0, "password": null}, {"uploadtime": 1743320230, "id": "gen9vgc2025reggbo3-2331126887", "format": "[Gen 9] VGC 2025 Reg G (Bo3)", "players": ["Rocket Grunt ZXK", "Tyufrrhf"], "rating": null, "private": 0, "password": null}, {"uploadtime": 1743320230, "id": "gen9vgc2025reggbo3-2331126115", "format": "[Gen 9] VGC 2025 Reg G (Bo3)", "players": ["GuY(o ON ShOwDoWn", "kiddoos"], "rating": 1102, "private": 0, "password": null}, {"uploadtime": 1743320092, "id": "gen9vgc2025reggbo3-2331126268", "format": "[Gen 9] VGC 2025 Reg G (Bo3)", "players": ["ERARRR395", "soul_slayer_10293"], "rating": null, "private": 0, "password": null}, {"uploadtime": 1743320092, "id": "gen9vgc2025reggbo3-2331125377", "format": "[Gen 9] VGC 2025 Reg G (Bo3)", "players": ["willscharnagl", "Boardwipe"], "rating": null, "private": 0, "password": null}, {"uploadtime": 1743320092, "id": "gen9vgc2025reggbo3-2331124240", "format": "[Gen 9] VGC 2025 Reg G (Bo3)", "players": ["akselt", "wizzzpower"], "rating": null, "private": 0, "password": null}, {"uploadtime": 1743319954, "id": "gen9vgc2025reggbo3-2331124898", "format": "[Gen 9] VGC 2025 Reg G (Bo3)", "players": ["Boumsong90", "Ribbicus"], "rating": 1086, "private": 0, "password": null}, {"uploadtime": 1743319816, "id": "gen9vgc2025reggbo3-2331124181", "format": "[Gen 9] VGC 2025 Reg G (Bo3)", "players": ["Wiglett7", "Scheetzy02"], "rating": null, "private": 0, "password": null}, {"uploadtime": 1743319678, "id": "gen9vgc2025reggbo3-2331124468", "format": "[Gen 9] VGC 2025 Reg G (Bo3)", "players": ["FireRedzzz", "Travency"], "rating": null, "private": 0, "password": null}]