[{"uploadtime": 1743359786, "id": "gen9vgc2025reggbo3-2331404652", "format": "[Gen 9] VGC 2025 Reg G (Bo3)", "players": ["itslikewoah", "Jositoelpanameno"], "rating": null, "private": 0, "password": null}, {"uploadtime": 1743359786, "id": "gen9vgc2025reggbo3-2331402594", "format": "[Gen 9] VGC 2025 Reg G (Bo3)", "players": ["WEENIE BLASTER", "JOka1000"], "rating": null, "private": 0, "password": null}, {"uploadtime": 1743359731, "id": "gen9vgc2025reggbo3-2331406872", "format": "[Gen 9] VGC 2025 Reg G (Bo3)", "players": ["Mx. evil", "asfogubjl"], "rating": 1038, "private": 0, "password": null}, {"uploadtime": 1743359648, "id": "gen9vgc2025reggbo3-2331402770", "format": "[Gen 9] VGC 2025 Reg G (Bo3)", "players": ["Cheesey027", "pakaan64"], "rating": 1172, "private": 0, "password": null}, {"uploadtime": 1743359648, "id": "gen9vgc2025reggbo3-2331401901", "format": "[Gen 9] VGC 2025 Reg G (Bo3)", "players": ["Nnifboy", "Mx. evil"], "rating": null, "private": 0, "password": null}, {"uploadtime": 1743359648, "id": "gen9vgc2025reggbo3-2331396999", "format": "[Gen 9] VGC 2025 Reg G (Bo3)", "players": ["HunkOCheese", "arm90100"], "rating": null, "private": 0, "password": null}, {"uploadtime": 1743359467, "id": "gen9vgc2025reggbo3-2331397786", "format": "[Gen 9] VGC 2025 Reg G (Bo3)", "players": ["capi533", "asfogubjl"], "rating": null, "private": 0, "password": null}, {"uploadtime": 1743359462, "id": "gen9vgc2025reggbo3-2331401812", "format": "[Gen 9] VGC 2025 Reg G (Bo3)", "players": ["capi533", "asfogubjl"], "rating": 1058, "private": 0, "password": null}, {"uploadtime": 1743359371, "id": "gen9vgc2025reggbo3-2331399456", "format": "[Gen 9] VGC 2025 Reg G (Bo3)", "players": ["Just a Minus", "ElCith"], "rating": null, "private": 0, "password": null}, {"uploadtime": 1743359259, "id": "gen9vgc2025reggbo3-2331400711", "format": "[Gen 9] VGC 2025 Reg G (Bo3)", "players": ["midomidori", "Juyop"], "rating": null, "private": 0, "password": null}, {"uploadtime": 1743359254, "id": "gen9vgc2025reggbo3-2331398844", "format": "[Gen 9] VGC 2025 Reg G (Bo3)", "players": ["midomidori", "Juyop"], "rating": null, "private": 0, "password": null}, {"uploadtime": 1743359245, "id": "gen9vgc2025reggbo3-2331396335", "format": "[Gen 9] VGC 2025 Reg G (Bo3)", "players": ["midomidori", "Juyop"], "rating": null, "private": 0, "password": null}, {"uploadtime": 1743359233, "id": "gen9vgc2025reggbo3-2331398577", "format": "[Gen 9] VGC 2025 Reg G (Bo3)", "players": ["fjallly", "Devious PLan"], "rating": null, "private": 0, "password": null}, {"uploadtime": 1743359159, "id": "gen9vgc2025reggbo3-2331389095", "format": "[Gen 9] VGC 2025 Reg G (Bo3)", "players": ["bulano", "Bloodyknuckles"], "rating": 1365, "private": 0, "password": null}, {"uploadtime": 1743359095, "id": "gen9vgc2025reggbo3-2331398261", "format": "[Gen 9] VGC 2025 Reg G (Bo3)", "players": ["Cheesey027", "pakaan64"], "rating": null, "private": 0, "password": null}, {"uploadtime": 1743358957, "id": "gen9vgc2025reggbo3-2331396756", "format": "[Gen 9] VGC 2025 Reg G (Bo3)", "players": ["babytronfan420", "Sizzle2466"], "rating": null, "private": 0, "password": null}, {"uploadtime": 1743358918, "id": "gen9vgc2025reggbo3-2331394427", "format": "[Gen 9] VGC 2025 Reg G (Bo3)", "players": ["Autin Mago", "septicjewel67"], "rating": null, "private": 0, "password": null}, {"uploadtime": 1743358882, "id": "gen9vgc2025reggbo3-2331393870", "format": "[Gen 9] VGC 2025 Reg G (Bo3)", "players": ["merequetengue12", "WumblesNSuch"], "rating": 1285, "private": 0, "password": null}, {"uploadtime": 1743358868, "id": "gen9vgc2025reggbo3-2331390676", "format": "[Gen 9] VGC 2025 Reg G (Bo3)", "players": ["merequetengue12", "WumblesNSuch"], "rating": null, "private": 0, "password": null}, {"uploadtime": 1743358819, "id": "gen9vgc2025reggbo3-2331394481", "format": "[Gen 9] VGC 2025 Reg G (Bo3)", "players": ["Crown Aether", "Something147"], "rating": null, "private": 0, "password": null}, {"uploadtime": 1743358681, "id": "gen9vgc2025reggbo3-2331394355", "format": "[Gen 9] VGC 2025 Reg G (Bo3)", "players": ["ban_quaquaval", "aviles0036"], "rating": null, "private": 0, "password": null}, {"uploadtime": 1743358681, "id": "gen9vgc2025reggbo3-2331392537", "format": "[Gen 9] VGC 2025 Reg G (Bo3)", "players": ["purple clownfish", "KFCBlaziken"], "rating": null, "private": 0, "password": null}, {"uploadtime": 1743358681, "id": "gen9vgc2025reggbo3-2331392030", "format": "[Gen 9] VGC 2025 Reg G (Bo3)", "players": ["alfieboheme", "2isvi7"], "rating": null, "private": 0, "password": null}, {"uploadtime": 1743358542, "id": "gen9vgc2025reggbo3-2331392987", "format": "[Gen 9] VGC 2025 Reg G (Bo3)", "players": ["Akalaman", "apex lel"], "rating": 1163, "private": 0, "password": null}, {"uploadtime": 1743358542, "id": "gen9vgc2025reggbo3-2331392947", "format": "[Gen 9] VGC 2025 Reg G (Bo3)", "players": ["ban_quaquaval", "aviles0036"], "rating": null, "private": 0, "password": null}, {"uploadtime": 1743358404, "id": "gen9vgc2025reggbo3-2331390242", "format": "[Gen 9] VGC 2025 Reg G (Bo3)", "players": ["trohanek", "Greeness"], "rating": null, "private": 0, "password": null}, {"uploadtime": 1743358395, "id": "gen9vgc2025reggbo3-2331391230", "format": "[Gen 9] VGC 2025 Reg G (Bo3)", "players": ["Autin Mago", "septicjewel67"], "rating": null, "private": 0, "password": null}, {"uploadtime": 1743358266, "id": "gen9vgc2025reggbo3-2331389545", "format": "[Gen 9] VGC 2025 Reg G (Bo3)", "players": ["Jositoelpanameno", "purple clownfish"], "rating": null, "private": 0, "password": null}, {"uploadtime": 1743358266, "id": "gen9vgc2025reggbo3-2331389310", "format": "[Gen 9] VGC 2025 Reg G (Bo3)", "players": ["CACHUMBO", "Doofusburger666"], "rating": null, "private": 0, "password": null}, {"uploadtime": 1743358221, "id": "gen9vgc2025reggbo3-2331389362", "format": "[Gen 9] VGC 2025 Reg G (Bo3)", "players": ["JOka1000", "propedro"], "rating": 1352, "private": 0, "password": null}, {"uploadtime": 1743358194, "id": "gen9vgc2025reggbo3-2331383687", "format": "[Gen 9] VGC 2025 Reg G (Bo3)", "players": ["JOka1000", "propedro"], "rating": null, "private": 0, "password": null}, {"uploadtime": 1743358127, "id": "gen9vgc2025reggbo3-2331388424", "format": "[Gen 9] VGC 2025 Reg G (Bo3)", "players": ["CandleBlue", "bigj009"], "rating": null, "private": 0, "password": null}, {"uploadtime": 1743358127, "id": "gen9vgc2025reggbo3-2331387509", "format": "[Gen 9] VGC 2025 Reg G (Bo3)", "players": ["Uncertain_Pine", "FLIPNOTE9007"], "rating": null, "private": 0, "password": null}, {"uploadtime": 1743358127, "id": "gen9vgc2025reggbo3-2331386170", "format": "[Gen 9] VGC 2025 Reg G (Bo3)", "players": ["JOka1000", "propedro"], "rating": null, "private": 0, "password": null}, {"uploadtime": 1743358064, "id": "gen9vgc2025reggbo3-2331387413", "format": "[Gen 9] VGC 2025 Reg G (Bo3)", "players": ["Autin Mago", "septicjewel67"], "rating": null, "private": 0, "password": null}, {"uploadtime": 1743358005, "id": "gen9vgc2025reggbo3-2331387927", "format": "[Gen 9] VGC 2025 Reg G (Bo3)", "players": ["merequetengue12", "WumblesNSuch"], "rating": null, "private": 0, "password": null}, {"uploadtime": 1743357989, "id": "gen9vgc2025reggbo3-2331386896", "format": "[Gen 9] VGC 2025 Reg G (Bo3)", "players": ["bulano", "Bloodyknuckles"], "rating": null, "private": 0, "password": null}, {"uploadtime": 1743357989, "id": "gen9vgc2025reggbo3-2331386727", "format": "[Gen 9] VGC 2025 Reg G (Bo3)", "players": ["CACHUMBO", "Doofusburger666"], "rating": null, "private": 0, "password": null}, {"uploadtime": 1743357989, "id": "gen9vgc2025reggbo3-2331386479", "format": "[Gen 9] VGC 2025 Reg G (Bo3)", "players": ["CandleBlue", "bigj009"], "rating": null, "private": 0, "password": null}, {"uploadtime": 1743357989, "id": "gen9vgc2025reggbo3-2331385104", "format": "[Gen 9] VGC 2025 Reg G (Bo3)", "players": ["MonterreyRegionals", "disciple of blahaj"], "rating": null, "private": 0, "password": null}, {"uploadtime": 1743357851, "id": "gen9vgc2025reggbo3-2331384995", "format": "[Gen 9] VGC 2025 Reg G (Bo3)", "players": ["flubberbut", "ketertitanarmadio"], "rating": null, "private": 0, "password": null}, {"uploadtime": 1743357714, "id": "gen9vgc2025reggbo3-2331386143", "format": "[Gen 9] VGC 2025 Reg G (Bo3)", "players": ["merequetengue12", "copaladder"], "rating": 1155, "private": 0, "password": null}, {"uploadtime": 1743357713, "id": "gen9vgc2025reggbo3-2331384676", "format": "[Gen 9] VGC 2025 Reg G (Bo3)", "players": ["charjabugthegreat", "emiya1.0"], "rating": null, "private": 0, "password": null}, {"uploadtime": 1743357713, "id": "gen9vgc2025reggbo3-2331384267", "format": "[Gen 9] VGC 2025 Reg G (Bo3)", "players": ["upchicken", "Alvaro360"], "rating": 1479, "private": 0, "password": null}, {"uploadtime": 1743357713, "id": "gen9vgc2025reggbo3-2331384201", "format": "[Gen 9] VGC 2025 Reg G (Bo3)", "players": ["keonespirit", "Vinyl III"], "rating": null, "private": 0, "password": null}, {"uploadtime": 1743357713, "id": "gen9vgc2025reggbo3-2331383311", "format": "[Gen 9] VGC 2025 Reg G (Bo3)", "players": ["Phantomiaz", "purple clownfish"], "rating": null, "private": 0, "password": null}, {"uploadtime": 1743357713, "id": "gen9vgc2025reggbo3-2331382969", "format": "[Gen 9] VGC 2025 Reg G (Bo3)", "players": ["rawryxd", "daana12"], "rating": null, "private": 0, "password": null}, {"uploadtime": 1743357608, "id": "gen9vgc2025reggbo3-2331384214", "format": "[Gen 9] VGC 2025 Reg G (Bo3)", "players": ["Spearstorms", "Przzy"], "rating": null, "private": 0, "password": null}, {"uploadtime": 1743357575, "id": "gen9vgc2025reggbo3-2331383113", "format": "[Gen 9] VGC 2025 Reg G (Bo3)", "players": ["b1kope", "wittraid"], "rating": null, "private": 0, "password": null}, {"uploadtime": 1743357575, "id": "gen9vgc2025reggbo3-2331382577", "format": "[Gen 9] VGC 2025 Reg G (Bo3)", "players": ["charjabugthegreat", "emiya1.0"], "rating": null, "private": 0, "password": null}, {"uploadtime": 1743357575, "id": "gen9vgc2025reggbo3-2331378829", "format": "[Gen 9] VGC 2025 Reg G (Bo3)", "players": ["keonespirit", "Vinyl III"], "rating": null, "private": 0, "password": null}]