[{"uploadtime": 1743258620, "id": "gen9vgc2025reggbo3-2330612332", "format": "[Gen 9] VGC 2025 Reg G (Bo3)", "players": ["funnythekani", "Harshus"], "rating": null, "private": 0, "password": null}, {"uploadtime": 1743258608, "id": "gen9vgc2025reggbo3-2330613967", "format": "[Gen 9] VGC 2025 Reg G (Bo3)", "players": ["moroniclunatic", "bapdabo"], "rating": null, "private": 0, "password": null}, {"uploadtime": 1743258606, "id": "gen9vgc2025reggbo3-2330613396", "format": "[Gen 9] VGC 2025 Reg G (Bo3)", "players": ["D-scNSe", "jamirolol"], "rating": 1101, "private": 0, "password": null}, {"uploadtime": 1743258477, "id": "gen9vgc2025reggbo3-2330612224", "format": "[Gen 9] VGC 2025 Reg G (Bo3)", "players": ["habeebomarali123", "Semiau"], "rating": null, "private": 0, "password": null}, {"uploadtime": 1743258477, "id": "gen9vgc2025reggbo3-2330610898", "format": "[Gen 9] VGC 2025 Reg G (Bo3)", "players": ["pranavtattevarsha", "Jeshy420"], "rating": null, "private": 0, "password": null}, {"uploadtime": 1743258369, "id": "gen9vgc2025reggbo3-2330610372", "format": "[Gen 9] VGC 2025 Reg G (Bo3)", "players": ["NerdConsultant", "Frozen Miind"], "rating": null, "private": 0, "password": null}, {"uploadtime": 1743258365, "id": "gen9vgc2025reggbo3-2330611669", "format": "[Gen 9] VGC 2025 Reg G (Bo3)", "players": ["NerdConsultant", "Frozen Miind"], "rating": 1190, "private": 0, "password": null}, {"uploadtime": 1743258334, "id": "gen9vgc2025reggbo3-2330610775", "format": "[Gen 9] VGC 2025 Reg G (Bo3)", "players": ["MaeveOG", "K1rbyChaos"], "rating": null, "private": 0, "password": null}, {"uploadtime": 1743258334, "id": "gen9vgc2025reggbo3-2330610076", "format": "[Gen 9] VGC 2025 Reg G (Bo3)", "players": ["Larreanor32", "Eric96"], "rating": null, "private": 0, "password": null}, {"uploadtime": 1743258334, "id": "gen9vgc2025reggbo3-2330610014", "format": "[Gen 9] VGC 2025 Reg G (Bo3)", "players": ["Talos2B A.G.", "Doofusburger666"], "rating": null, "private": 0, "password": null}, {"uploadtime": 1743258223, "id": "gen9vgc2025reggbo3-2330610754", "format": "[Gen 9] VGC 2025 Reg G (Bo3)", "players": ["D-scNSe", "jamirolol"], "rating": null, "private": 0, "password": null}, {"uploadtime": 1743258192, "id": "gen9vgc2025reggbo3-2330609899", "format": "[Gen 9] VGC 2025 Reg G (Bo3)", "players": ["zeyn-299", "dambro222"], "rating": null, "private": 0, "password": null}, {"uploadtime": 1743258192, "id": "gen9vgc2025reggbo3-2330609825", "format": "[Gen 9] VGC 2025 Reg G (Bo3)", "players": ["awy1n", "Max y Bon"], "rating": null, "private": 0, "password": null}, {"uploadtime": 1743258192, "id": "gen9vgc2025reggbo3-2330608010", "format": "[Gen 9] VGC 2025 Reg G (Bo3)", "players": ["JenWow", "MultiStormChi"], "rating": null, "private": 0, "password": null}, {"uploadtime": 1743258050, "id": "gen9vgc2025reggbo3-2330608686", "format": "[Gen 9] VGC 2025 Reg G (Bo3)", "players": ["bigbadbirdvgc", "SERENA2024"], "rating": null, "private": 0, "password": null}, {"uploadtime": 1743258050, "id": "gen9vgc2025reggbo3-2330607123", "format": "[Gen 9] VGC 2025 Reg G (Bo3)", "players": ["Talos2B A.G.", "Doofusburger666"], "rating": null, "private": 0, "password": null}, {"uploadtime": 1743257907, "id": "gen9vgc2025reggbo3-2330607331", "format": "[Gen 9] VGC 2025 Reg G (Bo3)", "players": ["chanvgc", "theotherguy1"], "rating": null, "private": 0, "password": null}, {"uploadtime": 1743257907, "id": "gen9vgc2025reggbo3-2330607282", "format": "[Gen 9] VGC 2025 Reg G (Bo3)", "players": ["gameboy_09050", "Benate"], "rating": null, "private": 0, "password": null}, {"uploadtime": 1743257903, "id": "gen9vgc2025reggbo3-2330608117", "format": "[Gen 9] VGC 2025 Reg G (Bo3)", "players": ["D-scNSe", "jamirolol"], "rating": null, "private": 0, "password": null}, {"uploadtime": 1743257765, "id": "gen9vgc2025reggbo3-2330606731", "format": "[Gen 9] VGC 2025 Reg G (Bo3)", "players": ["i_tee.kay00", "Jacobeiro"], "rating": 1020, "private": 0, "password": null}, {"uploadtime": 1743257765, "id": "gen9vgc2025reggbo3-2330606456", "format": "[Gen 9] VGC 2025 Reg G (Bo3)", "players": ["thetestingpokemonz", "Idiot5000"], "rating": 1155, "private": 0, "password": null}, {"uploadtime": 1743257623, "id": "gen9vgc2025reggbo3-2330606136", "format": "[Gen 9] VGC 2025 Reg G (Bo3)", "players": ["funnythekani", "Doofusburger666"], "rating": 1011, "private": 0, "password": null}, {"uploadtime": 1743257623, "id": "gen9vgc2025reggbo3-2330605623", "format": "[Gen 9] VGC 2025 Reg G (Bo3)", "players": ["11thRegHAccount", "noya shiba"], "rating": null, "private": 0, "password": null}, {"uploadtime": 1743257623, "id": "gen9vgc2025reggbo3-2330605087", "format": "[Gen 9] VGC 2025 Reg G (Bo3)", "players": ["IrontheMan", "Mitzu735"], "rating": null, "private": 0, "password": null}, {"uploadtime": 1743257623, "id": "gen9vgc2025reggbo3-2330605055", "format": "[Gen 9] VGC 2025 Reg G (Bo3)", "players": ["gameboy_09050", "Benate"], "rating": null, "private": 0, "password": null}, {"uploadtime": 1743257623, "id": "gen9vgc2025reggbo3-2330604799", "format": "[Gen 9] VGC 2025 Reg G (Bo3)", "players": ["thetestingpokemonz", "Idiot5000"], "rating": null, "private": 0, "password": null}, {"uploadtime": 1743257612, "id": "gen9vgc2025reggbo3-2330604135", "format": "[Gen 9] VGC 2025 Reg G (Bo3)", "players": ["tyo", "Onemagician4496"], "rating": null, "private": 0, "password": null}, {"uploadtime": 1743257610, "id": "gen9vgc2025reggbo3-2330606166", "format": "[Gen 9] VGC 2025 Reg G (Bo3)", "players": ["tyo", "Onemagician4496"], "rating": null, "private": 0, "password": null}, {"uploadtime": 1743257480, "id": "gen9vgc2025reggbo3-2330603486", "format": "[Gen 9] VGC 2025 Reg G (Bo3)", "players": ["funnythekani", "Doofusburger666"], "rating": null, "private": 0, "password": null}, {"uploadtime": 1743257338, "id": "gen9vgc2025reggbo3-2330602977", "format": "[Gen 9] VGC 2025 Reg G (Bo3)", "players": ["IrontheMan", "Mitzu735"], "rating": null, "private": 0, "password": null}, {"uploadtime": 1743257338, "id": "gen9vgc2025reggbo3-2330602693", "format": "[Gen 9] VGC 2025 Reg G (Bo3)", "players": ["ChovyWorldChampInc", "greenlightdmp"], "rating": 1379, "private": 0, "password": null}, {"uploadtime": 1743257338, "id": "gen9vgc2025reggbo3-2330602521", "format": "[Gen 9] VGC 2025 Reg G (Bo3)", "players": ["ReReReTryAgain", "gahleeboonda"], "rating": null, "private": 0, "password": null}, {"uploadtime": 1743257316, "id": "gen9vgc2025reggbo3-2330600819", "format": "[Gen 9] VGC 2025 Reg G (Bo3)", "players": ["ChovyWorldChampInc", "greenlightdmp"], "rating": null, "private": 0, "password": null}, {"uploadtime": 1743257277, "id": "gen9vgc2025reggbo3-2330603766", "format": "[Gen 9] VGC 2025 Reg G (Bo3)", "players": ["Ninja Leader Kobe", "Taijem"], "rating": null, "private": 0, "password": null}, {"uploadtime": 1743257220, "id": "gen9vgc2025reggbo3-2330603179", "format": "[Gen 9] VGC 2025 Reg G (Bo3)", "players": ["ratatouillerimi", "KoromeowVGC"], "rating": null, "private": 0, "password": null}, {"uploadtime": 1743257196, "id": "gen9vgc2025reggbo3-2330601845", "format": "[Gen 9] VGC 2025 Reg G (Bo3)", "players": ["regireddit", "ash78693"], "rating": null, "private": 0, "password": null}, {"uploadtime": 1743257171, "id": "gen9vgc2025reggbo3-2330603300", "format": "[Gen 9] VGC 2025 Reg G (Bo3)", "players": ["kirihaza kuro", "SpeShadow"], "rating": null, "private": 0, "password": null}, {"uploadtime": 1743256911, "id": "gen9vgc2025reggbo3-2330599094", "format": "[Gen 9] VGC 2025 Reg G (Bo3)", "players": ["chanvgc", "moroniclunatic"], "rating": null, "private": 0, "password": null}, {"uploadtime": 1743256911, "id": "gen9vgc2025reggbo3-2330598986", "format": "[Gen 9] VGC 2025 Reg G (Bo3)", "players": ["Fear_ig", "Timaxesss"], "rating": null, "private": 0, "password": null}, {"uploadtime": 1743256911, "id": "gen9vgc2025reggbo3-2330598852", "format": "[Gen 9] VGC 2025 Reg G (Bo3)", "players": ["N. Gunray", "JuanMKB"], "rating": null, "private": 0, "password": null}, {"uploadtime": 1743256769, "id": "gen9vgc2025reggbo3-2330599456", "format": "[Gen 9] VGC 2025 Reg G (Bo3)", "players": ["gahleeboonda", "i am a cat1012"], "rating": null, "private": 0, "password": null}, {"uploadtime": 1743256769, "id": "gen9vgc2025reggbo3-2330598363", "format": "[Gen 9] VGC 2025 Reg G (Bo3)", "players": ["Rizosensei", "zeyn-299"], "rating": null, "private": 0, "password": null}, {"uploadtime": 1743256769, "id": "gen9vgc2025reggbo3-2330598015", "format": "[Gen 9] VGC 2025 Reg G (Bo3)", "players": ["Wlccano", "regireddit"], "rating": null, "private": 0, "password": null}, {"uploadtime": 1743256661, "id": "gen9vgc2025reggbo3-2330597092", "format": "[Gen 9] VGC 2025 Reg G (Bo3)", "players": ["caterleigh", "MarTekk"], "rating": 1107, "private": 0, "password": null}, {"uploadtime": 1743256626, "id": "gen9vgc2025reggbo3-2330597794", "format": "[Gen 9] VGC 2025 Reg G (Bo3)", "players": ["N. Gunray", "JuanMKB"], "rating": null, "private": 0, "password": null}, {"uploadtime": 1743256626, "id": "gen9vgc2025reggbo3-2330597344", "format": "[Gen 9] VGC 2025 Reg G (Bo3)", "players": ["gahleeboonda", "i am a cat1012"], "rating": null, "private": 0, "password": null}, {"uploadtime": 1743256626, "id": "gen9vgc2025reggbo3-2330596941", "format": "[Gen 9] VGC 2025 Reg G (Bo3)", "players": ["noturkittyXD", "moroniclunatic"], "rating": 1051, "private": 0, "password": null}, {"uploadtime": 1743256484, "id": "gen9vgc2025reggbo3-2330597457", "format": "[Gen 9] VGC 2025 Reg G (Bo3)", "players": ["bobbert3rd", "SuperLuke6745"], "rating": 1065, "private": 0, "password": null}, {"uploadtime": 1743256484, "id": "gen9vgc2025reggbo3-2330595824", "format": "[Gen 9] VGC 2025 Reg G (Bo3)", "players": ["Wlccano", "regireddit"], "rating": null, "private": 0, "password": null}, {"uploadtime": 1743256392, "id": "gen9vgc2025reggbo3-2330597022", "format": "[Gen 9] VGC 2025 Reg G (Bo3)", "players": ["24chicken", "2025bolognachamp"], "rating": 1189, "private": 0, "password": null}, {"uploadtime": 1743256341, "id": "gen9vgc2025reggbo3-2330595052", "format": "[Gen 9] VGC 2025 Reg G (Bo3)", "players": ["LeonardPlayz", "Pingezz"], "rating": null, "private": 0, "password": null}]