[{"uploadtime": 1743401403, "id": "gen9vgc2025reggbo3-2331772256", "format": "[Gen 9] VGC 2025 Reg G (Bo3)", "players": ["disciple of blahaj", "tylerjugulis"], "rating": 1131, "private": 0, "password": null}, {"uploadtime": 1743401403, "id": "gen9vgc2025reggbo3-2331771737", "format": "[Gen 9] VGC 2025 Reg G (Bo3)", "players": ["Asmodeo666", "gabazor"], "rating": null, "private": 0, "password": null}, {"uploadtime": 1743401265, "id": "gen9vgc2025reggbo3-2331771664", "format": "[Gen 9] VGC 2025 Reg G (Bo3)", "players": ["PokeDokuVGC", "Flareblitz54"], "rating": null, "private": 0, "password": null}, {"uploadtime": 1743401265, "id": "gen9vgc2025reggbo3-2331771659", "format": "[Gen 9] VGC 2025 Reg G (Bo3)", "players": ["ayger999", "selormdesigns"], "rating": null, "private": 0, "password": null}, {"uploadtime": 1743401265, "id": "gen9vgc2025reggbo3-2331771102", "format": "[Gen 9] VGC 2025 Reg G (Bo3)", "players": ["disciple of blahaj", "tylerjugulis"], "rating": null, "private": 0, "password": null}, {"uploadtime": 1743401102, "id": "gen9vgc2025reggbo3-2331771524", "format": "[Gen 9] VGC 2025 Reg G (Bo3)", "players": ["the lottery", "Soratami"], "rating": null, "private": 0, "password": null}, {"uploadtime": 1743400851, "id": "gen9vgc2025reggbo3-2331769578", "format": "[Gen 9] VGC 2025 Reg G (Bo3)", "players": ["cometmore", "Jair369"], "rating": 1062, "private": 0, "password": null}, {"uploadtime": 1743400849, "id": "gen9vgc2025reggbo3-2331769781", "format": "[Gen 9] VGC 2025 Reg G (Bo3)", "players": ["TT2024", "Lass Momo"], "rating": null, "private": 0, "password": null}, {"uploadtime": 1743400849, "id": "gen9vgc2025reggbo3-2331768996", "format": "[Gen 9] VGC 2025 Reg G (Bo3)", "players": ["LocalFoodTank", "ducc.22"], "rating": null, "private": 0, "password": null}, {"uploadtime": 1743400844, "id": "gen9vgc2025reggbo3-2331767515", "format": "[Gen 9] VGC 2025 Reg G (Bo3)", "players": ["cometmore", "Jair369"], "rating": null, "private": 0, "password": null}, {"uploadtime": 1743400830, "id": "gen9vgc2025reggbo3-2331765157", "format": "[Gen 9] VGC 2025 Reg G (Bo3)", "players": ["cometmore", "Jair369"], "rating": null, "private": 0, "password": null}, {"uploadtime": 1743400711, "id": "gen9vgc2025reggbo3-2331768937", "format": "[Gen 9] VGC 2025 Reg G (Bo3)", "players": ["BloopScoop", "Gouki_11"], "rating": null, "private": 0, "password": null}, {"uploadtime": 1743400711, "id": "gen9vgc2025reggbo3-2331768266", "format": "[Gen 9] VGC 2025 Reg G (Bo3)", "players": ["wolffetrooper", "Chocokoala VGC"], "rating": null, "private": 0, "password": null}, {"uploadtime": 1743400711, "id": "gen9vgc2025reggbo3-2331768015", "format": "[Gen 9] VGC 2025 Reg G (Bo3)", "players": ["el1azss", "jaflako"], "rating": 1083, "private": 0, "password": null}, {"uploadtime": 1743400711, "id": "gen9vgc2025reggbo3-2331767477", "format": "[Gen 9] VGC 2025 Reg G (Bo3)", "players": ["adhii", "Zen1996-VGC"], "rating": null, "private": 0, "password": null}, {"uploadtime": 1743400689, "id": "gen9vgc2025reggbo3-2331769186", "format": "[Gen 9] VGC 2025 Reg G (Bo3)", "players": ["rizo10", "secondgamewaswhite"], "rating": 1107, "private": 0, "password": null}, {"uploadtime": 1743400434, "id": "gen9vgc2025reggbo3-2331767001", "format": "[Gen 9] VGC 2025 Reg G (Bo3)", "players": ["Zeldaloveslink0", "Sparklucario"], "rating": null, "private": 0, "password": null}, {"uploadtime": 1743400434, "id": "gen9vgc2025reggbo3-2331765304", "format": "[Gen 9] VGC 2025 Reg G (Bo3)", "players": ["disciple of blahaj", "LifeofPabz"], "rating": null, "private": 0, "password": null}, {"uploadtime": 1743400434, "id": "gen9vgc2025reggbo3-2331765172", "format": "[Gen 9] VGC 2025 Reg G (Bo3)", "players": ["el1azss", "jaflako"], "rating": null, "private": 0, "password": null}, {"uploadtime": 1743400295, "id": "gen9vgc2025reggbo3-2331765614", "format": "[Gen 9] VGC 2025 Reg G (Bo3)", "players": ["keonespirit", "RICHARDHAVOC"], "rating": null, "private": 0, "password": null}, {"uploadtime": 1743400295, "id": "gen9vgc2025reggbo3-2331765245", "format": "[Gen 9] VGC 2025 Reg G (Bo3)", "players": ["Gouki_11", "R3pulse6"], "rating": null, "private": 0, "password": null}, {"uploadtime": 1743400157, "id": "gen9vgc2025reggbo3-2331765775", "format": "[Gen 9] VGC 2025 Reg G (Bo3)", "players": ["Piekd", "pikarzvi"], "rating": null, "private": 0, "password": null}, {"uploadtime": 1743400157, "id": "gen9vgc2025reggbo3-2331765418", "format": "[Gen 9] VGC 2025 Reg G (Bo3)", "players": ["Robert1606", "JochiVGC"], "rating": null, "private": 0, "password": null}, {"uploadtime": 1743400157, "id": "gen9vgc2025reggbo3-2331764783", "format": "[Gen 9] VGC 2025 Reg G (Bo3)", "players": ["Danielm24", "Zen1996-VGC"], "rating": null, "private": 0, "password": null}, {"uploadtime": 1743400019, "id": "gen9vgc2025reggbo3-2331764582", "format": "[Gen 9] VGC 2025 Reg G (Bo3)", "players": ["chaewon28", "Tendo Pain(Nagato)"], "rating": 1300, "private": 0, "password": null}, {"uploadtime": 1743399881, "id": "gen9vgc2025reggbo3-2331763568", "format": "[Gen 9] VGC 2025 Reg G (Bo3)", "players": ["enyelvgc", "Lass Momo"], "rating": null, "private": 0, "password": null}, {"uploadtime": 1743399881, "id": "gen9vgc2025reggbo3-2331762956", "format": "[Gen 9] VGC 2025 Reg G (Bo3)", "players": ["Sparklucario", "slyterin"], "rating": null, "private": 0, "password": null}, {"uploadtime": 1743399881, "id": "gen9vgc2025reggbo3-2331762951", "format": "[Gen 9] VGC 2025 Reg G (Bo3)", "players": ["Danielm24", "Zen1996-VGC"], "rating": null, "private": 0, "password": null}, {"uploadtime": 1743399742, "id": "gen9vgc2025reggbo3-2331763143", "format": "[Gen 9] VGC 2025 Reg G (Bo3)", "players": ["enyelvgc", "Lass Momo"], "rating": null, "private": 0, "password": null}, {"uploadtime": 1743399742, "id": "gen9vgc2025reggbo3-2331763064", "format": "[Gen 9] VGC 2025 Reg G (Bo3)", "players": ["Shell loss", "Sarveshsaha29"], "rating": 1055, "private": 0, "password": null}, {"uploadtime": 1743399742, "id": "gen9vgc2025reggbo3-2331762967", "format": "[Gen 9] VGC 2025 Reg G (Bo3)", "players": ["Gouki_11", "Skibididdy oil"], "rating": null, "private": 0, "password": null}, {"uploadtime": 1743399604, "id": "gen9vgc2025reggbo3-2331762426", "format": "[Gen 9] VGC 2025 Reg G (Bo3)", "players": ["Just a Minus", "adhii"], "rating": null, "private": 0, "password": null}, {"uploadtime": 1743399604, "id": "gen9vgc2025reggbo3-2331762089", "format": "[Gen 9] VGC 2025 Reg G (Bo3)", "players": ["ayger999", "gikgfffgghj"], "rating": 1000, "private": 0, "password": null}, {"uploadtime": 1743399604, "id": "gen9vgc2025reggbo3-2331761733", "format": "[Gen 9] VGC 2025 Reg G (Bo3)", "players": ["qreynolds", "SenditSean"], "rating": 1158, "private": 0, "password": null}, {"uploadtime": 1743399604, "id": "gen9vgc2025reggbo3-2331761676", "format": "[Gen 9] VGC 2025 Reg G (Bo3)", "players": ["BloopScoop", "Red0978"], "rating": null, "private": 0, "password": null}, {"uploadtime": 1743399604, "id": "gen9vgc2025reggbo3-2331761541", "format": "[Gen 9] VGC 2025 Reg G (Bo3)", "players": ["Joel_mon", "LocalFoodTank"], "rating": null, "private": 0, "password": null}, {"uploadtime": 1743399604, "id": "gen9vgc2025reggbo3-2331761436", "format": "[Gen 9] VGC 2025 Reg G (Bo3)", "players": ["Siiie", "disciple of blahaj"], "rating": null, "private": 0, "password": null}, {"uploadtime": 1743399596, "id": "gen9vgc2025reggbo3-2331762476", "format": "[Gen 9] VGC 2025 Reg G (Bo3)", "players": ["onya nurve", "Unskilled99"], "rating": 1328, "private": 0, "password": null}, {"uploadtime": 1743399466, "id": "gen9vgc2025reggbo3-2331761234", "format": "[Gen 9] VGC 2025 Reg G (Bo3)", "players": ["ayger999", "gikgfffgghj"], "rating": null, "private": 0, "password": null}, {"uploadtime": 1743399466, "id": "gen9vgc2025reggbo3-2331760786", "format": "[Gen 9] VGC 2025 Reg G (Bo3)", "players": ["Just a Minus", "adhii"], "rating": null, "private": 0, "password": null}, {"uploadtime": 1743399466, "id": "gen9vgc2025reggbo3-2331759989", "format": "[Gen 9] VGC 2025 Reg G (Bo3)", "players": ["LifeofPabz", "Catsike"], "rating": null, "private": 0, "password": null}, {"uploadtime": 1743399460, "id": "gen9vgc2025reggbo3-2331762913", "format": "[Gen 9] VGC 2025 Reg G (Bo3)", "players": ["Fabricio19jr", "Astonished_25"], "rating": null, "private": 0, "password": null}, {"uploadtime": 1743399450, "id": "gen9vgc2025reggbo3-2331760923", "format": "[Gen 9] VGC 2025 Reg G (Bo3)", "players": ["Fabricio19jr", "Astonished_25"], "rating": null, "private": 0, "password": null}, {"uploadtime": 1743399411, "id": "gen9vgc2025reggbo3-2331762615", "format": "[Gen 9] VGC 2025 Reg G (Bo3)", "players": ["cometmore", "MrPoleiyo"], "rating": 1065, "private": 0, "password": null}, {"uploadtime": 1743399403, "id": "gen9vgc2025reggbo3-2331759608", "format": "[Gen 9] VGC 2025 Reg G (Bo3)", "players": ["cometmore", "MrPoleiyo"], "rating": null, "private": 0, "password": null}, {"uploadtime": 1743399394, "id": "gen9vgc2025reggbo3-2331757605", "format": "[Gen 9] VGC 2025 Reg G (Bo3)", "players": ["cometmore", "MrPoleiyo"], "rating": null, "private": 0, "password": null}, {"uploadtime": 1743399328, "id": "gen9vgc2025reggbo3-2331760174", "format": "[Gen 9] VGC 2025 Reg G (Bo3)", "players": ["Joel_mon", "killfery"], "rating": 1125, "private": 0, "password": null}, {"uploadtime": 1743399328, "id": "gen9vgc2025reggbo3-2331760075", "format": "[Gen 9] VGC 2025 Reg G (Bo3)", "players": ["petiteperson", "soidjk"], "rating": 1262, "private": 0, "password": null}, {"uploadtime": 1743399328, "id": "gen9vgc2025reggbo3-2331759945", "format": "[Gen 9] VGC 2025 Reg G (Bo3)", "players": ["Siiie", "disciple of blahaj"], "rating": null, "private": 0, "password": null}, {"uploadtime": 1743399328, "id": "gen9vgc2025reggbo3-2331759545", "format": "[Gen 9] VGC 2025 Reg G (Bo3)", "players": ["FaulkGio", "Piekd"], "rating": null, "private": 0, "password": null}, {"uploadtime": 1743399189, "id": "gen9vgc2025reggbo3-2331759525", "format": "[Gen 9] VGC 2025 Reg G (Bo3)", "players": ["haxtreeme", "Lass Momo"], "rating": null, "private": 0, "password": null}]