[{"uploadtime": 1743256341, "id": "gen9vgc2025reggbo3-2330595052", "format": "[Gen 9] VGC 2025 Reg G (Bo3)", "players": ["LeonardPlayz", "Pingezz"], "rating": null, "private": 0, "password": null}, {"uploadtime": 1743256341, "id": "gen9vgc2025reggbo3-2330594043", "format": "[Gen 9] VGC 2025 Reg G (Bo3)", "players": ["KissMyAsthma416", "somarjo23"], "rating": null, "private": 0, "password": null}, {"uploadtime": 1743256198, "id": "gen9vgc2025reggbo3-2330594411", "format": "[Gen 9] VGC 2025 Reg G (Bo3)", "players": ["Iliketoplaygen8", "zeyn-299"], "rating": null, "private": 0, "password": null}, {"uploadtime": 1743256198, "id": "gen9vgc2025reggbo3-2330593495", "format": "[Gen 9] VGC 2025 Reg G (Bo3)", "players": ["Nocurne", "HelloPathfinder"], "rating": 1104, "private": 0, "password": null}, {"uploadtime": 1743256198, "id": "gen9vgc2025reggbo3-2330593348", "format": "[Gen 9] VGC 2025 Reg G (Bo3)", "players": ["MikeAmbrosium", "PokeDokuVGC"], "rating": null, "private": 0, "password": null}, {"uploadtime": 1743256115, "id": "gen9vgc2025reggbo3-2330595617", "format": "[Gen 9] VGC 2025 Reg G (Bo3)", "players": ["24chicken", "2025bolognachamp"], "rating": null, "private": 0, "password": null}, {"uploadtime": 1743256113, "id": "gen9vgc2025reggbo3-2330595362", "format": "[Gen 9] VGC 2025 Reg G (Bo3)", "players": ["moroniclunatic", "G00bermeister69420"], "rating": 1014, "private": 0, "password": null}, {"uploadtime": 1743255913, "id": "gen9vgc2025reggbo3-2330592566", "format": "[Gen 9] VGC 2025 Reg G (Bo3)", "players": ["Iliketoplaygen8", "zeyn-299"], "rating": null, "private": 0, "password": null}, {"uploadtime": 1743255771, "id": "gen9vgc2025reggbo3-2330592282", "format": "[Gen 9] VGC 2025 Reg G (Bo3)", "players": ["D-scNSe", "Mr_Duck153"], "rating": 1215, "private": 0, "password": null}, {"uploadtime": 1743255771, "id": "gen9vgc2025reggbo3-2330591155", "format": "[Gen 9] VGC 2025 Reg G (Bo3)", "players": ["chanvgc", "Dragonking20226"], "rating": 1015, "private": 0, "password": null}, {"uploadtime": 1743255771, "id": "gen9vgc2025reggbo3-2330590854", "format": "[Gen 9] VGC 2025 Reg G (Bo3)", "players": ["doung yolph", "WithoutHands"], "rating": null, "private": 0, "password": null}, {"uploadtime": 1743255628, "id": "gen9vgc2025reggbo3-2330589730", "format": "[Gen 9] VGC 2025 Reg G (Bo3)", "players": ["bubix93", "kratoxop"], "rating": null, "private": 0, "password": null}, {"uploadtime": 1743255604, "id": "gen9vgc2025reggbo3-2330587082", "format": "[Gen 9] VGC 2025 Reg G (Bo3)", "players": ["evolt25269", "Alecat"], "rating": null, "private": 0, "password": null}, {"uploadtime": 1743255539, "id": "gen9vgc2025reggbo3-2330589980", "format": "[Gen 9] VGC 2025 Reg G (Bo3)", "players": ["evolt25269", "Alecat"], "rating": 1282, "private": 0, "password": null}, {"uploadtime": 1743255523, "id": "gen9vgc2025reggbo3-2330590952", "format": "[Gen 9] VGC 2025 Reg G (Bo3)", "players": ["D-scNSe", "Mr_Duck153"], "rating": null, "private": 0, "password": null}, {"uploadtime": 1743255486, "id": "gen9vgc2025reggbo3-2330589806", "format": "[Gen 9] VGC 2025 Reg G (Bo3)", "players": ["kauanadilson", "newyearnewpants"], "rating": null, "private": 0, "password": null}, {"uploadtime": 1743255486, "id": "gen9vgc2025reggbo3-2330589789", "format": "[Gen 9] VGC 2025 Reg G (Bo3)", "players": ["mason9283", "bokudlr"], "rating": null, "private": 0, "password": null}, {"uploadtime": 1743255343, "id": "gen9vgc2025reggbo3-2330588374", "format": "[Gen 9] VGC 2025 Reg G (Bo3)", "players": ["evolt25269", "Alecat"], "rating": null, "private": 0, "password": null}, {"uploadtime": 1743255343, "id": "gen9vgc2025reggbo3-2330587321", "format": "[Gen 9] VGC 2025 Reg G (Bo3)", "players": ["Googie06", "zeyn-299"], "rating": null, "private": 0, "password": null}, {"uploadtime": 1743255343, "id": "gen9vgc2025reggbo3-2330586946", "format": "[Gen 9] VGC 2025 Reg G (Bo3)", "players": ["bubix93", "kratoxop"], "rating": null, "private": 0, "password": null}, {"uploadtime": 1743255343, "id": "gen9vgc2025reggbo3-2330586778", "format": "[Gen 9] VGC 2025 Reg G (Bo3)", "players": ["chanvgc", "randomuser0000"], "rating": null, "private": 0, "password": null}, {"uploadtime": 1743255340, "id": "gen9vgc2025reggbo3-2330589057", "format": "[Gen 9] VGC 2025 Reg G (Bo3)", "players": ["D-scNSe", "Mr_Duck153"], "rating": null, "private": 0, "password": null}, {"uploadtime": 1743255297, "id": "gen9vgc2025reggbo3-2330588673", "format": "[Gen 9] VGC 2025 Reg G (Bo3)", "players": ["LuCiaNoPoKeMoN", "LeonardPlayz"], "rating": 1059, "private": 0, "password": null}, {"uploadtime": 1743255200, "id": "gen9vgc2025reggbo3-2330587158", "format": "[Gen 9] VGC 2025 Reg G (Bo3)", "players": ["John_Stick3", "cyluic"], "rating": null, "private": 0, "password": null}, {"uploadtime": 1743255200, "id": "gen9vgc2025reggbo3-2330587118", "format": "[Gen 9] VGC 2025 Reg G (Bo3)", "players": ["LuCiaNoPoKeMoN", "LeonardPlayz"], "rating": null, "private": 0, "password": null}, {"uploadtime": 1743255153, "id": "gen9vgc2025reggbo3-2330587644", "format": "[Gen 9] VGC 2025 Reg G (Bo3)", "players": ["WithoutHands", "FireRedzzz"], "rating": 1483, "private": 0, "password": null}, {"uploadtime": 1743255068, "id": "gen9vgc2025reggbo3-2330586623", "format": "[Gen 9] VGC 2025 Reg G (Bo3)", "players": ["D-scNSe", "PAT_3rt"], "rating": 1186, "private": 0, "password": null}, {"uploadtime": 1743255058, "id": "gen9vgc2025reggbo3-2330585792", "format": "[Gen 9] VGC 2025 Reg G (Bo3)", "players": ["WithoutHands", "FireRedzzz"], "rating": null, "private": 0, "password": null}, {"uploadtime": 1743255058, "id": "gen9vgc2025reggbo3-2330585447", "format": "[Gen 9] VGC 2025 Reg G (Bo3)", "players": ["Googie06", "zeyn-299"], "rating": null, "private": 0, "password": null}, {"uploadtime": 1743254915, "id": "gen9vgc2025reggbo3-2330585646", "format": "[Gen 9] VGC 2025 Reg G (Bo3)", "players": ["zisar", "SOI2852"], "rating": null, "private": 0, "password": null}, {"uploadtime": 1743254738, "id": "gen9vgc2025reggbo3-2330584665", "format": "[Gen 9] VGC 2025 Reg G (Bo3)", "players": ["D-scNSe", "PAT_3rt"], "rating": null, "private": 0, "password": null}, {"uploadtime": 1743254631, "id": "gen9vgc2025reggbo3-2330582928", "format": "[Gen 9] VGC 2025 Reg G (Bo3)", "players": ["atl 2025", "JuanMKB"], "rating": null, "private": 0, "password": null}, {"uploadtime": 1743254630, "id": "gen9vgc2025reggbo3-2330581616", "format": "[Gen 9] VGC 2025 Reg G (Bo3)", "players": ["Tanganyiko", "TestingfortheGCII"], "rating": null, "private": 0, "password": null}, {"uploadtime": 1743254630, "id": "gen9vgc2025reggbo3-2330580919", "format": "[Gen 9] VGC 2025 Reg G (Bo3)", "players": ["lazarett", "FireRedzzz"], "rating": null, "private": 0, "password": null}, {"uploadtime": 1743254600, "id": "gen9vgc2025reggbo3-2330583950", "format": "[Gen 9] VGC 2025 Reg G (Bo3)", "players": ["lazarett", "FireRedzzz"], "rating": 1395, "private": 0, "password": null}, {"uploadtime": 1743254488, "id": "gen9vgc2025reggbo3-2330582665", "format": "[Gen 9] VGC 2025 Reg G (Bo3)", "players": ["wolffetrooper", "Mihu_UwU"], "rating": null, "private": 0, "password": null}, {"uploadtime": 1743254488, "id": "gen9vgc2025reggbo3-2330582468", "format": "[Gen 9] VGC 2025 Reg G (Bo3)", "players": ["Akalaman", "Dryynvgc"], "rating": 1218, "private": 0, "password": null}, {"uploadtime": 1743254488, "id": "gen9vgc2025reggbo3-2330581719", "format": "[Gen 9] VGC 2025 Reg G (Bo3)", "players": ["arkjsmith", "AFKKING_08"], "rating": null, "private": 0, "password": null}, {"uploadtime": 1743254488, "id": "gen9vgc2025reggbo3-2330581717", "format": "[Gen 9] VGC 2025 Reg G (Bo3)", "players": ["Nocurne", "zeyn-299"], "rating": null, "private": 0, "password": null}, {"uploadtime": 1743254482, "id": "gen9vgc2025reggbo3-2330582812", "format": "[Gen 9] VGC 2025 Reg G (Bo3)", "players": ["Wk_Silva_1112", "Junseville"], "rating": 1245, "private": 0, "password": null}, {"uploadtime": 1743254457, "id": "gen9vgc2025reggbo3-2330581964", "format": "[Gen 9] VGC 2025 Reg G (Bo3)", "players": ["Tendo Pain(Nagato)", "D-scNSe"], "rating": 1169, "private": 0, "password": null}, {"uploadtime": 1743254345, "id": "gen9vgc2025reggbo3-2330581437", "format": "[Gen 9] VGC 2025 Reg G (Bo3)", "players": ["wolffetrooper", "Mihu_UwU"], "rating": null, "private": 0, "password": null}, {"uploadtime": 1743254345, "id": "gen9vgc2025reggbo3-2330580319", "format": "[Gen 9] VGC 2025 Reg G (Bo3)", "players": ["SebzkMur", "kigokigo"], "rating": null, "private": 0, "password": null}, {"uploadtime": 1743254207, "id": "gen9vgc2025reggbo3-2330580331", "format": "[Gen 9] VGC 2025 Reg G (Bo3)", "players": ["Wk_Silva_1112", "Junseville"], "rating": null, "private": 0, "password": null}, {"uploadtime": 1743254203, "id": "gen9vgc2025reggbo3-2330579831", "format": "[Gen 9] VGC 2025 Reg G (Bo3)", "players": ["arkjsmith", "AFKKING_08"], "rating": null, "private": 0, "password": null}, {"uploadtime": 1743254203, "id": "gen9vgc2025reggbo3-2330578978", "format": "[Gen 9] VGC 2025 Reg G (Bo3)", "players": ["Mr_Duck153", "JuanMKB"], "rating": null, "private": 0, "password": null}, {"uploadtime": 1743254203, "id": "gen9vgc2025reggbo3-2330578321", "format": "[Gen 9] VGC 2025 Reg G (Bo3)", "players": ["KissMyAsthma416", "somarjo23"], "rating": null, "private": 0, "password": null}, {"uploadtime": 1743254203, "id": "gen9vgc2025reggbo3-2330577216", "format": "[Gen 9] VGC 2025 Reg G (Bo3)", "players": ["lazarett", "FireRedzzz"], "rating": null, "private": 0, "password": null}, {"uploadtime": 1743254076, "id": "gen9vgc2025reggbo3-2330579914", "format": "[Gen 9] VGC 2025 Reg G (Bo3)", "players": ["Tendo Pain(Nagato)", "D-scNSe"], "rating": null, "private": 0, "password": null}, {"uploadtime": 1743254060, "id": "gen9vgc2025reggbo3-2330579308", "format": "[Gen 9] VGC 2025 Reg G (Bo3)", "players": ["pikabolz4848", "SebzkMur"], "rating": 1040, "private": 0, "password": null}, {"uploadtime": 1743253918, "id": "gen9vgc2025reggbo3-2330578119", "format": "[Gen 9] VGC 2025 Reg G (Bo3)", "players": ["Frozen Miind", "callconnor"], "rating": null, "private": 0, "password": null}]