[{"uploadtime": 1743326750, "id": "gen9vgc2025reggbo3-2331157879", "format": "[Gen 9] VGC 2025 Reg G (Bo3)", "players": ["agun76", "TubularInsect"], "rating": null, "private": 0, "password": null}, {"uploadtime": 1743326750, "id": "gen9vgc2025reggbo3-2331157767", "format": "[Gen 9] VGC 2025 Reg G (Bo3)", "players": ["rlgidec", "Rafastarr"], "rating": null, "private": 0, "password": null}, {"uploadtime": 1743326612, "id": "gen9vgc2025reggbo3-2331158407", "format": "[Gen 9] VGC 2025 Reg G (Bo3)", "players": ["JamianLillard", "wopenheimer alt"], "rating": null, "private": 0, "password": null}, {"uploadtime": 1743326612, "id": "gen9vgc2025reggbo3-2331157541", "format": "[Gen 9] VGC 2025 Reg G (Bo3)", "players": ["elmagosniper", "BEAST_AK_XYZ"], "rating": null, "private": 0, "password": null}, {"uploadtime": 1743326474, "id": "gen9vgc2025reggbo3-2331157872", "format": "[Gen 9] VGC 2025 Reg G (Bo3)", "players": ["JamianLillard", "wopenheimer alt"], "rating": null, "private": 0, "password": null}, {"uploadtime": 1743326336, "id": "gen9vgc2025reggbo3-2331157022", "format": "[Gen 9] VGC 2025 Reg G (Bo3)", "players": ["Pickedman", "24chicken"], "rating": null, "private": 0, "password": null}, {"uploadtime": 1743326336, "id": "gen9vgc2025reggbo3-2331156347", "format": "[Gen 9] VGC 2025 Reg G (Bo3)", "players": ["rlgidec", "Rafastarr"], "rating": null, "private": 0, "password": null}, {"uploadtime": 1743326198, "id": "gen9vgc2025reggbo3-2331155381", "format": "[Gen 9] VGC 2025 Reg G (Bo3)", "players": ["Park Su Kim", "Lucario Palworld"], "rating": null, "private": 0, "password": null}, {"uploadtime": 1743326059, "id": "gen9vgc2025reggbo3-2331155511", "format": "[Gen 9] VGC 2025 Reg G (Bo3)", "players": ["willscharnagl", "wopenheimer alt"], "rating": null, "private": 0, "password": null}, {"uploadtime": 1743326059, "id": "gen9vgc2025reggbo3-2331155429", "format": "[Gen 9] VGC 2025 Reg G (Bo3)", "players": ["Avocanoodle", "VeganCannibal"], "rating": null, "private": 0, "password": null}, {"uploadtime": 1743326059, "id": "gen9vgc2025reggbo3-2331155299", "format": "[Gen 9] VGC 2025 Reg G (Bo3)", "players": ["quy1001", "JamianLillard"], "rating": null, "private": 0, "password": null}, {"uploadtime": 1743326059, "id": "gen9vgc2025reggbo3-2331154808", "format": "[Gen 9] VGC 2025 Reg G (Bo3)", "players": ["Alvaro360", "TroubleMaker1101"], "rating": null, "private": 0, "password": null}, {"uploadtime": 1743326059, "id": "gen9vgc2025reggbo3-2331154212", "format": "[Gen 9] VGC 2025 Reg G (Bo3)", "players": ["FireRedzzz", "MatteoMabl"], "rating": null, "private": 0, "password": null}, {"uploadtime": 1743325921, "id": "gen9vgc2025reggbo3-2331154700", "format": "[Gen 9] VGC 2025 Reg G (Bo3)", "players": ["99999999999ooo9999", "Pickedman"], "rating": null, "private": 0, "password": null}, {"uploadtime": 1743325921, "id": "gen9vgc2025reggbo3-2331154591", "format": "[Gen 9] VGC 2025 Reg G (Bo3)", "players": ["burritobrown", "Dappsen"], "rating": null, "private": 0, "password": null}, {"uploadtime": 1743325921, "id": "gen9vgc2025reggbo3-2331154516", "format": "[Gen 9] VGC 2025 Reg G (Bo3)", "players": ["ayger999", "JordiEncabo"], "rating": null, "private": 0, "password": null}, {"uploadtime": 1743325921, "id": "gen9vgc2025reggbo3-2331154442", "format": "[Gen 9] VGC 2025 Reg G (Bo3)", "players": ["Tink4t0n", "killfery"], "rating": null, "private": 0, "password": null}, {"uploadtime": 1743325921, "id": "gen9vgc2025reggbo3-2331154422", "format": "[Gen 9] VGC 2025 Reg G (Bo3)", "players": ["kyogreing", "Blueyamadafr"], "rating": null, "private": 0, "password": null}, {"uploadtime": 1743325838, "id": "gen9vgc2025reggbo3-2331156071", "format": "[Gen 9] VGC 2025 Reg G (Bo3)", "players": ["Tink4t0n", "killfery"], "rating": 1111, "private": 0, "password": null}, {"uploadtime": 1743325783, "id": "gen9vgc2025reggbo3-2331154348", "format": "[Gen 9] VGC 2025 Reg G (Bo3)", "players": ["123Ayan", "Krispy_Face"], "rating": 1081, "private": 0, "password": null}, {"uploadtime": 1743325783, "id": "gen9vgc2025reggbo3-2331153855", "format": "[Gen 9] VGC 2025 Reg G (Bo3)", "players": ["Lass Momo", "DanielMike"], "rating": null, "private": 0, "password": null}, {"uploadtime": 1743325783, "id": "gen9vgc2025reggbo3-2331153672", "format": "[Gen 9] VGC 2025 Reg G (Bo3)", "players": ["99999999999ooo9999", "Pickedman"], "rating": null, "private": 0, "password": null}, {"uploadtime": 1743325783, "id": "gen9vgc2025reggbo3-2331153372", "format": "[Gen 9] VGC 2025 Reg G (Bo3)", "players": ["ZeederVGC", "minhisdum"], "rating": null, "private": 0, "password": null}, {"uploadtime": 1743325645, "id": "gen9vgc2025reggbo3-2331153554", "format": "[Gen 9] VGC 2025 Reg G (Bo3)", "players": ["alxkdkdc", "Snowingmittens"], "rating": 1145, "private": 0, "password": null}, {"uploadtime": 1743325645, "id": "gen9vgc2025reggbo3-2331153283", "format": "[Gen 9] VGC 2025 Reg G (Bo3)", "players": ["123Ayan", "Krispy_Face"], "rating": null, "private": 0, "password": null}, {"uploadtime": 1743325645, "id": "gen9vgc2025reggbo3-2331153189", "format": "[Gen 9] VGC 2025 Reg G (Bo3)", "players": ["kyogreing", "Blueyamadafr"], "rating": null, "private": 0, "password": null}, {"uploadtime": 1743325645, "id": "gen9vgc2025reggbo3-2331153036", "format": "[Gen 9] VGC 2025 Reg G (Bo3)", "players": ["wopenheimer alt", "JamianLillard"], "rating": null, "private": 0, "password": null}, {"uploadtime": 1743325645, "id": "gen9vgc2025reggbo3-2331152718", "format": "[Gen 9] VGC 2025 Reg G (Bo3)", "players": ["FireRedzzz", "MatteoMabl"], "rating": null, "private": 0, "password": null}, {"uploadtime": 1743325507, "id": "gen9vgc2025reggbo3-2331151932", "format": "[Gen 9] VGC 2025 Reg G (Bo3)", "players": ["huy0508", "Exclused"], "rating": 1000, "private": 0, "password": null}, {"uploadtime": 1743325369, "id": "gen9vgc2025reggbo3-2331152131", "format": "[Gen 9] VGC 2025 Reg G (Bo3)", "players": ["CaptainCombusken", "willscharnagl"], "rating": null, "private": 0, "password": null}, {"uploadtime": 1743325369, "id": "gen9vgc2025reggbo3-2331151728", "format": "[Gen 9] VGC 2025 Reg G (Bo3)", "players": ["loponite", "ayger999"], "rating": null, "private": 0, "password": null}, {"uploadtime": 1743325369, "id": "gen9vgc2025reggbo3-2331150950", "format": "[Gen 9] VGC 2025 Reg G (Bo3)", "players": ["funnythekani", "MurdaSingh"], "rating": null, "private": 0, "password": null}, {"uploadtime": 1743325230, "id": "gen9vgc2025reggbo3-2331151276", "format": "[Gen 9] VGC 2025 Reg G (Bo3)", "players": ["CaptainCombusken", "willscharnagl"], "rating": null, "private": 0, "password": null}, {"uploadtime": 1743325230, "id": "gen9vgc2025reggbo3-2331151273", "format": "[Gen 9] VGC 2025 Reg G (Bo3)", "players": ["Mugiwaralux", "Drake Thunderbolt"], "rating": null, "private": 0, "password": null}, {"uploadtime": 1743325230, "id": "gen9vgc2025reggbo3-2331150607", "format": "[Gen 9] VGC 2025 Reg G (Bo3)", "players": ["wopenheimer alt", "Krispy_Face"], "rating": null, "private": 0, "password": null}, {"uploadtime": 1743325130, "id": "gen9vgc2025reggbo3-2331149360", "format": "[Gen 9] VGC 2025 Reg G (Bo3)", "players": ["MazaMaster", "Rocket Grunt ZXK"], "rating": null, "private": 0, "password": null}, {"uploadtime": 1743325092, "id": "gen9vgc2025reggbo3-2331150821", "format": "[Gen 9] VGC 2025 Reg G (Bo3)", "players": ["PikachP2", "Zen1996-VGC"], "rating": null, "private": 0, "password": null}, {"uploadtime": 1743325092, "id": "gen9vgc2025reggbo3-2331150564", "format": "[Gen 9] VGC 2025 Reg G (Bo3)", "players": ["JuanMKB", "fabiobl7"], "rating": null, "private": 0, "password": null}, {"uploadtime": 1743325092, "id": "gen9vgc2025reggbo3-2331150504", "format": "[Gen 9] VGC 2025 Reg G (Bo3)", "players": ["alxkdkdc", "muslego"], "rating": null, "private": 0, "password": null}, {"uploadtime": 1743325092, "id": "gen9vgc2025reggbo3-2331150444", "format": "[Gen 9] VGC 2025 Reg G (Bo3)", "players": ["VeganCannibal", "Cbutty"], "rating": null, "private": 0, "password": null}, {"uploadtime": 1743324954, "id": "gen9vgc2025reggbo3-2331150170", "format": "[Gen 9] VGC 2025 Reg G (Bo3)", "players": ["sille rovert", "Dappsen"], "rating": null, "private": 0, "password": null}, {"uploadtime": 1743324954, "id": "gen9vgc2025reggbo3-2331150006", "format": "[Gen 9] VGC 2025 Reg G (Bo3)", "players": ["123Ayan", "minhisdum"], "rating": null, "private": 0, "password": null}, {"uploadtime": 1743324954, "id": "gen9vgc2025reggbo3-2331149986", "format": "[Gen 9] VGC 2025 Reg G (Bo3)", "players": ["SrBalleno", "willscharnagl"], "rating": 1118, "private": 0, "password": null}, {"uploadtime": 1743324954, "id": "gen9vgc2025reggbo3-2331148572", "format": "[Gen 9] VGC 2025 Reg G (Bo3)", "players": ["rlgidec", "Paldeawaiter"], "rating": null, "private": 0, "password": null}, {"uploadtime": 1743324816, "id": "gen9vgc2025reggbo3-2331149367", "format": "[Gen 9] VGC 2025 Reg G (Bo3)", "players": ["Mugiwaralux", "Rafastarr"], "rating": null, "private": 0, "password": null}, {"uploadtime": 1743324816, "id": "gen9vgc2025reggbo3-2331149038", "format": "[Gen 9] VGC 2025 Reg G (Bo3)", "players": ["alxkdkdc", "chitoswrld"], "rating": null, "private": 0, "password": null}, {"uploadtime": 1743324678, "id": "gen9vgc2025reggbo3-2331148905", "format": "[Gen 9] VGC 2025 Reg G (Bo3)", "players": ["valeron88", "Zen1996-VGC"], "rating": null, "private": 0, "password": null}, {"uploadtime": 1743324678, "id": "gen9vgc2025reggbo3-2331147947", "format": "[Gen 9] VGC 2025 Reg G (Bo3)", "players": ["MozzieGamesVGC", "wopenheimer alt"], "rating": null, "private": 0, "password": null}, {"uploadtime": 1743324678, "id": "gen9vgc2025reggbo3-2331147685", "format": "[Gen 9] VGC 2025 Reg G (Bo3)", "players": ["muslego", "VeganCannibal"], "rating": null, "private": 0, "password": null}, {"uploadtime": 1743324540, "id": "gen9vgc2025reggbo3-2331146980", "format": "[Gen 9] VGC 2025 Reg G (Bo3)", "players": ["huy0508", "Exclused"], "rating": null, "private": 0, "password": null}, {"uploadtime": 1743324125, "id": "gen9vgc2025reggbo3-2331145713", "format": "[Gen 9] VGC 2025 Reg G (Bo3)", "players": ["Just a Minus", "MozzieGamesVGC"], "rating": null, "private": 0, "password": null}]