[{"uploadtime": 1743253918, "id": "gen9vgc2025reggbo3-2330578119", "format": "[Gen 9] VGC 2025 Reg G (Bo3)", "players": ["Frozen Miind", "callconnor"], "rating": null, "private": 0, "password": null}, {"uploadtime": 1743253918, "id": "gen9vgc2025reggbo3-2330577966", "format": "[Gen 9] VGC 2025 Reg G (Bo3)", "players": ["Collinho", "elvegis1"], "rating": null, "private": 0, "password": null}, {"uploadtime": 1743253918, "id": "gen9vgc2025reggbo3-2330577943", "format": "[Gen 9] VGC 2025 Reg G (Bo3)", "players": ["cosmic lover heart", "The_AG_Is_Real"], "rating": null, "private": 0, "password": null}, {"uploadtime": 1743253918, "id": "gen9vgc2025reggbo3-2330577818", "format": "[Gen 9] VGC 2025 Reg G (Bo3)", "players": ["Mr_Duck153", "JuanMKB"], "rating": null, "private": 0, "password": null}, {"uploadtime": 1743253793, "id": "gen9vgc2025reggbo3-2330578595", "format": "[Gen 9] VGC 2025 Reg G (Bo3)", "players": ["Tendo Pain(Nagato)", "D-scNSe"], "rating": null, "private": 0, "password": null}, {"uploadtime": 1743253775, "id": "gen9vgc2025reggbo3-2330576941", "format": "[Gen 9] VGC 2025 Reg G (Bo3)", "players": ["Frozen Miind", "callconnor"], "rating": null, "private": 0, "password": null}, {"uploadtime": 1743253775, "id": "gen9vgc2025reggbo3-2330576779", "format": "[Gen 9] VGC 2025 Reg G (Bo3)", "players": ["cosmic lover heart", "The_AG_Is_Real"], "rating": null, "private": 0, "password": null}, {"uploadtime": 1743253775, "id": "gen9vgc2025reggbo3-2330575977", "format": "[Gen 9] VGC 2025 Reg G (Bo3)", "players": ["DPHgame", "LewBoiiiiiii"], "rating": null, "private": 0, "password": null}, {"uploadtime": 1743253681, "id": "gen9vgc2025reggbo3-2330577414", "format": "[Gen 9] VGC 2025 Reg G (Bo3)", "players": ["Junseville", "Nocurne"], "rating": 1131, "private": 0, "password": null}, {"uploadtime": 1743253633, "id": "gen9vgc2025reggbo3-2330576452", "format": "[Gen 9] VGC 2025 Reg G (Bo3)", "players": ["DarkStar999", "SpeShadow"], "rating": null, "private": 0, "password": null}, {"uploadtime": 1743253491, "id": "gen9vgc2025reggbo3-2330574876", "format": "[Gen 9] VGC 2025 Reg G (Bo3)", "players": ["ajwezzo", "eweinpool"], "rating": null, "private": 0, "password": null}, {"uploadtime": 1743253453, "id": "gen9vgc2025reggbo3-2330576120", "format": "[Gen 9] VGC 2025 Reg G (Bo3)", "players": ["Junseville", "Nocurne"], "rating": null, "private": 0, "password": null}, {"uploadtime": 1743253441, "id": "gen9vgc2025reggbo3-2330576177", "format": "[Gen 9] VGC 2025 Reg G (Bo3)", "players": ["Eternatususususu", "FDM"], "rating": 1189, "private": 0, "password": null}, {"uploadtime": 1743253438, "id": "gen9vgc2025reggbo3-2330574683", "format": "[Gen 9] VGC 2025 Reg G (Bo3)", "players": ["Eternatususususu", "FDM"], "rating": null, "private": 0, "password": null}, {"uploadtime": 1743253432, "id": "gen9vgc2025reggbo3-2330573764", "format": "[Gen 9] VGC 2025 Reg G (Bo3)", "players": ["Eternatususususu", "FDM"], "rating": null, "private": 0, "password": null}, {"uploadtime": 1743253369, "id": "gen9vgc2025reggbo3-2330575407", "format": "[Gen 9] VGC 2025 Reg G (Bo3)", "players": ["Charizardboy284", "Elpirulas666"], "rating": 1104, "private": 0, "password": null}, {"uploadtime": 1743253348, "id": "gen9vgc2025reggbo3-2330574619", "format": "[Gen 9] VGC 2025 Reg G (Bo3)", "players": ["callconnor", "NemoAK"], "rating": null, "private": 0, "password": null}, {"uploadtime": 1743253348, "id": "gen9vgc2025reggbo3-2330574315", "format": "[Gen 9] VGC 2025 Reg G (Bo3)", "players": ["Frozen Miind", "JuanMKB"], "rating": null, "private": 0, "password": null}, {"uploadtime": 1743253348, "id": "gen9vgc2025reggbo3-2330572801", "format": "[Gen 9] VGC 2025 Reg G (Bo3)", "players": ["lazarett", "aloneamongamongus"], "rating": null, "private": 0, "password": null}, {"uploadtime": 1743253226, "id": "gen9vgc2025reggbo3-2330574711", "format": "[Gen 9] VGC 2025 Reg G (Bo3)", "players": ["Mihu_UwU", "Junseville"], "rating": 1127, "private": 0, "password": null}, {"uploadtime": 1743253206, "id": "gen9vgc2025reggbo3-2330572048", "format": "[Gen 9] VGC 2025 Reg G (Bo3)", "players": ["bad player moment", "iroonleef"], "rating": null, "private": 0, "password": null}, {"uploadtime": 1743253206, "id": "gen9vgc2025reggbo3-2330571359", "format": "[Gen 9] VGC 2025 Reg G (Bo3)", "players": ["ajwezzo", "eweinpool"], "rating": null, "private": 0, "password": null}, {"uploadtime": 1743253069, "id": "gen9vgc2025reggbo3-2330572658", "format": "[Gen 9] VGC 2025 Reg G (Bo3)", "players": ["Mihu_UwU", "Junseville"], "rating": null, "private": 0, "password": null}, {"uploadtime": 1743252926, "id": "gen9vgc2025reggbo3-2330572057", "format": "[Gen 9] VGC 2025 Reg G (Bo3)", "players": ["vkhoi2007", "Lycopoky Slimesy"], "rating": 1166, "private": 0, "password": null}, {"uploadtime": 1743252922, "id": "gen9vgc2025reggbo3-2330571189", "format": "[Gen 9] VGC 2025 Reg G (Bo3)", "players": ["lazarett", "aloneamongamongus"], "rating": null, "private": 0, "password": null}, {"uploadtime": 1743252922, "id": "gen9vgc2025reggbo3-2330570501", "format": "[Gen 9] VGC 2025 Reg G (Bo3)", "players": ["mattnot3", "Collinho"], "rating": null, "private": 0, "password": null}, {"uploadtime": 1743252922, "id": "gen9vgc2025reggbo3-2330570054", "format": "[Gen 9] VGC 2025 Reg G (Bo3)", "players": ["BEAST_AK_XYZ", "adn46r1"], "rating": null, "private": 0, "password": null}, {"uploadtime": 1743252922, "id": "gen9vgc2025reggbo3-2330568878", "format": "[Gen 9] VGC 2025 Reg G (Bo3)", "players": ["RETUWU", "DanielMike"], "rating": null, "private": 0, "password": null}, {"uploadtime": 1743252887, "id": "gen9vgc2025reggbo3-2330569692", "format": "[Gen 9] VGC 2025 Reg G (Bo3)", "players": ["D-scNSe", "K1rbyChaos"], "rating": 1204, "private": 0, "password": null}, {"uploadtime": 1743252779, "id": "gen9vgc2025reggbo3-2330569945", "format": "[Gen 9] VGC 2025 Reg G (Bo3)", "players": ["Adudegames2020", "wopenheimer alt"], "rating": 1067, "private": 0, "password": null}, {"uploadtime": 1743252779, "id": "gen9vgc2025reggbo3-2330568280", "format": "[Gen 9] VGC 2025 Reg G (Bo3)", "players": ["wolffetrooper", "atrositys"], "rating": null, "private": 0, "password": null}, {"uploadtime": 1743252675, "id": "gen9vgc2025reggbo3-2330570456", "format": "[Gen 9] VGC 2025 Reg G (Bo3)", "players": ["vkhoi2007", "Lycopoky Slimesy"], "rating": null, "private": 0, "password": null}, {"uploadtime": 1743252636, "id": "gen9vgc2025reggbo3-2330568464", "format": "[Gen 9] VGC 2025 Reg G (Bo3)", "players": ["bokudlr", "3badplayers"], "rating": 1114, "private": 0, "password": null}, {"uploadtime": 1743252636, "id": "gen9vgc2025reggbo3-2330567513", "format": "[Gen 9] VGC 2025 Reg G (Bo3)", "players": ["KissMyAsthma416", "somarjo23"], "rating": null, "private": 0, "password": null}, {"uploadtime": 1743252636, "id": "gen9vgc2025reggbo3-2330558585", "format": "[Gen 9] VGC 2025 Reg G (Bo3)", "players": ["Patreecko21", "Remiken"], "rating": null, "private": 0, "password": null}, {"uploadtime": 1743252494, "id": "gen9vgc2025reggbo3-2330568379", "format": "[Gen 9] VGC 2025 Reg G (Bo3)", "players": ["kigokigo", "bad player moment"], "rating": null, "private": 0, "password": null}, {"uploadtime": 1743252494, "id": "gen9vgc2025reggbo3-2330568222", "format": "[Gen 9] VGC 2025 Reg G (Bo3)", "players": ["JOka1000", "casperition1"], "rating": null, "private": 0, "password": null}, {"uploadtime": 1743252352, "id": "gen9vgc2025reggbo3-2330566985", "format": "[Gen 9] VGC 2025 Reg G (Bo3)", "players": ["wolffetrooper", "atrositys"], "rating": null, "private": 0, "password": null}, {"uploadtime": 1743252352, "id": "gen9vgc2025reggbo3-2330566587", "format": "[Gen 9] VGC 2025 Reg G (Bo3)", "players": ["cancreatic", "hkings234"], "rating": null, "private": 0, "password": null}, {"uploadtime": 1743252352, "id": "gen9vgc2025reggbo3-2330566046", "format": "[Gen 9] VGC 2025 Reg G (Bo3)", "players": ["JOka1000", "casperition1"], "rating": null, "private": 0, "password": null}, {"uploadtime": 1743252352, "id": "gen9vgc2025reggbo3-2330565167", "format": "[Gen 9] VGC 2025 Reg G (Bo3)", "players": ["Isaiah winner", "kigokigo"], "rating": 1045, "private": 0, "password": null}, {"uploadtime": 1743252346, "id": "gen9vgc2025reggbo3-2330567789", "format": "[Gen 9] VGC 2025 Reg G (Bo3)", "players": ["D-scNSe", "K1rbyChaos"], "rating": null, "private": 0, "password": null}, {"uploadtime": 1743252209, "id": "gen9vgc2025reggbo3-2330565636", "format": "[Gen 9] VGC 2025 Reg G (Bo3)", "players": ["Bobbo1", "Bobbo2"], "rating": null, "private": 0, "password": null}, {"uploadtime": 1743252209, "id": "gen9vgc2025reggbo3-2330565457", "format": "[Gen 9] VGC 2025 Reg G (Bo3)", "players": ["Yannickjuhhh", "yagomg"], "rating": null, "private": 0, "password": null}, {"uploadtime": 1743252209, "id": "gen9vgc2025reggbo3-2330565172", "format": "[Gen 9] VGC 2025 Reg G (Bo3)", "players": ["King_Jamy", "Jaso2008"], "rating": 1032, "private": 0, "password": null}, {"uploadtime": 1743252209, "id": "gen9vgc2025reggbo3-2330563502", "format": "[Gen 9] VGC 2025 Reg G (Bo3)", "players": ["KissMyAsthma416", "somarjo23"], "rating": null, "private": 0, "password": null}, {"uploadtime": 1743252071, "id": "gen9vgc2025reggbo3-2330566418", "format": "[Gen 9] VGC 2025 Reg G (Bo3)", "players": ["BEAST_AK_XYZ", "FDM"], "rating": 1078, "private": 0, "password": null}, {"uploadtime": 1743252067, "id": "gen9vgc2025reggbo3-2330564874", "format": "[Gen 9] VGC 2025 Reg G (Bo3)", "players": ["3badplayers", "Lanturn 8"], "rating": null, "private": 0, "password": null}, {"uploadtime": 1743252067, "id": "gen9vgc2025reggbo3-2330564429", "format": "[Gen 9] VGC 2025 Reg G (Bo3)", "players": ["Bobbo1", "Bobbo2"], "rating": null, "private": 0, "password": null}, {"uploadtime": 1743252067, "id": "gen9vgc2025reggbo3-2330563913", "format": "[Gen 9] VGC 2025 Reg G (Bo3)", "players": ["Isaiah winner", "kigokigo"], "rating": null, "private": 0, "password": null}, {"uploadtime": 1743251924, "id": "gen9vgc2025reggbo3-2330563387", "format": "[Gen 9] VGC 2025 Reg G (Bo3)", "players": ["TogoVGC", "NemoAK"], "rating": 1208, "private": 0, "password": null}]