[{"uploadtime": 1743424122, "id": "gen9vgc2025reggbo3-2331921418", "format": "[Gen 9] VGC 2025 Reg G (Bo3)", "players": ["killfery", "AnimeJ10"], "rating": null, "private": 0, "password": null}, {"uploadtime": 1743424122, "id": "gen9vgc2025reggbo3-2331920205", "format": "[Gen 9] VGC 2025 Reg G (Bo3)", "players": ["wittraid", "sunnyeong"], "rating": null, "private": 0, "password": null}, {"uploadtime": 1743424122, "id": "gen9vgc2025reggbo3-2331919835", "format": "[Gen 9] VGC 2025 Reg G (Bo3)", "players": ["Captain Koraidon", "Kuri2309"], "rating": null, "private": 0, "password": null}, {"uploadtime": 1743424057, "id": "gen9vgc2025reggbo3-2331921192", "format": "[Gen 9] VGC 2025 Reg G (Bo3)", "players": ["Ytterby", "causatorres"], "rating": null, "private": 0, "password": null}, {"uploadtime": 1743423984, "id": "gen9vgc2025reggbo3-2331919322", "format": "[Gen 9] VGC 2025 Reg G (Bo3)", "players": ["LouisTsang25", "Eternatususususu"], "rating": null, "private": 0, "password": null}, {"uploadtime": 1743423984, "id": "gen9vgc2025reggbo3-2331918443", "format": "[Gen 9] VGC 2025 Reg G (Bo3)", "players": ["Froosttt", "Miguelmnc2"], "rating": null, "private": 0, "password": null}, {"uploadtime": 1743423846, "id": "gen9vgc2025reggbo3-2331918647", "format": "[Gen 9] VGC 2025 Reg G (Bo3)", "players": ["OreburghRanger", "doung yolph"], "rating": 1327, "private": 0, "password": null}, {"uploadtime": 1743423707, "id": "gen9vgc2025reggbo3-2331915192", "format": "[Gen 9] VGC 2025 Reg G (Bo3)", "players": ["confidential2U", "marcolaker"], "rating": 1061, "private": 0, "password": null}, {"uploadtime": 1743423569, "id": "gen9vgc2025reggbo3-2331916706", "format": "[Gen 9] VGC 2025 Reg G (Bo3)", "players": ["mozheikich", "Bounty21"], "rating": null, "private": 0, "password": null}, {"uploadtime": 1743423569, "id": "gen9vgc2025reggbo3-2331916617", "format": "[Gen 9] VGC 2025 Reg G (Bo3)", "players": ["i love gumshoos", "miku snow"], "rating": null, "private": 0, "password": null}, {"uploadtime": 1743423569, "id": "gen9vgc2025reggbo3-2331915692", "format": "[Gen 9] VGC 2025 Reg G (Bo3)", "players": ["boelie26", "sunnyeong"], "rating": null, "private": 0, "password": null}, {"uploadtime": 1743423569, "id": "gen9vgc2025reggbo3-2331914763", "format": "[Gen 9] VGC 2025 Reg G (Bo3)", "players": ["funhaver16", "Nickey45"], "rating": null, "private": 0, "password": null}, {"uploadtime": 1743423569, "id": "gen9vgc2025reggbo3-2331913169", "format": "[Gen 9] VGC 2025 Reg G (Bo3)", "players": ["rysler NYU", "c.mira"], "rating": 1128, "private": 0, "password": null}, {"uploadtime": 1743423483, "id": "gen9vgc2025reggbo3-2331917074", "format": "[Gen 9] VGC 2025 Reg G (Bo3)", "players": ["generollo", "thirdverse"], "rating": 1088, "private": 0, "password": null}, {"uploadtime": 1743423430, "id": "gen9vgc2025reggbo3-2331915480", "format": "[Gen 9] VGC 2025 Reg G (Bo3)", "players": ["Deve 1", "VDKTHEGOAT"], "rating": null, "private": 0, "password": null}, {"uploadtime": 1743423430, "id": "gen9vgc2025reggbo3-2331915129", "format": "[Gen 9] VGC 2025 Reg G (Bo3)", "players": ["mozheikich", "Bounty21"], "rating": null, "private": 0, "password": null}, {"uploadtime": 1743423292, "id": "gen9vgc2025reggbo3-2331913279", "format": "[Gen 9] VGC 2025 Reg G (Bo3)", "players": ["Walker1224", "TrainerRed86"], "rating": 1060, "private": 0, "password": null}, {"uploadtime": 1743423292, "id": "gen9vgc2025reggbo3-2331912981", "format": "[Gen 9] VGC 2025 Reg G (Bo3)", "players": ["xash117", "Sincubii"], "rating": 1206, "private": 0, "password": null}, {"uploadtime": 1743423163, "id": "gen9vgc2025reggbo3-2331912393", "format": "[Gen 9] VGC 2025 Reg G (Bo3)", "players": ["TheMochiMan", "Rkmada"], "rating": null, "private": 0, "password": null}, {"uploadtime": 1743423154, "id": "gen9vgc2025reggbo3-2331913551", "format": "[Gen 9] VGC 2025 Reg G (Bo3)", "players": ["boelie26", "sunnyeong"], "rating": null, "private": 0, "password": null}, {"uploadtime": 1743423154, "id": "gen9vgc2025reggbo3-2331912021", "format": "[Gen 9] VGC 2025 Reg G (Bo3)", "players": ["Hactor-gv128", "Divya sutra suites"], "rating": 1203, "private": 0, "password": null}, {"uploadtime": 1743423154, "id": "gen9vgc2025reggbo3-2331911706", "format": "[Gen 9] VGC 2025 Reg G (Bo3)", "players": ["Unskilled99", "a2"], "rating": 1338, "private": 0, "password": null}, {"uploadtime": 1743423154, "id": "gen9vgc2025reggbo3-2331911381", "format": "[Gen 9] VGC 2025 Reg G (Bo3)", "players": ["VigsenGaming", "zeyn-299"], "rating": null, "private": 0, "password": null}, {"uploadtime": 1743423015, "id": "gen9vgc2025reggbo3-2331911216", "format": "[Gen 9] VGC 2025 Reg G (Bo3)", "players": ["JaySayYay", "Walker1224"], "rating": 1042, "private": 0, "password": null}, {"uploadtime": 1743423015, "id": "gen9vgc2025reggbo3-2331910944", "format": "[Gen 9] VGC 2025 Reg G (Bo3)", "players": ["alphaleo42", "Olciax34"], "rating": 1135, "private": 0, "password": null}, {"uploadtime": 1743423015, "id": "gen9vgc2025reggbo3-2331910276", "format": "[Gen 9] VGC 2025 Reg G (Bo3)", "players": ["funhaver16", "Jack_Kirishima"], "rating": null, "private": 0, "password": null}, {"uploadtime": 1743423015, "id": "gen9vgc2025reggbo3-2331908579", "format": "[Gen 9] VGC 2025 Reg G (Bo3)", "players": ["rysler NYU", "c.mira"], "rating": null, "private": 0, "password": null}, {"uploadtime": 1743422877, "id": "gen9vgc2025reggbo3-2331911758", "format": "[Gen 9] VGC 2025 Reg G (Bo3)", "players": ["VDKTHEGOAT", "Forasteroo"], "rating": 1164, "private": 0, "password": null}, {"uploadtime": 1743422537, "id": "gen9vgc2025reggbo3-2331909356", "format": "[Gen 9] VGC 2025 Reg G (Bo3)", "players": ["NoelAutobusero", "lambowile"], "rating": null, "private": 0, "password": null}, {"uploadtime": 1743422527, "id": "gen9vgc2025reggbo3-2331907101", "format": "[Gen 9] VGC 2025 Reg G (Bo3)", "players": ["NoelAutobusero", "lambowile"], "rating": null, "private": 0, "password": null}, {"uploadtime": 1743422496, "id": "gen9vgc2025reggbo3-2331905317", "format": "[Gen 9] VGC 2025 Reg G (Bo3)", "players": ["NoelAutobusero", "lambowile"], "rating": null, "private": 0, "password": null}, {"uploadtime": 1743421565, "id": "gen9vgc2025reggbo3-2331901341", "format": "[Gen 9] VGC 2025 Reg G (Bo3)", "players": ["Gabblegoat", "FireRedzzz"], "rating": 1269, "private": 0, "password": null}, {"uploadtime": 1743421555, "id": "gen9vgc2025reggbo3-2331899383", "format": "[Gen 9] VGC 2025 Reg G (Bo3)", "players": ["Gabblegoat", "FireRedzzz"], "rating": null, "private": 0, "password": null}, {"uploadtime": 1743421478, "id": "gen9vgc2025reggbo3-2331901877", "format": "[Gen 9] VGC 2025 Reg G (Bo3)", "players": ["capi533", "TheLordNebiros"], "rating": 1109, "private": 0, "password": null}, {"uploadtime": 1743421275, "id": "gen9vgc2025reggbo3-2331900673", "format": "[Gen 9] VGC 2025 Reg G (Bo3)", "players": ["capi533", "TheLordNebiros"], "rating": null, "private": 0, "password": null}, {"uploadtime": 1743421237, "id": "gen9vgc2025reggbo3-2331898489", "format": "[Gen 9] VGC 2025 Reg G (Bo3)", "players": ["Edmondantes97", "MEDIAFIRR"], "rating": 1000, "private": 0, "password": null}, {"uploadtime": 1743421237, "id": "gen9vgc2025reggbo3-2331898450", "format": "[Gen 9] VGC 2025 Reg G (Bo3)", "players": ["BrightPaladin1234", "igres"], "rating": null, "private": 0, "password": null}, {"uploadtime": 1743421237, "id": "gen9vgc2025reggbo3-2331898314", "format": "[Gen 9] VGC 2025 Reg G (Bo3)", "players": ["Hactor-gv128", "Zacharykeith"], "rating": null, "private": 0, "password": null}, {"uploadtime": 1743421237, "id": "gen9vgc2025reggbo3-2331897227", "format": "[Gen 9] VGC 2025 Reg G (Bo3)", "players": ["capworl", "AxelDragon1378"], "rating": null, "private": 0, "password": null}, {"uploadtime": 1743421117, "id": "gen9vgc2025reggbo3-2331899329", "format": "[Gen 9] VGC 2025 Reg G (Bo3)", "players": ["capi533", "TheLordNebiros"], "rating": null, "private": 0, "password": null}, {"uploadtime": 1743421098, "id": "gen9vgc2025reggbo3-2331896281", "format": "[Gen 9] VGC 2025 Reg G (Bo3)", "players": ["Sincubii", "policho98"], "rating": null, "private": 0, "password": null}, {"uploadtime": 1743421098, "id": "gen9vgc2025reggbo3-2331895799", "format": "[Gen 9] VGC 2025 Reg G (Bo3)", "players": ["JammVGC", "rlgidec"], "rating": null, "private": 0, "password": null}, {"uploadtime": 1743421098, "id": "gen9vgc2025reggbo3-2331895480", "format": "[Gen 9] VGC 2025 Reg G (Bo3)", "players": ["Hactor-gv128", "Zacharykeith"], "rating": null, "private": 0, "password": null}, {"uploadtime": 1743420959, "id": "gen9vgc2025reggbo3-2331895422", "format": "[Gen 9] VGC 2025 Reg G (Bo3)", "players": ["magikarp soup", "drop coke"], "rating": null, "private": 0, "password": null}, {"uploadtime": 1743420922, "id": "gen9vgc2025reggbo3-2331897524", "format": "[Gen 9] VGC 2025 Reg G (Bo3)", "players": ["TheLordNebiros", "Pikareem"], "rating": 1093, "private": 0, "password": null}, {"uploadtime": 1743420911, "id": "gen9vgc2025reggbo3-2331898241", "format": "[Gen 9] VGC 2025 Reg G (Bo3)", "players": ["capi533", "frtrfghhj"], "rating": null, "private": 0, "password": null}, {"uploadtime": 1743420890, "id": "gen9vgc2025reggbo3-2331896607", "format": "[Gen 9] VGC 2025 Reg G (Bo3)", "players": ["Rock4me", "bellacotto"], "rating": null, "private": 0, "password": null}, {"uploadtime": 1743420820, "id": "gen9vgc2025reggbo3-2331895196", "format": "[Gen 9] VGC 2025 Reg G (Bo3)", "players": ["Rg67", "JuanMKB"], "rating": null, "private": 0, "password": null}, {"uploadtime": 1743420820, "id": "gen9vgc2025reggbo3-2331894395", "format": "[Gen 9] VGC 2025 Reg G (Bo3)", "players": ["ToastKEK", "JinxedEZ"], "rating": null, "private": 0, "password": null}, {"uploadtime": 1743420820, "id": "gen9vgc2025reggbo3-2331893817", "format": "[Gen 9] VGC 2025 Reg G (Bo3)", "players": ["Lass Momo", "HombrePepinillo"], "rating": null, "private": 0, "password": null}, {"uploadtime": 1743420820, "id": "gen9vgc2025reggbo3-2331893429", "format": "[Gen 9] VGC 2025 Reg G (Bo3)", "players": ["Red wally", "xash117"], "rating": 1113, "private": 0, "password": null}]