[{"uploadtime": 1743312640, "id": "gen9vgc2025reggbo3-2331084106", "format": "[Gen 9] VGC 2025 Reg G (Bo3)", "players": ["Kylewithasmile69", "GG=Groudon Gaming"], "rating": 1200, "private": 0, "password": null}, {"uploadtime": 1743312640, "id": "gen9vgc2025reggbo3-2331083855", "format": "[Gen 9] VGC 2025 Reg G (Bo3)", "players": ["Falkkxn", "Fitzly"], "rating": null, "private": 0, "password": null}, {"uploadtime": 1743312640, "id": "gen9vgc2025reggbo3-2331083803", "format": "[Gen 9] VGC 2025 Reg G (Bo3)", "players": ["Zen1996-VGC", "phenomsteelers08"], "rating": null, "private": 0, "password": null}, {"uploadtime": 1743312640, "id": "gen9vgc2025reggbo3-2331083626", "format": "[Gen 9] VGC 2025 Reg G (Bo3)", "players": ["Dktdragon", "Rg67"], "rating": null, "private": 0, "password": null}, {"uploadtime": 1743312640, "id": "gen9vgc2025reggbo3-2331083176", "format": "[Gen 9] VGC 2025 Reg G (Bo3)", "players": ["makopoisonedtifa", "cargobobb"], "rating": 1139, "private": 0, "password": null}, {"uploadtime": 1743312502, "id": "gen9vgc2025reggbo3-2331083828", "format": "[Gen 9] VGC 2025 Reg G (Bo3)", "players": ["goonertaco58", "D4nkw33b"], "rating": null, "private": 0, "password": null}, {"uploadtime": 1743312502, "id": "gen9vgc2025reggbo3-2331083557", "format": "[Gen 9] VGC 2025 Reg G (Bo3)", "players": ["amazingspidy", "Flareblitz54"], "rating": null, "private": 0, "password": null}, {"uploadtime": 1743312502, "id": "gen9vgc2025reggbo3-2331082901", "format": "[Gen 9] VGC 2025 Reg G (Bo3)", "players": ["maxrf321", "LeonardPlayz"], "rating": null, "private": 0, "password": null}, {"uploadtime": 1743312226, "id": "gen9vgc2025reggbo3-2331082342", "format": "[Gen 9] VGC 2025 Reg G (Bo3)", "players": ["myshirtisdirty", "ballacksun"], "rating": null, "private": 0, "password": null}, {"uploadtime": 1743312226, "id": "gen9vgc2025reggbo3-2331082105", "format": "[Gen 9] VGC 2025 Reg G (Bo3)", "players": ["Dktdragon", "Rg67"], "rating": null, "private": 0, "password": null}, {"uploadtime": 1743312226, "id": "gen9vgc2025reggbo3-2331081354", "format": "[Gen 9] VGC 2025 Reg G (Bo3)", "players": ["i am saksham", "amorpokemon12!"], "rating": null, "private": 0, "password": null}, {"uploadtime": 1743312226, "id": "gen9vgc2025reggbo3-2331081021", "format": "[Gen 9] VGC 2025 Reg G (Bo3)", "players": ["powerfulbuild", "Ocpuddin"], "rating": null, "private": 0, "password": null}, {"uploadtime": 1743312226, "id": "gen9vgc2025reggbo3-2331080990", "format": "[Gen 9] VGC 2025 Reg G (Bo3)", "players": ["HerJxker", "TheStoneLich"], "rating": null, "private": 0, "password": null}, {"uploadtime": 1743312226, "id": "gen9vgc2025reggbo3-2331080586", "format": "[Gen 9] VGC 2025 Reg G (Bo3)", "players": ["shiro07", "kanucks25"], "rating": null, "private": 0, "password": null}, {"uploadtime": 1743311950, "id": "gen9vgc2025reggbo3-2331079550", "format": "[Gen 9] VGC 2025 Reg G (Bo3)", "players": ["Akrongxyz", "goonertaco58"], "rating": null, "private": 0, "password": null}, {"uploadtime": 1743311812, "id": "gen9vgc2025reggbo3-2331079822", "format": "[Gen 9] VGC 2025 Reg G (Bo3)", "players": ["Magikarpite Plz", "PorgBoi"], "rating": 1135, "private": 0, "password": null}, {"uploadtime": 1743311812, "id": "gen9vgc2025reggbo3-2331079626", "format": "[Gen 9] VGC 2025 Reg G (Bo3)", "players": ["bman311", "123Ayan"], "rating": null, "private": 0, "password": null}, {"uploadtime": 1743311812, "id": "gen9vgc2025reggbo3-2331079172", "format": "[Gen 9] VGC 2025 Reg G (Bo3)", "players": ["sapatointeligente", "Ocpuddin"], "rating": 1050, "private": 0, "password": null}, {"uploadtime": 1743311812, "id": "gen9vgc2025reggbo3-2331079136", "format": "[Gen 9] VGC 2025 Reg G (Bo3)", "players": ["myshirtisdirty", "ronmm14"], "rating": null, "private": 0, "password": null}, {"uploadtime": 1743311812, "id": "gen9vgc2025reggbo3-2331078687", "format": "[Gen 9] VGC 2025 Reg G (Bo3)", "players": ["i am saksham", "Rg67"], "rating": null, "private": 0, "password": null}, {"uploadtime": 1743311812, "id": "gen9vgc2025reggbo3-2331078519", "format": "[Gen 9] VGC 2025 Reg G (Bo3)", "players": ["Lazaro/shawdown", "BrightPaladin1234"], "rating": null, "private": 0, "password": null}, {"uploadtime": 1743311674, "id": "gen9vgc2025reggbo3-2331078185", "format": "[Gen 9] VGC 2025 Reg G (Bo3)", "players": ["Dhl2020", "kdan_7"], "rating": null, "private": 0, "password": null}, {"uploadtime": 1743311536, "id": "gen9vgc2025reggbo3-2331077890", "format": "[Gen 9] VGC 2025 Reg G (Bo3)", "players": ["Magikarpite Plz", "PorgBoi"], "rating": null, "private": 0, "password": null}, {"uploadtime": 1743311536, "id": "gen9vgc2025reggbo3-2331077540", "format": "[Gen 9] VGC 2025 Reg G (Bo3)", "players": ["Doofusburger666", "jakeieboy"], "rating": null, "private": 0, "password": null}, {"uploadtime": 1743311536, "id": "gen9vgc2025reggbo3-2331077497", "format": "[Gen 9] VGC 2025 Reg G (Bo3)", "players": ["KikoPlays", "MoonMovie"], "rating": null, "private": 0, "password": null}, {"uploadtime": 1743311536, "id": "gen9vgc2025reggbo3-2331077415", "format": "[Gen 9] VGC 2025 Reg G (Bo3)", "players": ["Hjmane", "amorpokemon12!"], "rating": 1056, "private": 0, "password": null}, {"uploadtime": 1743311536, "id": "gen9vgc2025reggbo3-2331077323", "format": "[Gen 9] VGC 2025 Reg G (Bo3)", "players": ["bman311", "Makubiku"], "rating": null, "private": 0, "password": null}, {"uploadtime": 1743311536, "id": "gen9vgc2025reggbo3-2331076887", "format": "[Gen 9] VGC 2025 Reg G (Bo3)", "players": ["TheMerryMadman77", "medvidov"], "rating": null, "private": 0, "password": null}, {"uploadtime": 1743311536, "id": "gen9vgc2025reggbo3-2331076066", "format": "[Gen 9] VGC 2025 Reg G (Bo3)", "players": ["Dhl2020", "kdan_7"], "rating": null, "private": 0, "password": null}, {"uploadtime": 1743311536, "id": "gen9vgc2025reggbo3-2331075675", "format": "[Gen 9] VGC 2025 Reg G (Bo3)", "players": ["tresadeus", "powerfulbuild"], "rating": null, "private": 0, "password": null}, {"uploadtime": 1743311260, "id": "gen9vgc2025reggbo3-2331075899", "format": "[Gen 9] VGC 2025 Reg G (Bo3)", "players": ["bgor", "AmongusMaster5678"], "rating": null, "private": 0, "password": null}, {"uploadtime": 1743311260, "id": "gen9vgc2025reggbo3-2331075558", "format": "[Gen 9] VGC 2025 Reg G (Bo3)", "players": ["PorgBoi", "MrPoleiyo"], "rating": null, "private": 0, "password": null}, {"uploadtime": 1743311260, "id": "gen9vgc2025reggbo3-2331075511", "format": "[Gen 9] VGC 2025 Reg G (Bo3)", "players": ["TheMerryMadman77", "medvidov"], "rating": null, "private": 0, "password": null}, {"uploadtime": 1743311260, "id": "gen9vgc2025reggbo3-2331074969", "format": "[Gen 9] VGC 2025 Reg G (Bo3)", "players": ["HutchencemanR", "Glazeguy"], "rating": 1140, "private": 0, "password": null}, {"uploadtime": 1743311260, "id": "gen9vgc2025reggbo3-2331074611", "format": "[Gen 9] VGC 2025 Reg G (Bo3)", "players": ["FireRedzzz", "Pickedman"], "rating": null, "private": 0, "password": null}, {"uploadtime": 1743311260, "id": "gen9vgc2025reggbo3-2331074361", "format": "[Gen 9] VGC 2025 Reg G (Bo3)", "players": ["mobikBlock", "Makubiku"], "rating": null, "private": 0, "password": null}, {"uploadtime": 1743311122, "id": "gen9vgc2025reggbo3-2331074674", "format": "[Gen 9] VGC 2025 Reg G (Bo3)", "players": ["chalko", "KazetheAirdillo"], "rating": null, "private": 0, "password": null}, {"uploadtime": 1743311122, "id": "gen9vgc2025reggbo3-2331074673", "format": "[Gen 9] VGC 2025 Reg G (Bo3)", "players": ["PorgBoi", "MrPoleiyo"], "rating": null, "private": 0, "password": null}, {"uploadtime": 1743311122, "id": "gen9vgc2025reggbo3-2331073940", "format": "[Gen 9] VGC 2025 Reg G (Bo3)", "players": ["i am saksham", "CandleBlue"], "rating": null, "private": 0, "password": null}, {"uploadtime": 1743310846, "id": "gen9vgc2025reggbo3-2331072942", "format": "[Gen 9] VGC 2025 Reg G (Bo3)", "players": ["123Ayan", "Harambe earned it"], "rating": 1039, "private": 0, "password": null}, {"uploadtime": 1743310846, "id": "gen9vgc2025reggbo3-2331072759", "format": "[Gen 9] VGC 2025 Reg G (Bo3)", "players": ["bgor", "kdan_7"], "rating": null, "private": 0, "password": null}, {"uploadtime": 1743310846, "id": "gen9vgc2025reggbo3-2331072704", "format": "[Gen 9] VGC 2025 Reg G (Bo3)", "players": ["supadupahero", "Kylewithasmile69"], "rating": null, "private": 0, "password": null}, {"uploadtime": 1743310846, "id": "gen9vgc2025reggbo3-2331072632", "format": "[Gen 9] VGC 2025 Reg G (Bo3)", "players": ["Hjmane", "BEAST_AK_XYZ"], "rating": null, "private": 0, "password": null}, {"uploadtime": 1743310846, "id": "gen9vgc2025reggbo3-2331072411", "format": "[Gen 9] VGC 2025 Reg G (Bo3)", "players": ["sapatointeligente", "BrightPaladin1234"], "rating": null, "private": 0, "password": null}, {"uploadtime": 1743310828, "id": "gen9vgc2025reggbo3-2331071645", "format": "[Gen 9] VGC 2025 Reg G (Bo3)", "players": ["dr. shio", "povfpoif8ypiv"], "rating": 1055, "private": 0, "password": null}, {"uploadtime": 1743310816, "id": "gen9vgc2025reggbo3-2331067351", "format": "[Gen 9] VGC 2025 Reg G (Bo3)", "players": ["dr. shio", "povfpoif8ypiv"], "rating": null, "private": 0, "password": null}, {"uploadtime": 1743310708, "id": "gen9vgc2025reggbo3-2331071987", "format": "[Gen 9] VGC 2025 Reg G (Bo3)", "players": ["TubigBaha", "powerfulbuild"], "rating": null, "private": 0, "password": null}, {"uploadtime": 1743310570, "id": "gen9vgc2025reggbo3-2331070166", "format": "[Gen 9] VGC 2025 Reg G (Bo3)", "players": ["funnythekani", "FluffyBoio"], "rating": null, "private": 0, "password": null}, {"uploadtime": 1743310570, "id": "gen9vgc2025reggbo3-2331070113", "format": "[Gen 9] VGC 2025 Reg G (Bo3)", "players": ["Echoes630", "Makubiku"], "rating": null, "private": 0, "password": null}, {"uploadtime": 1743310432, "id": "gen9vgc2025reggbo3-2331069063", "format": "[Gen 9] VGC 2025 Reg G (Bo3)", "players": ["supadupahero", "Scheetzy02"], "rating": null, "private": 0, "password": null}, {"uploadtime": 1743310294, "id": "gen9vgc2025reggbo3-2331069139", "format": "[Gen 9] VGC 2025 Reg G (Bo3)", "players": ["Hollowknight29", "vqnFlips"], "rating": null, "private": 0, "password": null}]