[{"uploadtime": 1743307670, "id": "gen9vgc2025reggbo3-2331051424", "format": "[Gen 9] VGC 2025 Reg G (Bo3)", "players": ["dengonumber1fan", "bdogplatinum"], "rating": 1403, "private": 0, "password": null}, {"uploadtime": 1743307670, "id": "gen9vgc2025reggbo3-2331051387", "format": "[Gen 9] VGC 2025 Reg G (Bo3)", "players": ["PhoenixHawk0", "bvg2"], "rating": 1195, "private": 0, "password": null}, {"uploadtime": 1743307670, "id": "gen9vgc2025reggbo3-2331051330", "format": "[Gen 9] VGC 2025 Reg G (Bo3)", "players": ["cynthiasbob", "ellidacow"], "rating": null, "private": 0, "password": null}, {"uploadtime": 1743307670, "id": "gen9vgc2025reggbo3-2331051266", "format": "[Gen 9] VGC 2025 Reg G (Bo3)", "players": ["dijondan", "YCU J LAMBO"], "rating": 1171, "private": 0, "password": null}, {"uploadtime": 1743307670, "id": "gen9vgc2025reggbo3-2331051032", "format": "[Gen 9] VGC 2025 Reg G (Bo3)", "players": ["Aguss_deluxe", "enyelvgc"], "rating": null, "private": 0, "password": null}, {"uploadtime": 1743307670, "id": "gen9vgc2025reggbo3-2331050917", "format": "[Gen 9] VGC 2025 Reg G (Bo3)", "players": ["Witness343", "RICHARDHAVOC"], "rating": null, "private": 0, "password": null}, {"uploadtime": 1743307670, "id": "gen9vgc2025reggbo3-2331050574", "format": "[Gen 9] VGC 2025 Reg G (Bo3)", "players": ["Scheetzy02", "sunnyeong"], "rating": null, "private": 0, "password": null}, {"uploadtime": 1743307267, "id": "gen9vgc2025reggbo3-2331049361", "format": "[Gen 9] VGC 2025 Reg G (Bo3)", "players": ["Audinapuzzle", "Banari"], "rating": 1052, "private": 0, "password": null}, {"uploadtime": 1743307044, "id": "gen9vgc2025reggbo3-2331047494", "format": "[Gen 9] VGC 2025 Reg G (Bo3)", "players": ["ferrarisbestfriend", "Greeness"], "rating": null, "private": 0, "password": null}, {"uploadtime": 1743306586, "id": "gen9vgc2025reggbo3-2331041773", "format": "[Gen 9] VGC 2025 Reg G (Bo3)", "players": ["PhoenixHawk0", "secondgamewaswhite"], "rating": null, "private": 0, "password": null}, {"uploadtime": 1743306250, "id": "gen9vgc2025reggbo3-2331041969", "format": "[Gen 9] VGC 2025 Reg G (Bo3)", "players": ["ferrarisbestfriend", "Poopfromabutt"], "rating": 1174, "private": 0, "password": null}, {"uploadtime": 1743306038, "id": "gen9vgc2025reggbo3-2331038857", "format": "[Gen 9] VGC 2025 Reg G (Bo3)", "players": ["MSAtlos", "Echoes630"], "rating": 1128, "private": 0, "password": null}, {"uploadtime": 1743306038, "id": "gen9vgc2025reggbo3-2331038840", "format": "[Gen 9] VGC 2025 Reg G (Bo3)", "players": ["WhereIsRiolu?", "kiet34"], "rating": 1013, "private": 0, "password": null}, {"uploadtime": 1743306013, "id": "gen9vgc2025reggbo3-2331039954", "format": "[Gen 9] VGC 2025 Reg G (Bo3)", "players": ["ferrarisbestfriend", "Poopfromabutt"], "rating": null, "private": 0, "password": null}, {"uploadtime": 1743305990, "id": "gen9vgc2025reggbo3-2331038478", "format": "[Gen 9] VGC 2025 Reg G (Bo3)", "players": ["Isthisreallifeman", "atl 2025"], "rating": 1470, "private": 0, "password": null}, {"uploadtime": 1743305976, "id": "gen9vgc2025reggbo3-2331037006", "format": "[Gen 9] VGC 2025 Reg G (Bo3)", "players": ["Isthisreallifeman", "atl 2025"], "rating": null, "private": 0, "password": null}, {"uploadtime": 1743305951, "id": "gen9vgc2025reggbo3-2331035708", "format": "[Gen 9] VGC 2025 Reg G (Bo3)", "players": ["Isthisreallifeman", "atl 2025"], "rating": null, "private": 0, "password": null}, {"uploadtime": 1743305900, "id": "gen9vgc2025reggbo3-2331036874", "format": "[Gen 9] VGC 2025 Reg G (Bo3)", "players": ["chitoswrld", "VoiSimp"], "rating": null, "private": 0, "password": null}, {"uploadtime": 1743305899, "id": "gen9vgc2025reggbo3-2331038526", "format": "[Gen 9] VGC 2025 Reg G (Bo3)", "players": ["Zen1996-VGC", "FireRedzzz"], "rating": null, "private": 0, "password": null}, {"uploadtime": 1743305761, "id": "gen9vgc2025reggbo3-2331036270", "format": "[Gen 9] VGC 2025 Reg G (Bo3)", "players": ["ErickF666", "pichu1940"], "rating": null, "private": 0, "password": null}, {"uploadtime": 1743305753, "id": "gen9vgc2025reggbo3-2331037835", "format": "[Gen 9] VGC 2025 Reg G (Bo3)", "players": ["ferrarisbestfriend", "Poopfromabutt"], "rating": null, "private": 0, "password": null}, {"uploadtime": 1743305466, "id": "gen9vgc2025reggbo3-2331036033", "format": "[Gen 9] VGC 2025 Reg G (Bo3)", "players": ["anshu08", "ferrarisbestfriend"], "rating": 1086, "private": 0, "password": null}, {"uploadtime": 1743305235, "id": "gen9vgc2025reggbo3-2331034043", "format": "[Gen 9] VGC 2025 Reg G (Bo3)", "players": ["anshu08", "ferrarisbestfriend"], "rating": null, "private": 0, "password": null}, {"uploadtime": 1743305206, "id": "gen9vgc2025reggbo3-2331033216", "format": "[Gen 9] VGC 2025 Reg G (Bo3)", "players": ["causatorres", "patchspitzy"], "rating": null, "private": 0, "password": null}, {"uploadtime": 1743305206, "id": "gen9vgc2025reggbo3-2331030833", "format": "[Gen 9] VGC 2025 Reg G (Bo3)", "players": ["bvg2", "legendcoot"], "rating": null, "private": 0, "password": null}, {"uploadtime": 1743305163, "id": "gen9vgc2025reggbo3-2331032102", "format": "[Gen 9] VGC 2025 Reg G (Bo3)", "players": ["Jimmy's Teeth", "akshx"], "rating": 1010, "private": 0, "password": null}, {"uploadtime": 1743305156, "id": "gen9vgc2025reggbo3-2331029130", "format": "[Gen 9] VGC 2025 Reg G (Bo3)", "players": ["Jimmy's Teeth", "akshx"], "rating": null, "private": 0, "password": null}, {"uploadtime": 1743305147, "id": "gen9vgc2025reggbo3-2331026423", "format": "[Gen 9] VGC 2025 Reg G (Bo3)", "players": ["Jimmy's Teeth", "akshx"], "rating": null, "private": 0, "password": null}, {"uploadtime": 1743305068, "id": "gen9vgc2025reggbo3-2331030987", "format": "[Gen 9] VGC 2025 Reg G (Bo3)", "players": ["ErickF666", "CandleBlue"], "rating": null, "private": 0, "password": null}, {"uploadtime": 1743304952, "id": "gen9vgc2025reggbo3-2331032044", "format": "[Gen 9] VGC 2025 Reg G (Bo3)", "players": ["pichu1940", "Etrale"], "rating": 1205, "private": 0, "password": null}, {"uploadtime": 1743304790, "id": "gen9vgc2025reggbo3-2331029748", "format": "[Gen 9] VGC 2025 Reg G (Bo3)", "players": ["vqnFlips", "krocksucker"], "rating": null, "private": 0, "password": null}, {"uploadtime": 1743304768, "id": "gen9vgc2025reggbo3-2331030551", "format": "[Gen 9] VGC 2025 Reg G (Bo3)", "players": ["Harkavian", "gatchamon"], "rating": null, "private": 0, "password": null}, {"uploadtime": 1743304730, "id": "gen9vgc2025reggbo3-2331030474", "format": "[Gen 9] VGC 2025 Reg G (Bo3)", "players": ["pichu1940", "Etrale"], "rating": null, "private": 0, "password": null}, {"uploadtime": 1743304652, "id": "gen9vgc2025reggbo3-2331027553", "format": "[Gen 9] VGC 2025 Reg G (Bo3)", "players": ["vqnFlips", "krocksucker"], "rating": null, "private": 0, "password": null}, {"uploadtime": 1743304652, "id": "gen9vgc2025reggbo3-2331026775", "format": "[Gen 9] VGC 2025 Reg G (Bo3)", "players": ["ronmm14", "GuY(o ON ShOwDoWn"], "rating": null, "private": 0, "password": null}, {"uploadtime": 1743304517, "id": "gen9vgc2025reggbo3-2331027153", "format": "[Gen 9] VGC 2025 Reg G (Bo3)", "players": ["Harkavian", "gatchamon"], "rating": null, "private": 0, "password": null}, {"uploadtime": 1743304376, "id": "gen9vgc2025reggbo3-2331022965", "format": "[Gen 9] VGC 2025 Reg G (Bo3)", "players": ["SixHeroes", "Gworf"], "rating": null, "private": 0, "password": null}, {"uploadtime": 1743304370, "id": "gen9vgc2025reggbo3-2331027465", "format": "[Gen 9] VGC 2025 Reg G (Bo3)", "players": ["DatGuyJimmeh", "pokemasterz461"], "rating": 1259, "private": 0, "password": null}, {"uploadtime": 1743304299, "id": "gen9vgc2025reggbo3-2331026102", "format": "[Gen 9] VGC 2025 Reg G (Bo3)", "players": ["bvg2", "AlfajoresGame"], "rating": 1185, "private": 0, "password": null}, {"uploadtime": 1743304253, "id": "gen9vgc2025reggbo3-2331024634", "format": "[Gen 9] VGC 2025 Reg G (Bo3)", "players": ["bvg2", "AlfajoresGame"], "rating": null, "private": 0, "password": null}, {"uploadtime": 1743304236, "id": "gen9vgc2025reggbo3-2331024571", "format": "[Gen 9] VGC 2025 Reg G (Bo3)", "players": ["Meechole", "Bug Catcher Sunny"], "rating": null, "private": 0, "password": null}, {"uploadtime": 1743304215, "id": "gen9vgc2025reggbo3-2331026828", "format": "[Gen 9] VGC 2025 Reg G (Bo3)", "players": ["U43AH", "Juanitto Balatrez"], "rating": 1158, "private": 0, "password": null}, {"uploadtime": 1743304131, "id": "gen9vgc2025reggbo3-2331026430", "format": "[Gen 9] VGC 2025 Reg G (Bo3)", "players": ["DatGuyJimmeh", "pokemasterz461"], "rating": null, "private": 0, "password": null}, {"uploadtime": 1743304097, "id": "gen9vgc2025reggbo3-2331023565", "format": "[Gen 9] VGC 2025 Reg G (Bo3)", "players": ["Fieryfl4me", "FreeSquidy"], "rating": null, "private": 0, "password": null}, {"uploadtime": 1743304047, "id": "gen9vgc2025reggbo3-2331023146", "format": "[Gen 9] VGC 2025 Reg G (Bo3)", "players": ["U43AH", "Juanitto Balatrez"], "rating": null, "private": 0, "password": null}, {"uploadtime": 1743304007, "id": "gen9vgc2025reggbo3-2331021626", "format": "[Gen 9] VGC 2025 Reg G (Bo3)", "players": ["LittleBig18", "chriscanway"], "rating": 1147, "private": 0, "password": null}, {"uploadtime": 1743304004, "id": "gen9vgc2025reggbo3-2331024485", "format": "[Gen 9] VGC 2025 Reg G (Bo3)", "players": ["DatGuyJimmeh", "pokemasterz461"], "rating": null, "private": 0, "password": null}, {"uploadtime": 1743303998, "id": "gen9vgc2025reggbo3-2331018612", "format": "[Gen 9] VGC 2025 Reg G (Bo3)", "players": ["LittleBig18", "chriscanway"], "rating": null, "private": 0, "password": null}, {"uploadtime": 1743303982, "id": "gen9vgc2025reggbo3-2331024348", "format": "[Gen 9] VGC 2025 Reg G (Bo3)", "players": ["Jimmy's Teeth", "Hgfhgx"], "rating": 1034, "private": 0, "password": null}, {"uploadtime": 1743303974, "id": "gen9vgc2025reggbo3-2331021593", "format": "[Gen 9] VGC 2025 Reg G (Bo3)", "players": ["Jimmy's Teeth", "Hgfhgx"], "rating": null, "private": 0, "password": null}, {"uploadtime": 1743303849, "id": "gen9vgc2025reggbo3-2331016008", "format": "[Gen 9] VGC 2025 Reg G (Bo3)", "players": ["LittleBig18", "chriscanway"], "rating": null, "private": 0, "password": null}]