[{"uploadtime": 1743284028, "id": "gen9vgc2025reggbo3-2330850454", "format": "[Gen 9] VGC 2025 Reg G (Bo3)", "players": ["FerLive", "Lazaro/shawdown"], "rating": null, "private": 0, "password": null}, {"uploadtime": 1743283889, "id": "gen9vgc2025reggbo3-2330849302", "format": "[Gen 9] VGC 2025 Reg G (Bo3)", "players": ["marcosdeltasena31", "pqlarbear_fan"], "rating": null, "private": 0, "password": null}, {"uploadtime": 1743283751, "id": "gen9vgc2025reggbo3-2330847142", "format": "[Gen 9] VGC 2025 Reg G (Bo3)", "players": ["FerLive", "Lazaro/shawdown"], "rating": null, "private": 0, "password": null}, {"uploadtime": 1743283613, "id": "gen9vgc2025reggbo3-2330846849", "format": "[Gen 9] VGC 2025 Reg G (Bo3)", "players": ["dakotaviolence_", "roykeenkennedy"], "rating": null, "private": 0, "password": null}, {"uploadtime": 1743283613, "id": "gen9vgc2025reggbo3-2330846081", "format": "[Gen 9] VGC 2025 Reg G (Bo3)", "players": ["LowTaperedFade", "VeraxVGC"], "rating": null, "private": 0, "password": null}, {"uploadtime": 1743283613, "id": "gen9vgc2025reggbo3-2330845864", "format": "[Gen 9] VGC 2025 Reg G (Bo3)", "players": ["LuketheDuk", "Ruben1452"], "rating": 1153, "private": 0, "password": null}, {"uploadtime": 1743283612, "id": "gen9vgc2025reggbo3-2330847225", "format": "[Gen 9] VGC 2025 Reg G (Bo3)", "players": ["Kinyachta", "wittraid"], "rating": null, "private": 0, "password": null}, {"uploadtime": 1743283474, "id": "gen9vgc2025reggbo3-2330845335", "format": "[Gen 9] VGC 2025 Reg G (Bo3)", "players": ["GIULIANO10", "sergiovalverdec01"], "rating": null, "private": 0, "password": null}, {"uploadtime": 1743283474, "id": "gen9vgc2025reggbo3-2330844551", "format": "[Gen 9] VGC 2025 Reg G (Bo3)", "players": ["chalko", "FerLive"], "rating": 1003, "private": 0, "password": null}, {"uploadtime": 1743283474, "id": "gen9vgc2025reggbo3-2330844337", "format": "[Gen 9] VGC 2025 Reg G (Bo3)", "players": ["deltazero21", "itslikewoah"], "rating": null, "private": 0, "password": null}, {"uploadtime": 1743283335, "id": "gen9vgc2025reggbo3-2330844016", "format": "[Gen 9] VGC 2025 Reg G (Bo3)", "players": ["LowTaperedFade", "VeraxVGC"], "rating": null, "private": 0, "password": null}, {"uploadtime": 1743283196, "id": "gen9vgc2025reggbo3-2330842200", "format": "[Gen 9] VGC 2025 Reg G (Bo3)", "players": ["Itriana22", "samyi1234"], "rating": null, "private": 0, "password": null}, {"uploadtime": 1743283058, "id": "gen9vgc2025reggbo3-2330839735", "format": "[Gen 9] VGC 2025 Reg G (Bo3)", "players": ["King_Jamy", "Calisscrewed"], "rating": null, "private": 0, "password": null}, {"uploadtime": 1743283058, "id": "gen9vgc2025reggbo3-2330839628", "format": "[Gen 9] VGC 2025 Reg G (Bo3)", "players": ["causatorres", "UnaNixA"], "rating": null, "private": 0, "password": null}, {"uploadtime": 1743283058, "id": "gen9vgc2025reggbo3-2330838504", "format": "[Gen 9] VGC 2025 Reg G (Bo3)", "players": ["powerfulbuild", "Er0dius"], "rating": null, "private": 0, "password": null}, {"uploadtime": 1743282918, "id": "gen9vgc2025reggbo3-2330840689", "format": "[Gen 9] VGC 2025 Reg G (Bo3)", "players": ["Seppoju", "FerLive"], "rating": null, "private": 0, "password": null}, {"uploadtime": 1743282780, "id": "gen9vgc2025reggbo3-2330839314", "format": "[Gen 9] VGC 2025 Reg G (Bo3)", "players": ["grey's astralogy", "elunex"], "rating": null, "private": 0, "password": null}, {"uploadtime": 1743282780, "id": "gen9vgc2025reggbo3-2330838528", "format": "[Gen 9] VGC 2025 Reg G (Bo3)", "players": ["bigj009", "dakotaviolence_"], "rating": null, "private": 0, "password": null}, {"uploadtime": 1743282642, "id": "gen9vgc2025reggbo3-2330837858", "format": "[Gen 9] VGC 2025 Reg G (Bo3)", "players": ["grey's astralogy", "elunex"], "rating": null, "private": 0, "password": null}, {"uploadtime": 1743282642, "id": "gen9vgc2025reggbo3-2330837497", "format": "[Gen 9] VGC 2025 Reg G (Bo3)", "players": ["King_Jamy", "Calisscrewed"], "rating": null, "private": 0, "password": null}, {"uploadtime": 1743282642, "id": "gen9vgc2025reggbo3-2330835471", "format": "[Gen 9] VGC 2025 Reg G (Bo3)", "players": ["Koke_915", "Lazaro/shawdown"], "rating": 1104, "private": 0, "password": null}, {"uploadtime": 1743282642, "id": "gen9vgc2025reggbo3-2330835156", "format": "[Gen 9] VGC 2025 Reg G (Bo3)", "players": ["Mortipherus", "Gworf"], "rating": null, "private": 0, "password": null}, {"uploadtime": 1743282626, "id": "gen9vgc2025reggbo3-2330830764", "format": "[Gen 9] VGC 2025 Reg G (Bo3)", "players": ["Diegoelsocorrista", "akamelikeyou"], "rating": null, "private": 0, "password": null}, {"uploadtime": 1743282364, "id": "gen9vgc2025reggbo3-2330835929", "format": "[Gen 9] VGC 2025 Reg G (Bo3)", "players": ["Gualimuler", "jcasv"], "rating": null, "private": 0, "password": null}, {"uploadtime": 1743282364, "id": "gen9vgc2025reggbo3-2330835260", "format": "[Gen 9] VGC 2025 Reg G (Bo3)", "players": ["itslikewoah", "UnaNixA"], "rating": null, "private": 0, "password": null}, {"uploadtime": 1743282364, "id": "gen9vgc2025reggbo3-2330834332", "format": "[Gen 9] VGC 2025 Reg G (Bo3)", "players": ["soudowoodoo", "samyi1234"], "rating": null, "private": 0, "password": null}, {"uploadtime": 1743282274, "id": "gen9vgc2025reggbo3-2330831378", "format": "[Gen 9] VGC 2025 Reg G (Bo3)", "players": ["BundleUpItsCold", "Gozante"], "rating": 1616, "private": 0, "password": null}, {"uploadtime": 1743282226, "id": "gen9vgc2025reggbo3-2330832681", "format": "[Gen 9] VGC 2025 Reg G (Bo3)", "players": ["itslikewoah", "UnaNixA"], "rating": null, "private": 0, "password": null}, {"uploadtime": 1743282226, "id": "gen9vgc2025reggbo3-2330832650", "format": "[Gen 9] VGC 2025 Reg G (Bo3)", "players": ["elunex", "TUIPK"], "rating": null, "private": 0, "password": null}, {"uploadtime": 1743282226, "id": "gen9vgc2025reggbo3-2330832558", "format": "[Gen 9] VGC 2025 Reg G (Bo3)", "players": ["Koke_915", "Lazaro/shawdown"], "rating": null, "private": 0, "password": null}, {"uploadtime": 1743282087, "id": "gen9vgc2025reggbo3-2330831270", "format": "[Gen 9] VGC 2025 Reg G (Bo3)", "players": ["Gworf", "M0teM0te13"], "rating": 1334, "private": 0, "password": null}, {"uploadtime": 1743282087, "id": "gen9vgc2025reggbo3-2330831000", "format": "[Gen 9] VGC 2025 Reg G (Bo3)", "players": ["MaeveAscella", "neno49044"], "rating": 1156, "private": 0, "password": null}, {"uploadtime": 1743281948, "id": "gen9vgc2025reggbo3-2330830340", "format": "[Gen 9] VGC 2025 Reg G (Bo3)", "players": ["y-rocko", "Mortipherus"], "rating": null, "private": 0, "password": null}, {"uploadtime": 1743281871, "id": "gen9vgc2025reggbo3-2330831931", "format": "[Gen 9] VGC 2025 Reg G (Bo3)", "players": ["CovetousWheat15", "Etrale"], "rating": 1111, "private": 0, "password": null}, {"uploadtime": 1743281866, "id": "gen9vgc2025reggbo3-2330829193", "format": "[Gen 9] VGC 2025 Reg G (Bo3)", "players": ["CovetousWheat15", "Etrale"], "rating": null, "private": 0, "password": null}, {"uploadtime": 1743281812, "id": "gen9vgc2025reggbo3-2330829738", "format": "[Gen 9] VGC 2025 Reg G (Bo3)", "players": ["marcosdeltasena31", "PhilHellmuth.PH"], "rating": 1399, "private": 0, "password": null}, {"uploadtime": 1743281810, "id": "gen9vgc2025reggbo3-2330830432", "format": "[Gen 9] VGC 2025 Reg G (Bo3)", "players": ["isurelydolikebread", "punjabiboy17"], "rating": null, "private": 0, "password": null}, {"uploadtime": 1743281810, "id": "gen9vgc2025reggbo3-2330827078", "format": "[Gen 9] VGC 2025 Reg G (Bo3)", "players": ["BundleUpItsCold", "Gozante"], "rating": null, "private": 0, "password": null}, {"uploadtime": 1743281806, "id": "gen9vgc2025reggbo3-2330826084", "format": "[Gen 9] VGC 2025 Reg G (Bo3)", "players": ["marcosdeltasena31", "PhilHellmuth.PH"], "rating": null, "private": 0, "password": null}, {"uploadtime": 1743281670, "id": "gen9vgc2025reggbo3-2330828714", "format": "[Gen 9] VGC 2025 Reg G (Bo3)", "players": ["Gualimuler", "jcasv"], "rating": null, "private": 0, "password": null}, {"uploadtime": 1743281670, "id": "gen9vgc2025reggbo3-2330828632", "format": "[Gen 9] VGC 2025 Reg G (Bo3)", "players": ["elunex", "Feddouu"], "rating": null, "private": 0, "password": null}, {"uploadtime": 1743281670, "id": "gen9vgc2025reggbo3-2330827464", "format": "[Gen 9] VGC 2025 Reg G (Bo3)", "players": ["samyi1234", "Panda X Drip"], "rating": null, "private": 0, "password": null}, {"uploadtime": 1743281669, "id": "gen9vgc2025reggbo3-2330828912", "format": "[Gen 9] VGC 2025 Reg G (Bo3)", "players": ["y-rocko", "Mortipherus"], "rating": null, "private": 0, "password": null}, {"uploadtime": 1743281669, "id": "gen9vgc2025reggbo3-2330827251", "format": "[Gen 9] VGC 2025 Reg G (Bo3)", "players": ["MaeveAscella", "neno49044"], "rating": null, "private": 0, "password": null}, {"uploadtime": 1743281531, "id": "gen9vgc2025reggbo3-2330828037", "format": "[Gen 9] VGC 2025 Reg G (Bo3)", "players": ["pixelmonvgc", "M0teM0te13"], "rating": null, "private": 0, "password": null}, {"uploadtime": 1743281531, "id": "gen9vgc2025reggbo3-2330827888", "format": "[Gen 9] VGC 2025 Reg G (Bo3)", "players": ["Redpandas3", "johnny0007"], "rating": 1000, "private": 0, "password": null}, {"uploadtime": 1743281531, "id": "gen9vgc2025reggbo3-2330826974", "format": "[Gen 9] VGC 2025 Reg G (Bo3)", "players": ["elunex", "Feddouu"], "rating": null, "private": 0, "password": null}, {"uploadtime": 1743281531, "id": "gen9vgc2025reggbo3-2330826015", "format": "[Gen 9] VGC 2025 Reg G (Bo3)", "players": ["itslikewoah", "Lazaro/shawdown"], "rating": null, "private": 0, "password": null}, {"uploadtime": 1743281510, "id": "gen9vgc2025reggbo3-2330825860", "format": "[Gen 9] VGC 2025 Reg G (Bo3)", "players": ["fakexanax", "thetestingpokemonz"], "rating": 1175, "private": 0, "password": null}, {"uploadtime": 1743281424, "id": "gen9vgc2025reggbo3-2330826106", "format": "[Gen 9] VGC 2025 Reg G (Bo3)", "players": ["MagFusktest", "calvinbbc"], "rating": null, "private": 0, "password": null}, {"uploadtime": 1743281393, "id": "gen9vgc2025reggbo3-2330825679", "format": "[Gen 9] VGC 2025 Reg G (Bo3)", "players": ["BTK9696", "GIULIANO10"], "rating": null, "private": 0, "password": null}]