[{"uploadtime": 1743364725, "id": "gen9vgc2025reggbo3-2331457757", "format": "[Gen 9] VGC 2025 Reg G (Bo3)", "players": ["marcosdeltasena31", "PhilHellmuth.PH"], "rating": 1431, "private": 0, "password": null}, {"uploadtime": 1743364719, "id": "gen9vgc2025reggbo3-2331455842", "format": "[Gen 9] VGC 2025 Reg G (Bo3)", "players": ["marcosdeltasena31", "PhilHellmuth.PH"], "rating": null, "private": 0, "password": null}, {"uploadtime": 1743364688, "id": "gen9vgc2025reggbo3-2331458785", "format": "[Gen 9] VGC 2025 Reg G (Bo3)", "players": ["katfishfilet", "Yoddle Yoddle"], "rating": null, "private": 0, "password": null}, {"uploadtime": 1743364509, "id": "gen9vgc2025reggbo3-2331455279", "format": "[Gen 9] VGC 2025 Reg G (Bo3)", "players": ["LemmeCallMyGuy", "Sic-beatz"], "rating": 1148, "private": 0, "password": null}, {"uploadtime": 1743364421, "id": "gen9vgc2025reggbo3-2331454684", "format": "[Gen 9] VGC 2025 Reg G (Bo3)", "players": ["ratatouillerimi", "aquawarrior21"], "rating": 1242, "private": 0, "password": null}, {"uploadtime": 1743364406, "id": "gen9vgc2025reggbo3-2331453430", "format": "[Gen 9] VGC 2025 Reg G (Bo3)", "players": ["ratatouillerimi", "aquawarrior21"], "rating": null, "private": 0, "password": null}, {"uploadtime": 1743364301, "id": "gen9vgc2025reggbo3-2331453484", "format": "[Gen 9] VGC 2025 Reg G (Bo3)", "players": ["lildarkrai7", "13Yoshi37"], "rating": null, "private": 0, "password": null}, {"uploadtime": 1743364291, "id": "gen9vgc2025reggbo3-2331454626", "format": "[Gen 9] VGC 2025 Reg G (Bo3)", "players": ["Tiger58", "koiseyo otome"], "rating": 1352, "private": 0, "password": null}, {"uploadtime": 1743364188, "id": "gen9vgc2025reggbo3-2331452568", "format": "[Gen 9] VGC 2025 Reg G (Bo3)", "players": ["PhilHellmuth.PH", "Gozante"], "rating": 1413, "private": 0, "password": null}, {"uploadtime": 1743364179, "id": "gen9vgc2025reggbo3-2331449110", "format": "[Gen 9] VGC 2025 Reg G (Bo3)", "players": ["PhilHellmuth.PH", "Gozante"], "rating": null, "private": 0, "password": null}, {"uploadtime": 1743364013, "id": "gen9vgc2025reggbo3-2331451931", "format": "[Gen 9] VGC 2025 Reg G (Bo3)", "players": ["LemmeCallMyGuy", "Minoluck"], "rating": null, "private": 0, "password": null}, {"uploadtime": 1743363998, "id": "gen9vgc2025reggbo3-2331446068", "format": "[Gen 9] VGC 2025 Reg G (Bo3)", "players": ["lildarkrai7", "13Yoshi37"], "rating": null, "private": 0, "password": null}, {"uploadtime": 1743363950, "id": "gen9vgc2025reggbo3-2331448347", "format": "[Gen 9] VGC 2025 Reg G (Bo3)", "players": ["Sizzle2466", "aquawarrior21"], "rating": 1216, "private": 0, "password": null}, {"uploadtime": 1743363884, "id": "gen9vgc2025reggbo3-2331449547", "format": "[Gen 9] VGC 2025 Reg G (Bo3)", "players": ["Shirteasy22", "Sr. del Almidon"], "rating": null, "private": 0, "password": null}, {"uploadtime": 1743363869, "id": "gen9vgc2025reggbo3-2331446286", "format": "[Gen 9] VGC 2025 Reg G (Bo3)", "players": ["Sizzle2466", "aquawarrior21"], "rating": null, "private": 0, "password": null}, {"uploadtime": 1743363700, "id": "gen9vgc2025reggbo3-2331446515", "format": "[Gen 9] VGC 2025 Reg G (Bo3)", "players": ["TheGreenTotoro", "katfishfilet"], "rating": 1235, "private": 0, "password": null}, {"uploadtime": 1743363656, "id": "gen9vgc2025reggbo3-2331445472", "format": "[Gen 9] VGC 2025 Reg G (Bo3)", "players": ["marcosdeltasena31", "SQLdeveloper"], "rating": null, "private": 0, "password": null}, {"uploadtime": 1743363518, "id": "gen9vgc2025reggbo3-2331444483", "format": "[Gen 9] VGC 2025 Reg G (Bo3)", "players": ["tmot17", "RadRusty"], "rating": null, "private": 0, "password": null}, {"uploadtime": 1743363518, "id": "gen9vgc2025reggbo3-2331442911", "format": "[Gen 9] VGC 2025 Reg G (Bo3)", "players": ["marcosdeltasena31", "SQLdeveloper"], "rating": null, "private": 0, "password": null}, {"uploadtime": 1743363380, "id": "gen9vgc2025reggbo3-2331442798", "format": "[Gen 9] VGC 2025 Reg G (Bo3)", "players": ["JaviChicaino", "wittraid"], "rating": null, "private": 0, "password": null}, {"uploadtime": 1743363361, "id": "gen9vgc2025reggbo3-2331443289", "format": "[Gen 9] VGC 2025 Reg G (Bo3)", "players": ["TheGreenTotoro", "katfishfilet"], "rating": null, "private": 0, "password": null}, {"uploadtime": 1743363271, "id": "gen9vgc2025reggbo3-2331443151", "format": "[Gen 9] VGC 2025 Reg G (Bo3)", "players": ["pixelfx", "pichu1940"], "rating": 1201, "private": 0, "password": null}, {"uploadtime": 1743363242, "id": "gen9vgc2025reggbo3-2331439890", "format": "[Gen 9] VGC 2025 Reg G (Bo3)", "players": ["disciple of blahaj", "Afr1995"], "rating": null, "private": 0, "password": null}, {"uploadtime": 1743363242, "id": "gen9vgc2025reggbo3-2331439490", "format": "[Gen 9] VGC 2025 Reg G (Bo3)", "players": ["JaviChicaino", "wittraid"], "rating": null, "private": 0, "password": null}, {"uploadtime": 1743363062, "id": "gen9vgc2025reggbo3-2331439756", "format": "[Gen 9] VGC 2025 Reg G (Bo3)", "players": ["TheGreenTotoro", "katfishfilet"], "rating": null, "private": 0, "password": null}, {"uploadtime": 1743363051, "id": "gen9vgc2025reggbo3-2331440305", "format": "[Gen 9] VGC 2025 Reg G (Bo3)", "players": ["pixelfx", "pichu1940"], "rating": null, "private": 0, "password": null}, {"uploadtime": 1743362965, "id": "gen9vgc2025reggbo3-2331438810", "format": "[Gen 9] VGC 2025 Reg G (Bo3)", "players": ["Forasteroo", "mozheikich"], "rating": null, "private": 0, "password": null}, {"uploadtime": 1743362965, "id": "gen9vgc2025reggbo3-2331436360", "format": "[Gen 9] VGC 2025 Reg G (Bo3)", "players": ["Goodwyn", "testeifie"], "rating": null, "private": 0, "password": null}, {"uploadtime": 1743362828, "id": "gen9vgc2025reggbo3-2331436917", "format": "[Gen 9] VGC 2025 Reg G (Bo3)", "players": ["jit444", "Gozante"], "rating": null, "private": 0, "password": null}, {"uploadtime": 1743362827, "id": "gen9vgc2025reggbo3-2331437199", "format": "[Gen 9] VGC 2025 Reg G (Bo3)", "players": ["slyterin", "wenas noches 2"], "rating": null, "private": 0, "password": null}, {"uploadtime": 1743362775, "id": "gen9vgc2025reggbo3-2331437727", "format": "[Gen 9] VGC 2025 Reg G (Bo3)", "players": ["pixelfx", "pichu1940"], "rating": null, "private": 0, "password": null}, {"uploadtime": 1743362689, "id": "gen9vgc2025reggbo3-2331435028", "format": "[Gen 9] VGC 2025 Reg G (Bo3)", "players": ["Nub69420", "Kramenwhale"], "rating": null, "private": 0, "password": null}, {"uploadtime": 1743362689, "id": "gen9vgc2025reggbo3-2331432241", "format": "[Gen 9] VGC 2025 Reg G (Bo3)", "players": ["slyterin", "wenas noches 2"], "rating": null, "private": 0, "password": null}, {"uploadtime": 1743362614, "id": "gen9vgc2025reggbo3-2331435572", "format": "[Gen 9] VGC 2025 Reg G (Bo3)", "players": ["katfishfilet", "Vuultur"], "rating": 1257, "private": 0, "password": null}, {"uploadtime": 1743362551, "id": "gen9vgc2025reggbo3-2331433461", "format": "[Gen 9] VGC 2025 Reg G (Bo3)", "players": ["alphaleo42", "CyborgStrafer"], "rating": null, "private": 0, "password": null}, {"uploadtime": 1743362551, "id": "gen9vgc2025reggbo3-2331433375", "format": "[Gen 9] VGC 2025 Reg G (Bo3)", "players": ["thetestingpokemonz", "randomuser0000"], "rating": 1199, "private": 0, "password": null}, {"uploadtime": 1743362526, "id": "gen9vgc2025reggbo3-2331434403", "format": "[Gen 9] VGC 2025 Reg G (Bo3)", "players": ["pixelfx", "Samm3"], "rating": 1196, "private": 0, "password": null}, {"uploadtime": 1743362497, "id": "gen9vgc2025reggbo3-2331434322", "format": "[Gen 9] VGC 2025 Reg G (Bo3)", "players": ["Pete Nuzlock", "victoryyyroadd"], "rating": 1065, "private": 0, "password": null}, {"uploadtime": 1743362469, "id": "gen9vgc2025reggbo3-2331433699", "format": "[Gen 9] VGC 2025 Reg G (Bo3)", "players": ["Aska IV", "skylani"], "rating": null, "private": 0, "password": null}, {"uploadtime": 1743362462, "id": "gen9vgc2025reggbo3-2331432011", "format": "[Gen 9] VGC 2025 Reg G (Bo3)", "players": ["Aska IV", "skylani"], "rating": null, "private": 0, "password": null}, {"uploadtime": 1743362455, "id": "gen9vgc2025reggbo3-2331428846", "format": "[Gen 9] VGC 2025 Reg G (Bo3)", "players": ["Aska IV", "skylani"], "rating": null, "private": 0, "password": null}, {"uploadtime": 1743362413, "id": "gen9vgc2025reggbo3-2331432570", "format": "[Gen 9] VGC 2025 Reg G (Bo3)", "players": ["WilfredVGC", "Theverynotsusman"], "rating": null, "private": 0, "password": null}, {"uploadtime": 1743362413, "id": "gen9vgc2025reggbo3-2331431896", "format": "[Gen 9] VGC 2025 Reg G (Bo3)", "players": ["Scytherium", "Joelito22"], "rating": null, "private": 0, "password": null}, {"uploadtime": 1743362413, "id": "gen9vgc2025reggbo3-2331431853", "format": "[Gen 9] VGC 2025 Reg G (Bo3)", "players": ["stvicci", "GhostEeveelution"], "rating": null, "private": 0, "password": null}, {"uploadtime": 1743362413, "id": "gen9vgc2025reggbo3-2331430684", "format": "[Gen 9] VGC 2025 Reg G (Bo3)", "players": ["leeko", "walruslord777"], "rating": null, "private": 0, "password": null}, {"uploadtime": 1743362312, "id": "gen9vgc2025reggbo3-2331432453", "format": "[Gen 9] VGC 2025 Reg G (Bo3)", "players": ["katfishfilet", "Vuultur"], "rating": null, "private": 0, "password": null}, {"uploadtime": 1743362275, "id": "gen9vgc2025reggbo3-2331430132", "format": "[Gen 9] VGC 2025 Reg G (Bo3)", "players": ["WilfredVGC", "Theverynotsusman"], "rating": null, "private": 0, "password": null}, {"uploadtime": 1743362274, "id": "gen9vgc2025reggbo3-2331432054", "format": "[Gen 9] VGC 2025 Reg G (Bo3)", "players": ["oscarbolt", "CrazyCab74"], "rating": null, "private": 0, "password": null}, {"uploadtime": 1743362274, "id": "gen9vgc2025reggbo3-2331429796", "format": "[Gen 9] VGC 2025 Reg G (Bo3)", "players": ["hkings234", "sbor3d"], "rating": null, "private": 0, "password": null}, {"uploadtime": 1743362274, "id": "gen9vgc2025reggbo3-2331429020", "format": "[Gen 9] VGC 2025 Reg G (Bo3)", "players": ["Echoes630", "Cymorgcomics"], "rating": null, "private": 0, "password": null}, {"uploadtime": 1743362239, "id": "gen9vgc2025reggbo3-2331431698", "format": "[Gen 9] VGC 2025 Reg G (Bo3)", "players": ["gepesek", "LemmeCallMyGuy"], "rating": null, "private": 0, "password": null}]