[{"uploadtime": 1743234131, "id": "gen9vgc2025reggbo3-2330469361", "format": "[Gen 9] VGC 2025 Reg G (Bo3)", "players": ["raucho", "kamewo"], "rating": null, "private": 0, "password": null}, {"uploadtime": 1743233997, "id": "gen9vgc2025reggbo3-2330470176", "format": "[Gen 9] VGC 2025 Reg G (Bo3)", "players": ["Alecat", "dakotaviolence_"], "rating": 1186, "private": 0, "password": null}, {"uploadtime": 1743233892, "id": "gen9vgc2025reggbo3-2330470076", "format": "[Gen 9] VGC 2025 Reg G (Bo3)", "players": ["BajoJajoVGC", "pokemasterz461"], "rating": 1211, "private": 0, "password": null}, {"uploadtime": 1743233849, "id": "gen9vgc2025reggbo3-2330468265", "format": "[Gen 9] VGC 2025 Reg G (Bo3)", "players": ["squ1dge_", "Mugiwaralux"], "rating": null, "private": 0, "password": null}, {"uploadtime": 1743233771, "id": "gen9vgc2025reggbo3-2330468272", "format": "[Gen 9] VGC 2025 Reg G (Bo3)", "players": ["SuminVGC", "VYNCHIO"], "rating": null, "private": 0, "password": null}, {"uploadtime": 1743233764, "id": "gen9vgc2025reggbo3-2330466740", "format": "[Gen 9] VGC 2025 Reg G (Bo3)", "players": ["SuminVGC", "VYNCHIO"], "rating": null, "private": 0, "password": null}, {"uploadtime": 1743233720, "id": "gen9vgc2025reggbo3-2330469088", "format": "[Gen 9] VGC 2025 Reg G (Bo3)", "players": ["SuminVGC", "VYNCHIO"], "rating": 1102, "private": 0, "password": null}, {"uploadtime": 1743233707, "id": "gen9vgc2025reggbo3-2330467748", "format": "[Gen 9] VGC 2025 Reg G (Bo3)", "players": ["exinmianVGC", "caidaf"], "rating": 1059, "private": 0, "password": null}, {"uploadtime": 1743233707, "id": "gen9vgc2025reggbo3-2330467523", "format": "[Gen 9] VGC 2025 Reg G (Bo3)", "players": ["0000oooo0000", "Natsumasuku"], "rating": null, "private": 0, "password": null}, {"uploadtime": 1743233677, "id": "gen9vgc2025reggbo3-2330467929", "format": "[Gen 9] VGC 2025 Reg G (Bo3)", "players": ["Alecat", "dakotaviolence_"], "rating": null, "private": 0, "password": null}, {"uploadtime": 1743233659, "id": "gen9vgc2025reggbo3-2330468772", "format": "[Gen 9] VGC 2025 Reg G (Bo3)", "players": ["BajoJajoVGC", "pokemasterz461"], "rating": null, "private": 0, "password": null}, {"uploadtime": 1743233566, "id": "gen9vgc2025reggbo3-2330467300", "format": "[Gen 9] VGC 2025 Reg G (Bo3)", "players": ["TubularInsect", "ThorGodOfGoats"], "rating": null, "private": 0, "password": null}, {"uploadtime": 1743233566, "id": "gen9vgc2025reggbo3-2330467230", "format": "[Gen 9] VGC 2025 Reg G (Bo3)", "players": ["Canned Furs", "quy1001"], "rating": 1060, "private": 0, "password": null}, {"uploadtime": 1743233425, "id": "gen9vgc2025reggbo3-2330466046", "format": "[Gen 9] VGC 2025 Reg G (Bo3)", "players": ["NoGuessing", "Winna2"], "rating": null, "private": 0, "password": null}, {"uploadtime": 1743233389, "id": "gen9vgc2025reggbo3-2330467313", "format": "[Gen 9] VGC 2025 Reg G (Bo3)", "players": ["BajoJajoVGC", "pokemasterz461"], "rating": null, "private": 0, "password": null}, {"uploadtime": 1743233284, "id": "gen9vgc2025reggbo3-2330466232", "format": "[Gen 9] VGC 2025 Reg G (Bo3)", "players": ["wnfR", "giggleshytter"], "rating": null, "private": 0, "password": null}, {"uploadtime": 1743233284, "id": "gen9vgc2025reggbo3-2330466120", "format": "[Gen 9] VGC 2025 Reg G (Bo3)", "players": ["dakotaviolence_", "LeonardPlayz"], "rating": null, "private": 0, "password": null}, {"uploadtime": 1743233284, "id": "gen9vgc2025reggbo3-2330466115", "format": "[Gen 9] VGC 2025 Reg G (Bo3)", "players": ["0000oooo0000", "Natsumasuku"], "rating": null, "private": 0, "password": null}, {"uploadtime": 1743233284, "id": "gen9vgc2025reggbo3-2330466027", "format": "[Gen 9] VGC 2025 Reg G (Bo3)", "players": ["zetfamilia", "wenas noches 2"], "rating": null, "private": 0, "password": null}, {"uploadtime": 1743233284, "id": "gen9vgc2025reggbo3-2330466001", "format": "[Gen 9] VGC 2025 Reg G (Bo3)", "players": ["TRICKROOMHARD", "Astros9400"], "rating": null, "private": 0, "password": null}, {"uploadtime": 1743233284, "id": "gen9vgc2025reggbo3-2330465358", "format": "[Gen 9] VGC 2025 Reg G (Bo3)", "players": ["Guiigstv", "pikabolz4848"], "rating": null, "private": 0, "password": null}, {"uploadtime": 1743233209, "id": "gen9vgc2025reggbo3-2330467150", "format": "[Gen 9] VGC 2025 Reg G (Bo3)", "players": ["TRICKROOMHARD", "kwankwan"], "rating": 1184, "private": 0, "password": null}, {"uploadtime": 1743233142, "id": "gen9vgc2025reggbo3-2330465201", "format": "[Gen 9] VGC 2025 Reg G (Bo3)", "players": ["Amewarashi", "enyelvgc"], "rating": null, "private": 0, "password": null}, {"uploadtime": 1743233142, "id": "gen9vgc2025reggbo3-2330465097", "format": "[Gen 9] VGC 2025 Reg G (Bo3)", "players": ["Astros9400", "Makubiku"], "rating": 1274, "private": 0, "password": null}, {"uploadtime": 1743233142, "id": "gen9vgc2025reggbo3-2330464916", "format": "[Gen 9] VGC 2025 Reg G (Bo3)", "players": ["wnfR", "giggleshytter"], "rating": null, "private": 0, "password": null}, {"uploadtime": 1743233054, "id": "gen9vgc2025reggbo3-2330465912", "format": "[Gen 9] VGC 2025 Reg G (Bo3)", "players": ["pokemasterz461", "Ricardo van Hoorn"], "rating": 1233, "private": 0, "password": null}, {"uploadtime": 1743233031, "id": "gen9vgc2025reggbo3-2330465145", "format": "[Gen 9] VGC 2025 Reg G (Bo3)", "players": ["GG=Groudon Gaming", "kwankwan"], "rating": 1352, "private": 0, "password": null}, {"uploadtime": 1743233016, "id": "gen9vgc2025reggbo3-2330464393", "format": "[Gen 9] VGC 2025 Reg G (Bo3)", "players": ["GG=Groudon Gaming", "kwankwan"], "rating": null, "private": 0, "password": null}, {"uploadtime": 1743233001, "id": "gen9vgc2025reggbo3-2330465527", "format": "[Gen 9] VGC 2025 Reg G (Bo3)", "players": ["TRICKROOMHARD", "carrot123456789"], "rating": null, "private": 0, "password": null}, {"uploadtime": 1743233001, "id": "gen9vgc2025reggbo3-2330464637", "format": "[Gen 9] VGC 2025 Reg G (Bo3)", "players": ["SuperiorViper", "Canned Furs"], "rating": null, "private": 0, "password": null}, {"uploadtime": 1743233001, "id": "gen9vgc2025reggbo3-2330462918", "format": "[Gen 9] VGC 2025 Reg G (Bo3)", "players": ["MultiStormChi", "povfpoif8ypiv"], "rating": null, "private": 0, "password": null}, {"uploadtime": 1743232860, "id": "gen9vgc2025reggbo3-2330463886", "format": "[Gen 9] VGC 2025 Reg G (Bo3)", "players": ["McFlurry dealer", "Amewarashi"], "rating": 1101, "private": 0, "password": null}, {"uploadtime": 1743232860, "id": "gen9vgc2025reggbo3-2330463671", "format": "[Gen 9] VGC 2025 Reg G (Bo3)", "players": ["SuperiorViper", "Canned Furs"], "rating": null, "private": 0, "password": null}, {"uploadtime": 1743232860, "id": "gen9vgc2025reggbo3-2330463242", "format": "[Gen 9] VGC 2025 Reg G (Bo3)", "players": ["GG=Groudon Gaming", "kwankwan"], "rating": null, "private": 0, "password": null}, {"uploadtime": 1743232860, "id": "gen9vgc2025reggbo3-2330463232", "format": "[Gen 9] VGC 2025 Reg G (Bo3)", "players": ["FoxFox1", "raucho"], "rating": null, "private": 0, "password": null}, {"uploadtime": 1743232811, "id": "gen9vgc2025reggbo3-2330464722", "format": "[Gen 9] VGC 2025 Reg G (Bo3)", "players": ["pokemasterz461", "Ricardo van Hoorn"], "rating": null, "private": 0, "password": null}, {"uploadtime": 1743232577, "id": "gen9vgc2025reggbo3-2330462172", "format": "[Gen 9] VGC 2025 Reg G (Bo3)", "players": ["0000oooo0000", "Natsumasuku"], "rating": null, "private": 0, "password": null}, {"uploadtime": 1743232561, "id": "gen9vgc2025reggbo3-2330463450", "format": "[Gen 9] VGC 2025 Reg G (Bo3)", "players": ["pokemasterz461", "Ricardo van Hoorn"], "rating": null, "private": 0, "password": null}, {"uploadtime": 1743232436, "id": "gen9vgc2025reggbo3-2330460836", "format": "[Gen 9] VGC 2025 Reg G (Bo3)", "players": ["Danielm24", "javi1297"], "rating": null, "private": 0, "password": null}, {"uploadtime": 1743232436, "id": "gen9vgc2025reggbo3-2330460540", "format": "[Gen 9] VGC 2025 Reg G (Bo3)", "players": ["NoGuessing", "Fool122"], "rating": null, "private": 0, "password": null}, {"uploadtime": 1743232295, "id": "gen9vgc2025reggbo3-2330461056", "format": "[Gen 9] VGC 2025 Reg G (Bo3)", "players": ["LeonardPlayz", "thischarmingvgcalt"], "rating": null, "private": 0, "password": null}, {"uploadtime": 1743232295, "id": "gen9vgc2025reggbo3-2330460993", "format": "[Gen 9] VGC 2025 Reg G (Bo3)", "players": ["GG=Groudon Gaming", "Just a Minus"], "rating": null, "private": 0, "password": null}, {"uploadtime": 1743232295, "id": "gen9vgc2025reggbo3-2330459860", "format": "[Gen 9] VGC 2025 Reg G (Bo3)", "players": ["prumbas", "Skibididdy oil"], "rating": null, "private": 0, "password": null}, {"uploadtime": 1743232244, "id": "gen9vgc2025reggbo3-2330461819", "format": "[Gen 9] VGC 2025 Reg G (Bo3)", "players": ["pokemasterz461", "biglivingorganism"], "rating": 1261, "private": 0, "password": null}, {"uploadtime": 1743232153, "id": "gen9vgc2025reggbo3-2330460106", "format": "[Gen 9] VGC 2025 Reg G (Bo3)", "players": ["Bobbo1", "Bobbo2"], "rating": null, "private": 0, "password": null}, {"uploadtime": 1743232153, "id": "gen9vgc2025reggbo3-2330459893", "format": "[Gen 9] VGC 2025 Reg G (Bo3)", "players": ["devious malarkey", "carroll14mlq"], "rating": null, "private": 0, "password": null}, {"uploadtime": 1743232051, "id": "gen9vgc2025reggbo3-2330461806", "format": "[Gen 9] VGC 2025 Reg G (Bo3)", "players": ["GG=Groudon Gaming", "Just a Minus"], "rating": 1420, "private": 0, "password": null}, {"uploadtime": 1743232012, "id": "gen9vgc2025reggbo3-2330459700", "format": "[Gen 9] VGC 2025 Reg G (Bo3)", "players": ["soul_slayer_10293", "exinmianVGC"], "rating": null, "private": 0, "password": null}, {"uploadtime": 1743232012, "id": "gen9vgc2025reggbo3-2330459622", "format": "[Gen 9] VGC 2025 Reg G (Bo3)", "players": ["Pie1224", "Asmodeo666"], "rating": null, "private": 0, "password": null}, {"uploadtime": 1743232012, "id": "gen9vgc2025reggbo3-2330458628", "format": "[Gen 9] VGC 2025 Reg G (Bo3)", "players": ["Bobbo1", "Bobbo2"], "rating": null, "private": 0, "password": null}, {"uploadtime": 1743231958, "id": "gen9vgc2025reggbo3-2330460453", "format": "[Gen 9] VGC 2025 Reg G (Bo3)", "players": ["pokemasterz461", "biglivingorganism"], "rating": null, "private": 0, "password": null}]