[{"uploadtime": 1743443417, "id": "gen9vgc2025reggbo3-2332136410", "format": "[Gen 9] VGC 2025 Reg G (Bo3)", "players": ["luxray2029", "Snacqk"], "rating": 1341, "private": 0, "password": null}, {"uploadtime": 1743443412, "id": "gen9vgc2025reggbo3-2332134880", "format": "[Gen 9] VGC 2025 Reg G (Bo3)", "players": ["uglybeast", "badplayer3.141"], "rating": null, "private": 0, "password": null}, {"uploadtime": 1743443401, "id": "gen9vgc2025reggbo3-2332136834", "format": "[Gen 9] VGC 2025 Reg G (Bo3)", "players": ["zacian badass", "cosmic lover heart"], "rating": 1491, "private": 0, "password": null}, {"uploadtime": 1743443363, "id": "gen9vgc2025reggbo3-2332135897", "format": "[Gen 9] VGC 2025 Reg G (Bo3)", "players": ["zacian badass", "cosmic lover heart"], "rating": null, "private": 0, "password": null}, {"uploadtime": 1743443244, "id": "gen9vgc2025reggbo3-2332129714", "format": "[Gen 9] VGC 2025 Reg G (Bo3)", "players": ["colonelween", "tastethekoalabear"], "rating": null, "private": 0, "password": null}, {"uploadtime": 1743443160, "id": "gen9vgc2025reggbo3-2332133538", "format": "[Gen 9] VGC 2025 Reg G (Bo3)", "players": ["akingswit", "Dan y Vanias"], "rating": 1304, "private": 0, "password": null}, {"uploadtime": 1743443106, "id": "gen9vgc2025reggbo3-2332130193", "format": "[Gen 9] VGC 2025 Reg G (Bo3)", "players": ["femapu", "bowserx19"], "rating": null, "private": 0, "password": null}, {"uploadtime": 1743443106, "id": "gen9vgc2025reggbo3-2332129300", "format": "[Gen 9] VGC 2025 Reg G (Bo3)", "players": ["klee46", "plorto"], "rating": null, "private": 0, "password": null}, {"uploadtime": 1743443000, "id": "gen9vgc2025reggbo3-2332129902", "format": "[Gen 9] VGC 2025 Reg G (Bo3)", "players": ["crsiplemnos", "badplayer3.141"], "rating": 1139, "private": 0, "password": null}, {"uploadtime": 1743442996, "id": "gen9vgc2025reggbo3-2332125936", "format": "[Gen 9] VGC 2025 Reg G (Bo3)", "players": ["crsiplemnos", "badplayer3.141"], "rating": null, "private": 0, "password": null}, {"uploadtime": 1743442888, "id": "gen9vgc2025reggbo3-2332130231", "format": "[Gen 9] VGC 2025 Reg G (Bo3)", "players": ["jaggie34", "rodjilius"], "rating": 1258, "private": 0, "password": null}, {"uploadtime": 1743442829, "id": "gen9vgc2025reggbo3-2332127874", "format": "[Gen 9] VGC 2025 Reg G (Bo3)", "players": ["femapu", "bowserx19"], "rating": null, "private": 0, "password": null}, {"uploadtime": 1743442829, "id": "gen9vgc2025reggbo3-2332127285", "format": "[Gen 9] VGC 2025 Reg G (Bo3)", "players": ["plorto", "plum0"], "rating": 1044, "private": 0, "password": null}, {"uploadtime": 1743442691, "id": "gen9vgc2025reggbo3-2332124728", "format": "[Gen 9] VGC 2025 Reg G (Bo3)", "players": ["AngrrryGuy", "worstiee"], "rating": null, "private": 0, "password": null}, {"uploadtime": 1743442691, "id": "gen9vgc2025reggbo3-2332124063", "format": "[Gen 9] VGC 2025 Reg G (Bo3)", "players": ["LuketheDuk", "Lucinias"], "rating": null, "private": 0, "password": null}, {"uploadtime": 1743442690, "id": "gen9vgc2025reggbo3-2332124860", "format": "[Gen 9] VGC 2025 Reg G (Bo3)", "players": ["plorto", "simcro"], "rating": 1053, "private": 0, "password": null}, {"uploadtime": 1743442689, "id": "gen9vgc2025reggbo3-2332128187", "format": "[Gen 9] VGC 2025 Reg G (Bo3)", "players": ["jaggie34", "rodjilius"], "rating": null, "private": 0, "password": null}, {"uploadtime": 1743442659, "id": "gen9vgc2025reggbo3-2332126739", "format": "[Gen 9] VGC 2025 Reg G (Bo3)", "players": ["Kasehobel", "Cermakbot"], "rating": 1170, "private": 0, "password": null}, {"uploadtime": 1743442658, "id": "gen9vgc2025reggbo3-2332125733", "format": "[Gen 9] VGC 2025 Reg G (Bo3)", "players": ["ppyyy", "oRealMegabolt"], "rating": null, "private": 0, "password": null}, {"uploadtime": 1743442622, "id": "gen9vgc2025reggbo3-2332125191", "format": "[Gen 9] VGC 2025 Reg G (Bo3)", "players": ["Albert The Second", "fen1x_08"], "rating": 1305, "private": 0, "password": null}, {"uploadtime": 1743442552, "id": "gen9vgc2025reggbo3-2332123586", "format": "[Gen 9] VGC 2025 Reg G (Bo3)", "players": ["Newrei", "maxteilor_409"], "rating": null, "private": 0, "password": null}, {"uploadtime": 1743442552, "id": "gen9vgc2025reggbo3-2332123197", "format": "[Gen 9] VGC 2025 Reg G (Bo3)", "players": ["Grtfj", "Jaso2008"], "rating": null, "private": 0, "password": null}, {"uploadtime": 1743442528, "id": "gen9vgc2025reggbo3-2332125382", "format": "[Gen 9] VGC 2025 Reg G (Bo3)", "players": ["jaggie34", "rodjilius"], "rating": null, "private": 0, "password": null}, {"uploadtime": 1743442413, "id": "gen9vgc2025reggbo3-2332121607", "format": "[Gen 9] VGC 2025 Reg G (Bo3)", "players": ["maksimilian123", "miranarda"], "rating": null, "private": 0, "password": null}, {"uploadtime": 1743442413, "id": "gen9vgc2025reggbo3-2332121469", "format": "[Gen 9] VGC 2025 Reg G (Bo3)", "players": ["AngrrryGuy", "worstiee"], "rating": null, "private": 0, "password": null}, {"uploadtime": 1743442413, "id": "gen9vgc2025reggbo3-2332121196", "format": "[Gen 9] VGC 2025 Reg G (Bo3)", "players": ["CyndaquilHat", "Pynk.667"], "rating": null, "private": 0, "password": null}, {"uploadtime": 1743442413, "id": "gen9vgc2025reggbo3-2332120705", "format": "[Gen 9] VGC 2025 Reg G (Bo3)", "players": ["LuketheDuk", "Lucinias"], "rating": null, "private": 0, "password": null}, {"uploadtime": 1743442413, "id": "gen9vgc2025reggbo3-2332119942", "format": "[Gen 9] VGC 2025 Reg G (Bo3)", "players": ["MatteoMabl", "Dball_Games"], "rating": null, "private": 0, "password": null}, {"uploadtime": 1743442411, "id": "gen9vgc2025reggbo3-2332123376", "format": "[Gen 9] VGC 2025 Reg G (Bo3)", "players": ["Kasehobel", "Cermakbot"], "rating": null, "private": 0, "password": null}, {"uploadtime": 1743442336, "id": "gen9vgc2025reggbo3-2332121951", "format": "[Gen 9] VGC 2025 Reg G (Bo3)", "players": ["ppyyy", "oRealMegabolt"], "rating": null, "private": 0, "password": null}, {"uploadtime": 1743442306, "id": "gen9vgc2025reggbo3-2332117914", "format": "[Gen 9] VGC 2025 Reg G (Bo3)", "players": ["badplayer3.141", "Goooooomba"], "rating": null, "private": 0, "password": null}, {"uploadtime": 1743442289, "id": "gen9vgc2025reggbo3-2332121525", "format": "[Gen 9] VGC 2025 Reg G (Bo3)", "players": ["badplayer3.141", "Goooooomba"], "rating": 1000, "private": 0, "password": null}, {"uploadtime": 1743442275, "id": "gen9vgc2025reggbo3-2332119438", "format": "[Gen 9] VGC 2025 Reg G (Bo3)", "players": ["243.vgc", "bumbus_bumbum"], "rating": null, "private": 0, "password": null}, {"uploadtime": 1743442275, "id": "gen9vgc2025reggbo3-2332119174", "format": "[Gen 9] VGC 2025 Reg G (Bo3)", "players": ["fastsun", "Divya sutra suites"], "rating": null, "private": 0, "password": null}, {"uploadtime": 1743442275, "id": "gen9vgc2025reggbo3-2332118746", "format": "[Gen 9] VGC 2025 Reg G (Bo3)", "players": ["Newrei", "Regireddit"], "rating": 1100, "private": 0, "password": null}, {"uploadtime": 1743442153, "id": "gen9vgc2025reggbo3-2332119913", "format": "[Gen 9] VGC 2025 Reg G (Bo3)", "players": ["Kasehobel", "Cermakbot"], "rating": null, "private": 0, "password": null}, {"uploadtime": 1743442137, "id": "gen9vgc2025reggbo3-2332119328", "format": "[Gen 9] VGC 2025 Reg G (Bo3)", "players": ["rollokandi", "simcro"], "rating": null, "private": 0, "password": null}, {"uploadtime": 1743442137, "id": "gen9vgc2025reggbo3-2332117749", "format": "[Gen 9] VGC 2025 Reg G (Bo3)", "players": ["BrontVG", "Queenthinng"], "rating": null, "private": 0, "password": null}, {"uploadtime": 1743441998, "id": "gen9vgc2025reggbo3-2332116510", "format": "[Gen 9] VGC 2025 Reg G (Bo3)", "players": ["rollokandi", "simcro"], "rating": null, "private": 0, "password": null}, {"uploadtime": 1743441998, "id": "gen9vgc2025reggbo3-2332116417", "format": "[Gen 9] VGC 2025 Reg G (Bo3)", "players": ["243.vgc", "bumbus_bumbum"], "rating": null, "private": 0, "password": null}, {"uploadtime": 1743441875, "id": "gen9vgc2025reggbo3-2332117741", "format": "[Gen 9] VGC 2025 Reg G (Bo3)", "players": ["Kasehobel", "Lucinias"], "rating": 1023, "private": 0, "password": null}, {"uploadtime": 1743441860, "id": "gen9vgc2025reggbo3-2332115989", "format": "[Gen 9] VGC 2025 Reg G (Bo3)", "players": ["BrontVG", "Queenthinng"], "rating": null, "private": 0, "password": null}, {"uploadtime": 1743441860, "id": "gen9vgc2025reggbo3-2332115070", "format": "[Gen 9] VGC 2025 Reg G (Bo3)", "players": ["legendcoot", "TesteoB"], "rating": 1012, "private": 0, "password": null}, {"uploadtime": 1743441860, "id": "gen9vgc2025reggbo3-2332115027", "format": "[Gen 9] VGC 2025 Reg G (Bo3)", "players": ["hexrix", "PersonguyC"], "rating": null, "private": 0, "password": null}, {"uploadtime": 1743441860, "id": "gen9vgc2025reggbo3-2332114196", "format": "[Gen 9] VGC 2025 Reg G (Bo3)", "players": ["zippyss", "789eve"], "rating": null, "private": 0, "password": null}, {"uploadtime": 1743441860, "id": "gen9vgc2025reggbo3-2332113776", "format": "[Gen 9] VGC 2025 Reg G (Bo3)", "players": ["tastethekoalabear", "JOka1000"], "rating": null, "private": 0, "password": null}, {"uploadtime": 1743441836, "id": "gen9vgc2025reggbo3-2332116690", "format": "[Gen 9] VGC 2025 Reg G (Bo3)", "players": ["Audinapuzzle", "Fluvialcrossing"], "rating": 1068, "private": 0, "password": null}, {"uploadtime": 1743441828, "id": "gen9vgc2025reggbo3-2332110088", "format": "[Gen 9] VGC 2025 Reg G (Bo3)", "players": ["Audinapuzzle", "Fluvialcrossing"], "rating": null, "private": 0, "password": null}, {"uploadtime": 1743441815, "id": "gen9vgc2025reggbo3-2332116953", "format": "[Gen 9] VGC 2025 Reg G (Bo3)", "players": ["maexle", "jaggie34"], "rating": 1252, "private": 0, "password": null}, {"uploadtime": 1743441722, "id": "gen9vgc2025reggbo3-2332114377", "format": "[Gen 9] VGC 2025 Reg G (Bo3)", "players": ["DerpyRizzyPenguin", "Morty_VGC_IT"], "rating": null, "private": 0, "password": null}, {"uploadtime": 1743441721, "id": "gen9vgc2025reggbo3-2332114540", "format": "[Gen 9] VGC 2025 Reg G (Bo3)", "players": ["Zalsto", "Mikandoer"], "rating": null, "private": 0, "password": null}]