[{"uploadtime": 1743370329, "id": "gen9vgc2025reggbo3-2331514749", "format": "[Gen 9] VGC 2025 Reg G (Bo3)", "players": ["Iron Paws", "jaggie34"], "rating": null, "private": 0, "password": null}, {"uploadtime": 1743370224, "id": "gen9vgc2025reggbo3-2331512493", "format": "[Gen 9] VGC 2025 Reg G (Bo3)", "players": ["rio melaceto", "Gozante"], "rating": null, "private": 0, "password": null}, {"uploadtime": 1743370223, "id": "gen9vgc2025reggbo3-2331509256", "format": "[Gen 9] VGC 2025 Reg G (Bo3)", "players": ["Skarmquaza", "Manny1991200929"], "rating": null, "private": 0, "password": null}, {"uploadtime": 1743370083, "id": "gen9vgc2025reggbo3-2331512510", "format": "[Gen 9] VGC 2025 Reg G (Bo3)", "players": ["Devious PLan", "Volanr"], "rating": null, "private": 0, "password": null}, {"uploadtime": 1743370083, "id": "gen9vgc2025reggbo3-2331511192", "format": "[Gen 9] VGC 2025 Reg G (Bo3)", "players": ["kk1pper1314", "iljone"], "rating": null, "private": 0, "password": null}, {"uploadtime": 1743370083, "id": "gen9vgc2025reggbo3-2331510857", "format": "[Gen 9] VGC 2025 Reg G (Bo3)", "players": ["jellokyu", "kisudawisu"], "rating": null, "private": 0, "password": null}, {"uploadtime": 1743370065, "id": "gen9vgc2025reggbo3-2331511107", "format": "[Gen 9] VGC 2025 Reg G (Bo3)", "players": ["metaknightmare", "pepe1994uchia"], "rating": null, "private": 0, "password": null}, {"uploadtime": 1743369997, "id": "gen9vgc2025reggbo3-2331511961", "format": "[Gen 9] VGC 2025 Reg G (Bo3)", "players": ["Iron Paws", "jaggie34"], "rating": null, "private": 0, "password": null}, {"uploadtime": 1743369943, "id": "gen9vgc2025reggbo3-2331509027", "format": "[Gen 9] VGC 2025 Reg G (Bo3)", "players": ["Devious PLan", "Volanr"], "rating": null, "private": 0, "password": null}, {"uploadtime": 1743369943, "id": "gen9vgc2025reggbo3-2331507312", "format": "[Gen 9] VGC 2025 Reg G (Bo3)", "players": ["Snorlaxpikachu1", "BundleUpItsCold"], "rating": null, "private": 0, "password": null}, {"uploadtime": 1743369942, "id": "gen9vgc2025reggbo3-2331508862", "format": "[Gen 9] VGC 2025 Reg G (Bo3)", "players": ["User16838426", "RifiBeliever"], "rating": null, "private": 0, "password": null}, {"uploadtime": 1743369942, "id": "gen9vgc2025reggbo3-2331508718", "format": "[Gen 9] VGC 2025 Reg G (Bo3)", "players": ["Scytherium", "rouzthunder"], "rating": null, "private": 0, "password": null}, {"uploadtime": 1743369942, "id": "gen9vgc2025reggbo3-2331506942", "format": "[Gen 9] VGC 2025 Reg G (Bo3)", "players": ["wideguard_user", "AlteredOne"], "rating": null, "private": 0, "password": null}, {"uploadtime": 1743369818, "id": "gen9vgc2025reggbo3-2331510068", "format": "[Gen 9] VGC 2025 Reg G (Bo3)", "players": ["kevdogpie", "Chisato_Arashi_VGC"], "rating": 1147, "private": 0, "password": null}, {"uploadtime": 1743369816, "id": "gen9vgc2025reggbo3-2331508444", "format": "[Gen 9] VGC 2025 Reg G (Bo3)", "players": ["kevdogpie", "Chisato_Arashi_VGC"], "rating": null, "private": 0, "password": null}, {"uploadtime": 1743369802, "id": "gen9vgc2025reggbo3-2331507437", "format": "[Gen 9] VGC 2025 Reg G (Bo3)", "players": ["kk1pper1314", "iljone"], "rating": null, "private": 0, "password": null}, {"uploadtime": 1743369748, "id": "gen9vgc2025reggbo3-2331509838", "format": "[Gen 9] VGC 2025 Reg G (Bo3)", "players": ["Dunkndosentz", "dakotaviolence_"], "rating": null, "private": 0, "password": null}, {"uploadtime": 1743369661, "id": "gen9vgc2025reggbo3-2331506238", "format": "[Gen 9] VGC 2025 Reg G (Bo3)", "players": ["Rocket Grunt ZXK", "squallo"], "rating": null, "private": 0, "password": null}, {"uploadtime": 1743369661, "id": "gen9vgc2025reggbo3-2331505712", "format": "[Gen 9] VGC 2025 Reg G (Bo3)", "players": ["Scytherium", "rouzthunder"], "rating": null, "private": 0, "password": null}, {"uploadtime": 1743369637, "id": "gen9vgc2025reggbo3-2331507285", "format": "[Gen 9] VGC 2025 Reg G (Bo3)", "players": ["metaknightmare", "pepe1994uchia"], "rating": null, "private": 0, "password": null}, {"uploadtime": 1743369520, "id": "gen9vgc2025reggbo3-2331506330", "format": "[Gen 9] VGC 2025 Reg G (Bo3)", "players": ["Inotamme", "necroshaded"], "rating": null, "private": 0, "password": null}, {"uploadtime": 1743369520, "id": "gen9vgc2025reggbo3-2331504807", "format": "[Gen 9] VGC 2025 Reg G (Bo3)", "players": ["Snorlaxpikachu1", "BundleUpItsCold"], "rating": null, "private": 0, "password": null}, {"uploadtime": 1743369520, "id": "gen9vgc2025reggbo3-2331504428", "format": "[Gen 9] VGC 2025 Reg G (Bo3)", "players": ["TrickGroomer", "onceaninja"], "rating": null, "private": 0, "password": null}, {"uploadtime": 1743369377, "id": "gen9vgc2025reggbo3-2331504651", "format": "[Gen 9] VGC 2025 Reg G (Bo3)", "players": ["WilfredVGC", "Stelvius"], "rating": null, "private": 0, "password": null}, {"uploadtime": 1743369377, "id": "gen9vgc2025reggbo3-2331504024", "format": "[Gen 9] VGC 2025 Reg G (Bo3)", "players": ["wideguard_user", "AlteredOne"], "rating": null, "private": 0, "password": null}, {"uploadtime": 1743369374, "id": "gen9vgc2025reggbo3-2331506141", "format": "[Gen 9] VGC 2025 Reg G (Bo3)", "players": ["Chisato_Arashi_VGC", "2025bolognachamp"], "rating": 1084, "private": 0, "password": null}, {"uploadtime": 1743369371, "id": "gen9vgc2025reggbo3-2331505323", "format": "[Gen 9] VGC 2025 Reg G (Bo3)", "players": ["Chisato_Arashi_VGC", "2025bolognachamp"], "rating": null, "private": 0, "password": null}, {"uploadtime": 1743369369, "id": "gen9vgc2025reggbo3-2331500929", "format": "[Gen 9] VGC 2025 Reg G (Bo3)", "players": ["Chisato_Arashi_VGC", "2025bolognachamp"], "rating": null, "private": 0, "password": null}, {"uploadtime": 1743369265, "id": "gen9vgc2025reggbo3-2331504606", "format": "[Gen 9] VGC 2025 Reg G (Bo3)", "players": ["metaknightmare", "pepe1994uchia"], "rating": null, "private": 0, "password": null}, {"uploadtime": 1743369209, "id": "gen9vgc2025reggbo3-2331501434", "format": "[Gen 9] VGC 2025 Reg G (Bo3)", "players": ["Forte Darkscale", "06Thomas"], "rating": null, "private": 0, "password": null}, {"uploadtime": 1743369090, "id": "gen9vgc2025reggbo3-2331501116", "format": "[Gen 9] VGC 2025 Reg G (Bo3)", "players": ["UhOhIt'sGravyTime", "cipriano393"], "rating": 1071, "private": 0, "password": null}, {"uploadtime": 1743368957, "id": "gen9vgc2025reggbo3-2331499487", "format": "[Gen 9] VGC 2025 Reg G (Bo3)", "players": ["pepe1994uchia", "TheBrain05"], "rating": null, "private": 0, "password": null}, {"uploadtime": 1743368954, "id": "gen9vgc2025reggbo3-2331495077", "format": "[Gen 9] VGC 2025 Reg G (Bo3)", "players": ["pepe1994uchia", "TheBrain05"], "rating": null, "private": 0, "password": null}, {"uploadtime": 1743368950, "id": "gen9vgc2025reggbo3-2331499435", "format": "[Gen 9] VGC 2025 Reg G (Bo3)", "players": ["Wlccano", "Trickytofee"], "rating": null, "private": 0, "password": null}, {"uploadtime": 1743368936, "id": "gen9vgc2025reggbo3-2331499837", "format": "[Gen 9] VGC 2025 Reg G (Bo3)", "players": ["Volanr", "wade connects"], "rating": null, "private": 0, "password": null}, {"uploadtime": 1743368909, "id": "gen9vgc2025reggbo3-2331501054", "format": "[Gen 9] VGC 2025 Reg G (Bo3)", "players": ["policho98", "wideguard_user"], "rating": 1248, "private": 0, "password": null}, {"uploadtime": 1743368903, "id": "gen9vgc2025reggbo3-2331497849", "format": "[Gen 9] VGC 2025 Reg G (Bo3)", "players": ["policho98", "wideguard_user"], "rating": null, "private": 0, "password": null}, {"uploadtime": 1743368808, "id": "gen9vgc2025reggbo3-2331498309", "format": "[Gen 9] VGC 2025 Reg G (Bo3)", "players": ["Malgooee", "jaggedcharts27"], "rating": null, "private": 0, "password": null}, {"uploadtime": 1743368808, "id": "gen9vgc2025reggbo3-2331498209", "format": "[Gen 9] VGC 2025 Reg G (Bo3)", "players": ["Forte Darkscale", "06Thomas"], "rating": null, "private": 0, "password": null}, {"uploadtime": 1743368721, "id": "gen9vgc2025reggbo3-2331499834", "format": "[Gen 9] VGC 2025 Reg G (Bo3)", "players": ["QrdeJegoMac", "kordeke"], "rating": 1310, "private": 0, "password": null}, {"uploadtime": 1743368710, "id": "gen9vgc2025reggbo3-2331498865", "format": "[Gen 9] VGC 2025 Reg G (Bo3)", "players": ["QrdeJegoMac", "kordeke"], "rating": null, "private": 0, "password": null}, {"uploadtime": 1743368697, "id": "gen9vgc2025reggbo3-2331497284", "format": "[Gen 9] VGC 2025 Reg G (Bo3)", "players": ["QrdeJegoMac", "kordeke"], "rating": null, "private": 0, "password": null}, {"uploadtime": 1743368667, "id": "gen9vgc2025reggbo3-2331498593", "format": "[Gen 9] VGC 2025 Reg G (Bo3)", "players": ["CynthiaTruck69", "Megaman087Draft"], "rating": null, "private": 0, "password": null}, {"uploadtime": 1743368667, "id": "gen9vgc2025reggbo3-2331497489", "format": "[Gen 9] VGC 2025 Reg G (Bo3)", "players": ["Volanr", "wade connects"], "rating": null, "private": 0, "password": null}, {"uploadtime": 1743368526, "id": "gen9vgc2025reggbo3-2331496289", "format": "[Gen 9] VGC 2025 Reg G (Bo3)", "players": ["Forte Darkscale", "06Thomas"], "rating": null, "private": 0, "password": null}, {"uploadtime": 1743368526, "id": "gen9vgc2025reggbo3-2331496004", "format": "[Gen 9] VGC 2025 Reg G (Bo3)", "players": ["johnsontickler7", "jaggedcharts27"], "rating": 1039, "private": 0, "password": null}, {"uploadtime": 1743368526, "id": "gen9vgc2025reggbo3-2331495824", "format": "[Gen 9] VGC 2025 Reg G (Bo3)", "players": ["marcosdeltasena31", "GielBakker"], "rating": null, "private": 0, "password": null}, {"uploadtime": 1743368385, "id": "gen9vgc2025reggbo3-2331495307", "format": "[Gen 9] VGC 2025 Reg G (Bo3)", "players": ["Trickytofee", "frncee"], "rating": 1112, "private": 0, "password": null}, {"uploadtime": 1743368385, "id": "gen9vgc2025reggbo3-2331494824", "format": "[Gen 9] VGC 2025 Reg G (Bo3)", "players": ["CouchCat101", "Chisato_Arashi_VGC"], "rating": 1058, "private": 0, "password": null}, {"uploadtime": 1743368253, "id": "gen9vgc2025reggbo3-2331495174", "format": "[Gen 9] VGC 2025 Reg G (Bo3)", "players": ["vicburgos", "anton con perish"], "rating": 1360, "private": 0, "password": null}, {"uploadtime": 1743368244, "id": "gen9vgc2025reggbo3-2331493988", "format": "[Gen 9] VGC 2025 Reg G (Bo3)", "players": ["wolf9696", "JvmRdDCmp"], "rating": null, "private": 0, "password": null}]