[{"uploadtime": 1743462726, "id": "gen9vgc2025reggbo3-2332349297", "format": "[Gen 9] VGC 2025 Reg G (Bo3)", "players": ["TrunksSsj06", "Flinflox"], "rating": null, "private": 0, "password": null}, {"uploadtime": 1743462726, "id": "gen9vgc2025reggbo3-2332346356", "format": "[Gen 9] VGC 2025 Reg G (Bo3)", "players": ["Meechole", "Qunne"], "rating": null, "private": 0, "password": null}, {"uploadtime": 1743462652, "id": "gen9vgc2025reggbo3-2332350086", "format": "[Gen 9] VGC 2025 Reg G (Bo3)", "players": ["pixelfx", "ShDw Ace"], "rating": null, "private": 0, "password": null}, {"uploadtime": 1743462630, "id": "gen9vgc2025reggbo3-2332347011", "format": "[Gen 9] VGC 2025 Reg G (Bo3)", "players": ["The3rdGourmet", "GSB13"], "rating": 1103, "private": 0, "password": null}, {"uploadtime": 1743462619, "id": "gen9vgc2025reggbo3-2332344402", "format": "[Gen 9] VGC 2025 Reg G (Bo3)", "players": ["The3rdGourmet", "GSB13"], "rating": null, "private": 0, "password": null}, {"uploadtime": 1743462588, "id": "gen9vgc2025reggbo3-2332348367", "format": "[Gen 9] VGC 2025 Reg G (Bo3)", "players": ["PAT_3rt", "calmdragon"], "rating": null, "private": 0, "password": null}, {"uploadtime": 1743462588, "id": "gen9vgc2025reggbo3-2332347965", "format": "[Gen 9] VGC 2025 Reg G (Bo3)", "players": ["sibiiiiiii", "dengonumber1fan"], "rating": null, "private": 0, "password": null}, {"uploadtime": 1743462588, "id": "gen9vgc2025reggbo3-2332347463", "format": "[Gen 9] VGC 2025 Reg G (Bo3)", "players": ["PracticeAcct12345", "PatoGafas"], "rating": null, "private": 0, "password": null}, {"uploadtime": 1743462565, "id": "gen9vgc2025reggbo3-2332341205", "format": "[Gen 9] VGC 2025 Reg G (Bo3)", "players": ["The3rdGourmet", "GSB13"], "rating": null, "private": 0, "password": null}, {"uploadtime": 1743462450, "id": "gen9vgc2025reggbo3-2332347039", "format": "[Gen 9] VGC 2025 Reg G (Bo3)", "players": ["PAT_3rt", "calmdragon"], "rating": null, "private": 0, "password": null}, {"uploadtime": 1743462450, "id": "gen9vgc2025reggbo3-2332346077", "format": "[Gen 9] VGC 2025 Reg G (Bo3)", "players": ["oranges8306624", "Muller25"], "rating": null, "private": 0, "password": null}, {"uploadtime": 1743462450, "id": "gen9vgc2025reggbo3-2332346026", "format": "[Gen 9] VGC 2025 Reg G (Bo3)", "players": ["sibiiiiiii", "dengonumber1fan"], "rating": null, "private": 0, "password": null}, {"uploadtime": 1743462450, "id": "gen9vgc2025reggbo3-2332345425", "format": "[Gen 9] VGC 2025 Reg G (Bo3)", "players": ["oRealMegabolt", "i am a cat1012"], "rating": null, "private": 0, "password": null}, {"uploadtime": 1743462173, "id": "gen9vgc2025reggbo3-2332342530", "format": "[Gen 9] VGC 2025 Reg G (Bo3)", "players": ["oRealMegabolt", "i am a cat1012"], "rating": null, "private": 0, "password": null}, {"uploadtime": 1743462173, "id": "gen9vgc2025reggbo3-2332342321", "format": "[Gen 9] VGC 2025 Reg G (Bo3)", "players": ["ShDw Ace", "JOka1000"], "rating": null, "private": 0, "password": null}, {"uploadtime": 1743461937, "id": "gen9vgc2025reggbo3-2332342147", "format": "[Gen 9] VGC 2025 Reg G (Bo3)", "players": ["yotsuba12", "ElSebas21"], "rating": null, "private": 0, "password": null}, {"uploadtime": 1743461620, "id": "gen9vgc2025reggbo3-2332338757", "format": "[Gen 9] VGC 2025 Reg G (Bo3)", "players": ["Inferno prodigy", "DerpyRizzyPenguin"], "rating": null, "private": 0, "password": null}, {"uploadtime": 1743461620, "id": "gen9vgc2025reggbo3-2332336149", "format": "[Gen 9] VGC 2025 Reg G (Bo3)", "players": ["cheesylord", "rock1093"], "rating": null, "private": 0, "password": null}, {"uploadtime": 1743461607, "id": "gen9vgc2025reggbo3-2332338544", "format": "[Gen 9] VGC 2025 Reg G (Bo3)", "players": ["yotsuba12", "ElSebas21"], "rating": null, "private": 0, "password": null}, {"uploadtime": 1743461557, "id": "gen9vgc2025reggbo3-2332339304", "format": "[Gen 9] VGC 2025 Reg G (Bo3)", "players": ["KodeBeast0526", "icecoldtang"], "rating": null, "private": 0, "password": null}, {"uploadtime": 1743461543, "id": "gen9vgc2025reggbo3-2332340117", "format": "[Gen 9] VGC 2025 Reg G (Bo3)", "players": ["flubberbut", "koiseyo otome"], "rating": 1432, "private": 0, "password": null}, {"uploadtime": 1743461482, "id": "gen9vgc2025reggbo3-2332337014", "format": "[Gen 9] VGC 2025 Reg G (Bo3)", "players": ["sibiiiiiii", "TheMochiMan"], "rating": null, "private": 0, "password": null}, {"uploadtime": 1743461482, "id": "gen9vgc2025reggbo3-2332336618", "format": "[Gen 9] VGC 2025 Reg G (Bo3)", "players": ["abcslayer", "VDKTHEGOAT"], "rating": null, "private": 0, "password": null}, {"uploadtime": 1743461344, "id": "gen9vgc2025reggbo3-2332336562", "format": "[Gen 9] VGC 2025 Reg G (Bo3)", "players": ["ProtectPartingShot", "Inferno prodigy"], "rating": null, "private": 0, "password": null}, {"uploadtime": 1743461344, "id": "gen9vgc2025reggbo3-2332334703", "format": "[Gen 9] VGC 2025 Reg G (Bo3)", "players": ["YellowSeventeen", "Mantaraine"], "rating": null, "private": 0, "password": null}, {"uploadtime": 1743461252, "id": "gen9vgc2025reggbo3-2332337897", "format": "[Gen 9] VGC 2025 Reg G (Bo3)", "players": ["ProtectPartingShot", "Inferno prodigy"], "rating": 1446, "private": 0, "password": null}, {"uploadtime": 1743461236, "id": "gen9vgc2025reggbo3-2332337820", "format": "[Gen 9] VGC 2025 Reg G (Bo3)", "players": ["DerpyRizzyPenguin", "koiseyo otome"], "rating": 1345, "private": 0, "password": null}, {"uploadtime": 1743461205, "id": "gen9vgc2025reggbo3-2332334903", "format": "[Gen 9] VGC 2025 Reg G (Bo3)", "players": ["ProtectPartingShot", "Inferno prodigy"], "rating": null, "private": 0, "password": null}, {"uploadtime": 1743461205, "id": "gen9vgc2025reggbo3-2332333611", "format": "[Gen 9] VGC 2025 Reg G (Bo3)", "players": ["Qunne", "Bug Catcher Sunny"], "rating": null, "private": 0, "password": null}, {"uploadtime": 1743461205, "id": "gen9vgc2025reggbo3-2332333227", "format": "[Gen 9] VGC 2025 Reg G (Bo3)", "players": ["cheesylord", "rock1093"], "rating": null, "private": 0, "password": null}, {"uploadtime": 1743461170, "id": "gen9vgc2025reggbo3-2332334470", "format": "[Gen 9] VGC 2025 Reg G (Bo3)", "players": ["oofperson420", "pixelfx"], "rating": null, "private": 0, "password": null}, {"uploadtime": 1743461082, "id": "gen9vgc2025reggbo3-2332336342", "format": "[Gen 9] VGC 2025 Reg G (Bo3)", "players": ["DerpyRizzyPenguin", "koiseyo otome"], "rating": null, "private": 0, "password": null}, {"uploadtime": 1743460928, "id": "gen9vgc2025reggbo3-2332332903", "format": "[Gen 9] VGC 2025 Reg G (Bo3)", "players": ["the_frantic_franxx", "bigj009"], "rating": null, "private": 0, "password": null}, {"uploadtime": 1743460928, "id": "gen9vgc2025reggbo3-2332331816", "format": "[Gen 9] VGC 2025 Reg G (Bo3)", "players": ["YellowSeventeen", "Mantaraine"], "rating": null, "private": 0, "password": null}, {"uploadtime": 1743460928, "id": "gen9vgc2025reggbo3-2332330510", "format": "[Gen 9] VGC 2025 Reg G (Bo3)", "players": ["Qunne", "Bug Catcher Sunny"], "rating": null, "private": 0, "password": null}, {"uploadtime": 1743460868, "id": "gen9vgc2025reggbo3-2332332340", "format": "[Gen 9] VGC 2025 Reg G (Bo3)", "players": ["Dougtrio is bad", "F_Blizzy"], "rating": 1186, "private": 0, "password": null}, {"uploadtime": 1743460851, "id": "gen9vgc2025reggbo3-2332330049", "format": "[Gen 9] VGC 2025 Reg G (Bo3)", "players": ["Dougtrio is bad", "F_Blizzy"], "rating": null, "private": 0, "password": null}, {"uploadtime": 1743460836, "id": "gen9vgc2025reggbo3-2332327010", "format": "[Gen 9] VGC 2025 Reg G (Bo3)", "players": ["Dougtrio is bad", "F_Blizzy"], "rating": null, "private": 0, "password": null}, {"uploadtime": 1743460806, "id": "gen9vgc2025reggbo3-2332331914", "format": "[Gen 9] VGC 2025 Reg G (Bo3)", "players": ["nutty2k", "IHavepotential"], "rating": null, "private": 0, "password": null}, {"uploadtime": 1743460795, "id": "gen9vgc2025reggbo3-2332331827", "format": "[Gen 9] VGC 2025 Reg G (Bo3)", "players": ["pixelfx", "bartei"], "rating": 1220, "private": 0, "password": null}, {"uploadtime": 1743460790, "id": "gen9vgc2025reggbo3-2332330931", "format": "[Gen 9] VGC 2025 Reg G (Bo3)", "players": ["mateus-san", "Jhonyjoestar146"], "rating": null, "private": 0, "password": null}, {"uploadtime": 1743460790, "id": "gen9vgc2025reggbo3-2332329611", "format": "[Gen 9] VGC 2025 Reg G (Bo3)", "players": ["Wellington Kobs", "cheesylord"], "rating": null, "private": 0, "password": null}, {"uploadtime": 1743460783, "id": "gen9vgc2025reggbo3-2332329499", "format": "[Gen 9] VGC 2025 Reg G (Bo3)", "players": ["sweetlysunny", "derpitynerpity77"], "rating": 1108, "private": 0, "password": null}, {"uploadtime": 1743460775, "id": "gen9vgc2025reggbo3-2332327159", "format": "[Gen 9] VGC 2025 Reg G (Bo3)", "players": ["sweetlysunny", "derpitynerpity77"], "rating": null, "private": 0, "password": null}, {"uploadtime": 1743460762, "id": "gen9vgc2025reggbo3-2332324276", "format": "[Gen 9] VGC 2025 Reg G (Bo3)", "players": ["sweetlysunny", "derpitynerpity77"], "rating": null, "private": 0, "password": null}, {"uploadtime": 1743460710, "id": "gen9vgc2025reggbo3-2332330205", "format": "[Gen 9] VGC 2025 Reg G (Bo3)", "players": ["coolrocket4", "squirtle1804"], "rating": null, "private": 0, "password": null}, {"uploadtime": 1743460681, "id": "gen9vgc2025reggbo3-2332325585", "format": "[Gen 9] VGC 2025 Reg G (Bo3)", "players": ["Eachcorpse", "zetbol123"], "rating": null, "private": 0, "password": null}, {"uploadtime": 1743460673, "id": "gen9vgc2025reggbo3-2332327488", "format": "[Gen 9] VGC 2025 Reg G (Bo3)", "players": ["coolrocket4", "squirtle1804"], "rating": null, "private": 0, "password": null}, {"uploadtime": 1743460672, "id": "gen9vgc2025reggbo3-2332329976", "format": "[Gen 9] VGC 2025 Reg G (Bo3)", "players": ["Eachcorpse", "zetbol123"], "rating": 1087, "private": 0, "password": null}, {"uploadtime": 1743460537, "id": "gen9vgc2025reggbo3-2332329074", "format": "[Gen 9] VGC 2025 Reg G (Bo3)", "players": ["pixelfx", "bartei"], "rating": null, "private": 0, "password": null}, {"uploadtime": 1743460519, "id": "gen9vgc2025reggbo3-2332328440", "format": "[Gen 9] VGC 2025 Reg G (Bo3)", "players": ["IHavepotential", "nutty2k"], "rating": null, "private": 0, "password": null}]