[{"uploadtime": 1743444901, "id": "gen9vgc2025reggbo3-2332152734", "format": "[Gen 9] VGC 2025 Reg G (Bo3)", "players": ["narret", "Feis"], "rating": null, "private": 0, "password": null}, {"uploadtime": 1743444828, "id": "gen9vgc2025reggbo3-2332143640", "format": "[Gen 9] VGC 2025 Reg G (Bo3)", "players": ["legendcoot", "Ribbicus"], "rating": 1085, "private": 0, "password": null}, {"uploadtime": 1743444775, "id": "gen9vgc2025reggbo3-2332137377", "format": "[Gen 9] VGC 2025 Reg G (Bo3)", "players": ["legendcoot", "Ribbicus"], "rating": null, "private": 0, "password": null}, {"uploadtime": 1743444767, "id": "gen9vgc2025reggbo3-2332152012", "format": "[Gen 9] VGC 2025 Reg G (Bo3)", "players": ["Panpepato53", "simcro"], "rating": null, "private": 0, "password": null}, {"uploadtime": 1743444759, "id": "gen9vgc2025reggbo3-2332149971", "format": "[Gen 9] VGC 2025 Reg G (Bo3)", "players": ["tmg_vibin", "Dussclop?"], "rating": null, "private": 0, "password": null}, {"uploadtime": 1743444748, "id": "gen9vgc2025reggbo3-2332152881", "format": "[Gen 9] VGC 2025 Reg G (Bo3)", "players": ["tmg_vibin", "Dussclop?"], "rating": 1060, "private": 0, "password": null}, {"uploadtime": 1743444740, "id": "gen9vgc2025reggbo3-2332151957", "format": "[Gen 9] VGC 2025 Reg G (Bo3)", "players": ["monkey stall", "pixelfx"], "rating": null, "private": 0, "password": null}, {"uploadtime": 1743444705, "id": "gen9vgc2025reggbo3-2332152966", "format": "[Gen 9] VGC 2025 Reg G (Bo3)", "players": ["koiseyo otome", "Iceman5687"], "rating": 1434, "private": 0, "password": null}, {"uploadtime": 1743444689, "id": "gen9vgc2025reggbo3-2332152322", "format": "[Gen 9] VGC 2025 Reg G (Bo3)", "players": ["Iuytree29", "Robert1606"], "rating": null, "private": 0, "password": null}, {"uploadtime": 1743444629, "id": "gen9vgc2025reggbo3-2332149453", "format": "[Gen 9] VGC 2025 Reg G (Bo3)", "players": ["bigj009", "Atrix MJ"], "rating": null, "private": 0, "password": null}, {"uploadtime": 1743444588, "id": "gen9vgc2025reggbo3-2332149919", "format": "[Gen 9] VGC 2025 Reg G (Bo3)", "players": ["zetbol123", "DZSONNIIIIII"], "rating": 1079, "private": 0, "password": null}, {"uploadtime": 1743444570, "id": "gen9vgc2025reggbo3-2332147622", "format": "[Gen 9] VGC 2025 Reg G (Bo3)", "players": ["zetbol123", "DZSONNIIIIII"], "rating": null, "private": 0, "password": null}, {"uploadtime": 1743444510, "id": "gen9vgc2025reggbo3-2332151803", "format": "[Gen 9] VGC 2025 Reg G (Bo3)", "players": ["koiseyo otome", "Iceman5687"], "rating": null, "private": 0, "password": null}, {"uploadtime": 1743444498, "id": "gen9vgc2025reggbo3-2332150055", "format": "[Gen 9] VGC 2025 Reg G (Bo3)", "players": ["ppyyy", "TeamWontWorkSadge"], "rating": null, "private": 0, "password": null}, {"uploadtime": 1743444490, "id": "gen9vgc2025reggbo3-2332148213", "format": "[Gen 9] VGC 2025 Reg G (Bo3)", "players": ["StrawberryDark156", "aidenjamesuoungggg"], "rating": null, "private": 0, "password": null}, {"uploadtime": 1743444490, "id": "gen9vgc2025reggbo3-2332146809", "format": "[Gen 9] VGC 2025 Reg G (Bo3)", "players": ["fastsun", "Flamingo97"], "rating": null, "private": 0, "password": null}, {"uploadtime": 1743444408, "id": "gen9vgc2025reggbo3-2332146448", "format": "[Gen 9] VGC 2025 Reg G (Bo3)", "players": ["Panpepato53", "Fluvialcrossing"], "rating": 1117, "private": 0, "password": null}, {"uploadtime": 1743444405, "id": "gen9vgc2025reggbo3-2332148548", "format": "[Gen 9] VGC 2025 Reg G (Bo3)", "players": ["pixelfx", "koiseyo otome"], "rating": 1332, "private": 0, "password": null}, {"uploadtime": 1743444400, "id": "gen9vgc2025reggbo3-2332139699", "format": "[Gen 9] VGC 2025 Reg G (Bo3)", "players": ["Panpepato53", "Fluvialcrossing"], "rating": null, "private": 0, "password": null}, {"uploadtime": 1743444392, "id": "gen9vgc2025reggbo3-2332134104", "format": "[Gen 9] VGC 2025 Reg G (Bo3)", "players": ["Panpepato53", "Fluvialcrossing"], "rating": null, "private": 0, "password": null}, {"uploadtime": 1743444213, "id": "gen9vgc2025reggbo3-2332145083", "format": "[Gen 9] VGC 2025 Reg G (Bo3)", "players": ["fastsun", "Flamingo97"], "rating": null, "private": 0, "password": null}, {"uploadtime": 1743444213, "id": "gen9vgc2025reggbo3-2332144406", "format": "[Gen 9] VGC 2025 Reg G (Bo3)", "players": ["PizzaSanwitch", "colonelween"], "rating": null, "private": 0, "password": null}, {"uploadtime": 1743444213, "id": "gen9vgc2025reggbo3-2332144060", "format": "[Gen 9] VGC 2025 Reg G (Bo3)", "players": ["DatGuyJimmeh", "electrictopi"], "rating": null, "private": 0, "password": null}, {"uploadtime": 1743444213, "id": "gen9vgc2025reggbo3-2332143178", "format": "[Gen 9] VGC 2025 Reg G (Bo3)", "players": ["Witness343", "cosmic lover heart"], "rating": null, "private": 0, "password": null}, {"uploadtime": 1743444213, "id": "gen9vgc2025reggbo3-2332142668", "format": "[Gen 9] VGC 2025 Reg G (Bo3)", "players": ["CoolioTitan", "Luidor"], "rating": null, "private": 0, "password": null}, {"uploadtime": 1743444163, "id": "gen9vgc2025reggbo3-2332146298", "format": "[Gen 9] VGC 2025 Reg G (Bo3)", "players": ["pixelfx", "koiseyo otome"], "rating": null, "private": 0, "password": null}, {"uploadtime": 1743444147, "id": "gen9vgc2025reggbo3-2332139198", "format": "[Gen 9] VGC 2025 Reg G (Bo3)", "players": ["uglybeast", "badplayer3.141"], "rating": null, "private": 0, "password": null}, {"uploadtime": 1743444143, "id": "gen9vgc2025reggbo3-2332144811", "format": "[Gen 9] VGC 2025 Reg G (Bo3)", "players": ["uglybeast", "badplayer3.141"], "rating": 1157, "private": 0, "password": null}, {"uploadtime": 1743444075, "id": "gen9vgc2025reggbo3-2332139178", "format": "[Gen 9] VGC 2025 Reg G (Bo3)", "players": ["PizzaSanwitch", "colonelween"], "rating": null, "private": 0, "password": null}, {"uploadtime": 1743443937, "id": "gen9vgc2025reggbo3-2332141699", "format": "[Gen 9] VGC 2025 Reg G (Bo3)", "players": ["DatGuyJimmeh", "electrictopi"], "rating": null, "private": 0, "password": null}, {"uploadtime": 1743443937, "id": "gen9vgc2025reggbo3-2332141480", "format": "[Gen 9] VGC 2025 Reg G (Bo3)", "players": ["Lola Red", "mixontokox"], "rating": 1038, "private": 0, "password": null}, {"uploadtime": 1743443937, "id": "gen9vgc2025reggbo3-2332137932", "format": "[Gen 9] VGC 2025 Reg G (Bo3)", "players": ["Johalandya", "messi-05"], "rating": null, "private": 0, "password": null}, {"uploadtime": 1743443936, "id": "gen9vgc2025reggbo3-2332141772", "format": "[Gen 9] VGC 2025 Reg G (Bo3)", "players": ["Witness343", "cosmic lover heart"], "rating": null, "private": 0, "password": null}, {"uploadtime": 1743443887, "id": "gen9vgc2025reggbo3-2332143111", "format": "[Gen 9] VGC 2025 Reg G (Bo3)", "players": ["tmg_vibin", "NinjinVGC"], "rating": 1128, "private": 0, "password": null}, {"uploadtime": 1743443798, "id": "gen9vgc2025reggbo3-2332140021", "format": "[Gen 9] VGC 2025 Reg G (Bo3)", "players": ["Witness343", "DatGuyJimmeh"], "rating": 1317, "private": 0, "password": null}, {"uploadtime": 1743443798, "id": "gen9vgc2025reggbo3-2332139640", "format": "[Gen 9] VGC 2025 Reg G (Bo3)", "players": ["Lola Red", "Luidor"], "rating": 1051, "private": 0, "password": null}, {"uploadtime": 1743443798, "id": "gen9vgc2025reggbo3-2332138818", "format": "[Gen 9] VGC 2025 Reg G (Bo3)", "players": ["executivetoto", "DZSONNIIIIII"], "rating": null, "private": 0, "password": null}, {"uploadtime": 1743443798, "id": "gen9vgc2025reggbo3-2332137900", "format": "[Gen 9] VGC 2025 Reg G (Bo3)", "players": ["Bread7422", "Audinapuzzle"], "rating": 1029, "private": 0, "password": null}, {"uploadtime": 1743443798, "id": "gen9vgc2025reggbo3-2332137766", "format": "[Gen 9] VGC 2025 Reg G (Bo3)", "players": ["DEADCELLS4", "Pixelpuncher824"], "rating": null, "private": 0, "password": null}, {"uploadtime": 1743443725, "id": "gen9vgc2025reggbo3-2332138739", "format": "[Gen 9] VGC 2025 Reg G (Bo3)", "players": ["ppyyy", "TeamWontWorkSadge"], "rating": null, "private": 0, "password": null}, {"uploadtime": 1743443688, "id": "gen9vgc2025reggbo3-2332139124", "format": "[Gen 9] VGC 2025 Reg G (Bo3)", "players": ["Brazocrew", "maexle"], "rating": 1233, "private": 0, "password": null}, {"uploadtime": 1743443660, "id": "gen9vgc2025reggbo3-2332138038", "format": "[Gen 9] VGC 2025 Reg G (Bo3)", "players": ["Barney7", "Mx. evil"], "rating": null, "private": 0, "password": null}, {"uploadtime": 1743443660, "id": "gen9vgc2025reggbo3-2332137336", "format": "[Gen 9] VGC 2025 Reg G (Bo3)", "players": ["simcro", "beringvgc"], "rating": null, "private": 0, "password": null}, {"uploadtime": 1743443659, "id": "gen9vgc2025reggbo3-2332136113", "format": "[Gen 9] VGC 2025 Reg G (Bo3)", "players": ["Witness343", "DatGuyJimmeh"], "rating": null, "private": 0, "password": null}, {"uploadtime": 1743443628, "id": "gen9vgc2025reggbo3-2332135091", "format": "[Gen 9] VGC 2025 Reg G (Bo3)", "players": ["Brazocrew", "maexle"], "rating": null, "private": 0, "password": null}, {"uploadtime": 1743443521, "id": "gen9vgc2025reggbo3-2332137057", "format": "[Gen 9] VGC 2025 Reg G (Bo3)", "players": ["darwinrgpro", "TesteoB"], "rating": 1000, "private": 0, "password": null}, {"uploadtime": 1743443521, "id": "gen9vgc2025reggbo3-2332133670", "format": "[Gen 9] VGC 2025 Reg G (Bo3)", "players": ["ildrarVGC", "EBnilla"], "rating": null, "private": 0, "password": null}, {"uploadtime": 1743443521, "id": "gen9vgc2025reggbo3-2332130341", "format": "[Gen 9] VGC 2025 Reg G (Bo3)", "players": ["legendcoot", "Ribbicus"], "rating": null, "private": 0, "password": null}, {"uploadtime": 1743443459, "id": "gen9vgc2025reggbo3-2332134060", "format": "[Gen 9] VGC 2025 Reg G (Bo3)", "players": ["luxray2029", "Snacqk"], "rating": null, "private": 0, "password": null}, {"uploadtime": 1743443424, "id": "gen9vgc2025reggbo3-2332130791", "format": "[Gen 9] VGC 2025 Reg G (Bo3)", "players": ["luxray2029", "Snacqk"], "rating": null, "private": 0, "password": null}, {"uploadtime": 1743443417, "id": "gen9vgc2025reggbo3-2332136410", "format": "[Gen 9] VGC 2025 Reg G (Bo3)", "players": ["luxray2029", "Snacqk"], "rating": 1341, "private": 0, "password": null}]