[{"uploadtime": 1743224925, "id": "gen9vgc2025reggbo3-2330421702", "format": "[Gen 9] VGC 2025 Reg G (Bo3)", "players": ["blockus6969", "Alecat"], "rating": 1166, "private": 0, "password": null}, {"uploadtime": 1743224916, "id": "gen9vgc2025reggbo3-2330421882", "format": "[Gen 9] VGC 2025 Reg G (Bo3)", "players": ["katfishfilet", "SolarPieVGC"], "rating": null, "private": 0, "password": null}, {"uploadtime": 1743224807, "id": "gen9vgc2025reggbo3-2330419709", "format": "[Gen 9] VGC 2025 Reg G (Bo3)", "players": ["taijem", "MaeveAscella"], "rating": null, "private": 0, "password": null}, {"uploadtime": 1743224807, "id": "gen9vgc2025reggbo3-2330418662", "format": "[Gen 9] VGC 2025 Reg G (Bo3)", "players": ["funnythekani", "Harshus"], "rating": null, "private": 0, "password": null}, {"uploadtime": 1743224637, "id": "gen9vgc2025reggbo3-2330419447", "format": "[Gen 9] VGC 2025 Reg G (Bo3)", "players": ["katfishfilet", "SolarPieVGC"], "rating": null, "private": 0, "password": null}, {"uploadtime": 1743224602, "id": "gen9vgc2025reggbo3-2330419379", "format": "[Gen 9] VGC 2025 Reg G (Bo3)", "players": ["blockus6969", "Alecat"], "rating": null, "private": 0, "password": null}, {"uploadtime": 1743224524, "id": "gen9vgc2025reggbo3-2330419270", "format": "[Gen 9] VGC 2025 Reg G (Bo3)", "players": ["Just a Minus", "ProtectPartingShot"], "rating": null, "private": 0, "password": null}, {"uploadtime": 1743224524, "id": "gen9vgc2025reggbo3-2330419192", "format": "[Gen 9] VGC 2025 Reg G (Bo3)", "players": ["ldhc22", "marcosdeltasena31"], "rating": null, "private": 0, "password": null}, {"uploadtime": 1743224524, "id": "gen9vgc2025reggbo3-2330418909", "format": "[Gen 9] VGC 2025 Reg G (Bo3)", "players": ["Snacqk", "kk1pper1314"], "rating": null, "private": 0, "password": null}, {"uploadtime": 1743224524, "id": "gen9vgc2025reggbo3-2330418863", "format": "[Gen 9] VGC 2025 Reg G (Bo3)", "players": ["sleepy_mo18", "JJJ0k3"], "rating": null, "private": 0, "password": null}, {"uploadtime": 1743224524, "id": "gen9vgc2025reggbo3-2330418675", "format": "[Gen 9] VGC 2025 Reg G (Bo3)", "players": ["tanningproblems", "oranges8306624"], "rating": null, "private": 0, "password": null}, {"uploadtime": 1743224524, "id": "gen9vgc2025reggbo3-2330418653", "format": "[Gen 9] VGC 2025 Reg G (Bo3)", "players": ["taijem", "MaeveAscella"], "rating": null, "private": 0, "password": null}, {"uploadtime": 1743224524, "id": "gen9vgc2025reggbo3-2330418568", "format": "[Gen 9] VGC 2025 Reg G (Bo3)", "players": ["cain4511", "4ooty"], "rating": null, "private": 0, "password": null}, {"uploadtime": 1743224524, "id": "gen9vgc2025reggbo3-2330418486", "format": "[Gen 9] VGC 2025 Reg G (Bo3)", "players": ["Just a Minus", "ProtectPartingShot"], "rating": null, "private": 0, "password": null}, {"uploadtime": 1743224524, "id": "gen9vgc2025reggbo3-2330418138", "format": "[Gen 9] VGC 2025 Reg G (Bo3)", "players": ["JJJ0k3", "kkps"], "rating": 1035, "private": 0, "password": null}, {"uploadtime": 1743224524, "id": "gen9vgc2025reggbo3-2330417840", "format": "[Gen 9] VGC 2025 Reg G (Bo3)", "players": ["Pie1224", "Ocpuddin"], "rating": null, "private": 0, "password": null}, {"uploadtime": 1743224524, "id": "gen9vgc2025reggbo3-2330417677", "format": "[Gen 9] VGC 2025 Reg G (Bo3)", "players": ["Snacqk", "kk1pper1314"], "rating": null, "private": 0, "password": null}, {"uploadtime": 1743224524, "id": "gen9vgc2025reggbo3-2330416461", "format": "[Gen 9] VGC 2025 Reg G (Bo3)", "players": ["boschybee", "OCRAND"], "rating": null, "private": 0, "password": null}, {"uploadtime": 1743224332, "id": "gen9vgc2025reggbo3-2330418157", "format": "[Gen 9] VGC 2025 Reg G (Bo3)", "players": ["RobertAleen", "LemmeCallMyGuy"], "rating": null, "private": 0, "password": null}, {"uploadtime": 1743224241, "id": "gen9vgc2025reggbo3-2330417557", "format": "[Gen 9] VGC 2025 Reg G (Bo3)", "players": ["tanningproblems", "oranges8306624"], "rating": null, "private": 0, "password": null}, {"uploadtime": 1743224241, "id": "gen9vgc2025reggbo3-2330417328", "format": "[Gen 9] VGC 2025 Reg G (Bo3)", "players": ["RamenOuO", "pixelmonvgc"], "rating": null, "private": 0, "password": null}, {"uploadtime": 1743224241, "id": "gen9vgc2025reggbo3-2330416484", "format": "[Gen 9] VGC 2025 Reg G (Bo3)", "players": ["Pie1224", "Ocpuddin"], "rating": null, "private": 0, "password": null}, {"uploadtime": 1743224241, "id": "gen9vgc2025reggbo3-2330416430", "format": "[Gen 9] VGC 2025 Reg G (Bo3)", "players": ["CuackCuack", "taijem"], "rating": 1040, "private": 0, "password": null}, {"uploadtime": 1743224241, "id": "gen9vgc2025reggbo3-2330416232", "format": "[Gen 9] VGC 2025 Reg G (Bo3)", "players": ["RamenOuO", "pixelmonvgc"], "rating": null, "private": 0, "password": null}, {"uploadtime": 1743224241, "id": "gen9vgc2025reggbo3-2330415882", "format": "[Gen 9] VGC 2025 Reg G (Bo3)", "players": ["AMaizad97", "ClarkusSharkus"], "rating": null, "private": 0, "password": null}, {"uploadtime": 1743224241, "id": "gen9vgc2025reggbo3-2330415200", "format": "[Gen 9] VGC 2025 Reg G (Bo3)", "players": ["tobiasvg", "superiorviper"], "rating": 1051, "private": 0, "password": null}, {"uploadtime": 1743224241, "id": "gen9vgc2025reggbo3-2330415067", "format": "[Gen 9] VGC 2025 Reg G (Bo3)", "players": ["tmrei3", "idodjdkkd"], "rating": 1091, "private": 0, "password": null}, {"uploadtime": 1743224219, "id": "gen9vgc2025reggbo3-2330417798", "format": "[Gen 9] VGC 2025 Reg G (Bo3)", "players": ["Alecat", "i am saksham"], "rating": 1249, "private": 0, "password": null}, {"uploadtime": 1743224171, "id": "gen9vgc2025reggbo3-2330411021", "format": "[Gen 9] VGC 2025 Reg G (Bo3)", "players": ["biglivingorganism", "SolarPieVGC"], "rating": null, "private": 0, "password": null}, {"uploadtime": 1743224168, "id": "gen9vgc2025reggbo3-2330412965", "format": "[Gen 9] VGC 2025 Reg G (Bo3)", "players": ["biglivingorganism", "SolarPieVGC"], "rating": null, "private": 0, "password": null}, {"uploadtime": 1743224164, "id": "gen9vgc2025reggbo3-2330416240", "format": "[Gen 9] VGC 2025 Reg G (Bo3)", "players": ["biglivingorganism", "SolarPieVGC"], "rating": 1197, "private": 0, "password": null}, {"uploadtime": 1743224100, "id": "gen9vgc2025reggbo3-2330415788", "format": "[Gen 9] VGC 2025 Reg G (Bo3)", "players": ["ShadowJohny", "PurelyCynical"], "rating": null, "private": 0, "password": null}, {"uploadtime": 1743224044, "id": "gen9vgc2025reggbo3-2330415839", "format": "[Gen 9] VGC 2025 Reg G (Bo3)", "players": ["RobertAleen", "LemmeCallMyGuy"], "rating": null, "private": 0, "password": null}, {"uploadtime": 1743223959, "id": "gen9vgc2025reggbo3-2330414065", "format": "[Gen 9] VGC 2025 Reg G (Bo3)", "players": ["ERARRR395", "SengarBlade"], "rating": 1089, "private": 0, "password": null}, {"uploadtime": 1743223956, "id": "gen9vgc2025reggbo3-2330415165", "format": "[Gen 9] VGC 2025 Reg G (Bo3)", "players": ["Alecat", "i am saksham"], "rating": null, "private": 0, "password": null}, {"uploadtime": 1743223818, "id": "gen9vgc2025reggbo3-2330413828", "format": "[Gen 9] VGC 2025 Reg G (Bo3)", "players": ["juicemakesorange", "all my fella"], "rating": null, "private": 0, "password": null}, {"uploadtime": 1743223818, "id": "gen9vgc2025reggbo3-2330412927", "format": "[Gen 9] VGC 2025 Reg G (Bo3)", "players": ["tobiasvg", "Scythekatana"], "rating": 1040, "private": 0, "password": null}, {"uploadtime": 1743223676, "id": "gen9vgc2025reggbo3-2330412446", "format": "[Gen 9] VGC 2025 Reg G (Bo3)", "players": ["bobbert3rd", "tmart282"], "rating": null, "private": 0, "password": null}, {"uploadtime": 1743223588, "id": "gen9vgc2025reggbo3-2330412893", "format": "[Gen 9] VGC 2025 Reg G (Bo3)", "players": ["Alecat", "i am saksham"], "rating": null, "private": 0, "password": null}, {"uploadtime": 1743223535, "id": "gen9vgc2025reggbo3-2330412301", "format": "[Gen 9] VGC 2025 Reg G (Bo3)", "players": ["br1jxp", "Sehaj27"], "rating": null, "private": 0, "password": null}, {"uploadtime": 1743223535, "id": "gen9vgc2025reggbo3-2330412120", "format": "[Gen 9] VGC 2025 Reg G (Bo3)", "players": ["ERARRR395", "SengarBlade"], "rating": null, "private": 0, "password": null}, {"uploadtime": 1743223535, "id": "gen9vgc2025reggbo3-2330410946", "format": "[Gen 9] VGC 2025 Reg G (Bo3)", "players": ["Pk_Thunder1215", "D4nkw33b"], "rating": 1050, "private": 0, "password": null}, {"uploadtime": 1743223535, "id": "gen9vgc2025reggbo3-2330410886", "format": "[Gen 9] VGC 2025 Reg G (Bo3)", "players": ["TeeKhay3", "oranges8306624"], "rating": 1003, "private": 0, "password": null}, {"uploadtime": 1743223253, "id": "gen9vgc2025reggbo3-2330410387", "format": "[Gen 9] VGC 2025 Reg G (Bo3)", "players": ["CalebXD786", "Firelionpr"], "rating": 1182, "private": 0, "password": null}, {"uploadtime": 1743223253, "id": "gen9vgc2025reggbo3-2330409028", "format": "[Gen 9] VGC 2025 Reg G (Bo3)", "players": ["ShadowJohny", "tmrei3"], "rating": null, "private": 0, "password": null}, {"uploadtime": 1743223253, "id": "gen9vgc2025reggbo3-2330408994", "format": "[Gen 9] VGC 2025 Reg G (Bo3)", "players": ["i am saksham", "ChihayaKisaragi77"], "rating": null, "private": 0, "password": null}, {"uploadtime": 1743223253, "id": "gen9vgc2025reggbo3-2330408610", "format": "[Gen 9] VGC 2025 Reg G (Bo3)", "players": ["Jeplan", "Ocpuddin"], "rating": null, "private": 0, "password": null}, {"uploadtime": 1743223252, "id": "gen9vgc2025reggbo3-2330409565", "format": "[Gen 9] VGC 2025 Reg G (Bo3)", "players": ["dagrzekrom", "Forever1507"], "rating": null, "private": 0, "password": null}, {"uploadtime": 1743223111, "id": "gen9vgc2025reggbo3-2330409133", "format": "[Gen 9] VGC 2025 Reg G (Bo3)", "players": ["RamenOuO", "kk1pper1314"], "rating": null, "private": 0, "password": null}, {"uploadtime": 1743223111, "id": "gen9vgc2025reggbo3-2330408613", "format": "[Gen 9] VGC 2025 Reg G (Bo3)", "players": ["br1jxp", "Shirteasy22"], "rating": null, "private": 0, "password": null}, {"uploadtime": 1743223111, "id": "gen9vgc2025reggbo3-2330408532", "format": "[Gen 9] VGC 2025 Reg G (Bo3)", "players": ["boschybee", "exinmianVGC"], "rating": null, "private": 0, "password": null}]