[{"uploadtime": 1743448726, "id": "gen9vgc2025reggbo3-2332185267", "format": "[Gen 9] VGC 2025 Reg G (Bo3)", "players": ["Dhdeu364848", "legendcoot"], "rating": null, "private": 0, "password": null}, {"uploadtime": 1743448644, "id": "gen9vgc2025reggbo3-2332198982", "format": "[Gen 9] VGC 2025 Reg G (Bo3)", "players": ["takeshivgc-test", "Dougtrio is bad"], "rating": null, "private": 0, "password": null}, {"uploadtime": 1743448644, "id": "gen9vgc2025reggbo3-2332196593", "format": "[Gen 9] VGC 2025 Reg G (Bo3)", "players": ["Frozen Miind", "SayonaraJoJo"], "rating": null, "private": 0, "password": null}, {"uploadtime": 1743448519, "id": "gen9vgc2025reggbo3-2332197672", "format": "[Gen 9] VGC 2025 Reg G (Bo3)", "players": ["QrdeJegoMac", "Magikarpite Plz"], "rating": 1190, "private": 0, "password": null}, {"uploadtime": 1743448510, "id": "gen9vgc2025reggbo3-2332194024", "format": "[Gen 9] VGC 2025 Reg G (Bo3)", "players": ["QrdeJegoMac", "Magikarpite Plz"], "rating": null, "private": 0, "password": null}, {"uploadtime": 1743448506, "id": "gen9vgc2025reggbo3-2332197461", "format": "[Gen 9] VGC 2025 Reg G (Bo3)", "players": ["Novacast", "cringepilled"], "rating": null, "private": 0, "password": null}, {"uploadtime": 1743448367, "id": "gen9vgc2025reggbo3-2332194956", "format": "[Gen 9] VGC 2025 Reg G (Bo3)", "players": ["SayonaraJoJo", "twizzy opium"], "rating": 1042, "private": 0, "password": null}, {"uploadtime": 1743448367, "id": "gen9vgc2025reggbo3-2332194791", "format": "[Gen 9] VGC 2025 Reg G (Bo3)", "players": ["Novacast", "cringepilled"], "rating": null, "private": 0, "password": null}, {"uploadtime": 1743448231, "id": "gen9vgc2025reggbo3-2332194302", "format": "[Gen 9] VGC 2025 Reg G (Bo3)", "players": ["atlpreplup", "John_Stick3"], "rating": 1125, "private": 0, "password": null}, {"uploadtime": 1743448229, "id": "gen9vgc2025reggbo3-2332193194", "format": "[Gen 9] VGC 2025 Reg G (Bo3)", "players": ["SabasVGC", "Bapademon"], "rating": null, "private": 0, "password": null}, {"uploadtime": 1743448229, "id": "gen9vgc2025reggbo3-2332193181", "format": "[Gen 9] VGC 2025 Reg G (Bo3)", "players": ["Sincubii", "migolao"], "rating": 1299, "private": 0, "password": null}, {"uploadtime": 1743448229, "id": "gen9vgc2025reggbo3-2332192813", "format": "[Gen 9] VGC 2025 Reg G (Bo3)", "players": ["KingLordNiklas", "tootiredtobecool"], "rating": null, "private": 0, "password": null}, {"uploadtime": 1743448229, "id": "gen9vgc2025reggbo3-2332191712", "format": "[Gen 9] VGC 2025 Reg G (Bo3)", "players": ["yosequevosyame", "Jkspaceferret"], "rating": null, "private": 0, "password": null}, {"uploadtime": 1743448222, "id": "gen9vgc2025reggbo3-2332189149", "format": "[Gen 9] VGC 2025 Reg G (Bo3)", "players": ["atlpreplup", "John_Stick3"], "rating": null, "private": 0, "password": null}, {"uploadtime": 1743448165, "id": "gen9vgc2025reggbo3-2332193925", "format": "[Gen 9] VGC 2025 Reg G (Bo3)", "players": ["namuui", "2nahog9"], "rating": null, "private": 0, "password": null}, {"uploadtime": 1743448090, "id": "gen9vgc2025reggbo3-2332190753", "format": "[Gen 9] VGC 2025 Reg G (Bo3)", "players": ["SabasVGC", "Bapademon"], "rating": null, "private": 0, "password": null}, {"uploadtime": 1743448090, "id": "gen9vgc2025reggbo3-2332189991", "format": "[Gen 9] VGC 2025 Reg G (Bo3)", "players": ["guillelona", "Kanodkazuya"], "rating": null, "private": 0, "password": null}, {"uploadtime": 1743448021, "id": "gen9vgc2025reggbo3-2332192152", "format": "[Gen 9] VGC 2025 Reg G (Bo3)", "players": ["Junseville", "mobile2433"], "rating": 1284, "private": 0, "password": null}, {"uploadtime": 1743447952, "id": "gen9vgc2025reggbo3-2332191160", "format": "[Gen 9] VGC 2025 Reg G (Bo3)", "players": ["Semiau", "Seppoju"], "rating": null, "private": 0, "password": null}, {"uploadtime": 1743447952, "id": "gen9vgc2025reggbo3-2332189078", "format": "[Gen 9] VGC 2025 Reg G (Bo3)", "players": ["Sincubii", "migolao"], "rating": null, "private": 0, "password": null}, {"uploadtime": 1743447909, "id": "gen9vgc2025reggbo3-2332191034", "format": "[Gen 9] VGC 2025 Reg G (Bo3)", "players": ["namuui", "2nahog9"], "rating": null, "private": 0, "password": null}, {"uploadtime": 1743447813, "id": "gen9vgc2025reggbo3-2332187890", "format": "[Gen 9] VGC 2025 Reg G (Bo3)", "players": ["prumbas", "twizzy opium"], "rating": null, "private": 0, "password": null}, {"uploadtime": 1743447813, "id": "gen9vgc2025reggbo3-2332185802", "format": "[Gen 9] VGC 2025 Reg G (Bo3)", "players": ["guillelona", "Kanodkazuya"], "rating": null, "private": 0, "password": null}, {"uploadtime": 1743447753, "id": "gen9vgc2025reggbo3-2332187433", "format": "[Gen 9] VGC 2025 Reg G (Bo3)", "players": ["Junseville", "mobile2433"], "rating": null, "private": 0, "password": null}, {"uploadtime": 1743447714, "id": "gen9vgc2025reggbo3-2332189670", "format": "[Gen 9] VGC 2025 Reg G (Bo3)", "players": ["yosequevosyame", "the_Sam3560"], "rating": 1065, "private": 0, "password": null}, {"uploadtime": 1743447629, "id": "gen9vgc2025reggbo3-2332188633", "format": "[Gen 9] VGC 2025 Reg G (Bo3)", "players": ["namuui", "2nahog9"], "rating": null, "private": 0, "password": null}, {"uploadtime": 1743447531, "id": "gen9vgc2025reggbo3-2332186901", "format": "[Gen 9] VGC 2025 Reg G (Bo3)", "players": ["yosequevosyame", "the_Sam3560"], "rating": null, "private": 0, "password": null}, {"uploadtime": 1743447444, "id": "gen9vgc2025reggbo3-2332185201", "format": "[Gen 9] VGC 2025 Reg G (Bo3)", "players": ["namuui", "2nahog9"], "rating": null, "private": 0, "password": null}, {"uploadtime": 1743447398, "id": "gen9vgc2025reggbo3-2332183372", "format": "[Gen 9] VGC 2025 Reg G (Bo3)", "players": ["kire913e", "gigglesaurus"], "rating": null, "private": 0, "password": null}, {"uploadtime": 1743447395, "id": "gen9vgc2025reggbo3-2332184647", "format": "[Gen 9] VGC 2025 Reg G (Bo3)", "players": ["yosequevosyame", "the_Sam3560"], "rating": null, "private": 0, "password": null}, {"uploadtime": 1743447364, "id": "gen9vgc2025reggbo3-2332181660", "format": "[Gen 9] VGC 2025 Reg G (Bo3)", "players": ["Brazocrew", "EBnilla"], "rating": 1298, "private": 0, "password": null}, {"uploadtime": 1743447353, "id": "gen9vgc2025reggbo3-2332179327", "format": "[Gen 9] VGC 2025 Reg G (Bo3)", "players": ["Brazocrew", "EBnilla"], "rating": null, "private": 0, "password": null}, {"uploadtime": 1743447339, "id": "gen9vgc2025reggbo3-2332176464", "format": "[Gen 9] VGC 2025 Reg G (Bo3)", "players": ["Brazocrew", "EBnilla"], "rating": null, "private": 0, "password": null}, {"uploadtime": 1743447259, "id": "gen9vgc2025reggbo3-2332181297", "format": "[Gen 9] VGC 2025 Reg G (Bo3)", "players": ["DatGuyJimmeh", "1. versuch"], "rating": null, "private": 0, "password": null}, {"uploadtime": 1743447204, "id": "gen9vgc2025reggbo3-2332180176", "format": "[Gen 9] VGC 2025 Reg G (Bo3)", "players": ["DJPeachCobbler", "taytaz"], "rating": null, "private": 0, "password": null}, {"uploadtime": 1743447183, "id": "gen9vgc2025reggbo3-2332182302", "format": "[Gen 9] VGC 2025 Reg G (Bo3)", "players": ["DJPeachCobbler", "taytaz"], "rating": null, "private": 0, "password": null}, {"uploadtime": 1743447147, "id": "gen9vgc2025reggbo3-2332182183", "format": "[Gen 9] VGC 2025 Reg G (Bo3)", "players": ["namuui", "2nahog9"], "rating": null, "private": 0, "password": null}, {"uploadtime": 1743447123, "id": "gen9vgc2025reggbo3-2332179916", "format": "[Gen 9] VGC 2025 Reg G (Bo3)", "players": ["TubigBaha", "Homero tg"], "rating": 1201, "private": 0, "password": null}, {"uploadtime": 1743447121, "id": "gen9vgc2025reggbo3-2332181662", "format": "[Gen 9] VGC 2025 Reg G (Bo3)", "players": ["gesuonfire", "lexerthanatauros"], "rating": null, "private": 0, "password": null}, {"uploadtime": 1743447121, "id": "gen9vgc2025reggbo3-2332180522", "format": "[Gen 9] VGC 2025 Reg G (Bo3)", "players": ["kire913e", "gigglesaurus"], "rating": null, "private": 0, "password": null}, {"uploadtime": 1743447121, "id": "gen9vgc2025reggbo3-2332176608", "format": "[Gen 9] VGC 2025 Reg G (Bo3)", "players": ["IshtarVGC25", "fanman64"], "rating": null, "private": 0, "password": null}, {"uploadtime": 1743447109, "id": "gen9vgc2025reggbo3-2332175650", "format": "[Gen 9] VGC 2025 Reg G (Bo3)", "players": ["TubigBaha", "Homero tg"], "rating": null, "private": 0, "password": null}, {"uploadtime": 1743447085, "id": "gen9vgc2025reggbo3-2332173299", "format": "[Gen 9] VGC 2025 Reg G (Bo3)", "players": ["Dan y Vanias", "Volanr"], "rating": null, "private": 0, "password": null}, {"uploadtime": 1743447066, "id": "gen9vgc2025reggbo3-2332167580", "format": "[Gen 9] VGC 2025 Reg G (Bo3)", "players": ["Dhl2020", "Homero tg"], "rating": null, "private": 0, "password": null}, {"uploadtime": 1743447041, "id": "gen9vgc2025reggbo3-2332180339", "format": "[Gen 9] VGC 2025 Reg G (Bo3)", "players": ["PulsevL", "Fluvialcrossing"], "rating": 1098, "private": 0, "password": null}, {"uploadtime": 1743447038, "id": "gen9vgc2025reggbo3-2332165025", "format": "[Gen 9] VGC 2025 Reg G (Bo3)", "players": ["Dhl2020", "Homero tg"], "rating": null, "private": 0, "password": null}, {"uploadtime": 1743447028, "id": "gen9vgc2025reggbo3-2332176817", "format": "[Gen 9] VGC 2025 Reg G (Bo3)", "players": ["PulsevL", "Fluvialcrossing"], "rating": null, "private": 0, "password": null}, {"uploadtime": 1743446984, "id": "gen9vgc2025reggbo3-2332177837", "format": "[Gen 9] VGC 2025 Reg G (Bo3)", "players": ["Dan y Vanias", "Volanr"], "rating": 1435, "private": 0, "password": null}, {"uploadtime": 1743446983, "id": "gen9vgc2025reggbo3-2332179835", "format": "[Gen 9] VGC 2025 Reg G (Bo3)", "players": ["gesuonfire", "lexerthanatauros"], "rating": null, "private": 0, "password": null}, {"uploadtime": 1743446968, "id": "gen9vgc2025reggbo3-2332178944", "format": "[Gen 9] VGC 2025 Reg G (Bo3)", "players": ["l0ss and g4in", "Moschuss"], "rating": null, "private": 0, "password": null}, {"uploadtime": 1743446865, "id": "gen9vgc2025reggbo3-2332178427", "format": "[Gen 9] VGC 2025 Reg G (Bo3)", "players": ["jaggie34", "petiteperson"], "rating": 1177, "private": 0, "password": null}]