[{"uploadtime": 1743440521, "id": "gen9vgc2025reggbo3-2332099771", "format": "[Gen 9] VGC 2025 Reg G (Bo3)", "players": ["xavidotnet", "ziggleroid_don"], "rating": null, "private": 0, "password": null}, {"uploadtime": 1743440520, "id": "gen9vgc2025reggbo3-2332099911", "format": "[Gen 9] VGC 2025 Reg G (Bo3)", "players": ["rainyshrimpyy", "NoNeedForGravity"], "rating": null, "private": 0, "password": null}, {"uploadtime": 1743440504, "id": "gen9vgc2025reggbo3-2332096817", "format": "[Gen 9] VGC 2025 Reg G (Bo3)", "players": ["Fluvialcrossing", "ZeederVGC"], "rating": null, "private": 0, "password": null}, {"uploadtime": 1743440476, "id": "gen9vgc2025reggbo3-2332097159", "format": "[Gen 9] VGC 2025 Reg G (Bo3)", "players": ["Pokemon go1235", "l love you 12345"], "rating": null, "private": 0, "password": null}, {"uploadtime": 1743440386, "id": "gen9vgc2025reggbo3-2332098423", "format": "[Gen 9] VGC 2025 Reg G (Bo3)", "players": ["OreburghRanger", "Sazandoramx"], "rating": null, "private": 0, "password": null}, {"uploadtime": 1743440337, "id": "gen9vgc2025reggbo3-2332094258", "format": "[Gen 9] VGC 2025 Reg G (Bo3)", "players": ["colonelween", "onax"], "rating": null, "private": 0, "password": null}, {"uploadtime": 1743440337, "id": "gen9vgc2025reggbo3-2332094087", "format": "[Gen 9] VGC 2025 Reg G (Bo3)", "players": ["aym92", "Susername"], "rating": null, "private": 0, "password": null}, {"uploadtime": 1743440302, "id": "gen9vgc2025reggbo3-2332097806", "format": "[Gen 9] VGC 2025 Reg G (Bo3)", "players": ["hdgjgdfhj", "Kasehobel"], "rating": null, "private": 0, "password": null}, {"uploadtime": 1743440290, "id": "gen9vgc2025reggbo3-2332098155", "format": "[Gen 9] VGC 2025 Reg G (Bo3)", "players": ["KingLordNiklas", "Juanitto Balatrez"], "rating": null, "private": 0, "password": null}, {"uploadtime": 1743440274, "id": "gen9vgc2025reggbo3-2332095589", "format": "[Gen 9] VGC 2025 Reg G (Bo3)", "players": ["badplayer3.141", "lukydch"], "rating": null, "private": 0, "password": null}, {"uploadtime": 1743440265, "id": "gen9vgc2025reggbo3-2332098395", "format": "[Gen 9] VGC 2025 Reg G (Bo3)", "players": ["badplayer3.141", "lukydch"], "rating": null, "private": 0, "password": null}, {"uploadtime": 1743440216, "id": "gen9vgc2025reggbo3-2332096774", "format": "[Gen 9] VGC 2025 Reg G (Bo3)", "players": ["NoNeedForGravity", "rainyshrimpyy"], "rating": null, "private": 0, "password": null}, {"uploadtime": 1743440199, "id": "gen9vgc2025reggbo3-2332092794", "format": "[Gen 9] VGC 2025 Reg G (Bo3)", "players": ["Zen1996-VGC", "ismaaelh_"], "rating": null, "private": 0, "password": null}, {"uploadtime": 1743440098, "id": "gen9vgc2025reggbo3-2332093310", "format": "[Gen 9] VGC 2025 Reg G (Bo3)", "players": ["KingLordNiklas", "Juanitto Balatrez"], "rating": null, "private": 0, "password": null}, {"uploadtime": 1743440060, "id": "gen9vgc2025reggbo3-2332092924", "format": "[Gen 9] VGC 2025 Reg G (Bo3)", "players": ["gerogeus", "ab80"], "rating": null, "private": 0, "password": null}, {"uploadtime": 1743439980, "id": "gen9vgc2025reggbo3-2332094996", "format": "[Gen 9] VGC 2025 Reg G (Bo3)", "players": ["GTCEA.vgc", "C0NI0W"], "rating": null, "private": 0, "password": null}, {"uploadtime": 1743439979, "id": "gen9vgc2025reggbo3-2332094768", "format": "[Gen 9] VGC 2025 Reg G (Bo3)", "players": ["NoNeedForGravity", "rainyshrimpyy"], "rating": null, "private": 0, "password": null}, {"uploadtime": 1743439969, "id": "gen9vgc2025reggbo3-2332091665", "format": "[Gen 9] VGC 2025 Reg G (Bo3)", "players": ["Fluvialcrossing", "SetsunaF2620"], "rating": null, "private": 0, "password": null}, {"uploadtime": 1743439922, "id": "gen9vgc2025reggbo3-2332090368", "format": "[Gen 9] VGC 2025 Reg G (Bo3)", "players": ["l love you 12345", "Pokemon go1235"], "rating": null, "private": 0, "password": null}, {"uploadtime": 1743439922, "id": "gen9vgc2025reggbo3-2332090272", "format": "[Gen 9] VGC 2025 Reg G (Bo3)", "players": ["jacopozioporco", "legendcoot"], "rating": null, "private": 0, "password": null}, {"uploadtime": 1743439833, "id": "gen9vgc2025reggbo3-2332093428", "format": "[Gen 9] VGC 2025 Reg G (Bo3)", "players": ["NoNeedForGravity", "rainyshrimpyy"], "rating": null, "private": 0, "password": null}, {"uploadtime": 1743439814, "id": "gen9vgc2025reggbo3-2332088000", "format": "[Gen 9] VGC 2025 Reg G (Bo3)", "players": ["Dragon4521", "LinkoO"], "rating": 1083, "private": 0, "password": null}, {"uploadtime": 1743439804, "id": "gen9vgc2025reggbo3-2332085313", "format": "[Gen 9] VGC 2025 Reg G (Bo3)", "players": ["Dragon4521", "LinkoO"], "rating": null, "private": 0, "password": null}, {"uploadtime": 1743439783, "id": "gen9vgc2025reggbo3-2332090380", "format": "[Gen 9] VGC 2025 Reg G (Bo3)", "players": ["noahguyvgc", "Snacqk"], "rating": null, "private": 0, "password": null}, {"uploadtime": 1743439783, "id": "gen9vgc2025reggbo3-2332089658", "format": "[Gen 9] VGC 2025 Reg G (Bo3)", "players": ["randomuser0000", "Magikarpite Plz"], "rating": null, "private": 0, "password": null}, {"uploadtime": 1743439783, "id": "gen9vgc2025reggbo3-2332089386", "format": "[Gen 9] VGC 2025 Reg G (Bo3)", "players": ["GTCEA.vgc", "Greninja5782"], "rating": null, "private": 0, "password": null}, {"uploadtime": 1743439686, "id": "gen9vgc2025reggbo3-2332091515", "format": "[Gen 9] VGC 2025 Reg G (Bo3)", "players": ["rainyshrimpyy", "NoNeedForGravity"], "rating": null, "private": 0, "password": null}, {"uploadtime": 1743439547, "id": "gen9vgc2025reggbo3-2332089401", "format": "[Gen 9] VGC 2025 Reg G (Bo3)", "players": ["rainyshrimpyy", "NoNeedForGravity"], "rating": null, "private": 0, "password": null}, {"uploadtime": 1743439368, "id": "gen9vgc2025reggbo3-2332084545", "format": "[Gen 9] VGC 2025 Reg G (Bo3)", "players": ["Snacqk", "kelseilakenta"], "rating": null, "private": 0, "password": null}, {"uploadtime": 1743439368, "id": "gen9vgc2025reggbo3-2332084198", "format": "[Gen 9] VGC 2025 Reg G (Bo3)", "players": ["Rat Wizzard", "Bobert2134"], "rating": null, "private": 0, "password": null}, {"uploadtime": 1743439368, "id": "gen9vgc2025reggbo3-2332056977", "format": "[Gen 9] VGC 2025 Reg G (Bo3)", "players": ["Noimir", "Seany3"], "rating": null, "private": 0, "password": null}, {"uploadtime": 1743439145, "id": "gen9vgc2025reggbo3-2332083493", "format": "[Gen 9] VGC 2025 Reg G (Bo3)", "players": ["glizzytoter", "senzumi_here"], "rating": 1158, "private": 0, "password": null}, {"uploadtime": 1743439091, "id": "gen9vgc2025reggbo3-2332082605", "format": "[Gen 9] VGC 2025 Reg G (Bo3)", "players": ["Snacqk", "kelseilakenta"], "rating": null, "private": 0, "password": null}, {"uploadtime": 1743439091, "id": "gen9vgc2025reggbo3-2332080741", "format": "[Gen 9] VGC 2025 Reg G (Bo3)", "players": ["Kramenwhale", "mr_tree503"], "rating": null, "private": 0, "password": null}, {"uploadtime": 1743439091, "id": "gen9vgc2025reggbo3-2332079878", "format": "[Gen 9] VGC 2025 Reg G (Bo3)", "players": ["colonelween", "adhii"], "rating": null, "private": 0, "password": null}, {"uploadtime": 1743439055, "id": "gen9vgc2025reggbo3-2332080289", "format": "[Gen 9] VGC 2025 Reg G (Bo3)", "players": ["zetbol123", "disciple of blahaj"], "rating": 1084, "private": 0, "password": null}, {"uploadtime": 1743439038, "id": "gen9vgc2025reggbo3-2332076277", "format": "[Gen 9] VGC 2025 Reg G (Bo3)", "players": ["zetbol123", "disciple of blahaj"], "rating": null, "private": 0, "password": null}, {"uploadtime": 1743438957, "id": "gen9vgc2025reggbo3-2332081701", "format": "[Gen 9] VGC 2025 Reg G (Bo3)", "players": ["foxfox1", "3Blackwolf"], "rating": 1094, "private": 0, "password": null}, {"uploadtime": 1743438953, "id": "gen9vgc2025reggbo3-2332079313", "format": "[Gen 9] VGC 2025 Reg G (Bo3)", "players": ["ShDw Ace", "ParkerC15"], "rating": null, "private": 0, "password": null}, {"uploadtime": 1743438883, "id": "gen9vgc2025reggbo3-2332082509", "format": "[Gen 9] VGC 2025 Reg G (Bo3)", "players": ["capi533", "Tsbasssdd"], "rating": 1000, "private": 0, "password": null}, {"uploadtime": 1743438807, "id": "gen9vgc2025reggbo3-2332082065", "format": "[Gen 9] VGC 2025 Reg G (Bo3)", "players": ["aborig was taken", "tanobaum"], "rating": 1503, "private": 0, "password": null}, {"uploadtime": 1743438794, "id": "gen9vgc2025reggbo3-2332080738", "format": "[Gen 9] VGC 2025 Reg G (Bo3)", "players": ["capi533", "Tsbasssdd"], "rating": null, "private": 0, "password": null}, {"uploadtime": 1743438783, "id": "gen9vgc2025reggbo3-2332080758", "format": "[Gen 9] VGC 2025 Reg G (Bo3)", "players": ["rainyshrimpyy", "NoNeedForGravity"], "rating": null, "private": 0, "password": null}, {"uploadtime": 1743438684, "id": "gen9vgc2025reggbo3-2332079067", "format": "[Gen 9] VGC 2025 Reg G (Bo3)", "players": ["koiseyo otome", "Isthisreallifeman"], "rating": null, "private": 0, "password": null}, {"uploadtime": 1743438676, "id": "gen9vgc2025reggbo3-2332077117", "format": "[Gen 9] VGC 2025 Reg G (Bo3)", "players": ["Devious PLan", "jit444"], "rating": null, "private": 0, "password": null}, {"uploadtime": 1743438676, "id": "gen9vgc2025reggbo3-2332075745", "format": "[Gen 9] VGC 2025 Reg G (Bo3)", "players": ["Cheesey027", "colonelween"], "rating": 1104, "private": 0, "password": null}, {"uploadtime": 1743438646, "id": "gen9vgc2025reggbo3-2332078320", "format": "[Gen 9] VGC 2025 Reg G (Bo3)", "players": ["capi533", "Tsbasssdd"], "rating": null, "private": 0, "password": null}, {"uploadtime": 1743438630, "id": "gen9vgc2025reggbo3-2332078669", "format": "[Gen 9] VGC 2025 Reg G (Bo3)", "players": ["rainyshrimpyy", "NoNeedForGravity"], "rating": null, "private": 0, "password": null}, {"uploadtime": 1743438537, "id": "gen9vgc2025reggbo3-2332075986", "format": "[Gen 9] VGC 2025 Reg G (Bo3)", "players": ["AngrrryGuy", "C0NI0W"], "rating": null, "private": 0, "password": null}, {"uploadtime": 1743438537, "id": "gen9vgc2025reggbo3-2332073138", "format": "[Gen 9] VGC 2025 Reg G (Bo3)", "players": ["Pokemon go1235", "l love you 12345"], "rating": null, "private": 0, "password": null}, {"uploadtime": 1743438497, "id": "gen9vgc2025reggbo3-2332077241", "format": "[Gen 9] VGC 2025 Reg G (Bo3)", "players": ["koiseyo otome", "Isthisreallifeman"], "rating": null, "private": 0, "password": null}]