[{"uploadtime": 1743368244, "id": "gen9vgc2025reggbo3-2331493988", "format": "[Gen 9] VGC 2025 Reg G (Bo3)", "players": ["wolf9696", "JvmRdDCmp"], "rating": null, "private": 0, "password": null}, {"uploadtime": 1743368244, "id": "gen9vgc2025reggbo3-2331493253", "format": "[Gen 9] VGC 2025 Reg G (Bo3)", "players": ["Snorlaxpikachu1", "jit444"], "rating": null, "private": 0, "password": null}, {"uploadtime": 1743368244, "id": "gen9vgc2025reggbo3-2331492298", "format": "[Gen 9] VGC 2025 Reg G (Bo3)", "players": ["Brutalandathebozz", "itslikewoah"], "rating": null, "private": 0, "password": null}, {"uploadtime": 1743368230, "id": "gen9vgc2025reggbo3-2331493807", "format": "[Gen 9] VGC 2025 Reg G (Bo3)", "players": ["vicburgos", "anton con perish"], "rating": null, "private": 0, "password": null}, {"uploadtime": 1743368104, "id": "gen9vgc2025reggbo3-2331489945", "format": "[Gen 9] VGC 2025 Reg G (Bo3)", "players": ["Something147", "wade connects"], "rating": null, "private": 0, "password": null}, {"uploadtime": 1743368058, "id": "gen9vgc2025reggbo3-2331487253", "format": "[Gen 9] VGC 2025 Reg G (Bo3)", "players": ["pepe1994uchia", "TheBrain05"], "rating": null, "private": 0, "password": null}, {"uploadtime": 1743367979, "id": "gen9vgc2025reggbo3-2331486645", "format": "[Gen 9] VGC 2025 Reg G (Bo3)", "players": ["Justvibingfrfr3", "Isthisreallifeman"], "rating": null, "private": 0, "password": null}, {"uploadtime": 1743367964, "id": "gen9vgc2025reggbo3-2331489084", "format": "[Gen 9] VGC 2025 Reg G (Bo3)", "players": ["Brutalandathebozz", "itslikewoah"], "rating": null, "private": 0, "password": null}, {"uploadtime": 1743367836, "id": "gen9vgc2025reggbo3-2331490014", "format": "[Gen 9] VGC 2025 Reg G (Bo3)", "players": ["anton con perish", "wata97"], "rating": 1189, "private": 0, "password": null}, {"uploadtime": 1743367828, "id": "gen9vgc2025reggbo3-2331488324", "format": "[Gen 9] VGC 2025 Reg G (Bo3)", "players": ["anton con perish", "wata97"], "rating": null, "private": 0, "password": null}, {"uploadtime": 1743367762, "id": "gen9vgc2025reggbo3-2331490360", "format": "[Gen 9] VGC 2025 Reg G (Bo3)", "players": ["Frozen Miind", "QrdeJegoMac"], "rating": 1333, "private": 0, "password": null}, {"uploadtime": 1743367753, "id": "gen9vgc2025reggbo3-2331488727", "format": "[Gen 9] VGC 2025 Reg G (Bo3)", "players": ["Frozen Miind", "QrdeJegoMac"], "rating": null, "private": 0, "password": null}, {"uploadtime": 1743367678, "id": "gen9vgc2025reggbo3-2331487826", "format": "[Gen 9] VGC 2025 Reg G (Bo3)", "players": ["chazawaza", "johnsontickler7"], "rating": 1052, "private": 0, "password": null}, {"uploadtime": 1743367678, "id": "gen9vgc2025reggbo3-2331487747", "format": "[Gen 9] VGC 2025 Reg G (Bo3)", "players": ["Something147", "wade connects"], "rating": null, "private": 0, "password": null}, {"uploadtime": 1743367678, "id": "gen9vgc2025reggbo3-2331486442", "format": "[Gen 9] VGC 2025 Reg G (Bo3)", "players": ["Talos2B A.G.", "ChrisRappa"], "rating": null, "private": 0, "password": null}, {"uploadtime": 1743367534, "id": "gen9vgc2025reggbo3-2331486824", "format": "[Gen 9] VGC 2025 Reg G (Bo3)", "players": ["Thegr8joni", "sevendeopelcorsa"], "rating": 1229, "private": 0, "password": null}, {"uploadtime": 1743367534, "id": "gen9vgc2025reggbo3-2331485863", "format": "[Gen 9] VGC 2025 Reg G (Bo3)", "players": ["GielBakker", "Cymorgcomics"], "rating": null, "private": 0, "password": null}, {"uploadtime": 1743367487, "id": "gen9vgc2025reggbo3-2331479088", "format": "[Gen 9] VGC 2025 Reg G (Bo3)", "players": ["luckstat10", "dakotaviolence_"], "rating": 1254, "private": 0, "password": null}, {"uploadtime": 1743367440, "id": "gen9vgc2025reggbo3-2331487969", "format": "[Gen 9] VGC 2025 Reg G (Bo3)", "players": ["pixelfx", "Hongc121"], "rating": 1190, "private": 0, "password": null}, {"uploadtime": 1743367393, "id": "gen9vgc2025reggbo3-2331482184", "format": "[Gen 9] VGC 2025 Reg G (Bo3)", "players": ["Lil Wewu", "Big Up Theresa May"], "rating": null, "private": 0, "password": null}, {"uploadtime": 1743367363, "id": "gen9vgc2025reggbo3-2331485516", "format": "[Gen 9] VGC 2025 Reg G (Bo3)", "players": ["pixelfx", "Hongc121"], "rating": null, "private": 0, "password": null}, {"uploadtime": 1743367321, "id": "gen9vgc2025reggbo3-2331478404", "format": "[Gen 9] VGC 2025 Reg G (Bo3)", "players": ["wideguard_user", "Something147"], "rating": null, "private": 0, "password": null}, {"uploadtime": 1743367313, "id": "gen9vgc2025reggbo3-2331481336", "format": "[Gen 9] VGC 2025 Reg G (Bo3)", "players": ["wideguard_user", "Something147"], "rating": null, "private": 0, "password": null}, {"uploadtime": 1743367307, "id": "gen9vgc2025reggbo3-2331484160", "format": "[Gen 9] VGC 2025 Reg G (Bo3)", "players": ["wideguard_user", "Something147"], "rating": 1271, "private": 0, "password": null}, {"uploadtime": 1743367252, "id": "gen9vgc2025reggbo3-2331483531", "format": "[Gen 9] VGC 2025 Reg G (Bo3)", "players": ["ethnol1816", "habeebomarali123"], "rating": 1187, "private": 0, "password": null}, {"uploadtime": 1743367134, "id": "gen9vgc2025reggbo3-2331483942", "format": "[Gen 9] VGC 2025 Reg G (Bo3)", "players": ["marcolaker", "tech-ers"], "rating": null, "private": 0, "password": null}, {"uploadtime": 1743367122, "id": "gen9vgc2025reggbo3-2331483887", "format": "[Gen 9] VGC 2025 Reg G (Bo3)", "players": ["pixelfx", "Thegr8joni"], "rating": 1215, "private": 0, "password": null}, {"uploadtime": 1743367111, "id": "gen9vgc2025reggbo3-2331482395", "format": "[Gen 9] VGC 2025 Reg G (Bo3)", "players": ["wesleihas", "Frozen Miind"], "rating": null, "private": 0, "password": null}, {"uploadtime": 1743367111, "id": "gen9vgc2025reggbo3-2331481394", "format": "[Gen 9] VGC 2025 Reg G (Bo3)", "players": ["ethnol1816", "habeebomarali123"], "rating": null, "private": 0, "password": null}, {"uploadtime": 1743366970, "id": "gen9vgc2025reggbo3-2331478684", "format": "[Gen 9] VGC 2025 Reg G (Bo3)", "players": ["Lil Wewu", "Big Up Theresa May"], "rating": null, "private": 0, "password": null}, {"uploadtime": 1743366961, "id": "gen9vgc2025reggbo3-2331482025", "format": "[Gen 9] VGC 2025 Reg G (Bo3)", "players": ["pixelfx", "Thegr8joni"], "rating": null, "private": 0, "password": null}, {"uploadtime": 1743366829, "id": "gen9vgc2025reggbo3-2331479176", "format": "[Gen 9] VGC 2025 Reg G (Bo3)", "players": ["CrazyCab74", "itsN0VAfr"], "rating": null, "private": 0, "password": null}, {"uploadtime": 1743366829, "id": "gen9vgc2025reggbo3-2331478619", "format": "[Gen 9] VGC 2025 Reg G (Bo3)", "players": ["jit444", "Snorlaxpikachu1"], "rating": null, "private": 0, "password": null}, {"uploadtime": 1743366829, "id": "gen9vgc2025reggbo3-2331478246", "format": "[Gen 9] VGC 2025 Reg G (Bo3)", "players": ["viatles", "platanopower420"], "rating": null, "private": 0, "password": null}, {"uploadtime": 1743366806, "id": "gen9vgc2025reggbo3-2331478620", "format": "[Gen 9] VGC 2025 Reg G (Bo3)", "players": ["Danielesqueda17", "Mikunji19"], "rating": 1135, "private": 0, "password": null}, {"uploadtime": 1743366793, "id": "gen9vgc2025reggbo3-2331477323", "format": "[Gen 9] VGC 2025 Reg G (Bo3)", "players": ["Danielesqueda17", "Mikunji19"], "rating": null, "private": 0, "password": null}, {"uploadtime": 1743366687, "id": "gen9vgc2025reggbo3-2331476507", "format": "[Gen 9] VGC 2025 Reg G (Bo3)", "players": ["sgt254", "spartaeee123"], "rating": null, "private": 0, "password": null}, {"uploadtime": 1743366687, "id": "gen9vgc2025reggbo3-2331476393", "format": "[Gen 9] VGC 2025 Reg G (Bo3)", "players": ["luckstat10", "dakotaviolence_"], "rating": null, "private": 0, "password": null}, {"uploadtime": 1743366683, "id": "gen9vgc2025reggbo3-2331479418", "format": "[Gen 9] VGC 2025 Reg G (Bo3)", "players": ["Shirteasy22", "ElytsujuwVGC"], "rating": null, "private": 0, "password": null}, {"uploadtime": 1743366546, "id": "gen9vgc2025reggbo3-2331475877", "format": "[Gen 9] VGC 2025 Reg G (Bo3)", "players": ["itslikewoah", "Yoddle Yoddle"], "rating": null, "private": 0, "password": null}, {"uploadtime": 1743366546, "id": "gen9vgc2025reggbo3-2331475201", "format": "[Gen 9] VGC 2025 Reg G (Bo3)", "players": ["RadRusty", "stan marsh"], "rating": null, "private": 0, "password": null}, {"uploadtime": 1743366546, "id": "gen9vgc2025reggbo3-2331474874", "format": "[Gen 9] VGC 2025 Reg G (Bo3)", "players": ["daxtef", "Diego Soria"], "rating": null, "private": 0, "password": null}, {"uploadtime": 1743366546, "id": "gen9vgc2025reggbo3-2331474000", "format": "[Gen 9] VGC 2025 Reg G (Bo3)", "players": ["GlycineMaximus1", "FakeAllen"], "rating": null, "private": 0, "password": null}, {"uploadtime": 1743366546, "id": "gen9vgc2025reggbo3-2331472755", "format": "[Gen 9] VGC 2025 Reg G (Bo3)", "players": ["mattyfax", "wade connects"], "rating": null, "private": 0, "password": null}, {"uploadtime": 1743366546, "id": "gen9vgc2025reggbo3-2331471999", "format": "[Gen 9] VGC 2025 Reg G (Bo3)", "players": ["bapdabo", "ElytsujuwVGC"], "rating": null, "private": 0, "password": null}, {"uploadtime": 1743366505, "id": "gen9vgc2025reggbo3-2331474101", "format": "[Gen 9] VGC 2025 Reg G (Bo3)", "players": ["yhjhf6", "Shirteasy22"], "rating": 1116, "private": 0, "password": null}, {"uploadtime": 1743366496, "id": "gen9vgc2025reggbo3-2331470048", "format": "[Gen 9] VGC 2025 Reg G (Bo3)", "players": ["yhjhf6", "Shirteasy22"], "rating": null, "private": 0, "password": null}, {"uploadtime": 1743366431, "id": "gen9vgc2025reggbo3-2331472003", "format": "[Gen 9] VGC 2025 Reg G (Bo3)", "players": ["ethnol1816", "LemmeCallMyGuy"], "rating": 1215, "private": 0, "password": null}, {"uploadtime": 1743366405, "id": "gen9vgc2025reggbo3-2331475209", "format": "[Gen 9] VGC 2025 Reg G (Bo3)", "players": ["doung yolph", "Onemagician4496"], "rating": null, "private": 0, "password": null}, {"uploadtime": 1743366405, "id": "gen9vgc2025reggbo3-2331474009", "format": "[Gen 9] VGC 2025 Reg G (Bo3)", "players": ["itslikewoah", "Yoddle Yoddle"], "rating": null, "private": 0, "password": null}, {"uploadtime": 1743366405, "id": "gen9vgc2025reggbo3-2331473697", "format": "[Gen 9] VGC 2025 Reg G (Bo3)", "players": ["Zalsto", "er capi"], "rating": null, "private": 0, "password": null}]