[{"uploadtime": 1743279174, "id": "gen9vgc2025reggbo3-2330805439", "format": "[Gen 9] VGC 2025 Reg G (Bo3)", "players": ["samyi1234", "Mortimerd"], "rating": null, "private": 0, "password": null}, {"uploadtime": 1743279174, "id": "gen9vgc2025reggbo3-2330805148", "format": "[Gen 9] VGC 2025 Reg G (Bo3)", "players": ["Queenthinng", "GlycineMaximus1"], "rating": null, "private": 0, "password": null}, {"uploadtime": 1743279174, "id": "gen9vgc2025reggbo3-2330804181", "format": "[Gen 9] VGC 2025 Reg G (Bo3)", "players": ["TUIPK", "Loomiboi2"], "rating": 1119, "private": 0, "password": null}, {"uploadtime": 1743279174, "id": "gen9vgc2025reggbo3-2330803713", "format": "[Gen 9] VGC 2025 Reg G (Bo3)", "players": ["cheerio777", "GIULIANO10"], "rating": null, "private": 0, "password": null}, {"uploadtime": 1743279076, "id": "gen9vgc2025reggbo3-2330805375", "format": "[Gen 9] VGC 2025 Reg G (Bo3)", "players": ["Rebeldavis", "hotso botso"], "rating": 1124, "private": 0, "password": null}, {"uploadtime": 1743279064, "id": "gen9vgc2025reggbo3-2330799971", "format": "[Gen 9] VGC 2025 Reg G (Bo3)", "players": ["Rebeldavis", "hotso botso"], "rating": null, "private": 0, "password": null}, {"uploadtime": 1743279036, "id": "gen9vgc2025reggbo3-2330804500", "format": "[Gen 9] VGC 2025 Reg G (Bo3)", "players": ["Divine Aiolos", "Lazaro/shawdown"], "rating": null, "private": 0, "password": null}, {"uploadtime": 1743279035, "id": "gen9vgc2025reggbo3-2330803973", "format": "[Gen 9] VGC 2025 Reg G (Bo3)", "players": ["habeebomarali123", "bowserx19"], "rating": 1139, "private": 0, "password": null}, {"uploadtime": 1743279035, "id": "gen9vgc2025reggbo3-2330803728", "format": "[Gen 9] VGC 2025 Reg G (Bo3)", "players": ["DreamSlap_Smash", "VGCFreeStratos"], "rating": 1088, "private": 0, "password": null}, {"uploadtime": 1743279035, "id": "gen9vgc2025reggbo3-2330802949", "format": "[Gen 9] VGC 2025 Reg G (Bo3)", "players": ["torkemada73", "Munjah 14"], "rating": 1210, "private": 0, "password": null}, {"uploadtime": 1743278976, "id": "gen9vgc2025reggbo3-2330803628", "format": "[Gen 9] VGC 2025 Reg G (Bo3)", "players": ["PrimalGoat", "wenas noches 2"], "rating": 1084, "private": 0, "password": null}, {"uploadtime": 1743278970, "id": "gen9vgc2025reggbo3-2330800445", "format": "[Gen 9] VGC 2025 Reg G (Bo3)", "players": ["PrimalGoat", "wenas noches 2"], "rating": null, "private": 0, "password": null}, {"uploadtime": 1743278961, "id": "gen9vgc2025reggbo3-2330797214", "format": "[Gen 9] VGC 2025 Reg G (Bo3)", "players": ["PrimalGoat", "wenas noches 2"], "rating": null, "private": 0, "password": null}, {"uploadtime": 1743278897, "id": "gen9vgc2025reggbo3-2330803510", "format": "[Gen 9] VGC 2025 Reg G (Bo3)", "players": ["isnt it beautiful?", "moroniclunatic"], "rating": 1129, "private": 0, "password": null}, {"uploadtime": 1743278897, "id": "gen9vgc2025reggbo3-2330803351", "format": "[Gen 9] VGC 2025 Reg G (Bo3)", "players": ["Mortimerd", "wopenheimer alt"], "rating": 1218, "private": 0, "password": null}, {"uploadtime": 1743278897, "id": "gen9vgc2025reggbo3-2330801754", "format": "[Gen 9] VGC 2025 Reg G (Bo3)", "players": ["Chimmy11", "Millicay"], "rating": null, "private": 0, "password": null}, {"uploadtime": 1743278897, "id": "gen9vgc2025reggbo3-2330800690", "format": "[Gen 9] VGC 2025 Reg G (Bo3)", "players": ["TUIPK", "Loomiboi2"], "rating": null, "private": 0, "password": null}, {"uploadtime": 1743278873, "id": "gen9vgc2025reggbo3-2330804808", "format": "[Gen 9] VGC 2025 Reg G (Bo3)", "players": ["Etrale", "archeokyogre64"], "rating": 1310, "private": 0, "password": null}, {"uploadtime": 1743278863, "id": "gen9vgc2025reggbo3-2330803423", "format": "[Gen 9] VGC 2025 Reg G (Bo3)", "players": ["Etrale", "archeokyogre64"], "rating": null, "private": 0, "password": null}, {"uploadtime": 1743278514, "id": "gen9vgc2025reggbo3-2330799408", "format": "[Gen 9] VGC 2025 Reg G (Bo3)", "players": ["thetestingpokemonz", "NerdConsultant"], "rating": 1187, "private": 0, "password": null}, {"uploadtime": 1743278371, "id": "gen9vgc2025reggbo3-2330797952", "format": "[Gen 9] VGC 2025 Reg G (Bo3)", "players": ["bvg2", "luxray2029"], "rating": 1227, "private": 0, "password": null}, {"uploadtime": 1743278326, "id": "gen9vgc2025reggbo3-2330797165", "format": "[Gen 9] VGC 2025 Reg G (Bo3)", "players": ["bvg2", "luxray2029"], "rating": null, "private": 0, "password": null}, {"uploadtime": 1743278303, "id": "gen9vgc2025reggbo3-2330794431", "format": "[Gen 9] VGC 2025 Reg G (Bo3)", "players": ["bvg2", "luxray2029"], "rating": null, "private": 0, "password": null}, {"uploadtime": 1743278246, "id": "gen9vgc2025reggbo3-2330798910", "format": "[Gen 9] VGC 2025 Reg G (Bo3)", "players": ["danicruz.music", "That_Leek"], "rating": 1072, "private": 0, "password": null}, {"uploadtime": 1743278023, "id": "gen9vgc2025reggbo3-2330796801", "format": "[Gen 9] VGC 2025 Reg G (Bo3)", "players": ["moroniclunatic", "viatles"], "rating": 1018, "private": 0, "password": null}, {"uploadtime": 1743277816, "id": "gen9vgc2025reggbo3-2330794745", "format": "[Gen 9] VGC 2025 Reg G (Bo3)", "players": ["katfishfilet", "RebL123"], "rating": 1208, "private": 0, "password": null}, {"uploadtime": 1743277773, "id": "gen9vgc2025reggbo3-2330793213", "format": "[Gen 9] VGC 2025 Reg G (Bo3)", "players": ["MagFusktest", "calvinbbc"], "rating": null, "private": 0, "password": null}, {"uploadtime": 1743277757, "id": "gen9vgc2025reggbo3-2330793714", "format": "[Gen 9] VGC 2025 Reg G (Bo3)", "players": ["mathismathin", "HunterOnShowdown"], "rating": 1082, "private": 0, "password": null}, {"uploadtime": 1743277729, "id": "gen9vgc2025reggbo3-2330794552", "format": "[Gen 9] VGC 2025 Reg G (Bo3)", "players": ["hexagonfoot", "Danielesqueda17"], "rating": 1108, "private": 0, "password": null}, {"uploadtime": 1743277724, "id": "gen9vgc2025reggbo3-2330792738", "format": "[Gen 9] VGC 2025 Reg G (Bo3)", "players": ["hexagonfoot", "Danielesqueda17"], "rating": null, "private": 0, "password": null}, {"uploadtime": 1743277714, "id": "gen9vgc2025reggbo3-2330790810", "format": "[Gen 9] VGC 2025 Reg G (Bo3)", "players": ["hexagonfoot", "Danielesqueda17"], "rating": null, "private": 0, "password": null}, {"uploadtime": 1743277650, "id": "gen9vgc2025reggbo3-2330793209", "format": "[Gen 9] VGC 2025 Reg G (Bo3)", "players": ["LaIsladeLeon", "Etrale"], "rating": 1324, "private": 0, "password": null}, {"uploadtime": 1743277642, "id": "gen9vgc2025reggbo3-2330791015", "format": "[Gen 9] VGC 2025 Reg G (Bo3)", "players": ["LaIsladeLeon", "Etrale"], "rating": null, "private": 0, "password": null}, {"uploadtime": 1743277628, "id": "gen9vgc2025reggbo3-2330793610", "format": "[Gen 9] VGC 2025 Reg G (Bo3)", "players": ["katfishfilet", "RebL123"], "rating": null, "private": 0, "password": null}, {"uploadtime": 1743277570, "id": "gen9vgc2025reggbo3-2330791596", "format": "[Gen 9] VGC 2025 Reg G (Bo3)", "players": ["moroniclunatic", "viatles"], "rating": null, "private": 0, "password": null}, {"uploadtime": 1743277511, "id": "gen9vgc2025reggbo3-2330790511", "format": "[Gen 9] VGC 2025 Reg G (Bo3)", "players": ["mathismathin", "HunterOnShowdown"], "rating": null, "private": 0, "password": null}, {"uploadtime": 1743277507, "id": "gen9vgc2025reggbo3-2330791608", "format": "[Gen 9] VGC 2025 Reg G (Bo3)", "players": ["katfishfilet", "RebL123"], "rating": null, "private": 0, "password": null}, {"uploadtime": 1743277297, "id": "gen9vgc2025reggbo3-2330785903", "format": "[Gen 9] VGC 2025 Reg G (Bo3)", "players": ["hawk threeah", "mashi9792"], "rating": null, "private": 0, "password": null}, {"uploadtime": 1743277158, "id": "gen9vgc2025reggbo3-2330786738", "format": "[Gen 9] VGC 2025 Reg G (Bo3)", "players": ["bignatedogg", "humanbacon"], "rating": null, "private": 0, "password": null}, {"uploadtime": 1743277158, "id": "gen9vgc2025reggbo3-2330786327", "format": "[Gen 9] VGC 2025 Reg G (Bo3)", "players": ["synekkkkk", "Millicay"], "rating": 1087, "private": 0, "password": null}, {"uploadtime": 1743277158, "id": "gen9vgc2025reggbo3-2330786245", "format": "[Gen 9] VGC 2025 Reg G (Bo3)", "players": ["bartei", "Paldeawaiter"], "rating": null, "private": 0, "password": null}, {"uploadtime": 1743277158, "id": "gen9vgc2025reggbo3-2330785087", "format": "[Gen 9] VGC 2025 Reg G (Bo3)", "players": ["y-rocko", "JeffTLS"], "rating": null, "private": 0, "password": null}, {"uploadtime": 1743277145, "id": "gen9vgc2025reggbo3-2330786798", "format": "[Gen 9] VGC 2025 Reg G (Bo3)", "players": ["MagFusktest", "calvinbbc"], "rating": null, "private": 0, "password": null}, {"uploadtime": 1743277038, "id": "gen9vgc2025reggbo3-2330786588", "format": "[Gen 9] VGC 2025 Reg G (Bo3)", "players": ["love korra", "joni1404"], "rating": 1139, "private": 0, "password": null}, {"uploadtime": 1743277019, "id": "gen9vgc2025reggbo3-2330785709", "format": "[Gen 9] VGC 2025 Reg G (Bo3)", "players": ["LaIsladeLeon", "CandleBlue"], "rating": null, "private": 0, "password": null}, {"uploadtime": 1743277019, "id": "gen9vgc2025reggbo3-2330783459", "format": "[Gen 9] VGC 2025 Reg G (Bo3)", "players": ["ccgang", "manpeace1"], "rating": null, "private": 0, "password": null}, {"uploadtime": 1743277017, "id": "gen9vgc2025reggbo3-2330779917", "format": "[Gen 9] VGC 2025 Reg G (Bo3)", "players": ["love korra", "joni1404"], "rating": null, "private": 0, "password": null}, {"uploadtime": 1743276879, "id": "gen9vgc2025reggbo3-2330783595", "format": "[Gen 9] VGC 2025 Reg G (Bo3)", "players": ["pf8888", "dakotaviolence_"], "rating": null, "private": 0, "password": null}, {"uploadtime": 1743276822, "id": "gen9vgc2025reggbo3-2330784603", "format": "[Gen 9] VGC 2025 Reg G (Bo3)", "players": ["Staryu97", "HelhiemFiend"], "rating": 1181, "private": 0, "password": null}, {"uploadtime": 1743276785, "id": "gen9vgc2025reggbo3-2330769206", "format": "[Gen 9] VGC 2025 Reg G (Bo3)", "players": ["Prof.Qrow", "luxray2029"], "rating": null, "private": 0, "password": null}, {"uploadtime": 1743276746, "id": "gen9vgc2025reggbo3-2330771842", "format": "[Gen 9] VGC 2025 Reg G (Bo3)", "players": ["Prof.Qrow", "luxray2029"], "rating": 1082, "private": 0, "password": null}]