[{"uploadtime": 1743427169, "id": "gen9vgc2025reggbo3-2331948322", "format": "[Gen 9] VGC 2025 Reg G (Bo3)", "players": ["DarkZPichuZ", "sirwilliamssb"], "rating": null, "private": 0, "password": null}, {"uploadtime": 1743427169, "id": "gen9vgc2025reggbo3-2331948313", "format": "[Gen 9] VGC 2025 Reg G (Bo3)", "players": ["yuirs gsb", "pychul23"], "rating": null, "private": 0, "password": null}, {"uploadtime": 1743426892, "id": "gen9vgc2025reggbo3-2331946835", "format": "[Gen 9] VGC 2025 Reg G (Bo3)", "players": ["keali", "NuovoSangue"], "rating": null, "private": 0, "password": null}, {"uploadtime": 1743426892, "id": "gen9vgc2025reggbo3-2331944886", "format": "[Gen 9] VGC 2025 Reg G (Bo3)", "players": ["yuirs gsb", "pychul23"], "rating": null, "private": 0, "password": null}, {"uploadtime": 1743426753, "id": "gen9vgc2025reggbo3-2331944850", "format": "[Gen 9] VGC 2025 Reg G (Bo3)", "players": ["khoi th", "funnynewformat"], "rating": null, "private": 0, "password": null}, {"uploadtime": 1743426753, "id": "gen9vgc2025reggbo3-2331944699", "format": "[Gen 9] VGC 2025 Reg G (Bo3)", "players": ["callconnor", "Mlnato"], "rating": 1103, "private": 0, "password": null}, {"uploadtime": 1743426477, "id": "gen9vgc2025reggbo3-2331942442", "format": "[Gen 9] VGC 2025 Reg G (Bo3)", "players": ["Eric96", "i love gumshoos"], "rating": null, "private": 0, "password": null}, {"uploadtime": 1743426477, "id": "gen9vgc2025reggbo3-2331941158", "format": "[Gen 9] VGC 2025 Reg G (Bo3)", "players": ["mysteriousmeatman", "pychul23"], "rating": null, "private": 0, "password": null}, {"uploadtime": 1743426476, "id": "gen9vgc2025reggbo3-2331942710", "format": "[Gen 9] VGC 2025 Reg G (Bo3)", "players": ["Ryugami0", "Kunikamaze"], "rating": null, "private": 0, "password": null}, {"uploadtime": 1743426476, "id": "gen9vgc2025reggbo3-2331939266", "format": "[Gen 9] VGC 2025 Reg G (Bo3)", "players": ["Elektrosteff", "l love you 12345"], "rating": null, "private": 0, "password": null}, {"uploadtime": 1743425935, "id": "gen9vgc2025reggbo3-2331938909", "format": "[Gen 9] VGC 2025 Reg G (Bo3)", "players": ["Kantros", "youof12gaming"], "rating": 1052, "private": 0, "password": null}, {"uploadtime": 1743425923, "id": "gen9vgc2025reggbo3-2331936627", "format": "[Gen 9] VGC 2025 Reg G (Bo3)", "players": ["Inferno prodigy", "copaladder"], "rating": null, "private": 0, "password": null}, {"uploadtime": 1743425923, "id": "gen9vgc2025reggbo3-2331936492", "format": "[Gen 9] VGC 2025 Reg G (Bo3)", "players": ["Bapademon", "Calisscrewed"], "rating": null, "private": 0, "password": null}, {"uploadtime": 1743425923, "id": "gen9vgc2025reggbo3-2331935757", "format": "[Gen 9] VGC 2025 Reg G (Bo3)", "players": ["Itriana22", "i love gumshoos"], "rating": null, "private": 0, "password": null}, {"uploadtime": 1743425923, "id": "gen9vgc2025reggbo3-2331935151", "format": "[Gen 9] VGC 2025 Reg G (Bo3)", "players": ["gianlucone", "wijinaldum"], "rating": 1193, "private": 0, "password": null}, {"uploadtime": 1743425784, "id": "gen9vgc2025reggbo3-2331934829", "format": "[Gen 9] VGC 2025 Reg G (Bo3)", "players": ["Amitysrl", "Eternatususususu"], "rating": null, "private": 0, "password": null}, {"uploadtime": 1743425784, "id": "gen9vgc2025reggbo3-2331934296", "format": "[Gen 9] VGC 2025 Reg G (Bo3)", "players": ["doung yolph", "M.A.6.0"], "rating": null, "private": 0, "password": null}, {"uploadtime": 1743425784, "id": "gen9vgc2025reggbo3-2331934228", "format": "[Gen 9] VGC 2025 Reg G (Bo3)", "players": ["Elektrosteff", "Dussclop?"], "rating": null, "private": 0, "password": null}, {"uploadtime": 1743425646, "id": "gen9vgc2025reggbo3-2331935726", "format": "[Gen 9] VGC 2025 Reg G (Bo3)", "players": ["Divya sutra suites", "Zen1996-VGC"], "rating": null, "private": 0, "password": null}, {"uploadtime": 1743425646, "id": "gen9vgc2025reggbo3-2331934557", "format": "[Gen 9] VGC 2025 Reg G (Bo3)", "players": ["Cheesey027", "broccoliraab"], "rating": null, "private": 0, "password": null}, {"uploadtime": 1743425646, "id": "gen9vgc2025reggbo3-2331934367", "format": "[Gen 9] VGC 2025 Reg G (Bo3)", "players": ["joaocameplo", "bigboyblue3451"], "rating": 1184, "private": 0, "password": null}, {"uploadtime": 1743425646, "id": "gen9vgc2025reggbo3-2331934258", "format": "[Gen 9] VGC 2025 Reg G (Bo3)", "players": ["Divya sutra suites", "Zen1996-VGC"], "rating": null, "private": 0, "password": null}, {"uploadtime": 1743425508, "id": "gen9vgc2025reggbo3-2331932638", "format": "[Gen 9] VGC 2025 Reg G (Bo3)", "players": ["Amitysrl", "Eternatususususu"], "rating": null, "private": 0, "password": null}, {"uploadtime": 1743425507, "id": "gen9vgc2025reggbo3-2331933493", "format": "[Gen 9] VGC 2025 Reg G (Bo3)", "players": ["Mabenetto", "PatoGafas"], "rating": null, "private": 0, "password": null}, {"uploadtime": 1743425425, "id": "gen9vgc2025reggbo3-2331933659", "format": "[Gen 9] VGC 2025 Reg G (Bo3)", "players": ["policho98", "moth.o"], "rating": 1220, "private": 0, "password": null}, {"uploadtime": 1743425369, "id": "gen9vgc2025reggbo3-2331932212", "format": "[Gen 9] VGC 2025 Reg G (Bo3)", "players": ["Jkspaceferret", "thom16"], "rating": 1056, "private": 0, "password": null}, {"uploadtime": 1743425369, "id": "gen9vgc2025reggbo3-2331932205", "format": "[Gen 9] VGC 2025 Reg G (Bo3)", "players": ["Tommyghast", "Yongle'sBongle"], "rating": null, "private": 0, "password": null}, {"uploadtime": 1743425369, "id": "gen9vgc2025reggbo3-2331931943", "format": "[Gen 9] VGC 2025 Reg G (Bo3)", "players": ["Bogging", "Devious PLan"], "rating": null, "private": 0, "password": null}, {"uploadtime": 1743425369, "id": "gen9vgc2025reggbo3-2331931840", "format": "[Gen 9] VGC 2025 Reg G (Bo3)", "players": ["executivetoto", "yuebaofeiji"], "rating": null, "private": 0, "password": null}, {"uploadtime": 1743425369, "id": "gen9vgc2025reggbo3-2331931414", "format": "[Gen 9] VGC 2025 Reg G (Bo3)", "players": ["policho98", "moth.o"], "rating": null, "private": 0, "password": null}, {"uploadtime": 1743425369, "id": "gen9vgc2025reggbo3-2331930610", "format": "[Gen 9] VGC 2025 Reg G (Bo3)", "players": ["Anthony86x", "Asmodeo666"], "rating": null, "private": 0, "password": null}, {"uploadtime": 1743425333, "id": "gen9vgc2025reggbo3-2331929795", "format": "[Gen 9] VGC 2025 Reg G (Bo3)", "players": ["policho98", "moth.o"], "rating": null, "private": 0, "password": null}, {"uploadtime": 1743425230, "id": "gen9vgc2025reggbo3-2331929286", "format": "[Gen 9] VGC 2025 Reg G (Bo3)", "players": ["Chocokoala VGC", "kirito0069"], "rating": null, "private": 0, "password": null}, {"uploadtime": 1743425230, "id": "gen9vgc2025reggbo3-2331929209", "format": "[Gen 9] VGC 2025 Reg G (Bo3)", "players": ["Bogging", "Devious PLan"], "rating": null, "private": 0, "password": null}, {"uploadtime": 1743425230, "id": "gen9vgc2025reggbo3-2331928702", "format": "[Gen 9] VGC 2025 Reg G (Bo3)", "players": ["bigboyblue3451", "M.A.6.0"], "rating": null, "private": 0, "password": null}, {"uploadtime": 1743425092, "id": "gen9vgc2025reggbo3-2331928151", "format": "[Gen 9] VGC 2025 Reg G (Bo3)", "players": ["i love gumshoos", "Vuultur"], "rating": null, "private": 0, "password": null}, {"uploadtime": 1743424954, "id": "gen9vgc2025reggbo3-2331926975", "format": "[Gen 9] VGC 2025 Reg G (Bo3)", "players": ["kanucks25", "cheon yuha"], "rating": null, "private": 0, "password": null}, {"uploadtime": 1743424953, "id": "gen9vgc2025reggbo3-2331927205", "format": "[Gen 9] VGC 2025 Reg G (Bo3)", "players": ["Amitysrl", "killfery"], "rating": null, "private": 0, "password": null}, {"uploadtime": 1743424815, "id": "gen9vgc2025reggbo3-2331926462", "format": "[Gen 9] VGC 2025 Reg G (Bo3)", "players": ["Zen1996-VGC", "Il Mule"], "rating": null, "private": 0, "password": null}, {"uploadtime": 1743424815, "id": "gen9vgc2025reggbo3-2331925576", "format": "[Gen 9] VGC 2025 Reg G (Bo3)", "players": ["arkjsmith", "Forasteroo"], "rating": null, "private": 0, "password": null}, {"uploadtime": 1743424815, "id": "gen9vgc2025reggbo3-2331924988", "format": "[Gen 9] VGC 2025 Reg G (Bo3)", "players": ["Nickey45", "thom16"], "rating": null, "private": 0, "password": null}, {"uploadtime": 1743424676, "id": "gen9vgc2025reggbo3-2331924922", "format": "[Gen 9] VGC 2025 Reg G (Bo3)", "players": ["Sincubii", "Asmodeo666"], "rating": null, "private": 0, "password": null}, {"uploadtime": 1743424676, "id": "gen9vgc2025reggbo3-2331923214", "format": "[Gen 9] VGC 2025 Reg G (Bo3)", "players": ["l love you 12345", "TrainerRed86"], "rating": null, "private": 0, "password": null}, {"uploadtime": 1743424538, "id": "gen9vgc2025reggbo3-2331923879", "format": "[Gen 9] VGC 2025 Reg G (Bo3)", "players": ["funhaver16", "Holixs"], "rating": null, "private": 0, "password": null}, {"uploadtime": 1743424538, "id": "gen9vgc2025reggbo3-2331923735", "format": "[Gen 9] VGC 2025 Reg G (Bo3)", "players": ["arkjsmith", "Forasteroo"], "rating": null, "private": 0, "password": null}, {"uploadtime": 1743424538, "id": "gen9vgc2025reggbo3-2331923625", "format": "[Gen 9] VGC 2025 Reg G (Bo3)", "players": ["Captain Koraidon", "Kuri2309"], "rating": null, "private": 0, "password": null}, {"uploadtime": 1743424399, "id": "gen9vgc2025reggbo3-2331922849", "format": "[Gen 9] VGC 2025 Reg G (Bo3)", "players": ["Sincubii", "Asmodeo666"], "rating": null, "private": 0, "password": null}, {"uploadtime": 1743424399, "id": "gen9vgc2025reggbo3-2331922084", "format": "[Gen 9] VGC 2025 Reg G (Bo3)", "players": ["wittraid", "sunnyeong"], "rating": null, "private": 0, "password": null}, {"uploadtime": 1743424263, "id": "gen9vgc2025reggbo3-2331924395", "format": "[Gen 9] VGC 2025 Reg G (Bo3)", "players": ["Ytterby", "causatorres"], "rating": 1048, "private": 0, "password": null}, {"uploadtime": 1743424261, "id": "gen9vgc2025reggbo3-2331921644", "format": "[Gen 9] VGC 2025 Reg G (Bo3)", "players": ["cheon yuha", "doung yolph"], "rating": null, "private": 0, "password": null}, {"uploadtime": 1743424122, "id": "gen9vgc2025reggbo3-2331921418", "format": "[Gen 9] VGC 2025 Reg G (Bo3)", "players": ["killfery", "AnimeJ10"], "rating": null, "private": 0, "password": null}]