[{"uploadtime": 1743348019, "id": "gen9vgc2025reggbo3-2331291780", "format": "[Gen 9] VGC 2025 Reg G (Bo3)", "players": ["MoodyMukVGC", "crimsonkidd"], "rating": null, "private": 0, "password": null}, {"uploadtime": 1743347922, "id": "gen9vgc2025reggbo3-2331293131", "format": "[Gen 9] VGC 2025 Reg G (Bo3)", "players": ["yagomg", "Leon_147"], "rating": null, "private": 0, "password": null}, {"uploadtime": 1743347675, "id": "gen9vgc2025reggbo3-2331293191", "format": "[Gen 9] VGC 2025 Reg G (Bo3)", "players": ["propedro", "Drake Thunderbolt"], "rating": 1308, "private": 0, "password": null}, {"uploadtime": 1743347658, "id": "gen9vgc2025reggbo3-2331291238", "format": "[Gen 9] VGC 2025 Reg G (Bo3)", "players": ["propedro", "Drake Thunderbolt"], "rating": null, "private": 0, "password": null}, {"uploadtime": 1743347656, "id": "gen9vgc2025reggbo3-2331292194", "format": "[Gen 9] VGC 2025 Reg G (Bo3)", "players": ["csrtime", "ranvgc"], "rating": 1362, "private": 0, "password": null}, {"uploadtime": 1743347653, "id": "gen9vgc2025reggbo3-2331290678", "format": "[Gen 9] VGC 2025 Reg G (Bo3)", "players": ["csrtime", "ranvgc"], "rating": null, "private": 0, "password": null}, {"uploadtime": 1743347429, "id": "gen9vgc2025reggbo3-2331287981", "format": "[Gen 9] VGC 2025 Reg G (Bo3)", "players": ["anton con perish", "evolt25269"], "rating": null, "private": 0, "password": null}, {"uploadtime": 1743347105, "id": "gen9vgc2025reggbo3-2331287609", "format": "[Gen 9] VGC 2025 Reg G (Bo3)", "players": ["Grim Nay", "pixelfx"], "rating": 1209, "private": 0, "password": null}, {"uploadtime": 1743346835, "id": "gen9vgc2025reggbo3-2331286740", "format": "[Gen 9] VGC 2025 Reg G (Bo3)", "players": ["Grim Nay", "pixelfx"], "rating": null, "private": 0, "password": null}, {"uploadtime": 1743346788, "id": "gen9vgc2025reggbo3-2331284892", "format": "[Gen 9] VGC 2025 Reg G (Bo3)", "players": ["RainMan8", "123Ayan"], "rating": 1032, "private": 0, "password": null}, {"uploadtime": 1743346722, "id": "gen9vgc2025reggbo3-2331285723", "format": "[Gen 9] VGC 2025 Reg G (Bo3)", "players": ["Grim Nay", "pixelfx"], "rating": null, "private": 0, "password": null}, {"uploadtime": 1743346092, "id": "gen9vgc2025reggbo3-2331281059", "format": "[Gen 9] VGC 2025 Reg G (Bo3)", "players": ["ray_on_1248_", "i am saksham"], "rating": 1151, "private": 0, "password": null}, {"uploadtime": 1743346081, "id": "gen9vgc2025reggbo3-2331280688", "format": "[Gen 9] VGC 2025 Reg G (Bo3)", "players": ["PAT_3rt", "dijondan"], "rating": null, "private": 0, "password": null}, {"uploadtime": 1743346081, "id": "gen9vgc2025reggbo3-2331280634", "format": "[Gen 9] VGC 2025 Reg G (Bo3)", "players": ["Alextheturtle6", "Sub2Rip_king12"], "rating": null, "private": 0, "password": null}, {"uploadtime": 1743346081, "id": "gen9vgc2025reggbo3-2331279486", "format": "[Gen 9] VGC 2025 Reg G (Bo3)", "players": ["Alextheturtle6", "Sub2Rip_king12"], "rating": null, "private": 0, "password": null}, {"uploadtime": 1743346081, "id": "gen9vgc2025reggbo3-2331278851", "format": "[Gen 9] VGC 2025 Reg G (Bo3)", "players": ["flubberbut", "BundleUpItsCold"], "rating": null, "private": 0, "password": null}, {"uploadtime": 1743346078, "id": "gen9vgc2025reggbo3-2331280354", "format": "[Gen 9] VGC 2025 Reg G (Bo3)", "players": ["fedwaa", "RichardTheCompany"], "rating": 1053, "private": 0, "password": null}, {"uploadtime": 1743346073, "id": "gen9vgc2025reggbo3-2331278662", "format": "[Gen 9] VGC 2025 Reg G (Bo3)", "players": ["ray_on_1248_", "i am saksham"], "rating": null, "private": 0, "password": null}, {"uploadtime": 1743345970, "id": "gen9vgc2025reggbo3-2331280693", "format": "[Gen 9] VGC 2025 Reg G (Bo3)", "players": ["pixelfx", "Storm2184"], "rating": 1127, "private": 0, "password": null}, {"uploadtime": 1743345942, "id": "gen9vgc2025reggbo3-2331276911", "format": "[Gen 9] VGC 2025 Reg G (Bo3)", "players": ["KissMyAsthma416", "somarjo23"], "rating": null, "private": 0, "password": null}, {"uploadtime": 1743345870, "id": "gen9vgc2025reggbo3-2331278776", "format": "[Gen 9] VGC 2025 Reg G (Bo3)", "players": ["Glhf101??", "pkmaster56"], "rating": null, "private": 0, "password": null}, {"uploadtime": 1743345803, "id": "gen9vgc2025reggbo3-2331277081", "format": "[Gen 9] VGC 2025 Reg G (Bo3)", "players": ["JOka1000", "Nemmy23"], "rating": null, "private": 0, "password": null}, {"uploadtime": 1743345803, "id": "gen9vgc2025reggbo3-2331276389", "format": "[Gen 9] VGC 2025 Reg G (Bo3)", "players": ["flubberbut", "BundleUpItsCold"], "rating": null, "private": 0, "password": null}, {"uploadtime": 1743345803, "id": "gen9vgc2025reggbo3-2331275789", "format": "[Gen 9] VGC 2025 Reg G (Bo3)", "players": ["Firelionpr", "Something147"], "rating": null, "private": 0, "password": null}, {"uploadtime": 1743345790, "id": "gen9vgc2025reggbo3-2331279680", "format": "[Gen 9] VGC 2025 Reg G (Bo3)", "players": ["pixelfx", "Storm2184"], "rating": null, "private": 0, "password": null}, {"uploadtime": 1743345664, "id": "gen9vgc2025reggbo3-2331276079", "format": "[Gen 9] VGC 2025 Reg G (Bo3)", "players": ["PAT_3rt", "ban_quaquaval"], "rating": null, "private": 0, "password": null}, {"uploadtime": 1743345664, "id": "gen9vgc2025reggbo3-2331275590", "format": "[Gen 9] VGC 2025 Reg G (Bo3)", "players": ["ray_on_1248_", "i am saksham"], "rating": null, "private": 0, "password": null}, {"uploadtime": 1743345664, "id": "gen9vgc2025reggbo3-2331275541", "format": "[Gen 9] VGC 2025 Reg G (Bo3)", "players": ["Brutalandathebozz", "PlusleVGC"], "rating": null, "private": 0, "password": null}, {"uploadtime": 1743345662, "id": "gen9vgc2025reggbo3-2331278995", "format": "[Gen 9] VGC 2025 Reg G (Bo3)", "players": ["pixelfx", "Storm2184"], "rating": null, "private": 0, "password": null}, {"uploadtime": 1743345524, "id": "gen9vgc2025reggbo3-2331275662", "format": "[Gen 9] VGC 2025 Reg G (Bo3)", "players": ["IkeAmp88", "CortexVGC"], "rating": null, "private": 0, "password": null}, {"uploadtime": 1743345524, "id": "gen9vgc2025reggbo3-2331273924", "format": "[Gen 9] VGC 2025 Reg G (Bo3)", "players": ["TheMerryMadman77", "BluBBluBBer"], "rating": null, "private": 0, "password": null}, {"uploadtime": 1743345384, "id": "gen9vgc2025reggbo3-2331273032", "format": "[Gen 9] VGC 2025 Reg G (Bo3)", "players": ["Brutalandathebozz", "PlusleVGC"], "rating": null, "private": 0, "password": null}, {"uploadtime": 1743345384, "id": "gen9vgc2025reggbo3-2331272096", "format": "[Gen 9] VGC 2025 Reg G (Bo3)", "players": ["Firelionpr", "Something147"], "rating": null, "private": 0, "password": null}, {"uploadtime": 1743345245, "id": "gen9vgc2025reggbo3-2331272790", "format": "[Gen 9] VGC 2025 Reg G (Bo3)", "players": ["Zen1996-VGC", "strawenjoyer"], "rating": null, "private": 0, "password": null}, {"uploadtime": 1743345245, "id": "gen9vgc2025reggbo3-2331272545", "format": "[Gen 9] VGC 2025 Reg G (Bo3)", "players": ["dengonumber1fan", "BundleUpItsCold"], "rating": null, "private": 0, "password": null}, {"uploadtime": 1743345245, "id": "gen9vgc2025reggbo3-2331271841", "format": "[Gen 9] VGC 2025 Reg G (Bo3)", "players": ["Daniw9", "aviles0036"], "rating": null, "private": 0, "password": null}, {"uploadtime": 1743345106, "id": "gen9vgc2025reggbo3-2331272455", "format": "[Gen 9] VGC 2025 Reg G (Bo3)", "players": ["idanisaurio", "SERENA2024"], "rating": null, "private": 0, "password": null}, {"uploadtime": 1743345106, "id": "gen9vgc2025reggbo3-2331272246", "format": "[Gen 9] VGC 2025 Reg G (Bo3)", "players": ["TheMerryMadman77", "BluBBluBBer"], "rating": null, "private": 0, "password": null}, {"uploadtime": 1743345106, "id": "gen9vgc2025reggbo3-2331270551", "format": "[Gen 9] VGC 2025 Reg G (Bo3)", "players": ["KissMyAsthma416", "somarjo23"], "rating": null, "private": 0, "password": null}, {"uploadtime": 1743344966, "id": "gen9vgc2025reggbo3-2331271041", "format": "[Gen 9] VGC 2025 Reg G (Bo3)", "players": ["idanisaurio", "SERENA2024"], "rating": null, "private": 0, "password": null}, {"uploadtime": 1743344966, "id": "gen9vgc2025reggbo3-2331270608", "format": "[Gen 9] VGC 2025 Reg G (Bo3)", "players": ["Zen1996-VGC", "strawenjoyer"], "rating": null, "private": 0, "password": null}, {"uploadtime": 1743344966, "id": "gen9vgc2025reggbo3-2331270488", "format": "[Gen 9] VGC 2025 Reg G (Bo3)", "players": ["dengonumber1fan", "BundleUpItsCold"], "rating": null, "private": 0, "password": null}, {"uploadtime": 1743344827, "id": "gen9vgc2025reggbo3-2331269832", "format": "[Gen 9] VGC 2025 Reg G (Bo3)", "players": ["Wlccano", "nomekop765"], "rating": null, "private": 0, "password": null}, {"uploadtime": 1743344827, "id": "gen9vgc2025reggbo3-2331269447", "format": "[Gen 9] VGC 2025 Reg G (Bo3)", "players": ["calmdragon", "Alvaro360"], "rating": null, "private": 0, "password": null}, {"uploadtime": 1743344627, "id": "gen9vgc2025reggbo3-2331265654", "format": "[Gen 9] VGC 2025 Reg G (Bo3)", "players": ["Volanr", "aviles0036"], "rating": null, "private": 0, "password": null}, {"uploadtime": 1743344600, "id": "gen9vgc2025reggbo3-2331267928", "format": "[Gen 9] VGC 2025 Reg G (Bo3)", "players": ["Volanr", "aviles0036"], "rating": 1402, "private": 0, "password": null}, {"uploadtime": 1743344549, "id": "gen9vgc2025reggbo3-2331267666", "format": "[Gen 9] VGC 2025 Reg G (Bo3)", "players": ["bffdddfddd", "Csife"], "rating": 1059, "private": 0, "password": null}, {"uploadtime": 1743344549, "id": "gen9vgc2025reggbo3-2331265746", "format": "[Gen 9] VGC 2025 Reg G (Bo3)", "players": ["Zen1996-VGC", "onxlaughtvgc"], "rating": null, "private": 0, "password": null}, {"uploadtime": 1743344485, "id": "gen9vgc2025reggbo3-2331267352", "format": "[Gen 9] VGC 2025 Reg G (Bo3)", "players": ["itslikewoah", "pkmaster56"], "rating": 1078, "private": 0, "password": null}, {"uploadtime": 1743344451, "id": "gen9vgc2025reggbo3-2331267370", "format": "[Gen 9] VGC 2025 Reg G (Bo3)", "players": ["Pard Mafia", "Lupang"], "rating": null, "private": 0, "password": null}, {"uploadtime": 1743344348, "id": "gen9vgc2025reggbo3-2331265812", "format": "[Gen 9] VGC 2025 Reg G (Bo3)", "players": ["CallMeCammy", "kingpran"], "rating": null, "private": 0, "password": null}]