[{"uploadtime": 1743464989, "id": "gen9vgc2025reggbo3-2332371013", "format": "[Gen 9] VGC 2025 Reg G (Bo3)", "players": ["Achungatna", "atlpreplup"], "rating": 1200, "private": 0, "password": null}, {"uploadtime": 1743464980, "id": "gen9vgc2025reggbo3-2332369422", "format": "[Gen 9] VGC 2025 Reg G (Bo3)", "players": ["Achungatna", "atlpreplup"], "rating": null, "private": 0, "password": null}, {"uploadtime": 1743464908, "id": "gen9vgc2025reggbo3-2332370915", "format": "[Gen 9] VGC 2025 Reg G (Bo3)", "players": ["haxtreeme", "sibiiiiiii"], "rating": 1377, "private": 0, "password": null}, {"uploadtime": 1743464904, "id": "gen9vgc2025reggbo3-2332370724", "format": "[Gen 9] VGC 2025 Reg G (Bo3)", "players": ["Arnau M_M", "pixelfx"], "rating": null, "private": 0, "password": null}, {"uploadtime": 1743464884, "id": "gen9vgc2025reggbo3-2332368249", "format": "[Gen 9] VGC 2025 Reg G (Bo3)", "players": ["haxtreeme", "sibiiiiiii"], "rating": null, "private": 0, "password": null}, {"uploadtime": 1743464800, "id": "gen9vgc2025reggbo3-2332367789", "format": "[Gen 9] VGC 2025 Reg G (Bo3)", "players": ["ledinoleo", "OCRAND"], "rating": 1237, "private": 0, "password": null}, {"uploadtime": 1743464794, "id": "gen9vgc2025reggbo3-2332370180", "format": "[Gen 9] VGC 2025 Reg G (Bo3)", "players": ["koiseyo otome", "Van regional Champ"], "rating": null, "private": 0, "password": null}, {"uploadtime": 1743464784, "id": "gen9vgc2025reggbo3-2332363410", "format": "[Gen 9] VGC 2025 Reg G (Bo3)", "players": ["ledinoleo", "OCRAND"], "rating": null, "private": 0, "password": null}, {"uploadtime": 1743464692, "id": "gen9vgc2025reggbo3-2332365982", "format": "[Gen 9] VGC 2025 Reg G (Bo3)", "players": ["mike_3221", "RticT"], "rating": null, "private": 0, "password": null}, {"uploadtime": 1743464657, "id": "gen9vgc2025reggbo3-2332365864", "format": "[Gen 9] VGC 2025 Reg G (Bo3)", "players": ["jpishere", "Turtle Bay"], "rating": 1208, "private": 0, "password": null}, {"uploadtime": 1743464591, "id": "gen9vgc2025reggbo3-2332367249", "format": "[Gen 9] VGC 2025 Reg G (Bo3)", "players": ["katfishfilet", "lebrionnejames"], "rating": null, "private": 0, "password": null}, {"uploadtime": 1743464526, "id": "gen9vgc2025reggbo3-2332365607", "format": "[Gen 9] VGC 2025 Reg G (Bo3)", "players": ["cetvgc", "Dude375"], "rating": 1101, "private": 0, "password": null}, {"uploadtime": 1743464526, "id": "gen9vgc2025reggbo3-2332365375", "format": "[Gen 9] VGC 2025 Reg G (Bo3)", "players": ["Sauce6360", "Goldenyoussef"], "rating": null, "private": 0, "password": null}, {"uploadtime": 1743464526, "id": "gen9vgc2025reggbo3-2332364299", "format": "[Gen 9] VGC 2025 Reg G (Bo3)", "players": ["fastsun", "fanman64"], "rating": null, "private": 0, "password": null}, {"uploadtime": 1743464498, "id": "gen9vgc2025reggbo3-2332364434", "format": "[Gen 9] VGC 2025 Reg G (Bo3)", "players": ["skipply", "MiniBerg10"], "rating": 1239, "private": 0, "password": null}, {"uploadtime": 1743464439, "id": "gen9vgc2025reggbo3-2332361816", "format": "[Gen 9] VGC 2025 Reg G (Bo3)", "players": ["skipply", "MiniBerg10"], "rating": null, "private": 0, "password": null}, {"uploadtime": 1743464421, "id": "gen9vgc2025reggbo3-2332363532", "format": "[Gen 9] VGC 2025 Reg G (Bo3)", "players": ["jpishere", "Turtle Bay"], "rating": null, "private": 0, "password": null}, {"uploadtime": 1743464388, "id": "gen9vgc2025reggbo3-2332364940", "format": "[Gen 9] VGC 2025 Reg G (Bo3)", "players": ["Jisuzzzz", "MaFiaBoyz"], "rating": null, "private": 0, "password": null}, {"uploadtime": 1743464388, "id": "gen9vgc2025reggbo3-2332363728", "format": "[Gen 9] VGC 2025 Reg G (Bo3)", "players": ["Silverdance93", "CarraCarra"], "rating": null, "private": 0, "password": null}, {"uploadtime": 1743464388, "id": "gen9vgc2025reggbo3-2332358004", "format": "[Gen 9] VGC 2025 Reg G (Bo3)", "players": ["whyisntjon", "confidential2U"], "rating": null, "private": 0, "password": null}, {"uploadtime": 1743464387, "id": "gen9vgc2025reggbo3-2332364412", "format": "[Gen 9] VGC 2025 Reg G (Bo3)", "players": ["Erick.G.A.", "Phoenix Burner"], "rating": null, "private": 0, "password": null}, {"uploadtime": 1743464387, "id": "gen9vgc2025reggbo3-2332363944", "format": "[Gen 9] VGC 2025 Reg G (Bo3)", "players": ["FlashoGoing", "DivinaeTenebrae"], "rating": null, "private": 0, "password": null}, {"uploadtime": 1743464355, "id": "gen9vgc2025reggbo3-2332364902", "format": "[Gen 9] VGC 2025 Reg G (Bo3)", "players": ["dricano", "purple clownfish"], "rating": 1217, "private": 0, "password": null}, {"uploadtime": 1743464346, "id": "gen9vgc2025reggbo3-2332362612", "format": "[Gen 9] VGC 2025 Reg G (Bo3)", "players": ["dricano", "purple clownfish"], "rating": null, "private": 0, "password": null}, {"uploadtime": 1743464294, "id": "gen9vgc2025reggbo3-2332364428", "format": "[Gen 9] VGC 2025 Reg G (Bo3)", "players": ["alpha pineaple", "leltrell"], "rating": null, "private": 0, "password": null}, {"uploadtime": 1743464287, "id": "gen9vgc2025reggbo3-2332365871", "format": "[Gen 9] VGC 2025 Reg G (Bo3)", "players": ["alpha pineaple", "leltrell"], "rating": 1414, "private": 0, "password": null}, {"uploadtime": 1743464249, "id": "gen9vgc2025reggbo3-2332363769", "format": "[Gen 9] VGC 2025 Reg G (Bo3)", "players": ["ethnol1816", "angeria"], "rating": null, "private": 0, "password": null}, {"uploadtime": 1743464249, "id": "gen9vgc2025reggbo3-2332363001", "format": "[Gen 9] VGC 2025 Reg G (Bo3)", "players": ["Sauce6360", "Goldenyoussef"], "rating": null, "private": 0, "password": null}, {"uploadtime": 1743464249, "id": "gen9vgc2025reggbo3-2332361990", "format": "[Gen 9] VGC 2025 Reg G (Bo3)", "players": ["fastsun", "fanman64"], "rating": null, "private": 0, "password": null}, {"uploadtime": 1743464111, "id": "gen9vgc2025reggbo3-2332361161", "format": "[Gen 9] VGC 2025 Reg G (Bo3)", "players": ["yosequevosyame", "blaisenova1"], "rating": null, "private": 0, "password": null}, {"uploadtime": 1743463972, "id": "gen9vgc2025reggbo3-2332360828", "format": "[Gen 9] VGC 2025 Reg G (Bo3)", "players": ["Bug Catcher Sunny", "Qunne"], "rating": null, "private": 0, "password": null}, {"uploadtime": 1743463972, "id": "gen9vgc2025reggbo3-2332360630", "format": "[Gen 9] VGC 2025 Reg G (Bo3)", "players": ["ggaattyy", "CarraCarra"], "rating": null, "private": 0, "password": null}, {"uploadtime": 1743463834, "id": "gen9vgc2025reggbo3-2332359448", "format": "[Gen 9] VGC 2025 Reg G (Bo3)", "players": ["TacCat", "koiseyo otome"], "rating": null, "private": 0, "password": null}, {"uploadtime": 1743463834, "id": "gen9vgc2025reggbo3-2332359010", "format": "[Gen 9] VGC 2025 Reg G (Bo3)", "players": ["ggaattyy", "CarraCarra"], "rating": null, "private": 0, "password": null}, {"uploadtime": 1743463834, "id": "gen9vgc2025reggbo3-2332358342", "format": "[Gen 9] VGC 2025 Reg G (Bo3)", "players": ["SpacemanDrew2", "Mme. Gertrude"], "rating": null, "private": 0, "password": null}, {"uploadtime": 1743463811, "id": "gen9vgc2025reggbo3-2332361060", "format": "[Gen 9] VGC 2025 Reg G (Bo3)", "players": ["TacCat", "koiseyo otome"], "rating": 1444, "private": 0, "password": null}, {"uploadtime": 1743463556, "id": "gen9vgc2025reggbo3-2332357198", "format": "[Gen 9] VGC 2025 Reg G (Bo3)", "players": ["Scytherium", "Achungatna"], "rating": null, "private": 0, "password": null}, {"uploadtime": 1743463556, "id": "gen9vgc2025reggbo3-2332353155", "format": "[Gen 9] VGC 2025 Reg G (Bo3)", "players": ["Killunova", "10TA"], "rating": null, "private": 0, "password": null}, {"uploadtime": 1743463460, "id": "gen9vgc2025reggbo3-2332358428", "format": "[Gen 9] VGC 2025 Reg G (Bo3)", "players": ["TacCat", "koiseyo otome"], "rating": null, "private": 0, "password": null}, {"uploadtime": 1743463418, "id": "gen9vgc2025reggbo3-2332356493", "format": "[Gen 9] VGC 2025 Reg G (Bo3)", "players": ["Dougtrio is bad", "oranges8306624"], "rating": 1101, "private": 0, "password": null}, {"uploadtime": 1743463418, "id": "gen9vgc2025reggbo3-2332353111", "format": "[Gen 9] VGC 2025 Reg G (Bo3)", "players": ["AshokaF", "watchinghololive"], "rating": 1012, "private": 0, "password": null}, {"uploadtime": 1743463141, "id": "gen9vgc2025reggbo3-2332353467", "format": "[Gen 9] VGC 2025 Reg G (Bo3)", "players": ["dangicas93", "FlashoGoing"], "rating": null, "private": 0, "password": null}, {"uploadtime": 1743463108, "id": "gen9vgc2025reggbo3-2332354326", "format": "[Gen 9] VGC 2025 Reg G (Bo3)", "players": ["pixelfx", "ShDw Ace"], "rating": 1258, "private": 0, "password": null}, {"uploadtime": 1743463003, "id": "gen9vgc2025reggbo3-2332351478", "format": "[Gen 9] VGC 2025 Reg G (Bo3)", "players": ["Gworf", "SilverVT"], "rating": null, "private": 0, "password": null}, {"uploadtime": 1743463003, "id": "gen9vgc2025reggbo3-2332351396", "format": "[Gen 9] VGC 2025 Reg G (Bo3)", "players": ["dangicas93", "FlashoGoing"], "rating": null, "private": 0, "password": null}, {"uploadtime": 1743463003, "id": "gen9vgc2025reggbo3-2332351253", "format": "[Gen 9] VGC 2025 Reg G (Bo3)", "players": ["Shishio_Ax", "TacCat"], "rating": 1440, "private": 0, "password": null}, {"uploadtime": 1743462899, "id": "gen9vgc2025reggbo3-2332352037", "format": "[Gen 9] VGC 2025 Reg G (Bo3)", "players": ["pixelfx", "ShDw Ace"], "rating": null, "private": 0, "password": null}, {"uploadtime": 1743462865, "id": "gen9vgc2025reggbo3-2332348443", "format": "[Gen 9] VGC 2025 Reg G (Bo3)", "players": ["Windoobie", "Dellime"], "rating": null, "private": 0, "password": null}, {"uploadtime": 1743462726, "id": "gen9vgc2025reggbo3-2332349474", "format": "[Gen 9] VGC 2025 Reg G (Bo3)", "players": ["Shishio_Ax", "TacCat"], "rating": null, "private": 0, "password": null}, {"uploadtime": 1743462726, "id": "gen9vgc2025reggbo3-2332349297", "format": "[Gen 9] VGC 2025 Reg G (Bo3)", "players": ["TrunksSsj06", "Flinflox"], "rating": null, "private": 0, "password": null}, {"uploadtime": 1743462726, "id": "gen9vgc2025reggbo3-2332346356", "format": "[Gen 9] VGC 2025 Reg G (Bo3)", "players": ["Meechole", "Qunne"], "rating": null, "private": 0, "password": null}]