[{"uploadtime": 1743298409, "id": "gen9vgc2025reggbo3-2330976744", "format": "[Gen 9] VGC 2025 Reg G (Bo3)", "players": ["ab80", "p053r"], "rating": null, "private": 0, "password": null}, {"uploadtime": 1743298408, "id": "gen9vgc2025reggbo3-2330977616", "format": "[Gen 9] VGC 2025 Reg G (Bo3)", "players": ["funhaver16", "wolffetrooper"], "rating": null, "private": 0, "password": null}, {"uploadtime": 1743298325, "id": "gen9vgc2025reggbo3-2330978085", "format": "[Gen 9] VGC 2025 Reg G (Bo3)", "players": ["is_katabo", "11DiamondsaurVGC"], "rating": null, "private": 0, "password": null}, {"uploadtime": 1743298270, "id": "gen9vgc2025reggbo3-2330976527", "format": "[Gen 9] VGC 2025 Reg G (Bo3)", "players": ["Dussclop?", "rancid1290"], "rating": 1062, "private": 0, "password": null}, {"uploadtime": 1743298270, "id": "gen9vgc2025reggbo3-2330975651", "format": "[Gen 9] VGC 2025 Reg G (Bo3)", "players": ["funhaver16", "wolffetrooper"], "rating": null, "private": 0, "password": null}, {"uploadtime": 1743298268, "id": "gen9vgc2025reggbo3-2330976971", "format": "[Gen 9] VGC 2025 Reg G (Bo3)", "players": ["pokemasterz461", "heartsrepeating"], "rating": null, "private": 0, "password": null}, {"uploadtime": 1743298235, "id": "gen9vgc2025reggbo3-2330976722", "format": "[Gen 9] VGC 2025 Reg G (Bo3)", "players": ["Batmanshhh1", "foodinivgc"], "rating": 1313, "private": 0, "password": null}, {"uploadtime": 1743298228, "id": "gen9vgc2025reggbo3-2330975375", "format": "[Gen 9] VGC 2025 Reg G (Bo3)", "players": ["Batmanshhh1", "foodinivgc"], "rating": null, "private": 0, "password": null}, {"uploadtime": 1743298220, "id": "gen9vgc2025reggbo3-2330972871", "format": "[Gen 9] VGC 2025 Reg G (Bo3)", "players": ["Batmanshhh1", "foodinivgc"], "rating": null, "private": 0, "password": null}, {"uploadtime": 1743298132, "id": "gen9vgc2025reggbo3-2330974591", "format": "[Gen 9] VGC 2025 Reg G (Bo3)", "players": ["Gworf", "JamianLillard"], "rating": null, "private": 0, "password": null}, {"uploadtime": 1743298131, "id": "gen9vgc2025reggbo3-2330974485", "format": "[Gen 9] VGC 2025 Reg G (Bo3)", "players": ["CoreFear", "zireaellll"], "rating": null, "private": 0, "password": null}, {"uploadtime": 1743298095, "id": "gen9vgc2025reggbo3-2330975876", "format": "[Gen 9] VGC 2025 Reg G (Bo3)", "players": ["is_katabo", "11DiamondsaurVGC"], "rating": null, "private": 0, "password": null}, {"uploadtime": 1743297992, "id": "gen9vgc2025reggbo3-2330974700", "format": "[Gen 9] VGC 2025 Reg G (Bo3)", "players": ["ToastedArt", "Dussclop?"], "rating": 1051, "private": 0, "password": null}, {"uploadtime": 1743297844, "id": "gen9vgc2025reggbo3-2330974503", "format": "[Gen 9] VGC 2025 Reg G (Bo3)", "players": ["PR1NC3735", "pokemasterz461"], "rating": 1152, "private": 0, "password": null}, {"uploadtime": 1743297747, "id": "gen9vgc2025reggbo3-2330971335", "format": "[Gen 9] VGC 2025 Reg G (Bo3)", "players": ["is_katabo", "ScaryQwQ"], "rating": null, "private": 0, "password": null}, {"uploadtime": 1743297715, "id": "gen9vgc2025reggbo3-2330970966", "format": "[Gen 9] VGC 2025 Reg G (Bo3)", "players": ["Gengarlover982", "wolffetrooper"], "rating": null, "private": 0, "password": null}, {"uploadtime": 1743297640, "id": "gen9vgc2025reggbo3-2330972172", "format": "[Gen 9] VGC 2025 Reg G (Bo3)", "players": ["PR1NC3735", "pokemasterz461"], "rating": null, "private": 0, "password": null}, {"uploadtime": 1743297577, "id": "gen9vgc2025reggbo3-2330971354", "format": "[Gen 9] VGC 2025 Reg G (Bo3)", "players": ["Wlccano", "bapdabo"], "rating": null, "private": 0, "password": null}, {"uploadtime": 1743297576, "id": "gen9vgc2025reggbo3-2330970534", "format": "[Gen 9] VGC 2025 Reg G (Bo3)", "players": ["mk1989", "ues_wes"], "rating": null, "private": 0, "password": null}, {"uploadtime": 1743297576, "id": "gen9vgc2025reggbo3-2330969757", "format": "[Gen 9] VGC 2025 Reg G (Bo3)", "players": ["Airbloom", "devious malarkey"], "rating": null, "private": 0, "password": null}, {"uploadtime": 1743297522, "id": "gen9vgc2025reggbo3-2330968830", "format": "[Gen 9] VGC 2025 Reg G (Bo3)", "players": ["PhilHellmuth.PH", "wizzzpower"], "rating": 1325, "private": 0, "password": null}, {"uploadtime": 1743297516, "id": "gen9vgc2025reggbo3-2330967755", "format": "[Gen 9] VGC 2025 Reg G (Bo3)", "players": ["PhilHellmuth.PH", "wizzzpower"], "rating": null, "private": 0, "password": null}, {"uploadtime": 1743297511, "id": "gen9vgc2025reggbo3-2330966568", "format": "[Gen 9] VGC 2025 Reg G (Bo3)", "players": ["PhilHellmuth.PH", "wizzzpower"], "rating": null, "private": 0, "password": null}, {"uploadtime": 1743297438, "id": "gen9vgc2025reggbo3-2330968708", "format": "[Gen 9] VGC 2025 Reg G (Bo3)", "players": ["Makubiku", "Basura2U"], "rating": 1304, "private": 0, "password": null}, {"uploadtime": 1743297437, "id": "gen9vgc2025reggbo3-2330969586", "format": "[Gen 9] VGC 2025 Reg G (Bo3)", "players": ["Wlccano", "bapdabo"], "rating": null, "private": 0, "password": null}, {"uploadtime": 1743297437, "id": "gen9vgc2025reggbo3-2330968493", "format": "[Gen 9] VGC 2025 Reg G (Bo3)", "players": ["Storm2184", "Mx. evil"], "rating": null, "private": 0, "password": null}, {"uploadtime": 1743297380, "id": "gen9vgc2025reggbo3-2330966724", "format": "[Gen 9] VGC 2025 Reg G (Bo3)", "players": ["Storm2184", "Mx. evil"], "rating": null, "private": 0, "password": null}, {"uploadtime": 1743297374, "id": "gen9vgc2025reggbo3-2330970255", "format": "[Gen 9] VGC 2025 Reg G (Bo3)", "players": ["Storm2184", "Mx. evil"], "rating": 1090, "private": 0, "password": null}, {"uploadtime": 1743297299, "id": "gen9vgc2025reggbo3-2330968588", "format": "[Gen 9] VGC 2025 Reg G (Bo3)", "players": ["ues_wes", "Gre123"], "rating": 1085, "private": 0, "password": null}, {"uploadtime": 1743297299, "id": "gen9vgc2025reggbo3-2330966877", "format": "[Gen 9] VGC 2025 Reg G (Bo3)", "players": ["Pokenube66", "lebobguy"], "rating": null, "private": 0, "password": null}, {"uploadtime": 1743297275, "id": "gen9vgc2025reggbo3-2330969353", "format": "[Gen 9] VGC 2025 Reg G (Bo3)", "players": ["is_katabo", "ScaryQwQ"], "rating": null, "private": 0, "password": null}, {"uploadtime": 1743297033, "id": "gen9vgc2025reggbo3-2330965508", "format": "[Gen 9] VGC 2025 Reg G (Bo3)", "players": ["is_katabo", "ScaryQwQ"], "rating": null, "private": 0, "password": null}, {"uploadtime": 1743297021, "id": "gen9vgc2025reggbo3-2330964401", "format": "[Gen 9] VGC 2025 Reg G (Bo3)", "players": ["LaIsladeLeon", "ShadyScytherVGC"], "rating": null, "private": 0, "password": null}, {"uploadtime": 1743296996, "id": "gen9vgc2025reggbo3-2330957224", "format": "[Gen 9] VGC 2025 Reg G (Bo3)", "players": ["Silverized", "boonanar"], "rating": null, "private": 0, "password": null}, {"uploadtime": 1743296883, "id": "gen9vgc2025reggbo3-2330964543", "format": "[Gen 9] VGC 2025 Reg G (Bo3)", "players": ["Pokenube66", "lebobguy"], "rating": null, "private": 0, "password": null}, {"uploadtime": 1743296745, "id": "gen9vgc2025reggbo3-2330962537", "format": "[Gen 9] VGC 2025 Reg G (Bo3)", "players": ["Pokenube66", "Gengarlover982"], "rating": 1113, "private": 0, "password": null}, {"uploadtime": 1743296744, "id": "gen9vgc2025reggbo3-2330963820", "format": "[Gen 9] VGC 2025 Reg G (Bo3)", "players": ["vicburgos", "WessellRustbrook"], "rating": null, "private": 0, "password": null}, {"uploadtime": 1743296744, "id": "gen9vgc2025reggbo3-2330962768", "format": "[Gen 9] VGC 2025 Reg G (Bo3)", "players": ["Frandy1234", "HoneyBunnyu"], "rating": null, "private": 0, "password": null}, {"uploadtime": 1743296725, "id": "gen9vgc2025reggbo3-2330962389", "format": "[Gen 9] VGC 2025 Reg G (Bo3)", "players": ["DipstickPinez", "colbyy"], "rating": null, "private": 0, "password": null}, {"uploadtime": 1743296709, "id": "gen9vgc2025reggbo3-2330959088", "format": "[Gen 9] VGC 2025 Reg G (Bo3)", "players": ["DipstickPinez", "colbyy"], "rating": null, "private": 0, "password": null}, {"uploadtime": 1743296673, "id": "gen9vgc2025reggbo3-2330955375", "format": "[Gen 9] VGC 2025 Reg G (Bo3)", "players": ["DipstickPinez", "colbyy"], "rating": null, "private": 0, "password": null}, {"uploadtime": 1743296477, "id": "gen9vgc2025reggbo3-2330960988", "format": "[Gen 9] VGC 2025 Reg G (Bo3)", "players": ["LaIsladeLeon", "onxlaughtvgc"], "rating": 1362, "private": 0, "password": null}, {"uploadtime": 1743296327, "id": "gen9vgc2025reggbo3-2330959212", "format": "[Gen 9] VGC 2025 Reg G (Bo3)", "players": ["AleZun93", "PracticeAcct12345"], "rating": null, "private": 0, "password": null}, {"uploadtime": 1743296189, "id": "gen9vgc2025reggbo3-2330959128", "format": "[Gen 9] VGC 2025 Reg G (Bo3)", "players": ["LaIsladeLeon", "onxlaughtvgc"], "rating": null, "private": 0, "password": null}, {"uploadtime": 1743296076, "id": "gen9vgc2025reggbo3-2330958097", "format": "[Gen 9] VGC 2025 Reg G (Bo3)", "players": ["Eternatususususu", "csrtime"], "rating": null, "private": 0, "password": null}, {"uploadtime": 1743296073, "id": "gen9vgc2025reggbo3-2330956076", "format": "[Gen 9] VGC 2025 Reg G (Bo3)", "players": ["Eternatususususu", "csrtime"], "rating": null, "private": 0, "password": null}, {"uploadtime": 1743296070, "id": "gen9vgc2025reggbo3-2330959704", "format": "[Gen 9] VGC 2025 Reg G (Bo3)", "players": ["Eternatususususu", "csrtime"], "rating": 1247, "private": 0, "password": null}, {"uploadtime": 1743296049, "id": "gen9vgc2025reggbo3-2330958724", "format": "[Gen 9] VGC 2025 Reg G (Bo3)", "players": ["Gengarlover982", "Lilacq"], "rating": null, "private": 0, "password": null}, {"uploadtime": 1743296049, "id": "gen9vgc2025reggbo3-2330956807", "format": "[Gen 9] VGC 2025 Reg G (Bo3)", "players": ["Nathanthecabo", "Geroufa"], "rating": null, "private": 0, "password": null}, {"uploadtime": 1743296049, "id": "gen9vgc2025reggbo3-2330955364", "format": "[Gen 9] VGC 2025 Reg G (Bo3)", "players": ["AleZun93", "PracticeAcct12345"], "rating": null, "private": 0, "password": null}, {"uploadtime": 1743296012, "id": "gen9vgc2025reggbo3-2330953703", "format": "[Gen 9] VGC 2025 Reg G (Bo3)", "players": ["PictoChatVGC", "Irvys other kid"], "rating": null, "private": 0, "password": null}]