[{"uploadtime": 1743446865, "id": "gen9vgc2025reggbo3-2332178427", "format": "[Gen 9] VGC 2025 Reg G (Bo3)", "players": ["jaggie34", "petiteperson"], "rating": 1177, "private": 0, "password": null}, {"uploadtime": 1743446768, "id": "gen9vgc2025reggbo3-2332174659", "format": "[Gen 9] VGC 2025 Reg G (Bo3)", "players": ["the1stSquidBlue", "epic17x"], "rating": 1219, "private": 0, "password": null}, {"uploadtime": 1743446757, "id": "gen9vgc2025reggbo3-2332168617", "format": "[Gen 9] VGC 2025 Reg G (Bo3)", "players": ["the1stSquidBlue", "epic17x"], "rating": null, "private": 0, "password": null}, {"uploadtime": 1743446742, "id": "gen9vgc2025reggbo3-2332164553", "format": "[Gen 9] VGC 2025 Reg G (Bo3)", "players": ["the1stSquidBlue", "epic17x"], "rating": null, "private": 0, "password": null}, {"uploadtime": 1743446706, "id": "gen9vgc2025reggbo3-2332175108", "format": "[Gen 9] VGC 2025 Reg G (Bo3)", "players": ["gerogeus", "Ashniss"], "rating": null, "private": 0, "password": null}, {"uploadtime": 1743446706, "id": "gen9vgc2025reggbo3-2332175027", "format": "[Gen 9] VGC 2025 Reg G (Bo3)", "players": ["DatGuyJimmeh", "M0teM0te13"], "rating": null, "private": 0, "password": null}, {"uploadtime": 1743446621, "id": "gen9vgc2025reggbo3-2332175339", "format": "[Gen 9] VGC 2025 Reg G (Bo3)", "players": ["l0ss and g4in", "Moschuss"], "rating": null, "private": 0, "password": null}, {"uploadtime": 1743446578, "id": "gen9vgc2025reggbo3-2332175845", "format": "[Gen 9] VGC 2025 Reg G (Bo3)", "players": ["Rangerbatonage", "Junseville"], "rating": 1270, "private": 0, "password": null}, {"uploadtime": 1743446576, "id": "gen9vgc2025reggbo3-2332174694", "format": "[Gen 9] VGC 2025 Reg G (Bo3)", "players": ["jaggie34", "petiteperson"], "rating": null, "private": 0, "password": null}, {"uploadtime": 1743446572, "id": "gen9vgc2025reggbo3-2332175569", "format": "[Gen 9] VGC 2025 Reg G (Bo3)", "players": ["The Pagos grind", "poke2eanz"], "rating": 1231, "private": 0, "password": null}, {"uploadtime": 1743446567, "id": "gen9vgc2025reggbo3-2332170653", "format": "[Gen 9] VGC 2025 Reg G (Bo3)", "players": ["Dhl2020", "Homero tg"], "rating": 1230, "private": 0, "password": null}, {"uploadtime": 1743446567, "id": "gen9vgc2025reggbo3-2332169153", "format": "[Gen 9] VGC 2025 Reg G (Bo3)", "players": ["Harmcharm", "Nocturne Nugget"], "rating": null, "private": 0, "password": null}, {"uploadtime": 1743446564, "id": "gen9vgc2025reggbo3-2332173283", "format": "[Gen 9] VGC 2025 Reg G (Bo3)", "players": ["The Pagos grind", "poke2eanz"], "rating": null, "private": 0, "password": null}, {"uploadtime": 1743446429, "id": "gen9vgc2025reggbo3-2332171681", "format": "[Gen 9] VGC 2025 Reg G (Bo3)", "players": ["mixontokox", "xPatmon"], "rating": null, "private": 0, "password": null}, {"uploadtime": 1743446429, "id": "gen9vgc2025reggbo3-2332170864", "format": "[Gen 9] VGC 2025 Reg G (Bo3)", "players": ["Lord_of_Ewoks", "DOCTORCHUNK"], "rating": null, "private": 0, "password": null}, {"uploadtime": 1743446385, "id": "gen9vgc2025reggbo3-2332172815", "format": "[Gen 9] VGC 2025 Reg G (Bo3)", "players": ["Brazocrew", "king keirebu"], "rating": 1230, "private": 0, "password": null}, {"uploadtime": 1743446367, "id": "gen9vgc2025reggbo3-2332170605", "format": "[Gen 9] VGC 2025 Reg G (Bo3)", "players": ["Brazocrew", "king keirebu"], "rating": null, "private": 0, "password": null}, {"uploadtime": 1743446317, "id": "gen9vgc2025reggbo3-2332170123", "format": "[Gen 9] VGC 2025 Reg G (Bo3)", "players": ["l0ss and g4in", "Moschuss"], "rating": null, "private": 0, "password": null}, {"uploadtime": 1743446290, "id": "gen9vgc2025reggbo3-2332171067", "format": "[Gen 9] VGC 2025 Reg G (Bo3)", "players": ["Sazandoramx", "bigj009"], "rating": null, "private": 0, "password": null}, {"uploadtime": 1743446290, "id": "gen9vgc2025reggbo3-2332170251", "format": "[Gen 9] VGC 2025 Reg G (Bo3)", "players": ["cringepilled", "boelie26"], "rating": null, "private": 0, "password": null}, {"uploadtime": 1743446154, "id": "gen9vgc2025reggbo3-2332169235", "format": "[Gen 9] VGC 2025 Reg G (Bo3)", "players": ["Dan y Vanias", "Volanr"], "rating": null, "private": 0, "password": null}, {"uploadtime": 1743446152, "id": "gen9vgc2025reggbo3-2332166737", "format": "[Gen 9] VGC 2025 Reg G (Bo3)", "players": ["1. versuch", "Schimmli"], "rating": null, "private": 0, "password": null}, {"uploadtime": 1743446152, "id": "gen9vgc2025reggbo3-2332166591", "format": "[Gen 9] VGC 2025 Reg G (Bo3)", "players": ["Lord_of_Ewoks", "DOCTORCHUNK"], "rating": null, "private": 0, "password": null}, {"uploadtime": 1743446152, "id": "gen9vgc2025reggbo3-2332166093", "format": "[Gen 9] VGC 2025 Reg G (Bo3)", "players": ["Sazandoramx", "bigj009"], "rating": null, "private": 0, "password": null}, {"uploadtime": 1743445880, "id": "gen9vgc2025reggbo3-2332166606", "format": "[Gen 9] VGC 2025 Reg G (Bo3)", "players": ["Brazocrew", "yellowcookies"], "rating": 1314, "private": 0, "password": null}, {"uploadtime": 1743445875, "id": "gen9vgc2025reggbo3-2332163720", "format": "[Gen 9] VGC 2025 Reg G (Bo3)", "players": ["beringvgc", "Kroacky"], "rating": null, "private": 0, "password": null}, {"uploadtime": 1743445875, "id": "gen9vgc2025reggbo3-2332161794", "format": "[Gen 9] VGC 2025 Reg G (Bo3)", "players": ["Cjpremo", "yosequevosyame"], "rating": 1103, "private": 0, "password": null}, {"uploadtime": 1743445859, "id": "gen9vgc2025reggbo3-2332163942", "format": "[Gen 9] VGC 2025 Reg G (Bo3)", "players": ["Brazocrew", "yellowcookies"], "rating": null, "private": 0, "password": null}, {"uploadtime": 1743445843, "id": "gen9vgc2025reggbo3-2332159241", "format": "[Gen 9] VGC 2025 Reg G (Bo3)", "players": ["Brazocrew", "yellowcookies"], "rating": null, "private": 0, "password": null}, {"uploadtime": 1743445736, "id": "gen9vgc2025reggbo3-2332164549", "format": "[Gen 9] VGC 2025 Reg G (Bo3)", "players": ["simcro", "Gyra78"], "rating": null, "private": 0, "password": null}, {"uploadtime": 1743445736, "id": "gen9vgc2025reggbo3-2332164049", "format": "[Gen 9] VGC 2025 Reg G (Bo3)", "players": ["i'm me 321", "ELLOCODELAKATANA"], "rating": 1023, "private": 0, "password": null}, {"uploadtime": 1743445736, "id": "gen9vgc2025reggbo3-2332161381", "format": "[Gen 9] VGC 2025 Reg G (Bo3)", "players": ["DOCTORCHUNK", "Johalandya"], "rating": 1095, "private": 0, "password": null}, {"uploadtime": 1743445604, "id": "gen9vgc2025reggbo3-2332161894", "format": "[Gen 9] VGC 2025 Reg G (Bo3)", "players": ["narret", "Feis"], "rating": null, "private": 0, "password": null}, {"uploadtime": 1743445598, "id": "gen9vgc2025reggbo3-2332160793", "format": "[Gen 9] VGC 2025 Reg G (Bo3)", "players": ["beringvgc", "Kroacky"], "rating": null, "private": 0, "password": null}, {"uploadtime": 1743445580, "id": "gen9vgc2025reggbo3-2332162367", "format": "[Gen 9] VGC 2025 Reg G (Bo3)", "players": ["trchlt1", "Dan y Vanias"], "rating": 1447, "private": 0, "password": null}, {"uploadtime": 1743445459, "id": "gen9vgc2025reggbo3-2332160952", "format": "[Gen 9] VGC 2025 Reg G (Bo3)", "players": ["SampZ4", "darwinrgpro"], "rating": null, "private": 0, "password": null}, {"uploadtime": 1743445357, "id": "gen9vgc2025reggbo3-2332161298", "format": "[Gen 9] VGC 2025 Reg G (Bo3)", "players": ["Fluvialcrossing", "sewtewgames"], "rating": 1068, "private": 0, "password": null}, {"uploadtime": 1743445321, "id": "gen9vgc2025reggbo3-2332155929", "format": "[Gen 9] VGC 2025 Reg G (Bo3)", "players": ["SampZ4", "darwinrgpro"], "rating": null, "private": 0, "password": null}, {"uploadtime": 1743445259, "id": "gen9vgc2025reggbo3-2332158232", "format": "[Gen 9] VGC 2025 Reg G (Bo3)", "players": ["trchlt1", "Dan y Vanias"], "rating": null, "private": 0, "password": null}, {"uploadtime": 1743445226, "id": "gen9vgc2025reggbo3-2332157886", "format": "[Gen 9] VGC 2025 Reg G (Bo3)", "players": ["narret", "Feis"], "rating": null, "private": 0, "password": null}, {"uploadtime": 1743445194, "id": "gen9vgc2025reggbo3-2332157885", "format": "[Gen 9] VGC 2025 Reg G (Bo3)", "players": ["Fluvialcrossing", "sewtewgames"], "rating": null, "private": 0, "password": null}, {"uploadtime": 1743445183, "id": "gen9vgc2025reggbo3-2332157387", "format": "[Gen 9] VGC 2025 Reg G (Bo3)", "players": ["Jkspaceferret", "Necros117"], "rating": null, "private": 0, "password": null}, {"uploadtime": 1743445183, "id": "gen9vgc2025reggbo3-2332155769", "format": "[Gen 9] VGC 2025 Reg G (Bo3)", "players": ["Homero tg", "Luidor"], "rating": 1079, "private": 0, "password": null}, {"uploadtime": 1743445044, "id": "gen9vgc2025reggbo3-2332155526", "format": "[Gen 9] VGC 2025 Reg G (Bo3)", "players": ["chasewilson0579", "Elpirulas666"], "rating": null, "private": 0, "password": null}, {"uploadtime": 1743445044, "id": "gen9vgc2025reggbo3-2332154548", "format": "[Gen 9] VGC 2025 Reg G (Bo3)", "players": ["ertsnom", "R3pulse6"], "rating": null, "private": 0, "password": null}, {"uploadtime": 1743445044, "id": "gen9vgc2025reggbo3-2332154480", "format": "[Gen 9] VGC 2025 Reg G (Bo3)", "players": ["gerogeus", "BrianJensVGC"], "rating": null, "private": 0, "password": null}, {"uploadtime": 1743445044, "id": "gen9vgc2025reggbo3-2332151635", "format": "[Gen 9] VGC 2025 Reg G (Bo3)", "players": ["Cjpremo", "yosequevosyame"], "rating": null, "private": 0, "password": null}, {"uploadtime": 1743445007, "id": "gen9vgc2025reggbo3-2332155841", "format": "[Gen 9] VGC 2025 Reg G (Bo3)", "players": ["monkey stall", "pixelfx"], "rating": 1339, "private": 0, "password": null}, {"uploadtime": 1743444906, "id": "gen9vgc2025reggbo3-2332154456", "format": "[Gen 9] VGC 2025 Reg G (Bo3)", "players": ["trchlt1", "Atrix MJ"], "rating": null, "private": 0, "password": null}, {"uploadtime": 1743444905, "id": "gen9vgc2025reggbo3-2332151612", "format": "[Gen 9] VGC 2025 Reg G (Bo3)", "players": ["Hossss", "boelie26"], "rating": null, "private": 0, "password": null}, {"uploadtime": 1743444901, "id": "gen9vgc2025reggbo3-2332152734", "format": "[Gen 9] VGC 2025 Reg G (Bo3)", "players": ["narret", "Feis"], "rating": null, "private": 0, "password": null}]