[{"uploadtime": 1743274643, "id": "gen9vgc2025reggbo3-2330761427", "format": "[Gen 9] VGC 2025 Reg G (Bo3)", "players": ["pallino748", "dieghiii"], "rating": null, "private": 0, "password": null}, {"uploadtime": 1743274643, "id": "gen9vgc2025reggbo3-2330760670", "format": "[Gen 9] VGC 2025 Reg G (Bo3)", "players": ["CandleBlue", "papixe"], "rating": null, "private": 0, "password": null}, {"uploadtime": 1743274643, "id": "gen9vgc2025reggbo3-2330760179", "format": "[Gen 9] VGC 2025 Reg G (Bo3)", "players": ["liviopocoyoco", "kueks"], "rating": null, "private": 0, "password": null}, {"uploadtime": 1743274545, "id": "gen9vgc2025reggbo3-2330763023", "format": "[Gen 9] VGC 2025 Reg G (Bo3)", "players": ["Vitor_hsaf", "pruaxx"], "rating": 1304, "private": 0, "password": null}, {"uploadtime": 1743274539, "id": "gen9vgc2025reggbo3-2330761082", "format": "[Gen 9] VGC 2025 Reg G (Bo3)", "players": ["Vitor_hsaf", "pruaxx"], "rating": null, "private": 0, "password": null}, {"uploadtime": 1743274511, "id": "gen9vgc2025reggbo3-2330761998", "format": "[Gen 9] VGC 2025 Reg G (Bo3)", "players": ["NETDlDO", "bapdabo"], "rating": 1036, "private": 0, "password": null}, {"uploadtime": 1743274503, "id": "gen9vgc2025reggbo3-2330762546", "format": "[Gen 9] VGC 2025 Reg G (Bo3)", "players": ["imjakingit", "marcgope"], "rating": null, "private": 0, "password": null}, {"uploadtime": 1743274434, "id": "gen9vgc2025reggbo3-2330761018", "format": "[Gen 9] VGC 2025 Reg G (Bo3)", "players": ["D-scNSe", "sille rovert"], "rating": 1260, "private": 0, "password": null}, {"uploadtime": 1743274364, "id": "gen9vgc2025reggbo3-2330758763", "format": "[Gen 9] VGC 2025 Reg G (Bo3)", "players": ["icarocastroo", "leandro77"], "rating": null, "private": 0, "password": null}, {"uploadtime": 1743274364, "id": "gen9vgc2025reggbo3-2330758475", "format": "[Gen 9] VGC 2025 Reg G (Bo3)", "players": ["NETDlDO", "bapdabo"], "rating": null, "private": 0, "password": null}, {"uploadtime": 1743274348, "id": "gen9vgc2025reggbo3-2330762953", "format": "[Gen 9] VGC 2025 Reg G (Bo3)", "players": ["William_Guidi_98", "Etrale"], "rating": 1192, "private": 0, "password": null}, {"uploadtime": 1743274342, "id": "gen9vgc2025reggbo3-2330761825", "format": "[Gen 9] VGC 2025 Reg G (Bo3)", "players": ["William_Guidi_98", "Etrale"], "rating": null, "private": 0, "password": null}, {"uploadtime": 1743274335, "id": "gen9vgc2025reggbo3-2330761189", "format": "[Gen 9] VGC 2025 Reg G (Bo3)", "players": ["William_Guidi_98", "Etrale"], "rating": null, "private": 0, "password": null}, {"uploadtime": 1743274224, "id": "gen9vgc2025reggbo3-2330759890", "format": "[Gen 9] VGC 2025 Reg G (Bo3)", "players": ["Googie06", "Kemp1412"], "rating": null, "private": 0, "password": null}, {"uploadtime": 1743274224, "id": "gen9vgc2025reggbo3-2330758558", "format": "[Gen 9] VGC 2025 Reg G (Bo3)", "players": ["Snorlaxpikachu1", "Just a Minus"], "rating": 1467, "private": 0, "password": null}, {"uploadtime": 1743274224, "id": "gen9vgc2025reggbo3-2330755442", "format": "[Gen 9] VGC 2025 Reg G (Bo3)", "players": ["dieghiii", "pallino748"], "rating": null, "private": 0, "password": null}, {"uploadtime": 1743274085, "id": "gen9vgc2025reggbo3-2330758850", "format": "[Gen 9] VGC 2025 Reg G (Bo3)", "players": ["Dis_Plot", "akingswit"], "rating": 1221, "private": 0, "password": null}, {"uploadtime": 1743274085, "id": "gen9vgc2025reggbo3-2330757304", "format": "[Gen 9] VGC 2025 Reg G (Bo3)", "players": ["Googie06", "Kemp1412"], "rating": null, "private": 0, "password": null}, {"uploadtime": 1743274041, "id": "gen9vgc2025reggbo3-2330759867", "format": "[Gen 9] VGC 2025 Reg G (Bo3)", "players": ["Vitor_hsaf", "Etrale"], "rating": 1243, "private": 0, "password": null}, {"uploadtime": 1743274040, "id": "gen9vgc2025reggbo3-2330758935", "format": "[Gen 9] VGC 2025 Reg G (Bo3)", "players": ["D-scNSe", "sille rovert"], "rating": null, "private": 0, "password": null}, {"uploadtime": 1743274034, "id": "gen9vgc2025reggbo3-2330758638", "format": "[Gen 9] VGC 2025 Reg G (Bo3)", "players": ["Vitor_hsaf", "Etrale"], "rating": null, "private": 0, "password": null}, {"uploadtime": 1743274032, "id": "gen9vgc2025reggbo3-2330758081", "format": "[Gen 9] VGC 2025 Reg G (Bo3)", "players": ["wopenheimer alt", "pruaxx"], "rating": 1314, "private": 0, "password": null}, {"uploadtime": 1743274027, "id": "gen9vgc2025reggbo3-2330755438", "format": "[Gen 9] VGC 2025 Reg G (Bo3)", "players": ["wopenheimer alt", "pruaxx"], "rating": null, "private": 0, "password": null}, {"uploadtime": 1743274022, "id": "gen9vgc2025reggbo3-2330757091", "format": "[Gen 9] VGC 2025 Reg G (Bo3)", "players": ["Vitor_hsaf", "Etrale"], "rating": null, "private": 0, "password": null}, {"uploadtime": 1743274019, "id": "gen9vgc2025reggbo3-2330753750", "format": "[Gen 9] VGC 2025 Reg G (Bo3)", "players": ["wopenheimer alt", "pruaxx"], "rating": null, "private": 0, "password": null}, {"uploadtime": 1743273819, "id": "gen9vgc2025reggbo3-2330756953", "format": "[Gen 9] VGC 2025 Reg G (Bo3)", "players": ["D-scNSe", "sille rovert"], "rating": null, "private": 0, "password": null}, {"uploadtime": 1743273815, "id": "gen9vgc2025reggbo3-2330756391", "format": "[Gen 9] VGC 2025 Reg G (Bo3)", "players": ["rollokandi", "Lycopoky Slimesy"], "rating": 1109, "private": 0, "password": null}, {"uploadtime": 1743273805, "id": "gen9vgc2025reggbo3-2330755584", "format": "[Gen 9] VGC 2025 Reg G (Bo3)", "players": ["AthenaStrive9", "SubToPenglin"], "rating": null, "private": 0, "password": null}, {"uploadtime": 1743273805, "id": "gen9vgc2025reggbo3-2330755164", "format": "[Gen 9] VGC 2025 Reg G (Bo3)", "players": ["Snorlaxpikachu1", "Just a Minus"], "rating": null, "private": 0, "password": null}, {"uploadtime": 1743273805, "id": "gen9vgc2025reggbo3-2330752749", "format": "[Gen 9] VGC 2025 Reg G (Bo3)", "players": ["ab80", "BroImKranky"], "rating": null, "private": 0, "password": null}, {"uploadtime": 1743273666, "id": "gen9vgc2025reggbo3-2330754132", "format": "[Gen 9] VGC 2025 Reg G (Bo3)", "players": ["AthenaStrive9", "SubToPenglin"], "rating": null, "private": 0, "password": null}, {"uploadtime": 1743273606, "id": "gen9vgc2025reggbo3-2330754369", "format": "[Gen 9] VGC 2025 Reg G (Bo3)", "players": ["D-scNSe", "practicehihello"], "rating": 1280, "private": 0, "password": null}, {"uploadtime": 1743273552, "id": "gen9vgc2025reggbo3-2330753820", "format": "[Gen 9] VGC 2025 Reg G (Bo3)", "players": ["rollokandi", "Lycopoky Slimesy"], "rating": null, "private": 0, "password": null}, {"uploadtime": 1743273550, "id": "gen9vgc2025reggbo3-2330753461", "format": "[Gen 9] VGC 2025 Reg G (Bo3)", "players": ["capworl", "Etrale"], "rating": 1185, "private": 0, "password": null}, {"uploadtime": 1743273522, "id": "gen9vgc2025reggbo3-2330753262", "format": "[Gen 9] VGC 2025 Reg G (Bo3)", "players": ["stan marsh", "4k4k4k4k4k4k"], "rating": 1074, "private": 0, "password": null}, {"uploadtime": 1743273459, "id": "gen9vgc2025reggbo3-2330753507", "format": "[Gen 9] VGC 2025 Reg G (Bo3)", "players": ["caZISA", "lillyrosethedemon"], "rating": 1449, "private": 0, "password": null}, {"uploadtime": 1743273387, "id": "gen9vgc2025reggbo3-2330750897", "format": "[Gen 9] VGC 2025 Reg G (Bo3)", "players": ["showgo1130", "rocky duck 11"], "rating": null, "private": 0, "password": null}, {"uploadtime": 1743273387, "id": "gen9vgc2025reggbo3-2330750792", "format": "[Gen 9] VGC 2025 Reg G (Bo3)", "players": ["Snorlaxpikachu1", "kelseilakenta"], "rating": null, "private": 0, "password": null}, {"uploadtime": 1743273387, "id": "gen9vgc2025reggbo3-2330750433", "format": "[Gen 9] VGC 2025 Reg G (Bo3)", "players": ["caZISA", "lillyrosethedemon"], "rating": null, "private": 0, "password": null}, {"uploadtime": 1743273387, "id": "gen9vgc2025reggbo3-2330750168", "format": "[Gen 9] VGC 2025 Reg G (Bo3)", "players": ["ab80", "BroImKranky"], "rating": null, "private": 0, "password": null}, {"uploadtime": 1743273387, "id": "gen9vgc2025reggbo3-2330748748", "format": "[Gen 9] VGC 2025 Reg G (Bo3)", "players": ["Melji", "JaredWetbach"], "rating": null, "private": 0, "password": null}, {"uploadtime": 1743273338, "id": "gen9vgc2025reggbo3-2330750428", "format": "[Gen 9] VGC 2025 Reg G (Bo3)", "players": ["D-scNSe", "practicehihello"], "rating": null, "private": 0, "password": null}, {"uploadtime": 1743273269, "id": "gen9vgc2025reggbo3-2330748786", "format": "[Gen 9] VGC 2025 Reg G (Bo3)", "players": ["capworl", "Etrale"], "rating": null, "private": 0, "password": null}, {"uploadtime": 1743273248, "id": "gen9vgc2025reggbo3-2330750625", "format": "[Gen 9] VGC 2025 Reg G (Bo3)", "players": ["kroesvgc", "dvd749"], "rating": 1251, "private": 0, "password": null}, {"uploadtime": 1743273248, "id": "gen9vgc2025reggbo3-2330747865", "format": "[Gen 9] VGC 2025 Reg G (Bo3)", "players": ["pruaxx", "Novacast"], "rating": null, "private": 0, "password": null}, {"uploadtime": 1743273227, "id": "gen9vgc2025reggbo3-2330748418", "format": "[Gen 9] VGC 2025 Reg G (Bo3)", "players": ["kroesvgc", "dvd749"], "rating": null, "private": 0, "password": null}, {"uploadtime": 1743273225, "id": "gen9vgc2025reggbo3-2330751187", "format": "[Gen 9] VGC 2025 Reg G (Bo3)", "players": ["stan marsh", "4k4k4k4k4k4k"], "rating": null, "private": 0, "password": null}, {"uploadtime": 1743273157, "id": "gen9vgc2025reggbo3-2330751151", "format": "[Gen 9] VGC 2025 Reg G (Bo3)", "players": ["wopenheimer alt", "PhilHellmuth.PH"], "rating": 1346, "private": 0, "password": null}, {"uploadtime": 1743273152, "id": "gen9vgc2025reggbo3-2330750002", "format": "[Gen 9] VGC 2025 Reg G (Bo3)", "players": ["wopenheimer alt", "PhilHellmuth.PH"], "rating": null, "private": 0, "password": null}, {"uploadtime": 1743273108, "id": "gen9vgc2025reggbo3-2330749324", "format": "[Gen 9] VGC 2025 Reg G (Bo3)", "players": ["Snorlaxpikachu1", "kelseilakenta"], "rating": null, "private": 0, "password": null}, {"uploadtime": 1743273108, "id": "gen9vgc2025reggbo3-2330748734", "format": "[Gen 9] VGC 2025 Reg G (Bo3)", "players": ["hupcosmommycar", "thawolfe"], "rating": null, "private": 0, "password": null}]