[{"uploadtime": 1743342044, "id": "gen9vgc2025reggbo3-2331247797", "format": "[Gen 9] VGC 2025 Reg G (Bo3)", "players": ["i_tee.kay00", "BrickiestBrick"], "rating": 1023, "private": 0, "password": null}, {"uploadtime": 1743341905, "id": "gen9vgc2025reggbo3-2331246854", "format": "[Gen 9] VGC 2025 Reg G (Bo3)", "players": ["alxkdkdc", "Vuultur"], "rating": null, "private": 0, "password": null}, {"uploadtime": 1743341905, "id": "gen9vgc2025reggbo3-2331246194", "format": "[Gen 9] VGC 2025 Reg G (Bo3)", "players": ["powerofcouples", "alxkdkdc"], "rating": null, "private": 0, "password": null}, {"uploadtime": 1743341905, "id": "gen9vgc2025reggbo3-2331246138", "format": "[Gen 9] VGC 2025 Reg G (Bo3)", "players": ["kai", "WhereIsRiolu?"], "rating": null, "private": 0, "password": null}, {"uploadtime": 1743341905, "id": "gen9vgc2025reggbo3-2331245652", "format": "[Gen 9] VGC 2025 Reg G (Bo3)", "players": ["CortexVGC", "VGCFreeStratos"], "rating": null, "private": 0, "password": null}, {"uploadtime": 1743341766, "id": "gen9vgc2025reggbo3-2331244377", "format": "[Gen 9] VGC 2025 Reg G (Bo3)", "players": ["Something147", "furretjebus"], "rating": 1117, "private": 0, "password": null}, {"uploadtime": 1743341694, "id": "gen9vgc2025reggbo3-2331244469", "format": "[Gen 9] VGC 2025 Reg G (Bo3)", "players": ["ReReReTryAgain", "gaijadaiyinmai"], "rating": null, "private": 0, "password": null}, {"uploadtime": 1743341673, "id": "gen9vgc2025reggbo3-2331246077", "format": "[Gen 9] VGC 2025 Reg G (Bo3)", "players": ["ReReReTryAgain", "gaijadaiyinmai"], "rating": 1178, "private": 0, "password": null}, {"uploadtime": 1743341627, "id": "gen9vgc2025reggbo3-2331244434", "format": "[Gen 9] VGC 2025 Reg G (Bo3)", "players": ["RichardTheCompany", "MCP_JP"], "rating": 1040, "private": 0, "password": null}, {"uploadtime": 1743341627, "id": "gen9vgc2025reggbo3-2331243492", "format": "[Gen 9] VGC 2025 Reg G (Bo3)", "players": ["CortexVGC", "VGCFreeStratos"], "rating": null, "private": 0, "password": null}, {"uploadtime": 1743341626, "id": "gen9vgc2025reggbo3-2331245166", "format": "[Gen 9] VGC 2025 Reg G (Bo3)", "players": ["c_donstans", "OWU2020"], "rating": 1022, "private": 0, "password": null}, {"uploadtime": 1743341626, "id": "gen9vgc2025reggbo3-2331244313", "format": "[Gen 9] VGC 2025 Reg G (Bo3)", "players": ["bobovile", "Yveltaler1"], "rating": null, "private": 0, "password": null}, {"uploadtime": 1743341488, "id": "gen9vgc2025reggbo3-2331242592", "format": "[Gen 9] VGC 2025 Reg G (Bo3)", "players": ["Alextheturtle6", "Sub2Rip_king12"], "rating": null, "private": 0, "password": null}, {"uploadtime": 1743341418, "id": "gen9vgc2025reggbo3-2331241300", "format": "[Gen 9] VGC 2025 Reg G (Bo3)", "players": ["Something147", "furretjebus"], "rating": null, "private": 0, "password": null}, {"uploadtime": 1743341348, "id": "gen9vgc2025reggbo3-2331242966", "format": "[Gen 9] VGC 2025 Reg G (Bo3)", "players": ["rollforfun", "twavewhimsicott"], "rating": null, "private": 0, "password": null}, {"uploadtime": 1743341209, "id": "gen9vgc2025reggbo3-2331242111", "format": "[Gen 9] VGC 2025 Reg G (Bo3)", "players": ["MCP_JP", "zxcvtrew"], "rating": 1057, "private": 0, "password": null}, {"uploadtime": 1743341209, "id": "gen9vgc2025reggbo3-2331240667", "format": "[Gen 9] VGC 2025 Reg G (Bo3)", "players": ["Cheesey027", "Armageddon 10000"], "rating": 1003, "private": 0, "password": null}, {"uploadtime": 1743341070, "id": "gen9vgc2025reggbo3-2331240267", "format": "[Gen 9] VGC 2025 Reg G (Bo3)", "players": ["king Dio D Diavolo", "i love gumshoos"], "rating": null, "private": 0, "password": null}, {"uploadtime": 1743340931, "id": "gen9vgc2025reggbo3-2331239982", "format": "[Gen 9] VGC 2025 Reg G (Bo3)", "players": ["NBAYRG", "juacox300"], "rating": null, "private": 0, "password": null}, {"uploadtime": 1743340931, "id": "gen9vgc2025reggbo3-2331239619", "format": "[Gen 9] VGC 2025 Reg G (Bo3)", "players": ["Neoard", "Mega_Ayoub"], "rating": 1029, "private": 0, "password": null}, {"uploadtime": 1743340792, "id": "gen9vgc2025reggbo3-2331238898", "format": "[Gen 9] VGC 2025 Reg G (Bo3)", "players": ["NBAYRG", "juacox300"], "rating": null, "private": 0, "password": null}, {"uploadtime": 1743340664, "id": "gen9vgc2025reggbo3-2331238780", "format": "[Gen 9] VGC 2025 Reg G (Bo3)", "players": ["LeonardPlayz", "Goodwyn"], "rating": 1257, "private": 0, "password": null}, {"uploadtime": 1743340653, "id": "gen9vgc2025reggbo3-2331236722", "format": "[Gen 9] VGC 2025 Reg G (Bo3)", "players": ["LeonardPlayz", "Goodwyn"], "rating": null, "private": 0, "password": null}, {"uploadtime": 1743340652, "id": "gen9vgc2025reggbo3-2331238458", "format": "[Gen 9] VGC 2025 Reg G (Bo3)", "players": ["ban_quaquaval", "InglisEucuss"], "rating": null, "private": 0, "password": null}, {"uploadtime": 1743340652, "id": "gen9vgc2025reggbo3-2331236892", "format": "[Gen 9] VGC 2025 Reg G (Bo3)", "players": ["zxcvtrew", "bapdabo"], "rating": null, "private": 0, "password": null}, {"uploadtime": 1743340652, "id": "gen9vgc2025reggbo3-2331236549", "format": "[Gen 9] VGC 2025 Reg G (Bo3)", "players": ["rodjilius", "keyma"], "rating": null, "private": 0, "password": null}, {"uploadtime": 1743340640, "id": "gen9vgc2025reggbo3-2331237420", "format": "[Gen 9] VGC 2025 Reg G (Bo3)", "players": ["merequetengue12", "Rangerbatonage"], "rating": null, "private": 0, "password": null}, {"uploadtime": 1743340624, "id": "gen9vgc2025reggbo3-2331239870", "format": "[Gen 9] VGC 2025 Reg G (Bo3)", "players": ["merequetengue12", "Rangerbatonage"], "rating": 1266, "private": 0, "password": null}, {"uploadtime": 1743340374, "id": "gen9vgc2025reggbo3-2331235942", "format": "[Gen 9] VGC 2025 Reg G (Bo3)", "players": ["alxkdkdc", "cly665"], "rating": null, "private": 0, "password": null}, {"uploadtime": 1743340235, "id": "gen9vgc2025reggbo3-2331235506", "format": "[Gen 9] VGC 2025 Reg G (Bo3)", "players": ["MoodyMukVGC", "hlamidamonada"], "rating": 1154, "private": 0, "password": null}, {"uploadtime": 1743340235, "id": "gen9vgc2025reggbo3-2331235247", "format": "[Gen 9] VGC 2025 Reg G (Bo3)", "players": ["LeonardPlayz", "Goodwyn"], "rating": null, "private": 0, "password": null}, {"uploadtime": 1743340235, "id": "gen9vgc2025reggbo3-2331234886", "format": "[Gen 9] VGC 2025 Reg G (Bo3)", "players": ["rodjilius", "keyma"], "rating": null, "private": 0, "password": null}, {"uploadtime": 1743339957, "id": "gen9vgc2025reggbo3-2331231629", "format": "[Gen 9] VGC 2025 Reg G (Bo3)", "players": ["1700 elo in catan", "Odeio Corinthians"], "rating": null, "private": 0, "password": null}, {"uploadtime": 1743339817, "id": "gen9vgc2025reggbo3-2331232138", "format": "[Gen 9] VGC 2025 Reg G (Bo3)", "players": ["TH0RNBYY", "CACHUMBO"], "rating": null, "private": 0, "password": null}, {"uploadtime": 1743339817, "id": "gen9vgc2025reggbo3-2331231994", "format": "[Gen 9] VGC 2025 Reg G (Bo3)", "players": ["mattnot3", "MaeveOG"], "rating": 1325, "private": 0, "password": null}, {"uploadtime": 1743339817, "id": "gen9vgc2025reggbo3-2331231361", "format": "[Gen 9] VGC 2025 Reg G (Bo3)", "players": ["LifeofPabz", "fxec"], "rating": null, "private": 0, "password": null}, {"uploadtime": 1743339678, "id": "gen9vgc2025reggbo3-2331231100", "format": "[Gen 9] VGC 2025 Reg G (Bo3)", "players": ["JohnUnique", "Cybearaze"], "rating": null, "private": 0, "password": null}, {"uploadtime": 1743339678, "id": "gen9vgc2025reggbo3-2331230776", "format": "[Gen 9] VGC 2025 Reg G (Bo3)", "players": ["carlitose", "Leon_147"], "rating": null, "private": 0, "password": null}, {"uploadtime": 1743339400, "id": "gen9vgc2025reggbo3-2331229108", "format": "[Gen 9] VGC 2025 Reg G (Bo3)", "players": ["synekkkkk", "MaineThiing"], "rating": null, "private": 0, "password": null}, {"uploadtime": 1743338983, "id": "gen9vgc2025reggbo3-2331227246", "format": "[Gen 9] VGC 2025 Reg G (Bo3)", "players": ["Ninja Leader Kobe", "Aladz"], "rating": null, "private": 0, "password": null}, {"uploadtime": 1743338704, "id": "gen9vgc2025reggbo3-2331225198", "format": "[Gen 9] VGC 2025 Reg G (Bo3)", "players": ["Drogaplut003", "7thTachyon"], "rating": null, "private": 0, "password": null}, {"uploadtime": 1743338565, "id": "gen9vgc2025reggbo3-2331224347", "format": "[Gen 9] VGC 2025 Reg G (Bo3)", "players": ["Scarface22", "new dawnsss"], "rating": null, "private": 0, "password": null}, {"uploadtime": 1743338521, "id": "gen9vgc2025reggbo3-2331223281", "format": "[Gen 9] VGC 2025 Reg G (Bo3)", "players": ["RichardTheCompany", "v-azel"], "rating": null, "private": 0, "password": null}, {"uploadtime": 1743338426, "id": "gen9vgc2025reggbo3-2331223614", "format": "[Gen 9] VGC 2025 Reg G (Bo3)", "players": ["Scarface22", "new dawnsss"], "rating": null, "private": 0, "password": null}, {"uploadtime": 1743338287, "id": "gen9vgc2025reggbo3-2331222788", "format": "[Gen 9] VGC 2025 Reg G (Bo3)", "players": ["JohnUnique", "Cybearaze"], "rating": null, "private": 0, "password": null}, {"uploadtime": 1743338287, "id": "gen9vgc2025reggbo3-2331222577", "format": "[Gen 9] VGC 2025 Reg G (Bo3)", "players": ["wopenheimer alt", "SERENA2024"], "rating": null, "private": 0, "password": null}, {"uploadtime": 1743338287, "id": "gen9vgc2025reggbo3-2331221729", "format": "[Gen 9] VGC 2025 Reg G (Bo3)", "players": ["jakeieboy", "champvdp29"], "rating": null, "private": 0, "password": null}, {"uploadtime": 1743338258, "id": "gen9vgc2025reggbo3-2331224041", "format": "[Gen 9] VGC 2025 Reg G (Bo3)", "players": ["ban_quaquaval", "Aakazi"], "rating": 1029, "private": 0, "password": null}, {"uploadtime": 1743338159, "id": "gen9vgc2025reggbo3-2331222524", "format": "[Gen 9] VGC 2025 Reg G (Bo3)", "players": ["Junseville", "pruaxx"], "rating": 1293, "private": 0, "password": null}, {"uploadtime": 1743338148, "id": "gen9vgc2025reggbo3-2331220333", "format": "[Gen 9] VGC 2025 Reg G (Bo3)", "players": ["JohnUnique", "Cybearaze"], "rating": null, "private": 0, "password": null}, {"uploadtime": 1743338009, "id": "gen9vgc2025reggbo3-2331220721", "format": "[Gen 9] VGC 2025 Reg G (Bo3)", "players": ["jakeieboy", "champvdp29"], "rating": null, "private": 0, "password": null}]