[{"uploadtime": 1743434093, "id": "gen9vgc2025reggbo3-2332022837", "format": "[Gen 9] VGC 2025 Reg G (Bo3)", "players": ["Hoogaman", "Edmondantes97"], "rating": null, "private": 0, "password": null}, {"uploadtime": 1743434093, "id": "gen9vgc2025reggbo3-2332022552", "format": "[Gen 9] VGC 2025 Reg G (Bo3)", "players": ["vqnflips", "akingswit"], "rating": 1108, "private": 0, "password": null}, {"uploadtime": 1743434093, "id": "gen9vgc2025reggbo3-2332022135", "format": "[Gen 9] VGC 2025 Reg G (Bo3)", "players": ["Applepi_5_10", "rtx4060"], "rating": null, "private": 0, "password": null}, {"uploadtime": 1743434038, "id": "gen9vgc2025reggbo3-2332023978", "format": "[Gen 9] VGC 2025 Reg G (Bo3)", "players": ["Juanitto Balatrez", "cheon yuha"], "rating": 1173, "private": 0, "password": null}, {"uploadtime": 1743433955, "id": "gen9vgc2025reggbo3-2332021043", "format": "[Gen 9] VGC 2025 Reg G (Bo3)", "players": ["elmono12", "sille rovert"], "rating": null, "private": 0, "password": null}, {"uploadtime": 1743433955, "id": "gen9vgc2025reggbo3-2332019068", "format": "[Gen 9] VGC 2025 Reg G (Bo3)", "players": ["i am saksham", "juacox300"], "rating": null, "private": 0, "password": null}, {"uploadtime": 1743433918, "id": "gen9vgc2025reggbo3-2332022594", "format": "[Gen 9] VGC 2025 Reg G (Bo3)", "players": ["ziggleroid_don", "queenofkp"], "rating": null, "private": 0, "password": null}, {"uploadtime": 1743433829, "id": "gen9vgc2025reggbo3-2332022145", "format": "[Gen 9] VGC 2025 Reg G (Bo3)", "players": ["bmursalunafan96", "nikolasnaiz"], "rating": 1300, "private": 0, "password": null}, {"uploadtime": 1743433826, "id": "gen9vgc2025reggbo3-2332020631", "format": "[Gen 9] VGC 2025 Reg G (Bo3)", "players": ["bmursalunafan96", "nikolasnaiz"], "rating": null, "private": 0, "password": null}, {"uploadtime": 1743433816, "id": "gen9vgc2025reggbo3-2332020667", "format": "[Gen 9] VGC 2025 Reg G (Bo3)", "players": ["ren201", "MelodysUS"], "rating": null, "private": 0, "password": null}, {"uploadtime": 1743433816, "id": "gen9vgc2025reggbo3-2332019995", "format": "[Gen 9] VGC 2025 Reg G (Bo3)", "players": ["Applepi_5_10", "rtx4060"], "rating": null, "private": 0, "password": null}, {"uploadtime": 1743433816, "id": "gen9vgc2025reggbo3-2332019556", "format": "[Gen 9] VGC 2025 Reg G (Bo3)", "players": ["theblorf", "cookbayz"], "rating": null, "private": 0, "password": null}, {"uploadtime": 1743433816, "id": "gen9vgc2025reggbo3-2332019240", "format": "[Gen 9] VGC 2025 Reg G (Bo3)", "players": ["Dinosaur Kingz", "fen1x_08"], "rating": null, "private": 0, "password": null}, {"uploadtime": 1743433816, "id": "gen9vgc2025reggbo3-2332018480", "format": "[Gen 9] VGC 2025 Reg G (Bo3)", "players": ["wopenheimer alt", "123Ayan"], "rating": null, "private": 0, "password": null}, {"uploadtime": 1743433795, "id": "gen9vgc2025reggbo3-2332020071", "format": "[Gen 9] VGC 2025 Reg G (Bo3)", "players": ["yellowcookies", "pixelfx"], "rating": null, "private": 0, "password": null}, {"uploadtime": 1743433769, "id": "gen9vgc2025reggbo3-2332021652", "format": "[Gen 9] VGC 2025 Reg G (Bo3)", "players": ["Juanitto Balatrez", "cheon yuha"], "rating": null, "private": 0, "password": null}, {"uploadtime": 1743433742, "id": "gen9vgc2025reggbo3-2332020613", "format": "[Gen 9] VGC 2025 Reg G (Bo3)", "players": ["Zen1996-VGC", "testingteams1010"], "rating": 1543, "private": 0, "password": null}, {"uploadtime": 1743433678, "id": "gen9vgc2025reggbo3-2332018212", "format": "[Gen 9] VGC 2025 Reg G (Bo3)", "players": ["Astral enjoyer", "road to atlanta"], "rating": null, "private": 0, "password": null}, {"uploadtime": 1743433678, "id": "gen9vgc2025reggbo3-2332018084", "format": "[Gen 9] VGC 2025 Reg G (Bo3)", "players": ["elmono12", "sille rovert"], "rating": null, "private": 0, "password": null}, {"uploadtime": 1743433678, "id": "gen9vgc2025reggbo3-2332017052", "format": "[Gen 9] VGC 2025 Reg G (Bo3)", "players": ["ren201", "MelodysUS"], "rating": null, "private": 0, "password": null}, {"uploadtime": 1743433678, "id": "gen9vgc2025reggbo3-2332016807", "format": "[Gen 9] VGC 2025 Reg G (Bo3)", "players": ["Zen1996-VGC", "testingteams1010"], "rating": null, "private": 0, "password": null}, {"uploadtime": 1743433556, "id": "gen9vgc2025reggbo3-2332017974", "format": "[Gen 9] VGC 2025 Reg G (Bo3)", "players": ["Juanitto Balatrez", "cheon yuha"], "rating": null, "private": 0, "password": null}, {"uploadtime": 1743433539, "id": "gen9vgc2025reggbo3-2332016427", "format": "[Gen 9] VGC 2025 Reg G (Bo3)", "players": ["i am saksham", "juacox300"], "rating": null, "private": 0, "password": null}, {"uploadtime": 1743433539, "id": "gen9vgc2025reggbo3-2332013547", "format": "[Gen 9] VGC 2025 Reg G (Bo3)", "players": ["belliboltman", "ChillyWolf404"], "rating": null, "private": 0, "password": null}, {"uploadtime": 1743433401, "id": "gen9vgc2025reggbo3-2332016643", "format": "[Gen 9] VGC 2025 Reg G (Bo3)", "players": ["migolao", "Cymorgcomics"], "rating": 1335, "private": 0, "password": null}, {"uploadtime": 1743433401, "id": "gen9vgc2025reggbo3-2332016346", "format": "[Gen 9] VGC 2025 Reg G (Bo3)", "players": ["NuovoSangue", "edo ghira"], "rating": null, "private": 0, "password": null}, {"uploadtime": 1743433401, "id": "gen9vgc2025reggbo3-2332015939", "format": "[Gen 9] VGC 2025 Reg G (Bo3)", "players": ["Astral enjoyer", "road to atlanta"], "rating": null, "private": 0, "password": null}, {"uploadtime": 1743433401, "id": "gen9vgc2025reggbo3-2332013902", "format": "[Gen 9] VGC 2025 Reg G (Bo3)", "players": ["cpfcsteve123", "Samm3"], "rating": null, "private": 0, "password": null}, {"uploadtime": 1743433262, "id": "gen9vgc2025reggbo3-2332014605", "format": "[Gen 9] VGC 2025 Reg G (Bo3)", "players": ["Calisscrewed", "Lowpass"], "rating": 1189, "private": 0, "password": null}, {"uploadtime": 1743433262, "id": "gen9vgc2025reggbo3-2332013669", "format": "[Gen 9] VGC 2025 Reg G (Bo3)", "players": ["NuovoSangue", "edo ghira"], "rating": null, "private": 0, "password": null}, {"uploadtime": 1743433262, "id": "gen9vgc2025reggbo3-2332013584", "format": "[Gen 9] VGC 2025 Reg G (Bo3)", "players": ["v3nkt", "Edmondantes97"], "rating": null, "private": 0, "password": null}, {"uploadtime": 1743433241, "id": "gen9vgc2025reggbo3-2332016039", "format": "[Gen 9] VGC 2025 Reg G (Bo3)", "players": ["JochiVGC", "cly665"], "rating": 1246, "private": 0, "password": null}, {"uploadtime": 1743433224, "id": "gen9vgc2025reggbo3-2332013287", "format": "[Gen 9] VGC 2025 Reg G (Bo3)", "players": ["JochiVGC", "cly665"], "rating": null, "private": 0, "password": null}, {"uploadtime": 1743433216, "id": "gen9vgc2025reggbo3-2332013081", "format": "[Gen 9] VGC 2025 Reg G (Bo3)", "players": ["jesus is female yo", "golemhx"], "rating": 1306, "private": 0, "password": null}, {"uploadtime": 1743433210, "id": "gen9vgc2025reggbo3-2332009454", "format": "[Gen 9] VGC 2025 Reg G (Bo3)", "players": ["jesus is female yo", "golemhx"], "rating": null, "private": 0, "password": null}, {"uploadtime": 1743433203, "id": "gen9vgc2025reggbo3-2332013665", "format": "[Gen 9] VGC 2025 Reg G (Bo3)", "players": ["cjassie", "Juanitto Balatrez"], "rating": 1042, "private": 0, "password": null}, {"uploadtime": 1743433188, "id": "gen9vgc2025reggbo3-2332005596", "format": "[Gen 9] VGC 2025 Reg G (Bo3)", "players": ["jesus is female yo", "golemhx"], "rating": null, "private": 0, "password": null}, {"uploadtime": 1743433032, "id": "gen9vgc2025reggbo3-2332013414", "format": "[Gen 9] VGC 2025 Reg G (Bo3)", "players": ["SpoinkxSpoink", "BundleUpItsCold"], "rating": 1579, "private": 0, "password": null}, {"uploadtime": 1743432985, "id": "gen9vgc2025reggbo3-2332010771", "format": "[Gen 9] VGC 2025 Reg G (Bo3)", "players": ["belliboltman", "ChillyWolf404"], "rating": null, "private": 0, "password": null}, {"uploadtime": 1743432985, "id": "gen9vgc2025reggbo3-2332009885", "format": "[Gen 9] VGC 2025 Reg G (Bo3)", "players": ["v3nkt", "Edmondantes97"], "rating": null, "private": 0, "password": null}, {"uploadtime": 1743432985, "id": "gen9vgc2025reggbo3-2332008846", "format": "[Gen 9] VGC 2025 Reg G (Bo3)", "players": ["gundnub", "kelseilakenta"], "rating": null, "private": 0, "password": null}, {"uploadtime": 1743432852, "id": "gen9vgc2025reggbo3-2332010982", "format": "[Gen 9] VGC 2025 Reg G (Bo3)", "players": ["cjassie", "Juanitto Balatrez"], "rating": null, "private": 0, "password": null}, {"uploadtime": 1743432847, "id": "gen9vgc2025reggbo3-2332010141", "format": "[Gen 9] VGC 2025 Reg G (Bo3)", "players": ["mattnot3", "NuovoSangue"], "rating": null, "private": 0, "password": null}, {"uploadtime": 1743432847, "id": "gen9vgc2025reggbo3-2332009634", "format": "[Gen 9] VGC 2025 Reg G (Bo3)", "players": ["derpitynerpity77", "Dinosaur Kingz"], "rating": null, "private": 0, "password": null}, {"uploadtime": 1743432847, "id": "gen9vgc2025reggbo3-2332008243", "format": "[Gen 9] VGC 2025 Reg G (Bo3)", "players": ["Rfriedrich16", "Joemomma17"], "rating": null, "private": 0, "password": null}, {"uploadtime": 1743432843, "id": "gen9vgc2025reggbo3-2332010688", "format": "[Gen 9] VGC 2025 Reg G (Bo3)", "players": ["SpoinkxSpoink", "BundleUpItsCold"], "rating": null, "private": 0, "password": null}, {"uploadtime": 1743432724, "id": "gen9vgc2025reggbo3-2332011380", "format": "[Gen 9] VGC 2025 Reg G (Bo3)", "players": ["aborig was taken", "Il Mule"], "rating": 1663, "private": 0, "password": null}, {"uploadtime": 1743432708, "id": "gen9vgc2025reggbo3-2332008696", "format": "[Gen 9] VGC 2025 Reg G (Bo3)", "players": ["Placidbee", "cly665"], "rating": null, "private": 0, "password": null}, {"uploadtime": 1743432708, "id": "gen9vgc2025reggbo3-2332008160", "format": "[Gen 9] VGC 2025 Reg G (Bo3)", "players": ["mattnot3", "NuovoSangue"], "rating": null, "private": 0, "password": null}, {"uploadtime": 1743432708, "id": "gen9vgc2025reggbo3-2332006960", "format": "[Gen 9] VGC 2025 Reg G (Bo3)", "players": ["SpoinkxSpoink", "WeGonnaCrash"], "rating": null, "private": 0, "password": null}, {"uploadtime": 1743432708, "id": "gen9vgc2025reggbo3-2332004750", "format": "[Gen 9] VGC 2025 Reg G (Bo3)", "players": ["Dix6", "rancidspy"], "rating": null, "private": 0, "password": null}]