[{"uploadtime": 1743261470, "id": "gen9vgc2025reggbo3-2330637835", "format": "[Gen 9] VGC 2025 Reg G (Bo3)", "players": ["szilagyigyuszi", "Insertable194"], "rating": null, "private": 0, "password": null}, {"uploadtime": 1743261328, "id": "gen9vgc2025reggbo3-2330634205", "format": "[Gen 9] VGC 2025 Reg G (Bo3)", "players": ["KissMyAsthma416", "somarjo23"], "rating": null, "private": 0, "password": null}, {"uploadtime": 1743261327, "id": "gen9vgc2025reggbo3-2330636096", "format": "[Gen 9] VGC 2025 Reg G (Bo3)", "players": ["Giom92", "bmthbiohazard"], "rating": null, "private": 0, "password": null}, {"uploadtime": 1743261185, "id": "gen9vgc2025reggbo3-2330634273", "format": "[Gen 9] VGC 2025 Reg G (Bo3)", "players": ["MarTekk", "Dappsen"], "rating": null, "private": 0, "password": null}, {"uploadtime": 1743261184, "id": "gen9vgc2025reggbo3-2330635750", "format": "[Gen 9] VGC 2025 Reg G (Bo3)", "players": ["stillshapeXD", "PhantomDC"], "rating": null, "private": 0, "password": null}, {"uploadtime": 1743261184, "id": "gen9vgc2025reggbo3-2330635128", "format": "[Gen 9] VGC 2025 Reg G (Bo3)", "players": ["ScribbleScribble", "FireRedzzz"], "rating": null, "private": 0, "password": null}, {"uploadtime": 1743261184, "id": "gen9vgc2025reggbo3-2330634757", "format": "[Gen 9] VGC 2025 Reg G (Bo3)", "players": ["zeyn-299", "cristhian94"], "rating": null, "private": 0, "password": null}, {"uploadtime": 1743261042, "id": "gen9vgc2025reggbo3-2330634880", "format": "[Gen 9] VGC 2025 Reg G (Bo3)", "players": ["Drogaplut003", "grey's astralogy"], "rating": 1355, "private": 0, "password": null}, {"uploadtime": 1743261042, "id": "gen9vgc2025reggbo3-2330634062", "format": "[Gen 9] VGC 2025 Reg G (Bo3)", "players": ["ScribbleScribble", "FireRedzzz"], "rating": null, "private": 0, "password": null}, {"uploadtime": 1743261042, "id": "gen9vgc2025reggbo3-2330633788", "format": "[Gen 9] VGC 2025 Reg G (Bo3)", "players": ["maza2", "Kylewithasmile69"], "rating": null, "private": 0, "password": null}, {"uploadtime": 1743261042, "id": "gen9vgc2025reggbo3-2330632786", "format": "[Gen 9] VGC 2025 Reg G (Bo3)", "players": ["Greeness", "caterleigh"], "rating": null, "private": 0, "password": null}, {"uploadtime": 1743261042, "id": "gen9vgc2025reggbo3-2330632443", "format": "[Gen 9] VGC 2025 Reg G (Bo3)", "players": ["TheHustlerKid", "mason9283"], "rating": null, "private": 0, "password": null}, {"uploadtime": 1743260900, "id": "gen9vgc2025reggbo3-2330632685", "format": "[Gen 9] VGC 2025 Reg G (Bo3)", "players": ["noturkittyXD", "Googie06"], "rating": null, "private": 0, "password": null}, {"uploadtime": 1743260900, "id": "gen9vgc2025reggbo3-2330632477", "format": "[Gen 9] VGC 2025 Reg G (Bo3)", "players": ["Obieisme", "Jakepittman11"], "rating": 1093, "private": 0, "password": null}, {"uploadtime": 1743260900, "id": "gen9vgc2025reggbo3-2330632243", "format": "[Gen 9] VGC 2025 Reg G (Bo3)", "players": ["zeyn-299", "cristhian94"], "rating": null, "private": 0, "password": null}, {"uploadtime": 1743260900, "id": "gen9vgc2025reggbo3-2330631556", "format": "[Gen 9] VGC 2025 Reg G (Bo3)", "players": ["funnythekani", "Denjer_12"], "rating": null, "private": 0, "password": null}, {"uploadtime": 1743260900, "id": "gen9vgc2025reggbo3-2330631030", "format": "[Gen 9] VGC 2025 Reg G (Bo3)", "players": ["gahleeboonda", "bapdabo"], "rating": null, "private": 0, "password": null}, {"uploadtime": 1743260801, "id": "gen9vgc2025reggbo3-2330632677", "format": "[Gen 9] VGC 2025 Reg G (Bo3)", "players": ["BalanceBartholomew", "sewtewgames"], "rating": 1225, "private": 0, "password": null}, {"uploadtime": 1743260777, "id": "gen9vgc2025reggbo3-2330631168", "format": "[Gen 9] VGC 2025 Reg G (Bo3)", "players": ["BalanceBartholomew", "sewtewgames"], "rating": null, "private": 0, "password": null}, {"uploadtime": 1743260757, "id": "gen9vgc2025reggbo3-2330630337", "format": "[Gen 9] VGC 2025 Reg G (Bo3)", "players": ["FrenziedMyGouging", "bigbadbirdvgc"], "rating": null, "private": 0, "password": null}, {"uploadtime": 1743260613, "id": "gen9vgc2025reggbo3-2330630600", "format": "[Gen 9] VGC 2025 Reg G (Bo3)", "players": ["jamirolol", "noya shiba"], "rating": null, "private": 0, "password": null}, {"uploadtime": 1743260549, "id": "gen9vgc2025reggbo3-2330631948", "format": "[Gen 9] VGC 2025 Reg G (Bo3)", "players": ["KoromeowVGC", "Yankiken"], "rating": null, "private": 0, "password": null}, {"uploadtime": 1743260494, "id": "gen9vgc2025reggbo3-2330630515", "format": "[Gen 9] VGC 2025 Reg G (Bo3)", "players": ["Loreb70", "FDM"], "rating": 1209, "private": 0, "password": null}, {"uploadtime": 1743260471, "id": "gen9vgc2025reggbo3-2330629582", "format": "[Gen 9] VGC 2025 Reg G (Bo3)", "players": ["gahleeboonda", "bapdabo"], "rating": null, "private": 0, "password": null}, {"uploadtime": 1743260471, "id": "gen9vgc2025reggbo3-2330629039", "format": "[Gen 9] VGC 2025 Reg G (Bo3)", "players": ["N. Gunray", "sirwilliamssb"], "rating": null, "private": 0, "password": null}, {"uploadtime": 1743260471, "id": "gen9vgc2025reggbo3-2330628544", "format": "[Gen 9] VGC 2025 Reg G (Bo3)", "players": ["Munjah 14", "Dappsen"], "rating": null, "private": 0, "password": null}, {"uploadtime": 1743260471, "id": "gen9vgc2025reggbo3-2330627863", "format": "[Gen 9] VGC 2025 Reg G (Bo3)", "players": ["FrenziedMyGouging", "bigbadbirdvgc"], "rating": null, "private": 0, "password": null}, {"uploadtime": 1743260306, "id": "gen9vgc2025reggbo3-2330629882", "format": "[Gen 9] VGC 2025 Reg G (Bo3)", "players": ["BTK9696", "Rfriedrich16"], "rating": 1186, "private": 0, "password": null}, {"uploadtime": 1743260257, "id": "gen9vgc2025reggbo3-2330628182", "format": "[Gen 9] VGC 2025 Reg G (Bo3)", "players": ["Loreb70", "FDM"], "rating": null, "private": 0, "password": null}, {"uploadtime": 1743260186, "id": "gen9vgc2025reggbo3-2330627423", "format": "[Gen 9] VGC 2025 Reg G (Bo3)", "players": ["Millicay", "outmus"], "rating": null, "private": 0, "password": null}, {"uploadtime": 1743260043, "id": "gen9vgc2025reggbo3-2330625927", "format": "[Gen 9] VGC 2025 Reg G (Bo3)", "players": ["BTK9696", "Rfriedrich16"], "rating": null, "private": 0, "password": null}, {"uploadtime": 1743259901, "id": "gen9vgc2025reggbo3-2330623817", "format": "[Gen 9] VGC 2025 Reg G (Bo3)", "players": ["TUIPK", "ThFang"], "rating": 1108, "private": 0, "password": null}, {"uploadtime": 1743259901, "id": "gen9vgc2025reggbo3-2330622084", "format": "[Gen 9] VGC 2025 Reg G (Bo3)", "players": ["zeyn-299", "deric lopez"], "rating": null, "private": 0, "password": null}, {"uploadtime": 1743259331, "id": "gen9vgc2025reggbo3-2330619037", "format": "[Gen 9] VGC 2025 Reg G (Bo3)", "players": ["werdzf", "werdz"], "rating": null, "private": 0, "password": null}, {"uploadtime": 1743259189, "id": "gen9vgc2025reggbo3-2330617467", "format": "[Gen 9] VGC 2025 Reg G (Bo3)", "players": ["carlitose", "gahleeboonda"], "rating": null, "private": 0, "password": null}, {"uploadtime": 1743259049, "id": "gen9vgc2025reggbo3-2330616776", "format": "[Gen 9] VGC 2025 Reg G (Bo3)", "players": ["ArisWAG", "D-scNSe"], "rating": 1077, "private": 0, "password": null}, {"uploadtime": 1743259047, "id": "gen9vgc2025reggbo3-2330617565", "format": "[Gen 9] VGC 2025 Reg G (Bo3)", "players": ["TALD56", "BTK9696"], "rating": 1221, "private": 0, "password": null}, {"uploadtime": 1743259047, "id": "gen9vgc2025reggbo3-2330617402", "format": "[Gen 9] VGC 2025 Reg G (Bo3)", "players": ["sdfghvxe", "Skyfoxteal"], "rating": 1091, "private": 0, "password": null}, {"uploadtime": 1743259047, "id": "gen9vgc2025reggbo3-2330616724", "format": "[Gen 9] VGC 2025 Reg G (Bo3)", "players": ["werdzf", "werdz"], "rating": null, "private": 0, "password": null}, {"uploadtime": 1743259047, "id": "gen9vgc2025reggbo3-2330616722", "format": "[Gen 9] VGC 2025 Reg G (Bo3)", "players": ["funnythekani", "Harshus"], "rating": null, "private": 0, "password": null}, {"uploadtime": 1743258958, "id": "gen9vgc2025reggbo3-2330616442", "format": "[Gen 9] VGC 2025 Reg G (Bo3)", "players": ["moroniclunatic", "bapdabo"], "rating": 1000, "private": 0, "password": null}, {"uploadtime": 1743258904, "id": "gen9vgc2025reggbo3-2330615885", "format": "[Gen 9] VGC 2025 Reg G (Bo3)", "players": ["sdfghvxe", "Skyfoxteal"], "rating": null, "private": 0, "password": null}, {"uploadtime": 1743258904, "id": "gen9vgc2025reggbo3-2330614763", "format": "[Gen 9] VGC 2025 Reg G (Bo3)", "players": ["carlitose", "gahleeboonda"], "rating": null, "private": 0, "password": null}, {"uploadtime": 1743258904, "id": "gen9vgc2025reggbo3-2330614459", "format": "[Gen 9] VGC 2025 Reg G (Bo3)", "players": ["Muttonhead", "N. Gunray"], "rating": null, "private": 0, "password": null}, {"uploadtime": 1743258875, "id": "gen9vgc2025reggbo3-2330614776", "format": "[Gen 9] VGC 2025 Reg G (Bo3)", "players": ["MarTekk", "FlareFromEs"], "rating": 1038, "private": 0, "password": null}, {"uploadtime": 1743258762, "id": "gen9vgc2025reggbo3-2330613675", "format": "[Gen 9] VGC 2025 Reg G (Bo3)", "players": ["KissMyAsthma416", "somarjo23"], "rating": null, "private": 0, "password": null}, {"uploadtime": 1743258762, "id": "gen9vgc2025reggbo3-2330613140", "format": "[Gen 9] VGC 2025 Reg G (Bo3)", "players": ["Leuco9", "JOka1000"], "rating": null, "private": 0, "password": null}, {"uploadtime": 1743258762, "id": "gen9vgc2025reggbo3-2330612527", "format": "[Gen 9] VGC 2025 Reg G (Bo3)", "players": ["bigbadbirdvgc", "ChezburgerVGC"], "rating": null, "private": 0, "password": null}, {"uploadtime": 1743258620, "id": "gen9vgc2025reggbo3-2330613701", "format": "[Gen 9] VGC 2025 Reg G (Bo3)", "players": ["pranavtattevarsha", "Jeshy420"], "rating": null, "private": 0, "password": null}, {"uploadtime": 1743258620, "id": "gen9vgc2025reggbo3-2330612618", "format": "[Gen 9] VGC 2025 Reg G (Bo3)", "players": ["doung yolph", "ZPanNucC1"], "rating": null, "private": 0, "password": null}, {"uploadtime": 1743258620, "id": "gen9vgc2025reggbo3-2330612332", "format": "[Gen 9] VGC 2025 Reg G (Bo3)", "players": ["funnythekani", "Harshus"], "rating": null, "private": 0, "password": null}]