[{"uploadtime": 1743316919, "id": "gen9vgc2025reggbo3-2331109466", "format": "[Gen 9] VGC 2025 Reg G (Bo3)", "players": ["DatGuyJimmeh", "GG=Groudon Gaming"], "rating": null, "private": 0, "password": null}, {"uploadtime": 1743316919, "id": "gen9vgc2025reggbo3-2331108113", "format": "[Gen 9] VGC 2025 Reg G (Bo3)", "players": ["rafe_model_k", "roykeenkennedy"], "rating": null, "private": 0, "password": null}, {"uploadtime": 1743316781, "id": "gen9vgc2025reggbo3-2331108439", "format": "[Gen 9] VGC 2025 Reg G (Bo3)", "players": ["pidgeooon", "jdanhyde"], "rating": null, "private": 0, "password": null}, {"uploadtime": 1743316781, "id": "gen9vgc2025reggbo3-2331107596", "format": "[Gen 9] VGC 2025 Reg G (Bo3)", "players": ["i love gumshoos", "funnythekani"], "rating": null, "private": 0, "password": null}, {"uploadtime": 1743316643, "id": "gen9vgc2025reggbo3-2331108686", "format": "[Gen 9] VGC 2025 Reg G (Bo3)", "players": ["loponite", "Dougtrio is bad"], "rating": null, "private": 0, "password": null}, {"uploadtime": 1743316643, "id": "gen9vgc2025reggbo3-2331107523", "format": "[Gen 9] VGC 2025 Reg G (Bo3)", "players": ["swarm", "myshirtisdirty"], "rating": null, "private": 0, "password": null}, {"uploadtime": 1743316643, "id": "gen9vgc2025reggbo3-2331107499", "format": "[Gen 9] VGC 2025 Reg G (Bo3)", "players": ["TheNotoriousA.B.G.", "Poopfromabutt"], "rating": null, "private": 0, "password": null}, {"uploadtime": 1743316519, "id": "gen9vgc2025reggbo3-2331109022", "format": "[Gen 9] VGC 2025 Reg G (Bo3)", "players": ["goonertaco58", "Risquin"], "rating": 1060, "private": 0, "password": null}, {"uploadtime": 1743316505, "id": "gen9vgc2025reggbo3-2331107487", "format": "[Gen 9] VGC 2025 Reg G (Bo3)", "players": ["EmanHeRo2.0", "Sowoift"], "rating": null, "private": 0, "password": null}, {"uploadtime": 1743316505, "id": "gen9vgc2025reggbo3-2331107437", "format": "[Gen 9] VGC 2025 Reg G (Bo3)", "players": ["Gworf", "Dougtrio is bad"], "rating": null, "private": 0, "password": null}, {"uploadtime": 1743316367, "id": "gen9vgc2025reggbo3-2331107040", "format": "[Gen 9] VGC 2025 Reg G (Bo3)", "players": ["Soratami", "capsian"], "rating": null, "private": 0, "password": null}, {"uploadtime": 1743316367, "id": "gen9vgc2025reggbo3-2331106952", "format": "[Gen 9] VGC 2025 Reg G (Bo3)", "players": ["Kevin7million", "RagCheese"], "rating": null, "private": 0, "password": null}, {"uploadtime": 1743316367, "id": "gen9vgc2025reggbo3-2331106815", "format": "[Gen 9] VGC 2025 Reg G (Bo3)", "players": ["wizzzpower", "DatGuyJimmeh"], "rating": null, "private": 0, "password": null}, {"uploadtime": 1743316367, "id": "gen9vgc2025reggbo3-2331106542", "format": "[Gen 9] VGC 2025 Reg G (Bo3)", "players": ["kurbweeee", "loponite"], "rating": null, "private": 0, "password": null}, {"uploadtime": 1743316367, "id": "gen9vgc2025reggbo3-2331106199", "format": "[Gen 9] VGC 2025 Reg G (Bo3)", "players": ["SayonaraJoJo", "lok_ee7"], "rating": null, "private": 0, "password": null}, {"uploadtime": 1743316367, "id": "gen9vgc2025reggbo3-2331105680", "format": "[Gen 9] VGC 2025 Reg G (Bo3)", "players": ["supadupahero", "i am saksham"], "rating": null, "private": 0, "password": null}, {"uploadtime": 1743316367, "id": "gen9vgc2025reggbo3-2331105488", "format": "[Gen 9] VGC 2025 Reg G (Bo3)", "players": ["werdzf", "werdz"], "rating": null, "private": 0, "password": null}, {"uploadtime": 1743316091, "id": "gen9vgc2025reggbo3-2331105579", "format": "[Gen 9] VGC 2025 Reg G (Bo3)", "players": ["kurbweeee", "tmart282"], "rating": 1033, "private": 0, "password": null}, {"uploadtime": 1743316091, "id": "gen9vgc2025reggbo3-2331104892", "format": "[Gen 9] VGC 2025 Reg G (Bo3)", "players": ["ShadowTriad Lazer", "MF DOOM 69"], "rating": null, "private": 0, "password": null}, {"uploadtime": 1743316091, "id": "gen9vgc2025reggbo3-2331104772", "format": "[Gen 9] VGC 2025 Reg G (Bo3)", "players": ["rafe_model_k", "swarm"], "rating": null, "private": 0, "password": null}, {"uploadtime": 1743315953, "id": "gen9vgc2025reggbo3-2331103976", "format": "[Gen 9] VGC 2025 Reg G (Bo3)", "players": ["bgor", "ushitsune"], "rating": null, "private": 0, "password": null}, {"uploadtime": 1743315953, "id": "gen9vgc2025reggbo3-2331103300", "format": "[Gen 9] VGC 2025 Reg G (Bo3)", "players": ["supadupahero", "i am saksham"], "rating": null, "private": 0, "password": null}, {"uploadtime": 1743315815, "id": "gen9vgc2025reggbo3-2331103690", "format": "[Gen 9] VGC 2025 Reg G (Bo3)", "players": ["ShadowTriad Lazer", "MF DOOM 69"], "rating": null, "private": 0, "password": null}, {"uploadtime": 1743315815, "id": "gen9vgc2025reggbo3-2331103523", "format": "[Gen 9] VGC 2025 Reg G (Bo3)", "players": ["kdan_7", "Dougtrio is bad"], "rating": null, "private": 0, "password": null}, {"uploadtime": 1743315815, "id": "gen9vgc2025reggbo3-2331102938", "format": "[Gen 9] VGC 2025 Reg G (Bo3)", "players": ["Gworf", "Joelito22"], "rating": null, "private": 0, "password": null}, {"uploadtime": 1743315677, "id": "gen9vgc2025reggbo3-2331102901", "format": "[Gen 9] VGC 2025 Reg G (Bo3)", "players": ["bgor", "ushitsune"], "rating": null, "private": 0, "password": null}, {"uploadtime": 1743315588, "id": "gen9vgc2025reggbo3-2331104521", "format": "[Gen 9] VGC 2025 Reg G (Bo3)", "players": ["kdan_7", "Dougtrio is bad"], "rating": 1155, "private": 0, "password": null}, {"uploadtime": 1743315539, "id": "gen9vgc2025reggbo3-2331101502", "format": "[Gen 9] VGC 2025 Reg G (Bo3)", "players": ["DamEdge", "EmanHeRo2.0"], "rating": null, "private": 0, "password": null}, {"uploadtime": 1743315539, "id": "gen9vgc2025reggbo3-2331101048", "format": "[Gen 9] VGC 2025 Reg G (Bo3)", "players": ["cargobobb", "dryteepig"], "rating": null, "private": 0, "password": null}, {"uploadtime": 1743315539, "id": "gen9vgc2025reggbo3-2331100704", "format": "[Gen 9] VGC 2025 Reg G (Bo3)", "players": ["Gworf", "Joelito22"], "rating": null, "private": 0, "password": null}, {"uploadtime": 1743315401, "id": "gen9vgc2025reggbo3-2331101733", "format": "[Gen 9] VGC 2025 Reg G (Bo3)", "players": ["funnythekani", "SayonaraJoJo"], "rating": 1039, "private": 0, "password": null}, {"uploadtime": 1743315401, "id": "gen9vgc2025reggbo3-2331101581", "format": "[Gen 9] VGC 2025 Reg G (Bo3)", "players": ["MF DOOM 69", "Dougtrio is bad"], "rating": null, "private": 0, "password": null}, {"uploadtime": 1743315401, "id": "gen9vgc2025reggbo3-2331101536", "format": "[Gen 9] VGC 2025 Reg G (Bo3)", "players": ["Skylaroooh", "CarthageisBurning"], "rating": 1104, "private": 0, "password": null}, {"uploadtime": 1743315263, "id": "gen9vgc2025reggbo3-2331100363", "format": "[Gen 9] VGC 2025 Reg G (Bo3)", "players": ["GG=Groudon Gaming", "BreadPudding248"], "rating": null, "private": 0, "password": null}, {"uploadtime": 1743315192, "id": "gen9vgc2025reggbo3-2331100829", "format": "[Gen 9] VGC 2025 Reg G (Bo3)", "players": ["bgor", "katfishfilet"], "rating": 1219, "private": 0, "password": null}, {"uploadtime": 1743315125, "id": "gen9vgc2025reggbo3-2331099971", "format": "[Gen 9] VGC 2025 Reg G (Bo3)", "players": ["kanucks25", "leltrell"], "rating": null, "private": 0, "password": null}, {"uploadtime": 1743315125, "id": "gen9vgc2025reggbo3-2331099926", "format": "[Gen 9] VGC 2025 Reg G (Bo3)", "players": ["LeonardPlayz", "Dragannia"], "rating": null, "private": 0, "password": null}, {"uploadtime": 1743315125, "id": "gen9vgc2025reggbo3-2331099627", "format": "[Gen 9] VGC 2025 Reg G (Bo3)", "players": ["DamEdge", "EmanHeRo2.0"], "rating": null, "private": 0, "password": null}, {"uploadtime": 1743315125, "id": "gen9vgc2025reggbo3-2331099068", "format": "[Gen 9] VGC 2025 Reg G (Bo3)", "players": ["123Ayan", "ronmm14"], "rating": null, "private": 0, "password": null}, {"uploadtime": 1743315125, "id": "gen9vgc2025reggbo3-2331098250", "format": "[Gen 9] VGC 2025 Reg G (Bo3)", "players": ["Doofusburger666", "ushitsune"], "rating": null, "private": 0, "password": null}, {"uploadtime": 1743315125, "id": "gen9vgc2025reggbo3-2331097966", "format": "[Gen 9] VGC 2025 Reg G (Bo3)", "players": ["Dktdragon", "wizzzpower"], "rating": null, "private": 0, "password": null}, {"uploadtime": 1743315009, "id": "gen9vgc2025reggbo3-2331098975", "format": "[Gen 9] VGC 2025 Reg G (Bo3)", "players": ["agun76", "Hjmane"], "rating": null, "private": 0, "password": null}, {"uploadtime": 1743314987, "id": "gen9vgc2025reggbo3-2331098552", "format": "[Gen 9] VGC 2025 Reg G (Bo3)", "players": ["DamEdge", "Blapit"], "rating": null, "private": 0, "password": null}, {"uploadtime": 1743314987, "id": "gen9vgc2025reggbo3-2331098187", "format": "[Gen 9] VGC 2025 Reg G (Bo3)", "players": ["marshalllee2x", "i love gumshoos"], "rating": null, "private": 0, "password": null}, {"uploadtime": 1743314849, "id": "gen9vgc2025reggbo3-2331098045", "format": "[Gen 9] VGC 2025 Reg G (Bo3)", "players": ["ido1234567890", "Dragannia"], "rating": null, "private": 0, "password": null}, {"uploadtime": 1743314849, "id": "gen9vgc2025reggbo3-2331097798", "format": "[Gen 9] VGC 2025 Reg G (Bo3)", "players": ["funnythekani", "mobikBlock"], "rating": 1051, "private": 0, "password": null}, {"uploadtime": 1743314840, "id": "gen9vgc2025reggbo3-2331099690", "format": "[Gen 9] VGC 2025 Reg G (Bo3)", "players": ["bgor", "katfishfilet"], "rating": null, "private": 0, "password": null}, {"uploadtime": 1743314711, "id": "gen9vgc2025reggbo3-2331097235", "format": "[Gen 9] VGC 2025 Reg G (Bo3)", "players": ["WilfredVGC", "leltrell"], "rating": null, "private": 0, "password": null}, {"uploadtime": 1743314711, "id": "gen9vgc2025reggbo3-2331096785", "format": "[Gen 9] VGC 2025 Reg G (Bo3)", "players": ["Joelito22", "i am saksham"], "rating": null, "private": 0, "password": null}, {"uploadtime": 1743314711, "id": "gen9vgc2025reggbo3-2331096555", "format": "[Gen 9] VGC 2025 Reg G (Bo3)", "players": ["marshalllee2x", "i love gumshoos"], "rating": null, "private": 0, "password": null}, {"uploadtime": 1743314711, "id": "gen9vgc2025reggbo3-2331096149", "format": "[Gen 9] VGC 2025 Reg G (Bo3)", "players": ["Lazaro/shawdown", "goonertaco58"], "rating": null, "private": 0, "password": null}]