[{"uploadtime": 1743231958, "id": "gen9vgc2025reggbo3-2330460453", "format": "[Gen 9] VGC 2025 Reg G (Bo3)", "players": ["pokemasterz461", "biglivingorganism"], "rating": null, "private": 0, "password": null}, {"uploadtime": 1743231871, "id": "gen9vgc2025reggbo3-2330458483", "format": "[Gen 9] VGC 2025 Reg G (Bo3)", "players": ["raucho", "dakotaviolence_"], "rating": null, "private": 0, "password": null}, {"uploadtime": 1743231871, "id": "gen9vgc2025reggbo3-2330458284", "format": "[Gen 9] VGC 2025 Reg G (Bo3)", "players": ["prumbas", "Skibididdy oil"], "rating": null, "private": 0, "password": null}, {"uploadtime": 1743231871, "id": "gen9vgc2025reggbo3-2330457299", "format": "[Gen 9] VGC 2025 Reg G (Bo3)", "players": ["Pie1224", "Asmodeo666"], "rating": null, "private": 0, "password": null}, {"uploadtime": 1743231682, "id": "gen9vgc2025reggbo3-2330458837", "format": "[Gen 9] VGC 2025 Reg G (Bo3)", "players": ["pokemasterz461", "biglivingorganism"], "rating": null, "private": 0, "password": null}, {"uploadtime": 1743231589, "id": "gen9vgc2025reggbo3-2330457450", "format": "[Gen 9] VGC 2025 Reg G (Bo3)", "players": ["angelicangel12", "rphoenix_blaze"], "rating": null, "private": 0, "password": null}, {"uploadtime": 1743231589, "id": "gen9vgc2025reggbo3-2330455797", "format": "[Gen 9] VGC 2025 Reg G (Bo3)", "players": ["Velcraura2", "Winna2"], "rating": null, "private": 0, "password": null}, {"uploadtime": 1743231447, "id": "gen9vgc2025reggbo3-2330456951", "format": "[Gen 9] VGC 2025 Reg G (Bo3)", "players": ["useless0o0", "belac121"], "rating": null, "private": 0, "password": null}, {"uploadtime": 1743231447, "id": "gen9vgc2025reggbo3-2330456744", "format": "[Gen 9] VGC 2025 Reg G (Bo3)", "players": ["bodega8", "Calisscrewed"], "rating": null, "private": 0, "password": null}, {"uploadtime": 1743231447, "id": "gen9vgc2025reggbo3-2330456447", "format": "[Gen 9] VGC 2025 Reg G (Bo3)", "players": ["BreadPudding248", "Just a Minus"], "rating": null, "private": 0, "password": null}, {"uploadtime": 1743231447, "id": "gen9vgc2025reggbo3-2330456049", "format": "[Gen 9] VGC 2025 Reg G (Bo3)", "players": ["enyelvgc", "biglivingorganism"], "rating": null, "private": 0, "password": null}, {"uploadtime": 1743231373, "id": "gen9vgc2025reggbo3-2330458150", "format": "[Gen 9] VGC 2025 Reg G (Bo3)", "players": ["angelicangel12", "rphoenix_blaze"], "rating": 1407, "private": 0, "password": null}, {"uploadtime": 1743231350, "id": "gen9vgc2025reggbo3-2330457546", "format": "[Gen 9] VGC 2025 Reg G (Bo3)", "players": ["pokemasterz461", "MobiusVGC"], "rating": 1230, "private": 0, "password": null}, {"uploadtime": 1743231165, "id": "gen9vgc2025reggbo3-2330455815", "format": "[Gen 9] VGC 2025 Reg G (Bo3)", "players": ["thischarmingvgcalt", "PokeDokuVGC"], "rating": null, "private": 0, "password": null}, {"uploadtime": 1743231165, "id": "gen9vgc2025reggbo3-2330455019", "format": "[Gen 9] VGC 2025 Reg G (Bo3)", "players": ["enyelvgc", "biglivingorganism"], "rating": null, "private": 0, "password": null}, {"uploadtime": 1743231075, "id": "gen9vgc2025reggbo3-2330456228", "format": "[Gen 9] VGC 2025 Reg G (Bo3)", "players": ["pokemasterz461", "MobiusVGC"], "rating": null, "private": 0, "password": null}, {"uploadtime": 1743231024, "id": "gen9vgc2025reggbo3-2330454144", "format": "[Gen 9] VGC 2025 Reg G (Bo3)", "players": ["ltnfsbusy", "HighAse"], "rating": null, "private": 0, "password": null}, {"uploadtime": 1743230883, "id": "gen9vgc2025reggbo3-2330454301", "format": "[Gen 9] VGC 2025 Reg G (Bo3)", "players": ["Gniqknaime", "miku snow"], "rating": 1019, "private": 0, "password": null}, {"uploadtime": 1743230883, "id": "gen9vgc2025reggbo3-2330453168", "format": "[Gen 9] VGC 2025 Reg G (Bo3)", "players": ["Soratami", "Vylerean"], "rating": null, "private": 0, "password": null}, {"uploadtime": 1743230882, "id": "gen9vgc2025reggbo3-2330453514", "format": "[Gen 9] VGC 2025 Reg G (Bo3)", "players": ["cly665", "GG=Groudon Gaming"], "rating": null, "private": 0, "password": null}, {"uploadtime": 1743230741, "id": "gen9vgc2025reggbo3-2330453674", "format": "[Gen 9] VGC 2025 Reg G (Bo3)", "players": ["i was stargazing", "Cheesey027"], "rating": null, "private": 0, "password": null}, {"uploadtime": 1743230741, "id": "gen9vgc2025reggbo3-2330453247", "format": "[Gen 9] VGC 2025 Reg G (Bo3)", "players": ["Maxdeese98", "Mongoos19"], "rating": null, "private": 0, "password": null}, {"uploadtime": 1743230600, "id": "gen9vgc2025reggbo3-2330452540", "format": "[Gen 9] VGC 2025 Reg G (Bo3)", "players": ["prumbas", "beavedawg"], "rating": null, "private": 0, "password": null}, {"uploadtime": 1743230600, "id": "gen9vgc2025reggbo3-2330452055", "format": "[Gen 9] VGC 2025 Reg G (Bo3)", "players": ["Soratami", "Vylerean"], "rating": null, "private": 0, "password": null}, {"uploadtime": 1743230513, "id": "gen9vgc2025reggbo3-2330453153", "format": "[Gen 9] VGC 2025 Reg G (Bo3)", "players": ["starbreeze12", "freshveggies2"], "rating": null, "private": 0, "password": null}, {"uploadtime": 1743230506, "id": "gen9vgc2025reggbo3-2330451883", "format": "[Gen 9] VGC 2025 Reg G (Bo3)", "players": ["starbreeze12", "freshveggies2"], "rating": null, "private": 0, "password": null}, {"uploadtime": 1743230470, "id": "gen9vgc2025reggbo3-2330453020", "format": "[Gen 9] VGC 2025 Reg G (Bo3)", "players": ["BreadPudding248", "Zen1996-VGC"], "rating": 1505, "private": 0, "password": null}, {"uploadtime": 1743230459, "id": "gen9vgc2025reggbo3-2330451761", "format": "[Gen 9] VGC 2025 Reg G (Bo3)", "players": ["Calisscrewed", "Makubiku"], "rating": null, "private": 0, "password": null}, {"uploadtime": 1743230459, "id": "gen9vgc2025reggbo3-2330451537", "format": "[Gen 9] VGC 2025 Reg G (Bo3)", "players": ["EnchantDark", "Silent Whisp"], "rating": null, "private": 0, "password": null}, {"uploadtime": 1743230459, "id": "gen9vgc2025reggbo3-2330451215", "format": "[Gen 9] VGC 2025 Reg G (Bo3)", "players": ["arce3108", "conejomalo mot"], "rating": null, "private": 0, "password": null}, {"uploadtime": 1743230459, "id": "gen9vgc2025reggbo3-2330451097", "format": "[Gen 9] VGC 2025 Reg G (Bo3)", "players": ["xXBMillsXx7", "HighAse"], "rating": null, "private": 0, "password": null}, {"uploadtime": 1743230458, "id": "gen9vgc2025reggbo3-2330451912", "format": "[Gen 9] VGC 2025 Reg G (Bo3)", "players": ["BreadPudding248", "Zen1996-VGC"], "rating": null, "private": 0, "password": null}, {"uploadtime": 1743230318, "id": "gen9vgc2025reggbo3-2330450986", "format": "[Gen 9] VGC 2025 Reg G (Bo3)", "players": ["Calisscrewed", "Makubiku"], "rating": null, "private": 0, "password": null}, {"uploadtime": 1743230318, "id": "gen9vgc2025reggbo3-2330450803", "format": "[Gen 9] VGC 2025 Reg G (Bo3)", "players": ["starbreeze12", "freshveggies2"], "rating": null, "private": 0, "password": null}, {"uploadtime": 1743230318, "id": "gen9vgc2025reggbo3-2330450748", "format": "[Gen 9] VGC 2025 Reg G (Bo3)", "players": ["BreadPudding248", "Zen1996-VGC"], "rating": null, "private": 0, "password": null}, {"uploadtime": 1743230177, "id": "gen9vgc2025reggbo3-2330450704", "format": "[Gen 9] VGC 2025 Reg G (Bo3)", "players": ["miku snow", "Maxdeese98"], "rating": null, "private": 0, "password": null}, {"uploadtime": 1743230035, "id": "gen9vgc2025reggbo3-2330449708", "format": "[Gen 9] VGC 2025 Reg G (Bo3)", "players": ["Picha101", "EnchantDark"], "rating": 1056, "private": 0, "password": null}, {"uploadtime": 1743230035, "id": "gen9vgc2025reggbo3-2330448849", "format": "[Gen 9] VGC 2025 Reg G (Bo3)", "players": ["arce3108", "conejomalo mot"], "rating": null, "private": 0, "password": null}, {"uploadtime": 1743230035, "id": "gen9vgc2025reggbo3-2330448590", "format": "[Gen 9] VGC 2025 Reg G (Bo3)", "players": ["miku snow", "yrusg"], "rating": 1088, "private": 0, "password": null}, {"uploadtime": 1743229882, "id": "gen9vgc2025reggbo3-2330450315", "format": "[Gen 9] VGC 2025 Reg G (Bo3)", "players": ["Pie1224", "bongbong97"], "rating": 1149, "private": 0, "password": null}, {"uploadtime": 1743229875, "id": "gen9vgc2025reggbo3-2330448471", "format": "[Gen 9] VGC 2025 Reg G (Bo3)", "players": ["Pie1224", "bongbong97"], "rating": null, "private": 0, "password": null}, {"uploadtime": 1743229856, "id": "gen9vgc2025reggbo3-2330450248", "format": "[Gen 9] VGC 2025 Reg G (Bo3)", "players": ["Etrale", "dikvandijk"], "rating": 1212, "private": 0, "password": null}, {"uploadtime": 1743229850, "id": "gen9vgc2025reggbo3-2330449481", "format": "[Gen 9] VGC 2025 Reg G (Bo3)", "players": ["Etrale", "dikvandijk"], "rating": null, "private": 0, "password": null}, {"uploadtime": 1743229842, "id": "gen9vgc2025reggbo3-2330448333", "format": "[Gen 9] VGC 2025 Reg G (Bo3)", "players": ["Etrale", "dikvandijk"], "rating": null, "private": 0, "password": null}, {"uploadtime": 1743229736, "id": "gen9vgc2025reggbo3-2330447899", "format": "[Gen 9] VGC 2025 Reg G (Bo3)", "players": ["BreadPudding248", "RamenOuO"], "rating": 1385, "private": 0, "password": null}, {"uploadtime": 1743229611, "id": "gen9vgc2025reggbo3-2330446656", "format": "[Gen 9] VGC 2025 Reg G (Bo3)", "players": ["tiapoops", "perish dude"], "rating": null, "private": 0, "password": null}, {"uploadtime": 1743229608, "id": "gen9vgc2025reggbo3-2330448311", "format": "[Gen 9] VGC 2025 Reg G (Bo3)", "players": ["Alecat", "Rg67"], "rating": 1225, "private": 0, "password": null}, {"uploadtime": 1743229470, "id": "gen9vgc2025reggbo3-2330447198", "format": "[Gen 9] VGC 2025 Reg G (Bo3)", "players": ["BreadPudding248", "RamenOuO"], "rating": null, "private": 0, "password": null}, {"uploadtime": 1743229470, "id": "gen9vgc2025reggbo3-2330446599", "format": "[Gen 9] VGC 2025 Reg G (Bo3)", "players": ["Velcraura2", "NoGuessing"], "rating": null, "private": 0, "password": null}, {"uploadtime": 1743229470, "id": "gen9vgc2025reggbo3-2330445562", "format": "[Gen 9] VGC 2025 Reg G (Bo3)", "players": ["TheHustlerKid", "Makubiku"], "rating": null, "private": 0, "password": null}, {"uploadtime": 1743229392, "id": "gen9vgc2025reggbo3-2330448013", "format": "[Gen 9] VGC 2025 Reg G (Bo3)", "players": ["Keemi", "atlanta13251351"], "rating": 1161, "private": 0, "password": null}]