[{"uploadtime": 1743429108, "id": "gen9vgc2025reggbo3-2331968382", "format": "[Gen 9] VGC 2025 Reg G (Bo3)", "players": ["yuirs gsb", "popthorn9"], "rating": null, "private": 0, "password": null}, {"uploadtime": 1743429108, "id": "gen9vgc2025reggbo3-2331968197", "format": "[Gen 9] VGC 2025 Reg G (Bo3)", "players": ["Melicerte", "maikerou"], "rating": 1065, "private": 0, "password": null}, {"uploadtime": 1743429061, "id": "gen9vgc2025reggbo3-2331970402", "format": "[Gen 9] VGC 2025 Reg G (Bo3)", "players": ["Volanr", "upchicken"], "rating": 1469, "private": 0, "password": null}, {"uploadtime": 1743429050, "id": "gen9vgc2025reggbo3-2331968775", "format": "[Gen 9] VGC 2025 Reg G (Bo3)", "players": ["Volanr", "upchicken"], "rating": null, "private": 0, "password": null}, {"uploadtime": 1743428969, "id": "gen9vgc2025reggbo3-2331968272", "format": "[Gen 9] VGC 2025 Reg G (Bo3)", "players": ["rye akai", "mil0battles"], "rating": null, "private": 0, "password": null}, {"uploadtime": 1743428969, "id": "gen9vgc2025reggbo3-2331967313", "format": "[Gen 9] VGC 2025 Reg G (Bo3)", "players": ["alex_vgc_ready", "huatuankhoa"], "rating": null, "private": 0, "password": null}, {"uploadtime": 1743428969, "id": "gen9vgc2025reggbo3-2331966661", "format": "[Gen 9] VGC 2025 Reg G (Bo3)", "players": ["JuanMKB", "idiot5000"], "rating": null, "private": 0, "password": null}, {"uploadtime": 1743428969, "id": "gen9vgc2025reggbo3-2331966413", "format": "[Gen 9] VGC 2025 Reg G (Bo3)", "players": ["Tedi2002", "yo0DaA1"], "rating": null, "private": 0, "password": null}, {"uploadtime": 1743428882, "id": "gen9vgc2025reggbo3-2331965974", "format": "[Gen 9] VGC 2025 Reg G (Bo3)", "players": ["pabloblo", "ketertitanarmadio"], "rating": 1436, "private": 0, "password": null}, {"uploadtime": 1743428793, "id": "gen9vgc2025reggbo3-2331966847", "format": "[Gen 9] VGC 2025 Reg G (Bo3)", "players": ["kirans", "pietrofiero"], "rating": null, "private": 0, "password": null}, {"uploadtime": 1743428692, "id": "gen9vgc2025reggbo3-2331964344", "format": "[Gen 9] VGC 2025 Reg G (Bo3)", "players": ["JuanMKB", "idiot5000"], "rating": null, "private": 0, "password": null}, {"uploadtime": 1743428692, "id": "gen9vgc2025reggbo3-2331964223", "format": "[Gen 9] VGC 2025 Reg G (Bo3)", "players": ["Jkspaceferret", "mixontokoxx"], "rating": null, "private": 0, "password": null}, {"uploadtime": 1743428692, "id": "gen9vgc2025reggbo3-2331963846", "format": "[Gen 9] VGC 2025 Reg G (Bo3)", "players": ["pabloblo", "ketertitanarmadio"], "rating": null, "private": 0, "password": null}, {"uploadtime": 1743428692, "id": "gen9vgc2025reggbo3-2331963354", "format": "[Gen 9] VGC 2025 Reg G (Bo3)", "players": ["asummasu", "fili53"], "rating": null, "private": 0, "password": null}, {"uploadtime": 1743428692, "id": "gen9vgc2025reggbo3-2331962690", "format": "[Gen 9] VGC 2025 Reg G (Bo3)", "players": ["AndreaHeartz", "Geracles91"], "rating": null, "private": 0, "password": null}, {"uploadtime": 1743428575, "id": "gen9vgc2025reggbo3-2331964852", "format": "[Gen 9] VGC 2025 Reg G (Bo3)", "players": ["colonelmcflurry", "moth.o"], "rating": 1356, "private": 0, "password": null}, {"uploadtime": 1743428554, "id": "gen9vgc2025reggbo3-2331963805", "format": "[Gen 9] VGC 2025 Reg G (Bo3)", "players": ["uxieing", "mil0battles"], "rating": null, "private": 0, "password": null}, {"uploadtime": 1743428554, "id": "gen9vgc2025reggbo3-2331962860", "format": "[Gen 9] VGC 2025 Reg G (Bo3)", "players": ["yuirs gsb", "KaanGTC"], "rating": null, "private": 0, "password": null}, {"uploadtime": 1743428554, "id": "gen9vgc2025reggbo3-2331962718", "format": "[Gen 9] VGC 2025 Reg G (Bo3)", "players": ["Calisscrewed", "Nuburu"], "rating": null, "private": 0, "password": null}, {"uploadtime": 1743428554, "id": "gen9vgc2025reggbo3-2331962070", "format": "[Gen 9] VGC 2025 Reg G (Bo3)", "players": ["uxieing", "mil0battles"], "rating": null, "private": 0, "password": null}, {"uploadtime": 1743428554, "id": "gen9vgc2025reggbo3-2331962062", "format": "[Gen 9] VGC 2025 Reg G (Bo3)", "players": ["colonelmcflurry", "moth.o"], "rating": null, "private": 0, "password": null}, {"uploadtime": 1743428554, "id": "gen9vgc2025reggbo3-2331961756", "format": "[Gen 9] VGC 2025 Reg G (Bo3)", "players": ["PokeDavide", "Zarroc1994"], "rating": null, "private": 0, "password": null}, {"uploadtime": 1743428554, "id": "gen9vgc2025reggbo3-2331961485", "format": "[Gen 9] VGC 2025 Reg G (Bo3)", "players": ["Nickey45", "rye akai"], "rating": null, "private": 0, "password": null}, {"uploadtime": 1743428542, "id": "gen9vgc2025reggbo3-2331963833", "format": "[Gen 9] VGC 2025 Reg G (Bo3)", "players": ["kirans", "pietrofiero"], "rating": null, "private": 0, "password": null}, {"uploadtime": 1743428277, "id": "gen9vgc2025reggbo3-2331960694", "format": "[Gen 9] VGC 2025 Reg G (Bo3)", "players": ["Le P VGC", "Fluffym1n"], "rating": null, "private": 0, "password": null}, {"uploadtime": 1743428277, "id": "gen9vgc2025reggbo3-2331959181", "format": "[Gen 9] VGC 2025 Reg G (Bo3)", "players": ["Digitalium", "i love gumshoos"], "rating": 1047, "private": 0, "password": null}, {"uploadtime": 1743428219, "id": "gen9vgc2025reggbo3-2331959727", "format": "[Gen 9] VGC 2025 Reg G (Bo3)", "players": ["kirans", "pietrofiero"], "rating": null, "private": 0, "password": null}, {"uploadtime": 1743428138, "id": "gen9vgc2025reggbo3-2331958707", "format": "[Gen 9] VGC 2025 Reg G (Bo3)", "players": ["AndreaHeartz", "the_Sam3560"], "rating": null, "private": 0, "password": null}, {"uploadtime": 1743428100, "id": "gen9vgc2025reggbo3-2331959734", "format": "[Gen 9] VGC 2025 Reg G (Bo3)", "players": ["Junseville", "FireRedzzz"], "rating": 1365, "private": 0, "password": null}, {"uploadtime": 1743428035, "id": "gen9vgc2025reggbo3-2331958521", "format": "[Gen 9] VGC 2025 Reg G (Bo3)", "players": ["moth.o", "Louffytarau"], "rating": 1372, "private": 0, "password": null}, {"uploadtime": 1743428000, "id": "gen9vgc2025reggbo3-2331958130", "format": "[Gen 9] VGC 2025 Reg G (Bo3)", "players": ["milagrii", "Calisscrewed"], "rating": 1198, "private": 0, "password": null}, {"uploadtime": 1743428000, "id": "gen9vgc2025reggbo3-2331957367", "format": "[Gen 9] VGC 2025 Reg G (Bo3)", "players": ["tzback", "Fluffym1n"], "rating": null, "private": 0, "password": null}, {"uploadtime": 1743428000, "id": "gen9vgc2025reggbo3-2331956978", "format": "[Gen 9] VGC 2025 Reg G (Bo3)", "players": ["uyghtrugbut", "yuirs gsb"], "rating": 1097, "private": 0, "password": null}, {"uploadtime": 1743427861, "id": "gen9vgc2025reggbo3-2331954829", "format": "[Gen 9] VGC 2025 Reg G (Bo3)", "players": ["moth.o", "Louffytarau"], "rating": null, "private": 0, "password": null}, {"uploadtime": 1743427837, "id": "gen9vgc2025reggbo3-2331957038", "format": "[Gen 9] VGC 2025 Reg G (Bo3)", "players": ["Junseville", "FireRedzzz"], "rating": null, "private": 0, "password": null}, {"uploadtime": 1743427787, "id": "gen9vgc2025reggbo3-2331955208", "format": "[Gen 9] VGC 2025 Reg G (Bo3)", "players": ["LeonardPlayz", "grounddegree125"], "rating": null, "private": 0, "password": null}, {"uploadtime": 1743427723, "id": "gen9vgc2025reggbo3-2331954129", "format": "[Gen 9] VGC 2025 Reg G (Bo3)", "players": ["Melicerte", "khoi th"], "rating": null, "private": 0, "password": null}, {"uploadtime": 1743427723, "id": "gen9vgc2025reggbo3-2331954110", "format": "[Gen 9] VGC 2025 Reg G (Bo3)", "players": ["uyghtrugbut", "yuirs gsb"], "rating": null, "private": 0, "password": null}, {"uploadtime": 1743427723, "id": "gen9vgc2025reggbo3-2331954076", "format": "[Gen 9] VGC 2025 Reg G (Bo3)", "players": ["Jkspaceferret", "JuanMKB"], "rating": null, "private": 0, "password": null}, {"uploadtime": 1743427723, "id": "gen9vgc2025reggbo3-2331951767", "format": "[Gen 9] VGC 2025 Reg G (Bo3)", "players": ["Nickey45", "VoiSimp"], "rating": null, "private": 0, "password": null}, {"uploadtime": 1743427584, "id": "gen9vgc2025reggbo3-2331952529", "format": "[Gen 9] VGC 2025 Reg G (Bo3)", "players": ["Gyaradostyranitar", "pabloblo"], "rating": null, "private": 0, "password": null}, {"uploadtime": 1743427584, "id": "gen9vgc2025reggbo3-2331951973", "format": "[Gen 9] VGC 2025 Reg G (Bo3)", "players": ["bluegrapess", "Astral enjoyer"], "rating": null, "private": 0, "password": null}, {"uploadtime": 1743427571, "id": "gen9vgc2025reggbo3-2331954716", "format": "[Gen 9] VGC 2025 Reg G (Bo3)", "players": ["Junseville", "FireRedzzz"], "rating": null, "private": 0, "password": null}, {"uploadtime": 1743427446, "id": "gen9vgc2025reggbo3-2331951503", "format": "[Gen 9] VGC 2025 Reg G (Bo3)", "players": ["Melicerte", "khoi th"], "rating": null, "private": 0, "password": null}, {"uploadtime": 1743427446, "id": "gen9vgc2025reggbo3-2331950971", "format": "[Gen 9] VGC 2025 Reg G (Bo3)", "players": ["Elektrosteff", "Yuri 134"], "rating": null, "private": 0, "password": null}, {"uploadtime": 1743427346, "id": "gen9vgc2025reggbo3-2331952246", "format": "[Gen 9] VGC 2025 Reg G (Bo3)", "players": ["BundleUpItsCold", "ProtectPartingShot"], "rating": null, "private": 0, "password": null}, {"uploadtime": 1743427340, "id": "gen9vgc2025reggbo3-2331949626", "format": "[Gen 9] VGC 2025 Reg G (Bo3)", "players": ["BundleUpItsCold", "ProtectPartingShot"], "rating": null, "private": 0, "password": null}, {"uploadtime": 1743427329, "id": "gen9vgc2025reggbo3-2331945406", "format": "[Gen 9] VGC 2025 Reg G (Bo3)", "players": ["BundleUpItsCold", "ProtectPartingShot"], "rating": null, "private": 0, "password": null}, {"uploadtime": 1743427308, "id": "gen9vgc2025reggbo3-2331951441", "format": "[Gen 9] VGC 2025 Reg G (Bo3)", "players": ["Millicay", "LXT0509"], "rating": null, "private": 0, "password": null}, {"uploadtime": 1743427308, "id": "gen9vgc2025reggbo3-2331950133", "format": "[Gen 9] VGC 2025 Reg G (Bo3)", "players": ["alphak1403", "rysler NYU"], "rating": null, "private": 0, "password": null}, {"uploadtime": 1743427169, "id": "gen9vgc2025reggbo3-2331948322", "format": "[Gen 9] VGC 2025 Reg G (Bo3)", "players": ["DarkZPichuZ", "sirwilliamssb"], "rating": null, "private": 0, "password": null}]