[{"uploadtime": 1743356041, "id": "gen9vgc2025reggbo3-2331369125", "format": "[Gen 9] VGC 2025 Reg G (Bo3)", "players": ["pixelfx", "nathan2_b"], "rating": null, "private": 0, "password": null}, {"uploadtime": 1743356035, "id": "gen9vgc2025reggbo3-2331369520", "format": "[Gen 9] VGC 2025 Reg G (Bo3)", "players": ["gurupatak2", "BWPMimi4u"], "rating": 1051, "private": 0, "password": null}, {"uploadtime": 1743355964, "id": "gen9vgc2025reggbo3-2331368446", "format": "[Gen 9] VGC 2025 Reg G (Bo3)", "players": ["Harmcharm", "gephicka"], "rating": null, "private": 0, "password": null}, {"uploadtime": 1743355916, "id": "gen9vgc2025reggbo3-2331366608", "format": "[Gen 9] VGC 2025 Reg G (Bo3)", "players": ["systemsolo", "lok_ee7"], "rating": null, "private": 0, "password": null}, {"uploadtime": 1743355916, "id": "gen9vgc2025reggbo3-2331366072", "format": "[Gen 9] VGC 2025 Reg G (Bo3)", "players": ["Talos2b A.G.", "CACHUMBO"], "rating": 1089, "private": 0, "password": null}, {"uploadtime": 1743355916, "id": "gen9vgc2025reggbo3-2331365598", "format": "[Gen 9] VGC 2025 Reg G (Bo3)", "players": ["Sangyforever", "bowserx19"], "rating": 1218, "private": 0, "password": null}, {"uploadtime": 1743355916, "id": "gen9vgc2025reggbo3-2331365180", "format": "[Gen 9] VGC 2025 Reg G (Bo3)", "players": ["ban_quaquaval", "supadupahero"], "rating": null, "private": 0, "password": null}, {"uploadtime": 1743355916, "id": "gen9vgc2025reggbo3-2331365100", "format": "[Gen 9] VGC 2025 Reg G (Bo3)", "players": ["argaming213dk", "Matyel2030"], "rating": null, "private": 0, "password": null}, {"uploadtime": 1743355860, "id": "gen9vgc2025reggbo3-2331367362", "format": "[Gen 9] VGC 2025 Reg G (Bo3)", "players": ["gurupatak2", "BWPMimi4u"], "rating": null, "private": 0, "password": null}, {"uploadtime": 1743355778, "id": "gen9vgc2025reggbo3-2331364877", "format": "[Gen 9] VGC 2025 Reg G (Bo3)", "players": ["Queenthinng", "spence.hl"], "rating": null, "private": 0, "password": null}, {"uploadtime": 1743355778, "id": "gen9vgc2025reggbo3-2331361544", "format": "[Gen 9] VGC 2025 Reg G (Bo3)", "players": ["isnt it beautiful?", "TCM Zaukepoo"], "rating": null, "private": 0, "password": null}, {"uploadtime": 1743355753, "id": "gen9vgc2025reggbo3-2331365672", "format": "[Gen 9] VGC 2025 Reg G (Bo3)", "players": ["Harmcharm", "gephicka"], "rating": null, "private": 0, "password": null}, {"uploadtime": 1743355731, "id": "gen9vgc2025reggbo3-2331362240", "format": "[Gen 9] VGC 2025 Reg G (Bo3)", "players": ["Kommander", "Gawainzero"], "rating": null, "private": 0, "password": null}, {"uploadtime": 1743355725, "id": "gen9vgc2025reggbo3-2331365977", "format": "[Gen 9] VGC 2025 Reg G (Bo3)", "players": ["Just a Minus", "Sazandoramx"], "rating": 1343, "private": 0, "password": null}, {"uploadtime": 1743355684, "id": "gen9vgc2025reggbo3-2331362514", "format": "[Gen 9] VGC 2025 Reg G (Bo3)", "players": ["Supercarrot", "XtremeSkillz22"], "rating": null, "private": 0, "password": null}, {"uploadtime": 1743355677, "id": "gen9vgc2025reggbo3-2331358993", "format": "[Gen 9] VGC 2025 Reg G (Bo3)", "players": ["Supercarrot", "XtremeSkillz22"], "rating": null, "private": 0, "password": null}, {"uploadtime": 1743355657, "id": "gen9vgc2025reggbo3-2331361357", "format": "[Gen 9] VGC 2025 Reg G (Bo3)", "players": ["Big_mVn", "FLIPNOTE9007"], "rating": 1000, "private": 0, "password": null}, {"uploadtime": 1743355644, "id": "gen9vgc2025reggbo3-2331364984", "format": "[Gen 9] VGC 2025 Reg G (Bo3)", "players": ["gurupatak2", "BWPMimi4u"], "rating": null, "private": 0, "password": null}, {"uploadtime": 1743355640, "id": "gen9vgc2025reggbo3-2331362650", "format": "[Gen 9] VGC 2025 Reg G (Bo3)", "players": ["adhii", "lok_ee7"], "rating": null, "private": 0, "password": null}, {"uploadtime": 1743355640, "id": "gen9vgc2025reggbo3-2331361810", "format": "[Gen 9] VGC 2025 Reg G (Bo3)", "players": ["Queenthinng", "spence.hl"], "rating": null, "private": 0, "password": null}, {"uploadtime": 1743355551, "id": "gen9vgc2025reggbo3-2331363422", "format": "[Gen 9] VGC 2025 Reg G (Bo3)", "players": ["Cero03", "jayballester"], "rating": null, "private": 0, "password": null}, {"uploadtime": 1743355502, "id": "gen9vgc2025reggbo3-2331361421", "format": "[Gen 9] VGC 2025 Reg G (Bo3)", "players": ["IceCreamTail", "boom246"], "rating": null, "private": 0, "password": null}, {"uploadtime": 1743355502, "id": "gen9vgc2025reggbo3-2331360244", "format": "[Gen 9] VGC 2025 Reg G (Bo3)", "players": ["Matyel2030", "Nocurne"], "rating": null, "private": 0, "password": null}, {"uploadtime": 1743355472, "id": "gen9vgc2025reggbo3-2331362913", "format": "[Gen 9] VGC 2025 Reg G (Bo3)", "players": ["Harmcharm", "gephicka"], "rating": null, "private": 0, "password": null}, {"uploadtime": 1743355370, "id": "gen9vgc2025reggbo3-2331362865", "format": "[Gen 9] VGC 2025 Reg G (Bo3)", "players": ["Fyzzl", "fezansklbldl"], "rating": null, "private": 0, "password": null}, {"uploadtime": 1743355364, "id": "gen9vgc2025reggbo3-2331361314", "format": "[Gen 9] VGC 2025 Reg G (Bo3)", "players": ["jompinhans", "omempoderoso"], "rating": 1029, "private": 0, "password": null}, {"uploadtime": 1743355364, "id": "gen9vgc2025reggbo3-2331360389", "format": "[Gen 9] VGC 2025 Reg G (Bo3)", "players": ["er capi", "supadupahero"], "rating": null, "private": 0, "password": null}, {"uploadtime": 1743355247, "id": "gen9vgc2025reggbo3-2331360190", "format": "[Gen 9] VGC 2025 Reg G (Bo3)", "players": ["Cero03", "jayballester"], "rating": null, "private": 0, "password": null}, {"uploadtime": 1743355226, "id": "gen9vgc2025reggbo3-2331359076", "format": "[Gen 9] VGC 2025 Reg G (Bo3)", "players": ["adhii", "Hactor-gv128"], "rating": 1116, "private": 0, "password": null}, {"uploadtime": 1743355226, "id": "gen9vgc2025reggbo3-2331358445", "format": "[Gen 9] VGC 2025 Reg G (Bo3)", "players": ["SQLdeveloper", "Paldeawaiter"], "rating": null, "private": 0, "password": null}, {"uploadtime": 1743355226, "id": "gen9vgc2025reggbo3-2331358360", "format": "[Gen 9] VGC 2025 Reg G (Bo3)", "players": ["I_love_danny_green", "Sizzle2466"], "rating": null, "private": 0, "password": null}, {"uploadtime": 1743355226, "id": "gen9vgc2025reggbo3-2331358048", "format": "[Gen 9] VGC 2025 Reg G (Bo3)", "players": ["Rudunbo", "SayonaraJoJo"], "rating": null, "private": 0, "password": null}, {"uploadtime": 1743355226, "id": "gen9vgc2025reggbo3-2331357150", "format": "[Gen 9] VGC 2025 Reg G (Bo3)", "players": ["isnt it beautiful?", "TCM Zaukepoo"], "rating": null, "private": 0, "password": null}, {"uploadtime": 1743355088, "id": "gen9vgc2025reggbo3-2331358706", "format": "[Gen 9] VGC 2025 Reg G (Bo3)", "players": ["Nocurne", "FruitDuDragn"], "rating": 1000, "private": 0, "password": null}, {"uploadtime": 1743355088, "id": "gen9vgc2025reggbo3-2331357794", "format": "[Gen 9] VGC 2025 Reg G (Bo3)", "players": ["CandleBlue", "bvg2"], "rating": null, "private": 0, "password": null}, {"uploadtime": 1743354972, "id": "gen9vgc2025reggbo3-2331357900", "format": "[Gen 9] VGC 2025 Reg G (Bo3)", "players": ["PrimarinaMasona", "pep_uni"], "rating": null, "private": 0, "password": null}, {"uploadtime": 1743354965, "id": "gen9vgc2025reggbo3-2331355675", "format": "[Gen 9] VGC 2025 Reg G (Bo3)", "players": ["PrimarinaMasona", "pep_uni"], "rating": null, "private": 0, "password": null}, {"uploadtime": 1743354905, "id": "gen9vgc2025reggbo3-2331356900", "format": "[Gen 9] VGC 2025 Reg G (Bo3)", "players": ["Cero03", "jayballester"], "rating": null, "private": 0, "password": null}, {"uploadtime": 1743354864, "id": "gen9vgc2025reggbo3-2331358447", "format": "[Gen 9] VGC 2025 Reg G (Bo3)", "players": ["vicburgos", "koiseyo otome"], "rating": 1356, "private": 0, "password": null}, {"uploadtime": 1743354864, "id": "gen9vgc2025reggbo3-2331357520", "format": "[Gen 9] VGC 2025 Reg G (Bo3)", "players": ["Shirteasy22", "shadowtheshrew"], "rating": 1074, "private": 0, "password": null}, {"uploadtime": 1743354855, "id": "gen9vgc2025reggbo3-2331355941", "format": "[Gen 9] VGC 2025 Reg G (Bo3)", "players": ["Shirteasy22", "shadowtheshrew"], "rating": null, "private": 0, "password": null}, {"uploadtime": 1743354811, "id": "gen9vgc2025reggbo3-2331354939", "format": "[Gen 9] VGC 2025 Reg G (Bo3)", "players": ["Rudunbo", "SayonaraJoJo"], "rating": null, "private": 0, "password": null}, {"uploadtime": 1743354811, "id": "gen9vgc2025reggbo3-2331354195", "format": "[Gen 9] VGC 2025 Reg G (Bo3)", "players": ["ban_quaquaval", "fezansklbldl"], "rating": null, "private": 0, "password": null}, {"uploadtime": 1743354811, "id": "gen9vgc2025reggbo3-2331352825", "format": "[Gen 9] VGC 2025 Reg G (Bo3)", "players": ["Cresstothetop", "boom246"], "rating": null, "private": 0, "password": null}, {"uploadtime": 1743354767, "id": "gen9vgc2025reggbo3-2331356823", "format": "[Gen 9] VGC 2025 Reg G (Bo3)", "players": ["GlickWithAGlock", "Isthisreallifeman"], "rating": null, "private": 0, "password": null}, {"uploadtime": 1743354711, "id": "gen9vgc2025reggbo3-2331352726", "format": "[Gen 9] VGC 2025 Reg G (Bo3)", "players": ["Gawainzero", "Kommander"], "rating": null, "private": 0, "password": null}, {"uploadtime": 1743354673, "id": "gen9vgc2025reggbo3-2331353798", "format": "[Gen 9] VGC 2025 Reg G (Bo3)", "players": ["alxkdkdc", "Divyansh Sharma"], "rating": 1085, "private": 0, "password": null}, {"uploadtime": 1743354673, "id": "gen9vgc2025reggbo3-2331353741", "format": "[Gen 9] VGC 2025 Reg G (Bo3)", "players": ["bvg2", "bobovile"], "rating": null, "private": 0, "password": null}, {"uploadtime": 1743354642, "id": "gen9vgc2025reggbo3-2331355140", "format": "[Gen 9] VGC 2025 Reg G (Bo3)", "players": ["hermit5", "Tpshame"], "rating": null, "private": 0, "password": null}, {"uploadtime": 1743354554, "id": "gen9vgc2025reggbo3-2331351454", "format": "[Gen 9] VGC 2025 Reg G (Bo3)", "players": ["Arabel_VAL", "The_OxAlChemist"], "rating": null, "private": 0, "password": null}, {"uploadtime": 1743354550, "id": "gen9vgc2025reggbo3-2331352489", "format": "[Gen 9] VGC 2025 Reg G (Bo3)", "players": ["GlickWithAGlock", "Isthisreallifeman"], "rating": null, "private": 0, "password": null}]