[{"uploadtime": 1743431046, "id": "gen9vgc2025reggbo3-2331989439", "format": "[Gen 9] VGC 2025 Reg G (Bo3)", "players": ["ANPPP", "Cruzfer72"], "rating": null, "private": 0, "password": null}, {"uploadtime": 1743430908, "id": "gen9vgc2025reggbo3-2331985531", "format": "[Gen 9] VGC 2025 Reg G (Bo3)", "players": ["Cymorgcomics", "gundnub"], "rating": null, "private": 0, "password": null}, {"uploadtime": 1743430862, "id": "gen9vgc2025reggbo3-2331983584", "format": "[Gen 9] VGC 2025 Reg G (Bo3)", "players": ["mrtiger500", "4gux99"], "rating": null, "private": 0, "password": null}, {"uploadtime": 1743430769, "id": "gen9vgc2025reggbo3-2331986564", "format": "[Gen 9] VGC 2025 Reg G (Bo3)", "players": ["RagnaC", "wittraid"], "rating": null, "private": 0, "password": null}, {"uploadtime": 1743430769, "id": "gen9vgc2025reggbo3-2331986265", "format": "[Gen 9] VGC 2025 Reg G (Bo3)", "players": ["boyu05", "sushikirbykid"], "rating": null, "private": 0, "password": null}, {"uploadtime": 1743430769, "id": "gen9vgc2025reggbo3-2331986137", "format": "[Gen 9] VGC 2025 Reg G (Bo3)", "players": ["Il Mule", "TroubleMaker1101"], "rating": null, "private": 0, "password": null}, {"uploadtime": 1743430769, "id": "gen9vgc2025reggbo3-2331985897", "format": "[Gen 9] VGC 2025 Reg G (Bo3)", "players": ["RifiBeliever", "sturbyy"], "rating": null, "private": 0, "password": null}, {"uploadtime": 1743430769, "id": "gen9vgc2025reggbo3-2331985099", "format": "[Gen 9] VGC 2025 Reg G (Bo3)", "players": ["Crown Aether", "sewtewgames"], "rating": null, "private": 0, "password": null}, {"uploadtime": 1743430760, "id": "gen9vgc2025reggbo3-2331986639", "format": "[Gen 9] VGC 2025 Reg G (Bo3)", "players": ["11thRegHAccount", "i am saksham"], "rating": 1191, "private": 0, "password": null}, {"uploadtime": 1743430757, "id": "gen9vgc2025reggbo3-2331982351", "format": "[Gen 9] VGC 2025 Reg G (Bo3)", "players": ["11thRegHAccount", "i am saksham"], "rating": null, "private": 0, "password": null}, {"uploadtime": 1743430631, "id": "gen9vgc2025reggbo3-2331984286", "format": "[Gen 9] VGC 2025 Reg G (Bo3)", "players": ["Silent Whisp", "agent orang"], "rating": null, "private": 0, "password": null}, {"uploadtime": 1743430582, "id": "gen9vgc2025reggbo3-2331986133", "format": "[Gen 9] VGC 2025 Reg G (Bo3)", "players": ["Sizzle2466", "koiseyo otome"], "rating": 1251, "private": 0, "password": null}, {"uploadtime": 1743430553, "id": "gen9vgc2025reggbo3-2331985011", "format": "[Gen 9] VGC 2025 Reg G (Bo3)", "players": ["lu1003", "Jakepittman11"], "rating": 1113, "private": 0, "password": null}, {"uploadtime": 1743430548, "id": "gen9vgc2025reggbo3-2331982317", "format": "[Gen 9] VGC 2025 Reg G (Bo3)", "players": ["magikarp soup", "lolshh"], "rating": null, "private": 0, "password": null}, {"uploadtime": 1743430492, "id": "gen9vgc2025reggbo3-2331982471", "format": "[Gen 9] VGC 2025 Reg G (Bo3)", "players": ["Gemgdisboujee", "Prof.Qrow"], "rating": 1044, "private": 0, "password": null}, {"uploadtime": 1743430492, "id": "gen9vgc2025reggbo3-2331982025", "format": "[Gen 9] VGC 2025 Reg G (Bo3)", "players": ["scenicals", "Cruzfer72"], "rating": null, "private": 0, "password": null}, {"uploadtime": 1743430492, "id": "gen9vgc2025reggbo3-2331981843", "format": "[Gen 9] VGC 2025 Reg G (Bo3)", "players": ["Cymorgcomics", "gundnub"], "rating": null, "private": 0, "password": null}, {"uploadtime": 1743430464, "id": "gen9vgc2025reggbo3-2331983483", "format": "[Gen 9] VGC 2025 Reg G (Bo3)", "players": ["MobiusVGC", "Frozen Miind"], "rating": 1375, "private": 0, "password": null}, {"uploadtime": 1743430461, "id": "gen9vgc2025reggbo3-2331979904", "format": "[Gen 9] VGC 2025 Reg G (Bo3)", "players": ["MobiusVGC", "Frozen Miind"], "rating": null, "private": 0, "password": null}, {"uploadtime": 1743430380, "id": "gen9vgc2025reggbo3-2331983754", "format": "[Gen 9] VGC 2025 Reg G (Bo3)", "players": ["Sizzle2466", "koiseyo otome"], "rating": null, "private": 0, "password": null}, {"uploadtime": 1743430354, "id": "gen9vgc2025reggbo3-2331980990", "format": "[Gen 9] VGC 2025 Reg G (Bo3)", "players": ["Flinflox", "shkeda"], "rating": null, "private": 0, "password": null}, {"uploadtime": 1743429941, "id": "gen9vgc2025reggbo3-2331980289", "format": "[Gen 9] VGC 2025 Reg G (Bo3)", "players": ["spacyegg", "ziggleroid_don"], "rating": 1048, "private": 0, "password": null}, {"uploadtime": 1743429938, "id": "gen9vgc2025reggbo3-2331976709", "format": "[Gen 9] VGC 2025 Reg G (Bo3)", "players": ["uxieing", "Zalsto"], "rating": null, "private": 0, "password": null}, {"uploadtime": 1743429938, "id": "gen9vgc2025reggbo3-2331976278", "format": "[Gen 9] VGC 2025 Reg G (Bo3)", "players": ["Nickey45", "rye akai"], "rating": null, "private": 0, "password": null}, {"uploadtime": 1743429938, "id": "gen9vgc2025reggbo3-2331975839", "format": "[Gen 9] VGC 2025 Reg G (Bo3)", "players": ["Rfriedrich16", "scenicals"], "rating": null, "private": 0, "password": null}, {"uploadtime": 1743429938, "id": "gen9vgc2025reggbo3-2331975046", "format": "[Gen 9] VGC 2025 Reg G (Bo3)", "players": ["zjk19", "LuCiaNoPoKeMoN"], "rating": null, "private": 0, "password": null}, {"uploadtime": 1743429875, "id": "gen9vgc2025reggbo3-2331978595", "format": "[Gen 9] VGC 2025 Reg G (Bo3)", "players": ["Exclused", "MikkoDitto"], "rating": 1072, "private": 0, "password": null}, {"uploadtime": 1743429856, "id": "gen9vgc2025reggbo3-2331977698", "format": "[Gen 9] VGC 2025 Reg G (Bo3)", "players": ["ppyyy", "Mut-antVGC"], "rating": null, "private": 0, "password": null}, {"uploadtime": 1743429800, "id": "gen9vgc2025reggbo3-2331975956", "format": "[Gen 9] VGC 2025 Reg G (Bo3)", "players": ["workhardinthedark", "Il Mule"], "rating": null, "private": 0, "password": null}, {"uploadtime": 1743429800, "id": "gen9vgc2025reggbo3-2331975658", "format": "[Gen 9] VGC 2025 Reg G (Bo3)", "players": ["Sincubii", "RagnaC"], "rating": null, "private": 0, "password": null}, {"uploadtime": 1743429800, "id": "gen9vgc2025reggbo3-2331975176", "format": "[Gen 9] VGC 2025 Reg G (Bo3)", "players": ["tzback", "Isthisreallifeman"], "rating": 1638, "private": 0, "password": null}, {"uploadtime": 1743429800, "id": "gen9vgc2025reggbo3-2331974485", "format": "[Gen 9] VGC 2025 Reg G (Bo3)", "players": ["Melicerte", "test220102"], "rating": null, "private": 0, "password": null}, {"uploadtime": 1743429800, "id": "gen9vgc2025reggbo3-2331973553", "format": "[Gen 9] VGC 2025 Reg G (Bo3)", "players": ["Jkspaceferret", "Captain Koraidon"], "rating": null, "private": 0, "password": null}, {"uploadtime": 1743429661, "id": "gen9vgc2025reggbo3-2331973847", "format": "[Gen 9] VGC 2025 Reg G (Bo3)", "players": ["sturbyy", "lol lol lol blue"], "rating": null, "private": 0, "password": null}, {"uploadtime": 1743429661, "id": "gen9vgc2025reggbo3-2331973002", "format": "[Gen 9] VGC 2025 Reg G (Bo3)", "players": ["Bugboy696868", "uxieing"], "rating": 1139, "private": 0, "password": null}, {"uploadtime": 1743429661, "id": "gen9vgc2025reggbo3-2331972860", "format": "[Gen 9] VGC 2025 Reg G (Bo3)", "players": ["EpicPokeGamer123", "adsadsadse"], "rating": 1114, "private": 0, "password": null}, {"uploadtime": 1743429661, "id": "gen9vgc2025reggbo3-2331971899", "format": "[Gen 9] VGC 2025 Reg G (Bo3)", "players": ["Nickey45", "rye akai"], "rating": null, "private": 0, "password": null}, {"uploadtime": 1743429535, "id": "gen9vgc2025reggbo3-2331975216", "format": "[Gen 9] VGC 2025 Reg G (Bo3)", "players": ["pixelfx", "SakiVGC"], "rating": 1291, "private": 0, "password": null}, {"uploadtime": 1743429523, "id": "gen9vgc2025reggbo3-2331972313", "format": "[Gen 9] VGC 2025 Reg G (Bo3)", "players": ["zjk19", "LuCiaNoPoKeMoN"], "rating": null, "private": 0, "password": null}, {"uploadtime": 1743429384, "id": "gen9vgc2025reggbo3-2331971697", "format": "[Gen 9] VGC 2025 Reg G (Bo3)", "players": ["Markingdra", "Zalsto"], "rating": null, "private": 0, "password": null}, {"uploadtime": 1743429384, "id": "gen9vgc2025reggbo3-2331971549", "format": "[Gen 9] VGC 2025 Reg G (Bo3)", "players": ["pabloblo", "doung yolph"], "rating": null, "private": 0, "password": null}, {"uploadtime": 1743429384, "id": "gen9vgc2025reggbo3-2331970641", "format": "[Gen 9] VGC 2025 Reg G (Bo3)", "players": ["sturbyy", "lol lol lol blue"], "rating": null, "private": 0, "password": null}, {"uploadtime": 1743429384, "id": "gen9vgc2025reggbo3-2331970084", "format": "[Gen 9] VGC 2025 Reg G (Bo3)", "players": ["Le P VGC", "caZISA"], "rating": null, "private": 0, "password": null}, {"uploadtime": 1743429376, "id": "gen9vgc2025reggbo3-2331972126", "format": "[Gen 9] VGC 2025 Reg G (Bo3)", "players": ["LinkoO", "anhvu1337"], "rating": 1000, "private": 0, "password": null}, {"uploadtime": 1743429357, "id": "gen9vgc2025reggbo3-2331972947", "format": "[Gen 9] VGC 2025 Reg G (Bo3)", "players": ["pixelfx", "SakiVGC"], "rating": null, "private": 0, "password": null}, {"uploadtime": 1743429246, "id": "gen9vgc2025reggbo3-2331970268", "format": "[Gen 9] VGC 2025 Reg G (Bo3)", "players": ["pabloblo", "doung yolph"], "rating": null, "private": 0, "password": null}, {"uploadtime": 1743429246, "id": "gen9vgc2025reggbo3-2331970188", "format": "[Gen 9] VGC 2025 Reg G (Bo3)", "players": ["Markingdra", "Zalsto"], "rating": null, "private": 0, "password": null}, {"uploadtime": 1743429127, "id": "gen9vgc2025reggbo3-2331970475", "format": "[Gen 9] VGC 2025 Reg G (Bo3)", "players": ["pixelfx", "SakiVGC"], "rating": null, "private": 0, "password": null}, {"uploadtime": 1743429108, "id": "gen9vgc2025reggbo3-2331969852", "format": "[Gen 9] VGC 2025 Reg G (Bo3)", "players": ["BalanceBartholomew", "tzback"], "rating": null, "private": 0, "password": null}, {"uploadtime": 1743429108, "id": "gen9vgc2025reggbo3-2331969786", "format": "[Gen 9] VGC 2025 Reg G (Bo3)", "players": ["alex_vgc_ready", "huatuankhoa"], "rating": null, "private": 0, "password": null}, {"uploadtime": 1743429108, "id": "gen9vgc2025reggbo3-2331968382", "format": "[Gen 9] VGC 2025 Reg G (Bo3)", "players": ["yuirs gsb", "popthorn9"], "rating": null, "private": 0, "password": null}]