[{"uploadtime": 1743457055, "id": "gen9vgc2025reggbo3-2332291971", "format": "[Gen 9] VGC 2025 Reg G (Bo3)", "players": ["wade connects", "zumopapaya"], "rating": null, "private": 0, "password": null}, {"uploadtime": 1743456916, "id": "gen9vgc2025reggbo3-2332290565", "format": "[Gen 9] VGC 2025 Reg G (Bo3)", "players": ["Carapitengo", "Guido2002"], "rating": null, "private": 0, "password": null}, {"uploadtime": 1743456866, "id": "gen9vgc2025reggbo3-2332291557", "format": "[Gen 9] VGC 2025 Reg G (Bo3)", "players": ["noClueHowPlay", "Kasehobel"], "rating": 1110, "private": 0, "password": null}, {"uploadtime": 1743456842, "id": "gen9vgc2025reggbo3-2332293894", "format": "[Gen 9] VGC 2025 Reg G (Bo3)", "players": ["oofperson420", "koiseyo otome"], "rating": 1342, "private": 0, "password": null}, {"uploadtime": 1743456778, "id": "gen9vgc2025reggbo3-2332288453", "format": "[Gen 9] VGC 2025 Reg G (Bo3)", "players": ["er capi", "derpitynerpity77"], "rating": null, "private": 0, "password": null}, {"uploadtime": 1743456778, "id": "gen9vgc2025reggbo3-2332286830", "format": "[Gen 9] VGC 2025 Reg G (Bo3)", "players": ["wade connects", "zumopapaya"], "rating": null, "private": 0, "password": null}, {"uploadtime": 1743456728, "id": "gen9vgc2025reggbo3-2332291617", "format": "[Gen 9] VGC 2025 Reg G (Bo3)", "players": ["oofperson420", "koiseyo otome"], "rating": null, "private": 0, "password": null}, {"uploadtime": 1743456722, "id": "gen9vgc2025reggbo3-2332292183", "format": "[Gen 9] VGC 2025 Reg G (Bo3)", "players": ["thepostmanp", "patchspitzy"], "rating": 1247, "private": 0, "password": null}, {"uploadtime": 1743456640, "id": "gen9vgc2025reggbo3-2332287506", "format": "[Gen 9] VGC 2025 Reg G (Bo3)", "players": ["Carapitengo", "Guido2002"], "rating": null, "private": 0, "password": null}, {"uploadtime": 1743456559, "id": "gen9vgc2025reggbo3-2332290943", "format": "[Gen 9] VGC 2025 Reg G (Bo3)", "players": ["thepostmanp", "patchspitzy"], "rating": null, "private": 0, "password": null}, {"uploadtime": 1743456501, "id": "gen9vgc2025reggbo3-2332287405", "format": "[Gen 9] VGC 2025 Reg G (Bo3)", "players": ["amarin93", "Feddouu"], "rating": null, "private": 0, "password": null}, {"uploadtime": 1743456501, "id": "gen9vgc2025reggbo3-2332287157", "format": "[Gen 9] VGC 2025 Reg G (Bo3)", "players": ["Hactor-gv128", "Not-racist-allah"], "rating": null, "private": 0, "password": null}, {"uploadtime": 1743456501, "id": "gen9vgc2025reggbo3-2332287077", "format": "[Gen 9] VGC 2025 Reg G (Bo3)", "players": ["y-rocko", "ShockJockey88"], "rating": 1172, "private": 0, "password": null}, {"uploadtime": 1743456498, "id": "gen9vgc2025reggbo3-2332289732", "format": "[Gen 9] VGC 2025 Reg G (Bo3)", "players": ["noClueHowPlay", "Kasehobel"], "rating": null, "private": 0, "password": null}, {"uploadtime": 1743456442, "id": "gen9vgc2025reggbo3-2332288745", "format": "[Gen 9] VGC 2025 Reg G (Bo3)", "players": ["thepostmanp", "patchspitzy"], "rating": null, "private": 0, "password": null}, {"uploadtime": 1743456363, "id": "gen9vgc2025reggbo3-2332286789", "format": "[Gen 9] VGC 2025 Reg G (Bo3)", "players": ["JackL5321", "SpeedRacer1"], "rating": null, "private": 0, "password": null}, {"uploadtime": 1743456363, "id": "gen9vgc2025reggbo3-2332285614", "format": "[Gen 9] VGC 2025 Reg G (Bo3)", "players": ["er capi", "derpitynerpity77"], "rating": null, "private": 0, "password": null}, {"uploadtime": 1743456335, "id": "gen9vgc2025reggbo3-2332285180", "format": "[Gen 9] VGC 2025 Reg G (Bo3)", "players": ["JochiVGC", "gen2iscoolig"], "rating": null, "private": 0, "password": null}, {"uploadtime": 1743456310, "id": "gen9vgc2025reggbo3-2332282109", "format": "[Gen 9] VGC 2025 Reg G (Bo3)", "players": ["JochiVGC", "gen2iscoolig"], "rating": null, "private": 0, "password": null}, {"uploadtime": 1743456306, "id": "gen9vgc2025reggbo3-2332285933", "format": "[Gen 9] VGC 2025 Reg G (Bo3)", "players": ["Novacast", "TheMochiMan"], "rating": 1520, "private": 0, "password": null}, {"uploadtime": 1743456259, "id": "gen9vgc2025reggbo3-2332278150", "format": "[Gen 9] VGC 2025 Reg G (Bo3)", "players": ["JochiVGC", "gen2iscoolig"], "rating": null, "private": 0, "password": null}, {"uploadtime": 1743456225, "id": "gen9vgc2025reggbo3-2332285413", "format": "[Gen 9] VGC 2025 Reg G (Bo3)", "players": ["Hactor-gv128", "Not-racist-allah"], "rating": null, "private": 0, "password": null}, {"uploadtime": 1743456225, "id": "gen9vgc2025reggbo3-2332284329", "format": "[Gen 9] VGC 2025 Reg G (Bo3)", "players": ["amarin93", "Feddouu"], "rating": null, "private": 0, "password": null}, {"uploadtime": 1743456167, "id": "gen9vgc2025reggbo3-2332283767", "format": "[Gen 9] VGC 2025 Reg G (Bo3)", "players": ["Fluvialcrossing", "FlashoGoing"], "rating": 1082, "private": 0, "password": null}, {"uploadtime": 1743456159, "id": "gen9vgc2025reggbo3-2332279957", "format": "[Gen 9] VGC 2025 Reg G (Bo3)", "players": ["Fluvialcrossing", "FlashoGoing"], "rating": null, "private": 0, "password": null}, {"uploadtime": 1743456086, "id": "gen9vgc2025reggbo3-2332284251", "format": "[Gen 9] VGC 2025 Reg G (Bo3)", "players": ["y-rocko", "ShockJockey88"], "rating": null, "private": 0, "password": null}, {"uploadtime": 1743456086, "id": "gen9vgc2025reggbo3-2332284071", "format": "[Gen 9] VGC 2025 Reg G (Bo3)", "players": ["Novacast", "TheMochiMan"], "rating": null, "private": 0, "password": null}, {"uploadtime": 1743456086, "id": "gen9vgc2025reggbo3-2332283283", "format": "[Gen 9] VGC 2025 Reg G (Bo3)", "players": ["Ajegar", "Justinlou"], "rating": null, "private": 0, "password": null}, {"uploadtime": 1743455960, "id": "gen9vgc2025reggbo3-2332284001", "format": "[Gen 9] VGC 2025 Reg G (Bo3)", "players": ["koiseyo otome", "TrickGroomer"], "rating": 1248, "private": 0, "password": null}, {"uploadtime": 1743455948, "id": "gen9vgc2025reggbo3-2332282161", "format": "[Gen 9] VGC 2025 Reg G (Bo3)", "players": ["Novacast", "TheMochiMan"], "rating": null, "private": 0, "password": null}, {"uploadtime": 1743455833, "id": "gen9vgc2025reggbo3-2332281315", "format": "[Gen 9] VGC 2025 Reg G (Bo3)", "players": ["smackpinch", "Mixontokox"], "rating": 1053, "private": 0, "password": null}, {"uploadtime": 1743455822, "id": "gen9vgc2025reggbo3-2332277714", "format": "[Gen 9] VGC 2025 Reg G (Bo3)", "players": ["smackpinch", "Mixontokox"], "rating": null, "private": 0, "password": null}, {"uploadtime": 1743455810, "id": "gen9vgc2025reggbo3-2332279492", "format": "[Gen 9] VGC 2025 Reg G (Bo3)", "players": ["Gengar_Linkstone", "bidoof slays"], "rating": 1049, "private": 0, "password": null}, {"uploadtime": 1743455782, "id": "gen9vgc2025reggbo3-2332281912", "format": "[Gen 9] VGC 2025 Reg G (Bo3)", "players": ["koiseyo otome", "TrickGroomer"], "rating": null, "private": 0, "password": null}, {"uploadtime": 1743455671, "id": "gen9vgc2025reggbo3-2332277822", "format": "[Gen 9] VGC 2025 Reg G (Bo3)", "players": ["wade connects", "alex banana"], "rating": null, "private": 0, "password": null}, {"uploadtime": 1743455560, "id": "gen9vgc2025reggbo3-2332275962", "format": "[Gen 9] VGC 2025 Reg G (Bo3)", "players": ["R3pulse6", "noClueHowPlay"], "rating": null, "private": 0, "password": null}, {"uploadtime": 1743455554, "id": "gen9vgc2025reggbo3-2332279347", "format": "[Gen 9] VGC 2025 Reg G (Bo3)", "players": ["R3pulse6", "noClueHowPlay"], "rating": 1009, "private": 0, "password": null}, {"uploadtime": 1743455533, "id": "gen9vgc2025reggbo3-2332277609", "format": "[Gen 9] VGC 2025 Reg G (Bo3)", "players": ["NemoAK", "taliaho2"], "rating": null, "private": 0, "password": null}, {"uploadtime": 1743455533, "id": "gen9vgc2025reggbo3-2332276223", "format": "[Gen 9] VGC 2025 Reg G (Bo3)", "players": ["Gengar_Linkstone", "bidoof slays"], "rating": null, "private": 0, "password": null}, {"uploadtime": 1743455531, "id": "gen9vgc2025reggbo3-2332277410", "format": "[Gen 9] VGC 2025 Reg G (Bo3)", "players": ["Wijuci", "PhilHellmuth.PH"], "rating": 1308, "private": 0, "password": null}, {"uploadtime": 1743455523, "id": "gen9vgc2025reggbo3-2332278571", "format": "[Gen 9] VGC 2025 Reg G (Bo3)", "players": ["Ziik", "Solunex"], "rating": 1152, "private": 0, "password": null}, {"uploadtime": 1743455515, "id": "gen9vgc2025reggbo3-2332275611", "format": "[Gen 9] VGC 2025 Reg G (Bo3)", "players": ["Wijuci", "PhilHellmuth.PH"], "rating": null, "private": 0, "password": null}, {"uploadtime": 1743455385, "id": "gen9vgc2025reggbo3-2332277038", "format": "[Gen 9] VGC 2025 Reg G (Bo3)", "players": ["Mikunji19", "ChosenPig32"], "rating": 1300, "private": 0, "password": null}, {"uploadtime": 1743455381, "id": "gen9vgc2025reggbo3-2332271434", "format": "[Gen 9] VGC 2025 Reg G (Bo3)", "players": ["KingLordNiklas", "Fluvialcrossing"], "rating": 1158, "private": 0, "password": null}, {"uploadtime": 1743455374, "id": "gen9vgc2025reggbo3-2332274324", "format": "[Gen 9] VGC 2025 Reg G (Bo3)", "players": ["Mikunji19", "ChosenPig32"], "rating": null, "private": 0, "password": null}, {"uploadtime": 1743455367, "id": "gen9vgc2025reggbo3-2332266881", "format": "[Gen 9] VGC 2025 Reg G (Bo3)", "players": ["KingLordNiklas", "Fluvialcrossing"], "rating": null, "private": 0, "password": null}, {"uploadtime": 1743455351, "id": "gen9vgc2025reggbo3-2332262848", "format": "[Gen 9] VGC 2025 Reg G (Bo3)", "players": ["KingLordNiklas", "Fluvialcrossing"], "rating": null, "private": 0, "password": null}, {"uploadtime": 1743455256, "id": "gen9vgc2025reggbo3-2332268276", "format": "[Gen 9] VGC 2025 Reg G (Bo3)", "players": ["RandomizerBG", "Guss99"], "rating": null, "private": 0, "password": null}, {"uploadtime": 1743454888, "id": "gen9vgc2025reggbo3-2332271719", "format": "[Gen 9] VGC 2025 Reg G (Bo3)", "players": ["FlashoGoing", "Totally Crazy"], "rating": 1076, "private": 0, "password": null}, {"uploadtime": 1743454882, "id": "gen9vgc2025reggbo3-2332269525", "format": "[Gen 9] VGC 2025 Reg G (Bo3)", "players": ["FlashoGoing", "Totally Crazy"], "rating": null, "private": 0, "password": null}, {"uploadtime": 1743454869, "id": "gen9vgc2025reggbo3-2332266478", "format": "[Gen 9] VGC 2025 Reg G (Bo3)", "players": ["FlashoGoing", "Totally Crazy"], "rating": null, "private": 0, "password": null}]