[{"uploadtime": 1743453168, "id": "gen9vgc2025reggbo3-2332249871", "format": "[Gen 9] VGC 2025 Reg G (Bo3)", "players": ["naytea", "alphaleo42"], "rating": 1092, "private": 0, "password": null}, {"uploadtime": 1743453122, "id": "gen9vgc2025reggbo3-2332246915", "format": "[Gen 9] VGC 2025 Reg G (Bo3)", "players": ["naytea", "alphaleo42"], "rating": null, "private": 0, "password": null}, {"uploadtime": 1743453119, "id": "gen9vgc2025reggbo3-2332250861", "format": "[Gen 9] VGC 2025 Reg G (Bo3)", "players": ["Awammy", "All Love for Devy"], "rating": null, "private": 0, "password": null}, {"uploadtime": 1743452905, "id": "gen9vgc2025reggbo3-2332248063", "format": "[Gen 9] VGC 2025 Reg G (Bo3)", "players": ["Josefino Augusto", "megabeanstheGOAT"], "rating": 1038, "private": 0, "password": null}, {"uploadtime": 1743452905, "id": "gen9vgc2025reggbo3-2332247424", "format": "[Gen 9] VGC 2025 Reg G (Bo3)", "players": ["mil0battles", "bobovile"], "rating": null, "private": 0, "password": null}, {"uploadtime": 1743452905, "id": "gen9vgc2025reggbo3-2332246739", "format": "[Gen 9] VGC 2025 Reg G (Bo3)", "players": ["archnp", "kaf7"], "rating": null, "private": 0, "password": null}, {"uploadtime": 1743452800, "id": "gen9vgc2025reggbo3-2332246292", "format": "[Gen 9] VGC 2025 Reg G (Bo3)", "players": ["Awammy", "All Love for Devy"], "rating": null, "private": 0, "password": null}, {"uploadtime": 1743452778, "id": "gen9vgc2025reggbo3-2332240514", "format": "[Gen 9] VGC 2025 Reg G (Bo3)", "players": ["Karissel", "gigglesaurus"], "rating": 1097, "private": 0, "password": null}, {"uploadtime": 1743452768, "id": "gen9vgc2025reggbo3-2332237265", "format": "[Gen 9] VGC 2025 Reg G (Bo3)", "players": ["Karissel", "gigglesaurus"], "rating": null, "private": 0, "password": null}, {"uploadtime": 1743452767, "id": "gen9vgc2025reggbo3-2332247306", "format": "[Gen 9] VGC 2025 Reg G (Bo3)", "players": ["4gux99", "KyogreChris"], "rating": 1104, "private": 0, "password": null}, {"uploadtime": 1743452766, "id": "gen9vgc2025reggbo3-2332246838", "format": "[Gen 9] VGC 2025 Reg G (Bo3)", "players": ["SpencerMortvedt", "CooperKid"], "rating": null, "private": 0, "password": null}, {"uploadtime": 1743452766, "id": "gen9vgc2025reggbo3-2332246819", "format": "[Gen 9] VGC 2025 Reg G (Bo3)", "players": ["Ashniss", "FlashoGoing"], "rating": 1043, "private": 0, "password": null}, {"uploadtime": 1743452766, "id": "gen9vgc2025reggbo3-2332245707", "format": "[Gen 9] VGC 2025 Reg G (Bo3)", "players": ["good luck 123455", "Pokemon go1235"], "rating": null, "private": 0, "password": null}, {"uploadtime": 1743452652, "id": "gen9vgc2025reggbo3-2332242865", "format": "[Gen 9] VGC 2025 Reg G (Bo3)", "players": ["shrimberstim", "Brazocrew"], "rating": 1192, "private": 0, "password": null}, {"uploadtime": 1743452642, "id": "gen9vgc2025reggbo3-2332239352", "format": "[Gen 9] VGC 2025 Reg G (Bo3)", "players": ["shrimberstim", "Brazocrew"], "rating": null, "private": 0, "password": null}, {"uploadtime": 1743452627, "id": "gen9vgc2025reggbo3-2332244294", "format": "[Gen 9] VGC 2025 Reg G (Bo3)", "players": ["Vurocz", "i hate my children"], "rating": null, "private": 0, "password": null}, {"uploadtime": 1743452501, "id": "gen9vgc2025reggbo3-2332244049", "format": "[Gen 9] VGC 2025 Reg G (Bo3)", "players": ["4gux99", "KyogreChris"], "rating": null, "private": 0, "password": null}, {"uploadtime": 1743452481, "id": "gen9vgc2025reggbo3-2332242280", "format": "[Gen 9] VGC 2025 Reg G (Bo3)", "players": ["Ashniss", "Silverfang538"], "rating": null, "private": 0, "password": null}, {"uploadtime": 1743452477, "id": "gen9vgc2025reggbo3-2332244579", "format": "[Gen 9] VGC 2025 Reg G (Bo3)", "players": ["Ashniss", "Silverfang538"], "rating": 1050, "private": 0, "password": null}, {"uploadtime": 1743452351, "id": "gen9vgc2025reggbo3-2332240447", "format": "[Gen 9] VGC 2025 Reg G (Bo3)", "players": ["KingLordNiklas", "Felixavi"], "rating": null, "private": 0, "password": null}, {"uploadtime": 1743452317, "id": "gen9vgc2025reggbo3-2332242418", "format": "[Gen 9] VGC 2025 Reg G (Bo3)", "players": ["ELH 4", "girlschoicebandcry"], "rating": 1000, "private": 0, "password": null}, {"uploadtime": 1743452305, "id": "gen9vgc2025reggbo3-2332238043", "format": "[Gen 9] VGC 2025 Reg G (Bo3)", "players": ["ELH 4", "girlschoicebandcry"], "rating": null, "private": 0, "password": null}, {"uploadtime": 1743452213, "id": "gen9vgc2025reggbo3-2332239216", "format": "[Gen 9] VGC 2025 Reg G (Bo3)", "players": ["kawazaki99", "wade connects"], "rating": 1232, "private": 0, "password": null}, {"uploadtime": 1743452213, "id": "gen9vgc2025reggbo3-2332239138", "format": "[Gen 9] VGC 2025 Reg G (Bo3)", "players": ["cryinb", "Doctor Duckie"], "rating": null, "private": 0, "password": null}, {"uploadtime": 1743452213, "id": "gen9vgc2025reggbo3-2332238819", "format": "[Gen 9] VGC 2025 Reg G (Bo3)", "players": ["liviopocoyoco", "JOka1000"], "rating": null, "private": 0, "password": null}, {"uploadtime": 1743452074, "id": "gen9vgc2025reggbo3-2332237506", "format": "[Gen 9] VGC 2025 Reg G (Bo3)", "players": ["Redx50", "doung yolph"], "rating": null, "private": 0, "password": null}, {"uploadtime": 1743452074, "id": "gen9vgc2025reggbo3-2332236895", "format": "[Gen 9] VGC 2025 Reg G (Bo3)", "players": ["KingLordNiklas", "Felixavi"], "rating": null, "private": 0, "password": null}, {"uploadtime": 1743452040, "id": "gen9vgc2025reggbo3-2332238552", "format": "[Gen 9] VGC 2025 Reg G (Bo3)", "players": ["SeraPhorgetMeNot", "ElytsujuwVGC"], "rating": 1066, "private": 0, "password": null}, {"uploadtime": 1743452012, "id": "gen9vgc2025reggbo3-2332237627", "format": "[Gen 9] VGC 2025 Reg G (Bo3)", "players": ["Awammy", "JochiVGC"], "rating": 1181, "private": 0, "password": null}, {"uploadtime": 1743451952, "id": "gen9vgc2025reggbo3-2332232994", "format": "[Gen 9] VGC 2025 Reg G (Bo3)", "players": ["quintabella", "spellsword zil"], "rating": null, "private": 0, "password": null}, {"uploadtime": 1743451936, "id": "gen9vgc2025reggbo3-2332237131", "format": "[Gen 9] VGC 2025 Reg G (Bo3)", "players": ["RichardTheCompany", "swaggersage"], "rating": null, "private": 0, "password": null}, {"uploadtime": 1743451936, "id": "gen9vgc2025reggbo3-2332235817", "format": "[Gen 9] VGC 2025 Reg G (Bo3)", "players": ["Jimcreg", "Kinyachta"], "rating": null, "private": 0, "password": null}, {"uploadtime": 1743451885, "id": "gen9vgc2025reggbo3-2332235902", "format": "[Gen 9] VGC 2025 Reg G (Bo3)", "players": ["quintabella", "spellsword zil"], "rating": 1000, "private": 0, "password": null}, {"uploadtime": 1743451798, "id": "gen9vgc2025reggbo3-2332235218", "format": "[Gen 9] VGC 2025 Reg G (Bo3)", "players": ["Redx50", "doung yolph"], "rating": null, "private": 0, "password": null}, {"uploadtime": 1743451798, "id": "gen9vgc2025reggbo3-2332233600", "format": "[Gen 9] VGC 2025 Reg G (Bo3)", "players": ["Vurocz", "pfedd"], "rating": 1193, "private": 0, "password": null}, {"uploadtime": 1743451798, "id": "gen9vgc2025reggbo3-2332233133", "format": "[Gen 9] VGC 2025 Reg G (Bo3)", "players": ["randomuser0000", "Felixavi"], "rating": 1120, "private": 0, "password": null}, {"uploadtime": 1743451689, "id": "gen9vgc2025reggbo3-2332235910", "format": "[Gen 9] VGC 2025 Reg G (Bo3)", "players": ["pixelfx", "TALD56"], "rating": 1342, "private": 0, "password": null}, {"uploadtime": 1743451659, "id": "gen9vgc2025reggbo3-2332232946", "format": "[Gen 9] VGC 2025 Reg G (Bo3)", "players": ["MrPigeonn", "Jimcreg"], "rating": 1136, "private": 0, "password": null}, {"uploadtime": 1743451658, "id": "gen9vgc2025reggbo3-2332232576", "format": "[Gen 9] VGC 2025 Reg G (Bo3)", "players": ["Awammy", "JochiVGC"], "rating": null, "private": 0, "password": null}, {"uploadtime": 1743451613, "id": "gen9vgc2025reggbo3-2332233630", "format": "[Gen 9] VGC 2025 Reg G (Bo3)", "players": ["Karissel", "gigglesaurus"], "rating": null, "private": 0, "password": null}, {"uploadtime": 1743451516, "id": "gen9vgc2025reggbo3-2332233735", "format": "[Gen 9] VGC 2025 Reg G (Bo3)", "players": ["pixelfx", "TALD56"], "rating": null, "private": 0, "password": null}, {"uploadtime": 1743451397, "id": "gen9vgc2025reggbo3-2332230054", "format": "[Gen 9] VGC 2025 Reg G (Bo3)", "players": ["SeraPhorgetMeNot", "ElytsujuwVGC"], "rating": null, "private": 0, "password": null}, {"uploadtime": 1743451320, "id": "gen9vgc2025reggbo3-2332231217", "format": "[Gen 9] VGC 2025 Reg G (Bo3)", "players": ["pixelfx", "TALD56"], "rating": null, "private": 0, "password": null}, {"uploadtime": 1743451310, "id": "gen9vgc2025reggbo3-2332231182", "format": "[Gen 9] VGC 2025 Reg G (Bo3)", "players": ["royalphysic", "123Ayan"], "rating": 1059, "private": 0, "password": null}, {"uploadtime": 1743451306, "id": "gen9vgc2025reggbo3-2332231545", "format": "[Gen 9] VGC 2025 Reg G (Bo3)", "players": ["Turtle Bay", "crustleuk"], "rating": 1126, "private": 0, "password": null}, {"uploadtime": 1743451295, "id": "gen9vgc2025reggbo3-2332228953", "format": "[Gen 9] VGC 2025 Reg G (Bo3)", "players": ["Turtle Bay", "crustleuk"], "rating": null, "private": 0, "password": null}, {"uploadtime": 1743451262, "id": "gen9vgc2025reggbo3-2332225130", "format": "[Gen 9] VGC 2025 Reg G (Bo3)", "players": ["Turtle Bay", "crustleuk"], "rating": null, "private": 0, "password": null}, {"uploadtime": 1743451216, "id": "gen9vgc2025reggbo3-2332228696", "format": "[Gen 9] VGC 2025 Reg G (Bo3)", "players": ["Awammy", "JochiVGC"], "rating": null, "private": 0, "password": null}, {"uploadtime": 1743451198, "id": "gen9vgc2025reggbo3-2332227995", "format": "[Gen 9] VGC 2025 Reg G (Bo3)", "players": ["Leuco9", "Pelosis"], "rating": 1102, "private": 0, "password": null}, {"uploadtime": 1743451169, "id": "gen9vgc2025reggbo3-2332222906", "format": "[Gen 9] VGC 2025 Reg G (Bo3)", "players": ["Leuco9", "Pelosis"], "rating": null, "private": 0, "password": null}, {"uploadtime": 1743451151, "id": "gen9vgc2025reggbo3-2332219204", "format": "[Gen 9] VGC 2025 Reg G (Bo3)", "players": ["Leuco9", "Pelosis"], "rating": null, "private": 0, "password": null}]