[{"uploadtime": 1743451151, "id": "gen9vgc2025reggbo3-2332219204", "format": "[Gen 9] VGC 2025 Reg G (Bo3)", "players": ["Leuco9", "Pelosis"], "rating": null, "private": 0, "password": null}, {"uploadtime": 1743451122, "id": "gen9vgc2025reggbo3-2332229319", "format": "[Gen 9] VGC 2025 Reg G (Bo3)", "players": ["thepostmanp", "Vurocz"], "rating": 1260, "private": 0, "password": null}, {"uploadtime": 1743451070, "id": "gen9vgc2025reggbo3-2332229755", "format": "[Gen 9] VGC 2025 Reg G (Bo3)", "players": ["Pry16", "pixelfx"], "rating": 1386, "private": 0, "password": null}, {"uploadtime": 1743450974, "id": "gen9vgc2025reggbo3-2332227315", "format": "[Gen 9] VGC 2025 Reg G (Bo3)", "players": ["Pry16", "pixelfx"], "rating": null, "private": 0, "password": null}, {"uploadtime": 1743450878, "id": "gen9vgc2025reggbo3-2332223050", "format": "[Gen 9] VGC 2025 Reg G (Bo3)", "players": ["01jara123", "Shishio_Ax"], "rating": null, "private": 0, "password": null}, {"uploadtime": 1743450870, "id": "gen9vgc2025reggbo3-2332226782", "format": "[Gen 9] VGC 2025 Reg G (Bo3)", "players": ["thepostmanp", "Shreks General"], "rating": 1312, "private": 0, "password": null}, {"uploadtime": 1743450864, "id": "gen9vgc2025reggbo3-2332219437", "format": "[Gen 9] VGC 2025 Reg G (Bo3)", "players": ["01jara123", "Shishio_Ax"], "rating": null, "private": 0, "password": null}, {"uploadtime": 1743450826, "id": "gen9vgc2025reggbo3-2332214995", "format": "[Gen 9] VGC 2025 Reg G (Bo3)", "players": ["01jara123", "Shishio_Ax"], "rating": null, "private": 0, "password": null}, {"uploadtime": 1743450716, "id": "gen9vgc2025reggbo3-2332224162", "format": "[Gen 9] VGC 2025 Reg G (Bo3)", "players": ["thepostmanp", "Shreks General"], "rating": null, "private": 0, "password": null}, {"uploadtime": 1743450613, "id": "gen9vgc2025reggbo3-2332222144", "format": "[Gen 9] VGC 2025 Reg G (Bo3)", "players": ["ray_on_1248_", "Fluvialcrossing"], "rating": 1148, "private": 0, "password": null}, {"uploadtime": 1743450526, "id": "gen9vgc2025reggbo3-2332221671", "format": "[Gen 9] VGC 2025 Reg G (Bo3)", "players": ["Turtle Bay", "ytjrytjkrykj"], "rating": 1025, "private": 0, "password": null}, {"uploadtime": 1743450486, "id": "gen9vgc2025reggbo3-2332221929", "format": "[Gen 9] VGC 2025 Reg G (Bo3)", "players": ["thepostmanp", "Shreks General"], "rating": null, "private": 0, "password": null}, {"uploadtime": 1743450455, "id": "gen9vgc2025reggbo3-2332220414", "format": "[Gen 9] VGC 2025 Reg G (Bo3)", "players": ["test123vgc456", "SaicoWhenISlide"], "rating": 1219, "private": 0, "password": null}, {"uploadtime": 1743450333, "id": "gen9vgc2025reggbo3-2332217037", "format": "[Gen 9] VGC 2025 Reg G (Bo3)", "players": ["ray_on_1248_", "Fluvialcrossing"], "rating": null, "private": 0, "password": null}, {"uploadtime": 1743450294, "id": "gen9vgc2025reggbo3-2332219228", "format": "[Gen 9] VGC 2025 Reg G (Bo3)", "players": ["PagogoSexo", "Nim23"], "rating": 1180, "private": 0, "password": null}, {"uploadtime": 1743450279, "id": "gen9vgc2025reggbo3-2332216195", "format": "[Gen 9] VGC 2025 Reg G (Bo3)", "players": ["PagogoSexo", "Nim23"], "rating": null, "private": 0, "password": null}, {"uploadtime": 1743450270, "id": "gen9vgc2025reggbo3-2332219057", "format": "[Gen 9] VGC 2025 Reg G (Bo3)", "players": ["thepostmanp", "M0teM0te13"], "rating": 1314, "private": 0, "password": null}, {"uploadtime": 1743450172, "id": "gen9vgc2025reggbo3-2332215998", "format": "[Gen 9] VGC 2025 Reg G (Bo3)", "players": ["test123vgc456", "SaicoWhenISlide"], "rating": null, "private": 0, "password": null}, {"uploadtime": 1743450070, "id": "gen9vgc2025reggbo3-2332216436", "format": "[Gen 9] VGC 2025 Reg G (Bo3)", "players": ["monkeoogaboog2", "reversetracebaxks"], "rating": null, "private": 0, "password": null}, {"uploadtime": 1743450062, "id": "gen9vgc2025reggbo3-2332213231", "format": "[Gen 9] VGC 2025 Reg G (Bo3)", "players": ["monkeoogaboog2", "reversetracebaxks"], "rating": null, "private": 0, "password": null}, {"uploadtime": 1743450054, "id": "gen9vgc2025reggbo3-2332216846", "format": "[Gen 9] VGC 2025 Reg G (Bo3)", "players": ["thepostmanp", "M0teM0te13"], "rating": null, "private": 0, "password": null}, {"uploadtime": 1743449779, "id": "gen9vgc2025reggbo3-2332212081", "format": "[Gen 9] VGC 2025 Reg G (Bo3)", "players": ["USVGC SSLT Neru", "Fluvialcrossing"], "rating": 1167, "private": 0, "password": null}, {"uploadtime": 1743449758, "id": "gen9vgc2025reggbo3-2332214423", "format": "[Gen 9] VGC 2025 Reg G (Bo3)", "players": ["E10TEST", "thepostmanp"], "rating": 1368, "private": 0, "password": null}, {"uploadtime": 1743449660, "id": "gen9vgc2025reggbo3-2332212754", "format": "[Gen 9] VGC 2025 Reg G (Bo3)", "players": ["E10TEST", "thepostmanp"], "rating": null, "private": 0, "password": null}, {"uploadtime": 1743449613, "id": "gen9vgc2025reggbo3-2332209517", "format": "[Gen 9] VGC 2025 Reg G (Bo3)", "players": ["L4luck", "JLUKES"], "rating": 1235, "private": 0, "password": null}, {"uploadtime": 1743449613, "id": "gen9vgc2025reggbo3-2332209238", "format": "[Gen 9] VGC 2025 Reg G (Bo3)", "players": ["USVGC SSLT Neru", "Fluvialcrossing"], "rating": null, "private": 0, "password": null}, {"uploadtime": 1743449609, "id": "gen9vgc2025reggbo3-2332210995", "format": "[Gen 9] VGC 2025 Reg G (Bo3)", "players": ["queenofkp", "spinda truck"], "rating": 1052, "private": 0, "password": null}, {"uploadtime": 1743449597, "id": "gen9vgc2025reggbo3-2332209947", "format": "[Gen 9] VGC 2025 Reg G (Bo3)", "players": ["causatorres", "NETDlDO"], "rating": 1067, "private": 0, "password": null}, {"uploadtime": 1743449515, "id": "gen9vgc2025reggbo3-2332210982", "format": "[Gen 9] VGC 2025 Reg G (Bo3)", "players": ["E10TEST", "thepostmanp"], "rating": null, "private": 0, "password": null}, {"uploadtime": 1743449453, "id": "gen9vgc2025reggbo3-2332208912", "format": "[Gen 9] VGC 2025 Reg G (Bo3)", "players": ["ratatouillerimi", "DOCTORCHUNK"], "rating": 1202, "private": 0, "password": null}, {"uploadtime": 1743449361, "id": "gen9vgc2025reggbo3-2332203150", "format": "[Gen 9] VGC 2025 Reg G (Bo3)", "players": ["mavaVg", "Sela133VII"], "rating": null, "private": 0, "password": null}, {"uploadtime": 1743449355, "id": "gen9vgc2025reggbo3-2332206208", "format": "[Gen 9] VGC 2025 Reg G (Bo3)", "players": ["onya nurve", "Brazocrew"], "rating": 1335, "private": 0, "password": null}, {"uploadtime": 1743449344, "id": "gen9vgc2025reggbo3-2332199617", "format": "[Gen 9] VGC 2025 Reg G (Bo3)", "players": ["onya nurve", "Brazocrew"], "rating": null, "private": 0, "password": null}, {"uploadtime": 1743449336, "id": "gen9vgc2025reggbo3-2332206121", "format": "[Gen 9] VGC 2025 Reg G (Bo3)", "players": ["Novacast", "cringepilled"], "rating": null, "private": 0, "password": null}, {"uploadtime": 1743449336, "id": "gen9vgc2025reggbo3-2332205781", "format": "[Gen 9] VGC 2025 Reg G (Bo3)", "players": ["TheGreenTotoro", "altharu"], "rating": null, "private": 0, "password": null}, {"uploadtime": 1743449336, "id": "gen9vgc2025reggbo3-2332201946", "format": "[Gen 9] VGC 2025 Reg G (Bo3)", "players": ["ShadowTriad Lazer", "randomuser0000"], "rating": null, "private": 0, "password": null}, {"uploadtime": 1743449331, "id": "gen9vgc2025reggbo3-2332195194", "format": "[Gen 9] VGC 2025 Reg G (Bo3)", "players": ["onya nurve", "Brazocrew"], "rating": null, "private": 0, "password": null}, {"uploadtime": 1743449299, "id": "gen9vgc2025reggbo3-2332205076", "format": "[Gen 9] VGC 2025 Reg G (Bo3)", "players": ["causatorres", "NETDlDO"], "rating": null, "private": 0, "password": null}, {"uploadtime": 1743449198, "id": "gen9vgc2025reggbo3-2332203481", "format": "[Gen 9] VGC 2025 Reg G (Bo3)", "players": ["Novacast", "cringepilled"], "rating": null, "private": 0, "password": null}, {"uploadtime": 1743449059, "id": "gen9vgc2025reggbo3-2332201804", "format": "[Gen 9] VGC 2025 Reg G (Bo3)", "players": ["SayonaraJoJo", "Nekloth"], "rating": null, "private": 0, "password": null}, {"uploadtime": 1743448997, "id": "gen9vgc2025reggbo3-2332199066", "format": "[Gen 9] VGC 2025 Reg G (Bo3)", "players": ["KingLordNiklas", "Kwaglen"], "rating": null, "private": 0, "password": null}, {"uploadtime": 1743448993, "id": "gen9vgc2025reggbo3-2332201739", "format": "[Gen 9] VGC 2025 Reg G (Bo3)", "players": ["KingLordNiklas", "Kwaglen"], "rating": null, "private": 0, "password": null}, {"uploadtime": 1743448990, "id": "gen9vgc2025reggbo3-2332204275", "format": "[Gen 9] VGC 2025 Reg G (Bo3)", "players": ["KingLordNiklas", "Kwaglen"], "rating": 1218, "private": 0, "password": null}, {"uploadtime": 1743448921, "id": "gen9vgc2025reggbo3-2332200950", "format": "[Gen 9] VGC 2025 Reg G (Bo3)", "players": ["Novacast", "cringepilled"], "rating": null, "private": 0, "password": null}, {"uploadtime": 1743448821, "id": "gen9vgc2025reggbo3-2332199340", "format": "[Gen 9] VGC 2025 Reg G (Bo3)", "players": ["Doctor Duckie", "Fluvialcrossing"], "rating": 1117, "private": 0, "password": null}, {"uploadtime": 1743448818, "id": "gen9vgc2025reggbo3-2332200882", "format": "[Gen 9] VGC 2025 Reg G (Bo3)", "players": ["Devious PLan", "MobiusVGC"], "rating": 1298, "private": 0, "password": null}, {"uploadtime": 1743448813, "id": "gen9vgc2025reggbo3-2332198621", "format": "[Gen 9] VGC 2025 Reg G (Bo3)", "players": ["Devious PLan", "MobiusVGC"], "rating": null, "private": 0, "password": null}, {"uploadtime": 1743448813, "id": "gen9vgc2025reggbo3-2332196068", "format": "[Gen 9] VGC 2025 Reg G (Bo3)", "players": ["Doctor Duckie", "Fluvialcrossing"], "rating": null, "private": 0, "password": null}, {"uploadtime": 1743448777, "id": "gen9vgc2025reggbo3-2332194279", "format": "[Gen 9] VGC 2025 Reg G (Bo3)", "players": ["Dhdeu364848", "legendcoot"], "rating": 1000, "private": 0, "password": null}, {"uploadtime": 1743448764, "id": "gen9vgc2025reggbo3-2332189289", "format": "[Gen 9] VGC 2025 Reg G (Bo3)", "players": ["Dhdeu364848", "legendcoot"], "rating": null, "private": 0, "password": null}, {"uploadtime": 1743448726, "id": "gen9vgc2025reggbo3-2332185267", "format": "[Gen 9] VGC 2025 Reg G (Bo3)", "players": ["Dhdeu364848", "legendcoot"], "rating": null, "private": 0, "password": null}]