[{"uploadtime": 1743420820, "id": "gen9vgc2025reggbo3-2331893429", "format": "[Gen 9] VGC 2025 Reg G (Bo3)", "players": ["Red wally", "xash117"], "rating": 1113, "private": 0, "password": null}, {"uploadtime": 1743420775, "id": "gen9vgc2025reggbo3-2331897038", "format": "[Gen 9] VGC 2025 Reg G (Bo3)", "players": ["ido1234567890", "capi533"], "rating": 1066, "private": 0, "password": null}, {"uploadtime": 1743420694, "id": "gen9vgc2025reggbo3-2331895041", "format": "[Gen 9] VGC 2025 Reg G (Bo3)", "players": ["ziv raymond", "fufiVGC"], "rating": null, "private": 0, "password": null}, {"uploadtime": 1743420681, "id": "gen9vgc2025reggbo3-2331893839", "format": "[Gen 9] VGC 2025 Reg G (Bo3)", "players": ["LaIsladeLeon", "pokehys2"], "rating": null, "private": 0, "password": null}, {"uploadtime": 1743420681, "id": "gen9vgc2025reggbo3-2331893535", "format": "[Gen 9] VGC 2025 Reg G (Bo3)", "players": ["Rg67", "JuanMKB"], "rating": null, "private": 0, "password": null}, {"uploadtime": 1743420681, "id": "gen9vgc2025reggbo3-2331893532", "format": "[Gen 9] VGC 2025 Reg G (Bo3)", "players": ["BundleUpItsCold", "tzback"], "rating": null, "private": 0, "password": null}, {"uploadtime": 1743420681, "id": "gen9vgc2025reggbo3-2331893514", "format": "[Gen 9] VGC 2025 Reg G (Bo3)", "players": ["magikarp soup", "drop coke"], "rating": null, "private": 0, "password": null}, {"uploadtime": 1743420681, "id": "gen9vgc2025reggbo3-2331893456", "format": "[Gen 9] VGC 2025 Reg G (Bo3)", "players": ["alxkdkdc", "JOka1000"], "rating": null, "private": 0, "password": null}, {"uploadtime": 1743420643, "id": "gen9vgc2025reggbo3-2331894932", "format": "[Gen 9] VGC 2025 Reg G (Bo3)", "players": ["ido1234567890", "capi533"], "rating": null, "private": 0, "password": null}, {"uploadtime": 1743420403, "id": "gen9vgc2025reggbo3-2331892354", "format": "[Gen 9] VGC 2025 Reg G (Bo3)", "players": ["LaIsladeLeon", "pokehys2"], "rating": null, "private": 0, "password": null}, {"uploadtime": 1743420403, "id": "gen9vgc2025reggbo3-2331892325", "format": "[Gen 9] VGC 2025 Reg G (Bo3)", "players": ["Zen1996-VGC", "Cbutty"], "rating": 1484, "private": 0, "password": null}, {"uploadtime": 1743420403, "id": "gen9vgc2025reggbo3-2331891921", "format": "[Gen 9] VGC 2025 Reg G (Bo3)", "players": ["Clawara", "kigokigo"], "rating": 1140, "private": 0, "password": null}, {"uploadtime": 1743420403, "id": "gen9vgc2025reggbo3-2331891459", "format": "[Gen 9] VGC 2025 Reg G (Bo3)", "players": ["xilliat", "Nickey45"], "rating": null, "private": 0, "password": null}, {"uploadtime": 1743420402, "id": "gen9vgc2025reggbo3-2331888043", "format": "[Gen 9] VGC 2025 Reg G (Bo3)", "players": ["confidential2U", "fufiVGC"], "rating": null, "private": 0, "password": null}, {"uploadtime": 1743420376, "id": "gen9vgc2025reggbo3-2331891435", "format": "[Gen 9] VGC 2025 Reg G (Bo3)", "players": ["confidential2U", "fufiVGC"], "rating": 1000, "private": 0, "password": null}, {"uploadtime": 1743420264, "id": "gen9vgc2025reggbo3-2331890922", "format": "[Gen 9] VGC 2025 Reg G (Bo3)", "players": ["Lazaro/shawdown", "gengar13o"], "rating": null, "private": 0, "password": null}, {"uploadtime": 1743420264, "id": "gen9vgc2025reggbo3-2331890421", "format": "[Gen 9] VGC 2025 Reg G (Bo3)", "players": ["Zen1996-VGC", "Cbutty"], "rating": null, "private": 0, "password": null}, {"uploadtime": 1743420264, "id": "gen9vgc2025reggbo3-2331889758", "format": "[Gen 9] VGC 2025 Reg G (Bo3)", "players": ["rlgidec", "Drake Thunderbolt"], "rating": null, "private": 0, "password": null}, {"uploadtime": 1743420125, "id": "gen9vgc2025reggbo3-2331888159", "format": "[Gen 9] VGC 2025 Reg G (Bo3)", "players": ["HombrePepinillo", "SpeZySR"], "rating": null, "private": 0, "password": null}, {"uploadtime": 1743420125, "id": "gen9vgc2025reggbo3-2331887997", "format": "[Gen 9] VGC 2025 Reg G (Bo3)", "players": ["RandomizerBG", "tricomialex"], "rating": null, "private": 0, "password": null}, {"uploadtime": 1743419986, "id": "gen9vgc2025reggbo3-2331886704", "format": "[Gen 9] VGC 2025 Reg G (Bo3)", "players": ["abcdabfg", "EeveeSolution"], "rating": 1152, "private": 0, "password": null}, {"uploadtime": 1743419847, "id": "gen9vgc2025reggbo3-2331887427", "format": "[Gen 9] VGC 2025 Reg G (Bo3)", "players": ["TheLordNebiros", "alxkdkdc"], "rating": null, "private": 0, "password": null}, {"uploadtime": 1743419847, "id": "gen9vgc2025reggbo3-2331886908", "format": "[Gen 9] VGC 2025 Reg G (Bo3)", "players": ["gengar13o", "Nickey45"], "rating": null, "private": 0, "password": null}, {"uploadtime": 1743419847, "id": "gen9vgc2025reggbo3-2331886753", "format": "[Gen 9] VGC 2025 Reg G (Bo3)", "players": ["Bobbo2", "Bobbo1"], "rating": null, "private": 0, "password": null}, {"uploadtime": 1743419708, "id": "gen9vgc2025reggbo3-2331887124", "format": "[Gen 9] VGC 2025 Reg G (Bo3)", "players": ["Edmondantes97", "rysler NYU"], "rating": 1058, "private": 0, "password": null}, {"uploadtime": 1743419708, "id": "gen9vgc2025reggbo3-2331884605", "format": "[Gen 9] VGC 2025 Reg G (Bo3)", "players": ["RandomizerBG", "tricomialex"], "rating": null, "private": 0, "password": null}, {"uploadtime": 1743419569, "id": "gen9vgc2025reggbo3-2331885364", "format": "[Gen 9] VGC 2025 Reg G (Bo3)", "players": ["Bobbo2", "Bobbo1"], "rating": null, "private": 0, "password": null}, {"uploadtime": 1743419569, "id": "gen9vgc2025reggbo3-2331883316", "format": "[Gen 9] VGC 2025 Reg G (Bo3)", "players": ["abcdabfg", "EeveeSolution"], "rating": null, "private": 0, "password": null}, {"uploadtime": 1743419430, "id": "gen9vgc2025reggbo3-2331884458", "format": "[Gen 9] VGC 2025 Reg G (Bo3)", "players": ["HombrePepinillo", "Oscardeeeee"], "rating": null, "private": 0, "password": null}, {"uploadtime": 1743419291, "id": "gen9vgc2025reggbo3-2331883233", "format": "[Gen 9] VGC 2025 Reg G (Bo3)", "players": ["Zen1996-VGC", "Oncenroan"], "rating": null, "private": 0, "password": null}, {"uploadtime": 1743419152, "id": "gen9vgc2025reggbo3-2331882967", "format": "[Gen 9] VGC 2025 Reg G (Bo3)", "players": ["gengar13o", "alxkdkdc"], "rating": null, "private": 0, "password": null}, {"uploadtime": 1743419013, "id": "gen9vgc2025reggbo3-2331881872", "format": "[Gen 9] VGC 2025 Reg G (Bo3)", "players": ["abdullosama25", "txirulas"], "rating": null, "private": 0, "password": null}, {"uploadtime": 1743419013, "id": "gen9vgc2025reggbo3-2331881804", "format": "[Gen 9] VGC 2025 Reg G (Bo3)", "players": ["Rg67", "GoToSeville"], "rating": null, "private": 0, "password": null}, {"uploadtime": 1743419013, "id": "gen9vgc2025reggbo3-2331880753", "format": "[Gen 9] VGC 2025 Reg G (Bo3)", "players": ["Nickey45", "Adudegames2020"], "rating": null, "private": 0, "password": null}, {"uploadtime": 1743419012, "id": "gen9vgc2025reggbo3-2331882425", "format": "[Gen 9] VGC 2025 Reg G (Bo3)", "players": ["TheLordNebiros", "Not-racist-allah"], "rating": null, "private": 0, "password": null}, {"uploadtime": 1743419012, "id": "gen9vgc2025reggbo3-2331881129", "format": "[Gen 9] VGC 2025 Reg G (Bo3)", "players": ["HombrePepinillo", "TubularInsect"], "rating": null, "private": 0, "password": null}, {"uploadtime": 1743419012, "id": "gen9vgc2025reggbo3-2331881075", "format": "[Gen 9] VGC 2025 Reg G (Bo3)", "players": ["iddovdb", "Tronki22"], "rating": null, "private": 0, "password": null}, {"uploadtime": 1743419012, "id": "gen9vgc2025reggbo3-2331879875", "format": "[Gen 9] VGC 2025 Reg G (Bo3)", "players": ["abcdabfg", "EeveeSolution"], "rating": null, "private": 0, "password": null}, {"uploadtime": 1743418973, "id": "gen9vgc2025reggbo3-2331883727", "format": "[Gen 9] VGC 2025 Reg G (Bo3)", "players": ["ossigt", "badplayer3.141"], "rating": 1106, "private": 0, "password": null}, {"uploadtime": 1743418873, "id": "gen9vgc2025reggbo3-2331881165", "format": "[Gen 9] VGC 2025 Reg G (Bo3)", "players": ["Oncenroan", "Cbutty"], "rating": null, "private": 0, "password": null}, {"uploadtime": 1743418873, "id": "gen9vgc2025reggbo3-2331880544", "format": "[Gen 9] VGC 2025 Reg G (Bo3)", "players": ["i am saksham", "Hactor-gv128"], "rating": null, "private": 0, "password": null}, {"uploadtime": 1743418734, "id": "gen9vgc2025reggbo3-2331880045", "format": "[Gen 9] VGC 2025 Reg G (Bo3)", "players": ["Oncenroan", "Cbutty"], "rating": null, "private": 0, "password": null}, {"uploadtime": 1743418734, "id": "gen9vgc2025reggbo3-2331879256", "format": "[Gen 9] VGC 2025 Reg G (Bo3)", "players": ["rysler NYU", "Jack_Kirishima"], "rating": null, "private": 0, "password": null}, {"uploadtime": 1743418734, "id": "gen9vgc2025reggbo3-2331879074", "format": "[Gen 9] VGC 2025 Reg G (Bo3)", "players": ["iddovdb", "Tronki22"], "rating": null, "private": 0, "password": null}, {"uploadtime": 1743418734, "id": "gen9vgc2025reggbo3-2331877902", "format": "[Gen 9] VGC 2025 Reg G (Bo3)", "players": ["Chash10", "ayger999"], "rating": 1151, "private": 0, "password": null}, {"uploadtime": 1743418456, "id": "gen9vgc2025reggbo3-2331877570", "format": "[Gen 9] VGC 2025 Reg G (Bo3)", "players": ["JackL5321", "Gabblegoat"], "rating": null, "private": 0, "password": null}, {"uploadtime": 1743418456, "id": "gen9vgc2025reggbo3-2331877243", "format": "[Gen 9] VGC 2025 Reg G (Bo3)", "players": ["javi1297", "Marts_the_Martian"], "rating": null, "private": 0, "password": null}, {"uploadtime": 1743418317, "id": "gen9vgc2025reggbo3-2331876740", "format": "[Gen 9] VGC 2025 Reg G (Bo3)", "players": ["DanielMike", "Brightstar3123"], "rating": null, "private": 0, "password": null}, {"uploadtime": 1743418317, "id": "gen9vgc2025reggbo3-2331876666", "format": "[Gen 9] VGC 2025 Reg G (Bo3)", "players": ["Oscardeeeee", "gengar13o"], "rating": null, "private": 0, "password": null}, {"uploadtime": 1743418317, "id": "gen9vgc2025reggbo3-2331876403", "format": "[Gen 9] VGC 2025 Reg G (Bo3)", "players": ["zeyn-299", "hoddricks"], "rating": null, "private": 0, "password": null}, {"uploadtime": 1743418215, "id": "gen9vgc2025reggbo3-2331875856", "format": "[Gen 9] VGC 2025 Reg G (Bo3)", "players": ["TubularInsect", "3Blackwolf"], "rating": 1051, "private": 0, "password": null}]