[{"uploadtime": 1743351221, "id": "gen9vgc2025reggbo3-2331321578", "format": "[Gen 9] VGC 2025 Reg G (Bo3)", "players": ["qu4ttro", "powerfulbuild"], "rating": null, "private": 0, "password": null}, {"uploadtime": 1743351221, "id": "gen9vgc2025reggbo3-2331321062", "format": "[Gen 9] VGC 2025 Reg G (Bo3)", "players": ["mikemoon11", "repete64"], "rating": null, "private": 0, "password": null}, {"uploadtime": 1743351221, "id": "gen9vgc2025reggbo3-2331320340", "format": "[Gen 9] VGC 2025 Reg G (Bo3)", "players": ["Jtzzzzz", "noya shiba"], "rating": null, "private": 0, "password": null}, {"uploadtime": 1743351083, "id": "gen9vgc2025reggbo3-2331321024", "format": "[Gen 9] VGC 2025 Reg G (Bo3)", "players": ["Skoolzon3", "pitermax"], "rating": null, "private": 0, "password": null}, {"uploadtime": 1743351083, "id": "gen9vgc2025reggbo3-2331320243", "format": "[Gen 9] VGC 2025 Reg G (Bo3)", "players": ["CandleBlue", "juacox300"], "rating": null, "private": 0, "password": null}, {"uploadtime": 1743351083, "id": "gen9vgc2025reggbo3-2331320196", "format": "[Gen 9] VGC 2025 Reg G (Bo3)", "players": ["Paldeawaiter", "zeyn-299"], "rating": null, "private": 0, "password": null}, {"uploadtime": 1743351083, "id": "gen9vgc2025reggbo3-2331318983", "format": "[Gen 9] VGC 2025 Reg G (Bo3)", "players": ["stan marsh", "llamatruama"], "rating": 1056, "private": 0, "password": null}, {"uploadtime": 1743351083, "id": "gen9vgc2025reggbo3-2331318089", "format": "[Gen 9] VGC 2025 Reg G (Bo3)", "players": ["Scarface22", "Pikaman21"], "rating": 1055, "private": 0, "password": null}, {"uploadtime": 1743350945, "id": "gen9vgc2025reggbo3-2331320030", "format": "[Gen 9] VGC 2025 Reg G (Bo3)", "players": ["Grim Nay", "Joe870502"], "rating": null, "private": 0, "password": null}, {"uploadtime": 1743350945, "id": "gen9vgc2025reggbo3-2331319721", "format": "[Gen 9] VGC 2025 Reg G (Bo3)", "players": ["NuovoSangue", "keali"], "rating": null, "private": 0, "password": null}, {"uploadtime": 1743350945, "id": "gen9vgc2025reggbo3-2331319064", "format": "[Gen 9] VGC 2025 Reg G (Bo3)", "players": ["PutoLen33", "Chad Dusclops"], "rating": null, "private": 0, "password": null}, {"uploadtime": 1743350945, "id": "gen9vgc2025reggbo3-2331318963", "format": "[Gen 9] VGC 2025 Reg G (Bo3)", "players": ["U43AH", "Gworf"], "rating": null, "private": 0, "password": null}, {"uploadtime": 1743350945, "id": "gen9vgc2025reggbo3-2331318765", "format": "[Gen 9] VGC 2025 Reg G (Bo3)", "players": ["drewpac19", "Sewlu"], "rating": null, "private": 0, "password": null}, {"uploadtime": 1743350945, "id": "gen9vgc2025reggbo3-2331318737", "format": "[Gen 9] VGC 2025 Reg G (Bo3)", "players": ["b1kope", "fastsun"], "rating": null, "private": 0, "password": null}, {"uploadtime": 1743350945, "id": "gen9vgc2025reggbo3-2331318547", "format": "[Gen 9] VGC 2025 Reg G (Bo3)", "players": ["qu4ttro", "powerfulbuild"], "rating": null, "private": 0, "password": null}, {"uploadtime": 1743350945, "id": "gen9vgc2025reggbo3-2331318288", "format": "[Gen 9] VGC 2025 Reg G (Bo3)", "players": ["Hactor-gv128", "TeraxManQ127"], "rating": null, "private": 0, "password": null}, {"uploadtime": 1743350945, "id": "gen9vgc2025reggbo3-2331318003", "format": "[Gen 9] VGC 2025 Reg G (Bo3)", "players": ["Leon_147", "PAT_3rt"], "rating": null, "private": 0, "password": null}, {"uploadtime": 1743350806, "id": "gen9vgc2025reggbo3-2331318784", "format": "[Gen 9] VGC 2025 Reg G (Bo3)", "players": ["Littlenap", "Le P VGC"], "rating": null, "private": 0, "password": null}, {"uploadtime": 1743350806, "id": "gen9vgc2025reggbo3-2331318250", "format": "[Gen 9] VGC 2025 Reg G (Bo3)", "players": ["khaopunn", "Hollowkung"], "rating": null, "private": 0, "password": null}, {"uploadtime": 1743350806, "id": "gen9vgc2025reggbo3-2331318226", "format": "[Gen 9] VGC 2025 Reg G (Bo3)", "players": ["Grim Nay", "Joe870502"], "rating": null, "private": 0, "password": null}, {"uploadtime": 1743350806, "id": "gen9vgc2025reggbo3-2331318058", "format": "[Gen 9] VGC 2025 Reg G (Bo3)", "players": ["CandleBlue", "juacox300"], "rating": null, "private": 0, "password": null}, {"uploadtime": 1743350806, "id": "gen9vgc2025reggbo3-2331317628", "format": "[Gen 9] VGC 2025 Reg G (Bo3)", "players": ["OlloDaru", "electrictopi"], "rating": 1313, "private": 0, "password": null}, {"uploadtime": 1743350751, "id": "gen9vgc2025reggbo3-2331320278", "format": "[Gen 9] VGC 2025 Reg G (Bo3)", "players": ["alxkdkdc", "Carapitengo"], "rating": 1232, "private": 0, "password": null}, {"uploadtime": 1743350742, "id": "gen9vgc2025reggbo3-2331317706", "format": "[Gen 9] VGC 2025 Reg G (Bo3)", "players": ["alxkdkdc", "Carapitengo"], "rating": null, "private": 0, "password": null}, {"uploadtime": 1743350684, "id": "gen9vgc2025reggbo3-2331318379", "format": "[Gen 9] VGC 2025 Reg G (Bo3)", "players": ["lillyrosethedemon", "Zen1996-VGC"], "rating": 1540, "private": 0, "password": null}, {"uploadtime": 1743350671, "id": "gen9vgc2025reggbo3-2331316266", "format": "[Gen 9] VGC 2025 Reg G (Bo3)", "players": ["lillyrosethedemon", "Zen1996-VGC"], "rating": null, "private": 0, "password": null}, {"uploadtime": 1743350644, "id": "gen9vgc2025reggbo3-2331314020", "format": "[Gen 9] VGC 2025 Reg G (Bo3)", "players": ["lillyrosethedemon", "Zen1996-VGC"], "rating": null, "private": 0, "password": null}, {"uploadtime": 1743350614, "id": "gen9vgc2025reggbo3-2331318316", "format": "[Gen 9] VGC 2025 Reg G (Bo3)", "players": ["GoobisLoobisToobis", "123Ayan"], "rating": 1144, "private": 0, "password": null}, {"uploadtime": 1743350562, "id": "gen9vgc2025reggbo3-2331317491", "format": "[Gen 9] VGC 2025 Reg G (Bo3)", "players": ["Koke_915", "Mikitrash"], "rating": 1022, "private": 0, "password": null}, {"uploadtime": 1743350503, "id": "gen9vgc2025reggbo3-2331317667", "format": "[Gen 9] VGC 2025 Reg G (Bo3)", "players": ["csrtime", "thetestingpokemonz"], "rating": 1349, "private": 0, "password": null}, {"uploadtime": 1743350389, "id": "gen9vgc2025reggbo3-2331313359", "format": "[Gen 9] VGC 2025 Reg G (Bo3)", "players": ["ruben branzini", "AhriVGC"], "rating": null, "private": 0, "password": null}, {"uploadtime": 1743349903, "id": "gen9vgc2025reggbo3-2331309201", "format": "[Gen 9] VGC 2025 Reg G (Bo3)", "players": ["ruben branzini", "AhriVGC"], "rating": null, "private": 0, "password": null}, {"uploadtime": 1743349836, "id": "gen9vgc2025reggbo3-2331306580", "format": "[Gen 9] VGC 2025 Reg G (Bo3)", "players": ["dricano", "Le P VGC"], "rating": 1287, "private": 0, "password": null}, {"uploadtime": 1743349816, "id": "gen9vgc2025reggbo3-2331303515", "format": "[Gen 9] VGC 2025 Reg G (Bo3)", "players": ["dricano", "Le P VGC"], "rating": null, "private": 0, "password": null}, {"uploadtime": 1743349802, "id": "gen9vgc2025reggbo3-2331310364", "format": "[Gen 9] VGC 2025 Reg G (Bo3)", "players": ["Leon_147", "pixelfx"], "rating": 1239, "private": 0, "password": null}, {"uploadtime": 1743349656, "id": "gen9vgc2025reggbo3-2331303769", "format": "[Gen 9] VGC 2025 Reg G (Bo3)", "players": ["tbag prince", "Cubyn"], "rating": null, "private": 0, "password": null}, {"uploadtime": 1743349631, "id": "gen9vgc2025reggbo3-2331300120", "format": "[Gen 9] VGC 2025 Reg G (Bo3)", "players": ["tbag prince", "Cubyn"], "rating": null, "private": 0, "password": null}, {"uploadtime": 1743349616, "id": "gen9vgc2025reggbo3-2331295244", "format": "[Gen 9] VGC 2025 Reg G (Bo3)", "players": ["tbag prince", "Cubyn"], "rating": null, "private": 0, "password": null}, {"uploadtime": 1743349570, "id": "gen9vgc2025reggbo3-2331307732", "format": "[Gen 9] VGC 2025 Reg G (Bo3)", "players": ["Leon_147", "pixelfx"], "rating": null, "private": 0, "password": null}, {"uploadtime": 1743349279, "id": "gen9vgc2025reggbo3-2331305636", "format": "[Gen 9] VGC 2025 Reg G (Bo3)", "players": ["Leon_147", "pixelfx"], "rating": null, "private": 0, "password": null}, {"uploadtime": 1743349227, "id": "gen9vgc2025reggbo3-2331304480", "format": "[Gen 9] VGC 2025 Reg G (Bo3)", "players": ["onya nurve", "propedro"], "rating": 1296, "private": 0, "password": null}, {"uploadtime": 1743349215, "id": "gen9vgc2025reggbo3-2331302200", "format": "[Gen 9] VGC 2025 Reg G (Bo3)", "players": ["onya nurve", "propedro"], "rating": null, "private": 0, "password": null}, {"uploadtime": 1743349018, "id": "gen9vgc2025reggbo3-2331295184", "format": "[Gen 9] VGC 2025 Reg G (Bo3)", "players": ["rainrain2", "Rainrain1"], "rating": null, "private": 0, "password": null}, {"uploadtime": 1743348585, "id": "gen9vgc2025reggbo3-2331299783", "format": "[Gen 9] VGC 2025 Reg G (Bo3)", "players": ["PhilHellmuth.PH", "anton con perish"], "rating": 1266, "private": 0, "password": null}, {"uploadtime": 1743348579, "id": "gen9vgc2025reggbo3-2331298593", "format": "[Gen 9] VGC 2025 Reg G (Bo3)", "players": ["PhilHellmuth.PH", "anton con perish"], "rating": null, "private": 0, "password": null}, {"uploadtime": 1743348574, "id": "gen9vgc2025reggbo3-2331296814", "format": "[Gen 9] VGC 2025 Reg G (Bo3)", "players": ["PhilHellmuth.PH", "anton con perish"], "rating": null, "private": 0, "password": null}, {"uploadtime": 1743348492, "id": "gen9vgc2025reggbo3-2331299265", "format": "[Gen 9] VGC 2025 Reg G (Bo3)", "players": ["pixelfx", "boom246"], "rating": 1164, "private": 0, "password": null}, {"uploadtime": 1743348459, "id": "gen9vgc2025reggbo3-2331298649", "format": "[Gen 9] VGC 2025 Reg G (Bo3)", "players": ["yagomg", "Leon_147"], "rating": 1176, "private": 0, "password": null}, {"uploadtime": 1743348290, "id": "gen9vgc2025reggbo3-2331295672", "format": "[Gen 9] VGC 2025 Reg G (Bo3)", "players": ["pixelfx", "boom246"], "rating": null, "private": 0, "password": null}, {"uploadtime": 1743348027, "id": "gen9vgc2025reggbo3-2331295226", "format": "[Gen 9] VGC 2025 Reg G (Bo3)", "players": ["MoodyMukVGC", "crimsonkidd"], "rating": 1183, "private": 0, "password": null}, {"uploadtime": 1743348019, "id": "gen9vgc2025reggbo3-2331291780", "format": "[Gen 9] VGC 2025 Reg G (Bo3)", "players": ["MoodyMukVGC", "crimsonkidd"], "rating": null, "private": 0, "password": null}]