[{"uploadtime": 1743411505, "id": "gen9vgc2025reggbo3-2331832904", "format": "[Gen 9] VGC 2025 Reg G (Bo3)", "players": ["Zapinhojr", "TubigBaha"], "rating": 1074, "private": 0, "password": null}, {"uploadtime": 1743411505, "id": "gen9vgc2025reggbo3-2331832489", "format": "[Gen 9] VGC 2025 Reg G (Bo3)", "players": ["waiseng", "Wk_Silva_1112"], "rating": 1253, "private": 0, "password": null}, {"uploadtime": 1743411505, "id": "gen9vgc2025reggbo3-2331831904", "format": "[Gen 9] VGC 2025 Reg G (Bo3)", "players": ["Graeden4eva", "quazi66"], "rating": null, "private": 0, "password": null}, {"uploadtime": 1743411366, "id": "gen9vgc2025reggbo3-2331831735", "format": "[Gen 9] VGC 2025 Reg G (Bo3)", "players": ["Naor345", "pikarzvi"], "rating": null, "private": 0, "password": null}, {"uploadtime": 1743411366, "id": "gen9vgc2025reggbo3-2331831660", "format": "[Gen 9] VGC 2025 Reg G (Bo3)", "players": ["EnchantDark", "DNLPKTRAINER"], "rating": null, "private": 0, "password": null}, {"uploadtime": 1743411366, "id": "gen9vgc2025reggbo3-2331831461", "format": "[Gen 9] VGC 2025 Reg G (Bo3)", "players": ["Zapinhojr", "TubigBaha"], "rating": null, "private": 0, "password": null}, {"uploadtime": 1743411366, "id": "gen9vgc2025reggbo3-2331831459", "format": "[Gen 9] VGC 2025 Reg G (Bo3)", "players": ["Dcenz7", "roykeenkennedy"], "rating": null, "private": 0, "password": null}, {"uploadtime": 1743411366, "id": "gen9vgc2025reggbo3-2331831439", "format": "[Gen 9] VGC 2025 Reg G (Bo3)", "players": ["MeekMatt", "RonChan24"], "rating": null, "private": 0, "password": null}, {"uploadtime": 1743411366, "id": "gen9vgc2025reggbo3-2331831229", "format": "[Gen 9] VGC 2025 Reg G (Bo3)", "players": ["FriesischerEber", "TT2024"], "rating": null, "private": 0, "password": null}, {"uploadtime": 1743411227, "id": "gen9vgc2025reggbo3-2331831216", "format": "[Gen 9] VGC 2025 Reg G (Bo3)", "players": ["adhii", "We_Love_The_Gong"], "rating": null, "private": 0, "password": null}, {"uploadtime": 1743411227, "id": "gen9vgc2025reggbo3-2331830997", "format": "[Gen 9] VGC 2025 Reg G (Bo3)", "players": ["Lazaro/shawdown", "yguhnjl"], "rating": null, "private": 0, "password": null}, {"uploadtime": 1743411227, "id": "gen9vgc2025reggbo3-2331830112", "format": "[Gen 9] VGC 2025 Reg G (Bo3)", "players": ["AngrrryGuy", "relif"], "rating": null, "private": 0, "password": null}, {"uploadtime": 1743411087, "id": "gen9vgc2025reggbo3-2331830221", "format": "[Gen 9] VGC 2025 Reg G (Bo3)", "players": ["tylchi", "wopenheimer alt"], "rating": null, "private": 0, "password": null}, {"uploadtime": 1743411087, "id": "gen9vgc2025reggbo3-2331829879", "format": "[Gen 9] VGC 2025 Reg G (Bo3)", "players": ["Dcenz7", "roykeenkennedy"], "rating": null, "private": 0, "password": null}, {"uploadtime": 1743411087, "id": "gen9vgc2025reggbo3-2331829764", "format": "[Gen 9] VGC 2025 Reg G (Bo3)", "players": ["adhii", "We_Love_The_Gong"], "rating": null, "private": 0, "password": null}, {"uploadtime": 1743411087, "id": "gen9vgc2025reggbo3-2331829226", "format": "[Gen 9] VGC 2025 Reg G (Bo3)", "players": ["lu1003", "ShadowTriad Lazer"], "rating": null, "private": 0, "password": null}, {"uploadtime": 1743411081, "id": "gen9vgc2025reggbo3-2331830808", "format": "[Gen 9] VGC 2025 Reg G (Bo3)", "players": ["gta44", "bulano"], "rating": 1286, "private": 0, "password": null}, {"uploadtime": 1743411018, "id": "gen9vgc2025reggbo3-2331829852", "format": "[Gen 9] VGC 2025 Reg G (Bo3)", "players": ["gta44", "bulano"], "rating": null, "private": 0, "password": null}, {"uploadtime": 1743410948, "id": "gen9vgc2025reggbo3-2331829644", "format": "[Gen 9] VGC 2025 Reg G (Bo3)", "players": ["GTCEA.vgc", "miranarda"], "rating": null, "private": 0, "password": null}, {"uploadtime": 1743410948, "id": "gen9vgc2025reggbo3-2331828840", "format": "[Gen 9] VGC 2025 Reg G (Bo3)", "players": ["xilliat", "Chash10"], "rating": 1091, "private": 0, "password": null}, {"uploadtime": 1743410948, "id": "gen9vgc2025reggbo3-2331826348", "format": "[Gen 9] VGC 2025 Reg G (Bo3)", "players": ["por8os", "sonia gabriel"], "rating": null, "private": 0, "password": null}, {"uploadtime": 1743410904, "id": "gen9vgc2025reggbo3-2331830392", "format": "[Gen 9] VGC 2025 Reg G (Bo3)", "players": ["itslikewoah", "Pawah"], "rating": 1198, "private": 0, "password": null}, {"uploadtime": 1743410896, "id": "gen9vgc2025reggbo3-2331828911", "format": "[Gen 9] VGC 2025 Reg G (Bo3)", "players": ["itslikewoah", "Pawah"], "rating": null, "private": 0, "password": null}, {"uploadtime": 1743410825, "id": "gen9vgc2025reggbo3-2331828922", "format": "[Gen 9] VGC 2025 Reg G (Bo3)", "players": ["gta44", "bulano"], "rating": null, "private": 0, "password": null}, {"uploadtime": 1743410809, "id": "gen9vgc2025reggbo3-2331828336", "format": "[Gen 9] VGC 2025 Reg G (Bo3)", "players": ["adhii", "Jehag"], "rating": 1286, "private": 0, "password": null}, {"uploadtime": 1743410809, "id": "gen9vgc2025reggbo3-2331828263", "format": "[Gen 9] VGC 2025 Reg G (Bo3)", "players": ["SnowquakeMG", "Ery17"], "rating": null, "private": 0, "password": null}, {"uploadtime": 1743410809, "id": "gen9vgc2025reggbo3-2331827434", "format": "[Gen 9] VGC 2025 Reg G (Bo3)", "players": ["PatoGafas", "FriesischerEber"], "rating": null, "private": 0, "password": null}, {"uploadtime": 1743410809, "id": "gen9vgc2025reggbo3-2331827090", "format": "[Gen 9] VGC 2025 Reg G (Bo3)", "players": ["GTCEA.vgc", "miranarda"], "rating": null, "private": 0, "password": null}, {"uploadtime": 1743410670, "id": "gen9vgc2025reggbo3-2331827878", "format": "[Gen 9] VGC 2025 Reg G (Bo3)", "players": ["itslikewoah", "Pawah"], "rating": null, "private": 0, "password": null}, {"uploadtime": 1743410670, "id": "gen9vgc2025reggbo3-2331827848", "format": "[Gen 9] VGC 2025 Reg G (Bo3)", "players": ["RonChan24", "Karrottensirup"], "rating": null, "private": 0, "password": null}, {"uploadtime": 1743410670, "id": "gen9vgc2025reggbo3-2331827308", "format": "[Gen 9] VGC 2025 Reg G (Bo3)", "players": ["PurelyCynical", "Rallakos"], "rating": null, "private": 0, "password": null}, {"uploadtime": 1743410670, "id": "gen9vgc2025reggbo3-2331826743", "format": "[Gen 9] VGC 2025 Reg G (Bo3)", "players": ["AngrrryGuy", "wopenheimer alt"], "rating": null, "private": 0, "password": null}, {"uploadtime": 1743410670, "id": "gen9vgc2025reggbo3-2331826218", "format": "[Gen 9] VGC 2025 Reg G (Bo3)", "players": ["Graeden4eva", "Cheesey027"], "rating": null, "private": 0, "password": null}, {"uploadtime": 1743410531, "id": "gen9vgc2025reggbo3-2331826804", "format": "[Gen 9] VGC 2025 Reg G (Bo3)", "players": ["RonChan24", "Karrottensirup"], "rating": null, "private": 0, "password": null}, {"uploadtime": 1743410531, "id": "gen9vgc2025reggbo3-2331825828", "format": "[Gen 9] VGC 2025 Reg G (Bo3)", "players": ["PurelyCynical", "Rallakos"], "rating": null, "private": 0, "password": null}, {"uploadtime": 1743410531, "id": "gen9vgc2025reggbo3-2331825690", "format": "[Gen 9] VGC 2025 Reg G (Bo3)", "players": ["joshuajohnf", "cottoncandywoof"], "rating": null, "private": 0, "password": null}, {"uploadtime": 1743410531, "id": "gen9vgc2025reggbo3-2331825495", "format": "[Gen 9] VGC 2025 Reg G (Bo3)", "players": ["Jehag", "nikolasnaiz"], "rating": null, "private": 0, "password": null}, {"uploadtime": 1743410392, "id": "gen9vgc2025reggbo3-2331825228", "format": "[Gen 9] VGC 2025 Reg G (Bo3)", "players": ["VioPhoenix", "DamEdge"], "rating": null, "private": 0, "password": null}, {"uploadtime": 1743410253, "id": "gen9vgc2025reggbo3-2331824969", "format": "[Gen 9] VGC 2025 Reg G (Bo3)", "players": ["Jehag", "Danielm24"], "rating": 1291, "private": 0, "password": null}, {"uploadtime": 1743410253, "id": "gen9vgc2025reggbo3-2331824854", "format": "[Gen 9] VGC 2025 Reg G (Bo3)", "players": ["RonChan24", "Miniturtlexd3"], "rating": null, "private": 0, "password": null}, {"uploadtime": 1743410253, "id": "gen9vgc2025reggbo3-2331824498", "format": "[Gen 9] VGC 2025 Reg G (Bo3)", "players": ["sonia gabriel", "carrotbeafsteak"], "rating": null, "private": 0, "password": null}, {"uploadtime": 1743410253, "id": "gen9vgc2025reggbo3-2331823912", "format": "[Gen 9] VGC 2025 Reg G (Bo3)", "players": ["Awakenedheat", "Dragannia"], "rating": 1035, "private": 0, "password": null}, {"uploadtime": 1743410253, "id": "gen9vgc2025reggbo3-2331823520", "format": "[Gen 9] VGC 2025 Reg G (Bo3)", "players": ["digdugdogs", "xilliat"], "rating": null, "private": 0, "password": null}, {"uploadtime": 1743410253, "id": "gen9vgc2025reggbo3-2331823263", "format": "[Gen 9] VGC 2025 Reg G (Bo3)", "players": ["LifeofPabz", "GuY(o ON ShOwDoWn"], "rating": 1145, "private": 0, "password": null}, {"uploadtime": 1743410114, "id": "gen9vgc2025reggbo3-2331824312", "format": "[Gen 9] VGC 2025 Reg G (Bo3)", "players": ["wopenheimer alt", "DNLPKTRAINER"], "rating": 1083, "private": 0, "password": null}, {"uploadtime": 1743410114, "id": "gen9vgc2025reggbo3-2331823461", "format": "[Gen 9] VGC 2025 Reg G (Bo3)", "players": ["Lazaro/shawdown", "itslikewoah"], "rating": 1109, "private": 0, "password": null}, {"uploadtime": 1743410114, "id": "gen9vgc2025reggbo3-2331823035", "format": "[Gen 9] VGC 2025 Reg G (Bo3)", "players": ["marcolaker", "protossj"], "rating": null, "private": 0, "password": null}, {"uploadtime": 1743409697, "id": "gen9vgc2025reggbo3-2331821318", "format": "[Gen 9] VGC 2025 Reg G (Bo3)", "players": ["slugpup stew", "pokedinoboy"], "rating": 1110, "private": 0, "password": null}, {"uploadtime": 1743409697, "id": "gen9vgc2025reggbo3-2331819972", "format": "[Gen 9] VGC 2025 Reg G (Bo3)", "players": ["ushitsune", "rlgidec"], "rating": null, "private": 0, "password": null}, {"uploadtime": 1743409419, "id": "gen9vgc2025reggbo3-2331819474", "format": "[Gen 9] VGC 2025 Reg G (Bo3)", "players": ["Drake Thunderbolt", "Jehag"], "rating": 1255, "private": 0, "password": null}, {"uploadtime": 1743409419, "id": "gen9vgc2025reggbo3-2331819249", "format": "[Gen 9] VGC 2025 Reg G (Bo3)", "players": ["npc06", "bao2405"], "rating": null, "private": 0, "password": null}]