[{"uploadtime": 1743396844, "id": "gen9vgc2025reggbo3-2331746822", "format": "[Gen 9] VGC 2025 Reg G (Bo3)", "players": ["Marts_the_Martian", "the lottery"], "rating": 1138, "private": 0, "password": null}, {"uploadtime": 1743396839, "id": "gen9vgc2025reggbo3-2331743821", "format": "[Gen 9] VGC 2025 Reg G (Bo3)", "players": ["RICHARDHAVOC", "pixelmonvgc"], "rating": null, "private": 0, "password": null}, {"uploadtime": 1743396838, "id": "gen9vgc2025reggbo3-2331745029", "format": "[Gen 9] VGC 2025 Reg G (Bo3)", "players": ["qreynolds", "kevinanderin"], "rating": null, "private": 0, "password": null}, {"uploadtime": 1743396838, "id": "gen9vgc2025reggbo3-2331744880", "format": "[Gen 9] VGC 2025 Reg G (Bo3)", "players": ["mangoemu", "SixHeroes"], "rating": null, "private": 0, "password": null}, {"uploadtime": 1743396838, "id": "gen9vgc2025reggbo3-2331744163", "format": "[Gen 9] VGC 2025 Reg G (Bo3)", "players": ["BloopScoop", "stan marsh"], "rating": null, "private": 0, "password": null}, {"uploadtime": 1743396838, "id": "gen9vgc2025reggbo3-2331743681", "format": "[Gen 9] VGC 2025 Reg G (Bo3)", "players": ["HEDGEHOGMEOW", "Pikaman21"], "rating": null, "private": 0, "password": null}, {"uploadtime": 1743396634, "id": "gen9vgc2025reggbo3-2331745595", "format": "[Gen 9] VGC 2025 Reg G (Bo3)", "players": ["Marts_the_Martian", "the lottery"], "rating": null, "private": 0, "password": null}, {"uploadtime": 1743396562, "id": "gen9vgc2025reggbo3-2331742901", "format": "[Gen 9] VGC 2025 Reg G (Bo3)", "players": ["qreynolds", "kevinanderin"], "rating": null, "private": 0, "password": null}, {"uploadtime": 1743396562, "id": "gen9vgc2025reggbo3-2331742819", "format": "[Gen 9] VGC 2025 Reg G (Bo3)", "players": ["yellow sock", "LocalFoodTank"], "rating": null, "private": 0, "password": null}, {"uploadtime": 1743396562, "id": "gen9vgc2025reggbo3-2331742505", "format": "[Gen 9] VGC 2025 Reg G (Bo3)", "players": ["mangoemu", "SixHeroes"], "rating": null, "private": 0, "password": null}, {"uploadtime": 1743396562, "id": "gen9vgc2025reggbo3-2331742368", "format": "[Gen 9] VGC 2025 Reg G (Bo3)", "players": ["Marts_the_Martian", "quazi66"], "rating": null, "private": 0, "password": null}, {"uploadtime": 1743396562, "id": "gen9vgc2025reggbo3-2331741470", "format": "[Gen 9] VGC 2025 Reg G (Bo3)", "players": ["ertsnom", "GhostEeveelution"], "rating": null, "private": 0, "password": null}, {"uploadtime": 1743396285, "id": "gen9vgc2025reggbo3-2331741693", "format": "[Gen 9] VGC 2025 Reg G (Bo3)", "players": ["chaewon28", "I'm sinning"], "rating": null, "private": 0, "password": null}, {"uploadtime": 1743396285, "id": "gen9vgc2025reggbo3-2331741632", "format": "[Gen 9] VGC 2025 Reg G (Bo3)", "players": ["Shirteasy22", "xiao1nK"], "rating": 1153, "private": 0, "password": null}, {"uploadtime": 1743396285, "id": "gen9vgc2025reggbo3-2331741617", "format": "[Gen 9] VGC 2025 Reg G (Bo3)", "players": ["duck-vn", "stan marsh"], "rating": null, "private": 0, "password": null}, {"uploadtime": 1743396285, "id": "gen9vgc2025reggbo3-2331741513", "format": "[Gen 9] VGC 2025 Reg G (Bo3)", "players": ["pikarzvi", "killfery"], "rating": null, "private": 0, "password": null}, {"uploadtime": 1743396285, "id": "gen9vgc2025reggbo3-2331741306", "format": "[Gen 9] VGC 2025 Reg G (Bo3)", "players": ["Risquin", "Archie09867"], "rating": null, "private": 0, "password": null}, {"uploadtime": 1743396285, "id": "gen9vgc2025reggbo3-2331740172", "format": "[Gen 9] VGC 2025 Reg G (Bo3)", "players": ["Beeksable", "mangoemu"], "rating": 1028, "private": 0, "password": null}, {"uploadtime": 1743396147, "id": "gen9vgc2025reggbo3-2331739590", "format": "[Gen 9] VGC 2025 Reg G (Bo3)", "players": ["RICHARDHAVOC", "moshmakivgc"], "rating": null, "private": 0, "password": null}, {"uploadtime": 1743396009, "id": "gen9vgc2025reggbo3-2331740138", "format": "[Gen 9] VGC 2025 Reg G (Bo3)", "players": ["Sarveshsaha29", "efibledo"], "rating": null, "private": 0, "password": null}, {"uploadtime": 1743396009, "id": "gen9vgc2025reggbo3-2331739997", "format": "[Gen 9] VGC 2025 Reg G (Bo3)", "players": ["Nub69420", "akshx"], "rating": null, "private": 0, "password": null}, {"uploadtime": 1743396009, "id": "gen9vgc2025reggbo3-2331739614", "format": "[Gen 9] VGC 2025 Reg G (Bo3)", "players": ["Robert1606", "Z3nthusiast"], "rating": null, "private": 0, "password": null}, {"uploadtime": 1743396009, "id": "gen9vgc2025reggbo3-2331739527", "format": "[Gen 9] VGC 2025 Reg G (Bo3)", "players": ["yellow sock", "Nearshort"], "rating": null, "private": 0, "password": null}, {"uploadtime": 1743396009, "id": "gen9vgc2025reggbo3-2331739215", "format": "[Gen 9] VGC 2025 Reg G (Bo3)", "players": ["MagoAndroide", "quazi66"], "rating": null, "private": 0, "password": null}, {"uploadtime": 1743396009, "id": "gen9vgc2025reggbo3-2331738544", "format": "[Gen 9] VGC 2025 Reg G (Bo3)", "players": ["LocalFoodTank", "HAVEATYOU"], "rating": null, "private": 0, "password": null}, {"uploadtime": 1743396009, "id": "gen9vgc2025reggbo3-2331738462", "format": "[Gen 9] VGC 2025 Reg G (Bo3)", "players": ["Beeksable", "mangoemu"], "rating": null, "private": 0, "password": null}, {"uploadtime": 1743395870, "id": "gen9vgc2025reggbo3-2331738587", "format": "[Gen 9] VGC 2025 Reg G (Bo3)", "players": ["RICHARDHAVOC", "moshmakivgc"], "rating": null, "private": 0, "password": null}, {"uploadtime": 1743395870, "id": "gen9vgc2025reggbo3-2331738471", "format": "[Gen 9] VGC 2025 Reg G (Bo3)", "players": ["Robert1606", "Z3nthusiast"], "rating": null, "private": 0, "password": null}, {"uploadtime": 1743395870, "id": "gen9vgc2025reggbo3-2331738364", "format": "[Gen 9] VGC 2025 Reg G (Bo3)", "players": ["RobertAleen", "i lost the gc"], "rating": null, "private": 0, "password": null}, {"uploadtime": 1743395870, "id": "gen9vgc2025reggbo3-2331737363", "format": "[Gen 9] VGC 2025 Reg G (Bo3)", "players": ["Samm3", "cottoncandywoof"], "rating": null, "private": 0, "password": null}, {"uploadtime": 1743395732, "id": "gen9vgc2025reggbo3-2331737653", "format": "[Gen 9] VGC 2025 Reg G (Bo3)", "players": ["Just a Minus", "pixelmonvgc"], "rating": null, "private": 0, "password": null}, {"uploadtime": 1743395732, "id": "gen9vgc2025reggbo3-2331737408", "format": "[Gen 9] VGC 2025 Reg G (Bo3)", "players": ["MagoAndroide", "quazi66"], "rating": null, "private": 0, "password": null}, {"uploadtime": 1743395732, "id": "gen9vgc2025reggbo3-2331737198", "format": "[Gen 9] VGC 2025 Reg G (Bo3)", "players": ["RobertAleen", "i lost the gc"], "rating": null, "private": 0, "password": null}, {"uploadtime": 1743395732, "id": "gen9vgc2025reggbo3-2331737124", "format": "[Gen 9] VGC 2025 Reg G (Bo3)", "players": ["ultrog", "RICHARDHAVOC"], "rating": 1419, "private": 0, "password": null}, {"uploadtime": 1743395732, "id": "gen9vgc2025reggbo3-2331737115", "format": "[Gen 9] VGC 2025 Reg G (Bo3)", "players": ["glizzytoter", "ab80"], "rating": null, "private": 0, "password": null}, {"uploadtime": 1743395732, "id": "gen9vgc2025reggbo3-2331736944", "format": "[Gen 9] VGC 2025 Reg G (Bo3)", "players": ["Nub69420", "nhfgghjk"], "rating": null, "private": 0, "password": null}, {"uploadtime": 1743395732, "id": "gen9vgc2025reggbo3-2331736442", "format": "[Gen 9] VGC 2025 Reg G (Bo3)", "players": ["moshmakivgc", "Unskilled99"], "rating": 1323, "private": 0, "password": null}, {"uploadtime": 1743395732, "id": "gen9vgc2025reggbo3-2331736381", "format": "[Gen 9] VGC 2025 Reg G (Bo3)", "players": ["BloopScoop", "caterqu2"], "rating": null, "private": 0, "password": null}, {"uploadtime": 1743395456, "id": "gen9vgc2025reggbo3-2331736471", "format": "[Gen 9] VGC 2025 Reg G (Bo3)", "players": ["chasewilson0579", "Robert1606"], "rating": null, "private": 0, "password": null}, {"uploadtime": 1743395456, "id": "gen9vgc2025reggbo3-2331736071", "format": "[Gen 9] VGC 2025 Reg G (Bo3)", "players": ["TheHustlerKid", "MozzieGamesVGC"], "rating": 1191, "private": 0, "password": null}, {"uploadtime": 1743395456, "id": "gen9vgc2025reggbo3-2331735457", "format": "[Gen 9] VGC 2025 Reg G (Bo3)", "players": ["glizzytoter", "ab80"], "rating": null, "private": 0, "password": null}, {"uploadtime": 1743395456, "id": "gen9vgc2025reggbo3-2331734448", "format": "[Gen 9] VGC 2025 Reg G (Bo3)", "players": ["LoomianGuy55", "MtDrumr"], "rating": 1090, "private": 0, "password": null}, {"uploadtime": 1743395365, "id": "gen9vgc2025reggbo3-2331735132", "format": "[Gen 9] VGC 2025 Reg G (Bo3)", "players": ["victoryyyroadd", "plantscience"], "rating": 1210, "private": 0, "password": null}, {"uploadtime": 1743395323, "id": "gen9vgc2025reggbo3-2331736830", "format": "[Gen 9] VGC 2025 Reg G (Bo3)", "players": ["its tiffy time", "SpoinkxSpoink"], "rating": 1439, "private": 0, "password": null}, {"uploadtime": 1743395317, "id": "gen9vgc2025reggbo3-2331735092", "format": "[Gen 9] VGC 2025 Reg G (Bo3)", "players": ["sjwjjwiw", "mangoemu"], "rating": 1054, "private": 0, "password": null}, {"uploadtime": 1743395317, "id": "gen9vgc2025reggbo3-2331734851", "format": "[Gen 9] VGC 2025 Reg G (Bo3)", "players": ["i lost the gc", "csrtime"], "rating": null, "private": 0, "password": null}, {"uploadtime": 1743395317, "id": "gen9vgc2025reggbo3-2331734721", "format": "[Gen 9] VGC 2025 Reg G (Bo3)", "players": ["TacCat", "Just a Minus"], "rating": null, "private": 0, "password": null}, {"uploadtime": 1743395317, "id": "gen9vgc2025reggbo3-2331733650", "format": "[Gen 9] VGC 2025 Reg G (Bo3)", "players": ["Danielm24", "Joe870502"], "rating": null, "private": 0, "password": null}, {"uploadtime": 1743395313, "id": "gen9vgc2025reggbo3-2331734249", "format": "[Gen 9] VGC 2025 Reg G (Bo3)", "players": ["its tiffy time", "SpoinkxSpoink"], "rating": null, "private": 0, "password": null}, {"uploadtime": 1743395289, "id": "gen9vgc2025reggbo3-2331735419", "format": "[Gen 9] VGC 2025 Reg G (Bo3)", "players": ["Stefan27", "cometmore"], "rating": 1030, "private": 0, "password": null}, {"uploadtime": 1743395173, "id": "gen9vgc2025reggbo3-2331732641", "format": "[Gen 9] VGC 2025 Reg G (Bo3)", "players": ["i am saksham", "Rizosensei"], "rating": null, "private": 0, "password": null}]