[{"uploadtime": 1743334625, "id": "gen9vgc2025reggbo3-2331199683", "format": "[Gen 9] VGC 2025 Reg G (Bo3)", "players": ["wopenheimer alt", "Basura2U"], "rating": null, "private": 0, "password": null}, {"uploadtime": 1743334569, "id": "gen9vgc2025reggbo3-2331200762", "format": "[Gen 9] VGC 2025 Reg G (Bo3)", "players": ["pabloblo", "PhilHellmuth.PH"], "rating": 1432, "private": 0, "password": null}, {"uploadtime": 1743334487, "id": "gen9vgc2025reggbo3-2331199411", "format": "[Gen 9] VGC 2025 Reg G (Bo3)", "players": ["KissMyAsthma416", "somarjo23"], "rating": null, "private": 0, "password": null}, {"uploadtime": 1743334487, "id": "gen9vgc2025reggbo3-2331198887", "format": "[Gen 9] VGC 2025 Reg G (Bo3)", "players": ["pabloblo", "PhilHellmuth.PH"], "rating": null, "private": 0, "password": null}, {"uploadtime": 1743334349, "id": "gen9vgc2025reggbo3-2331198044", "format": "[Gen 9] VGC 2025 Reg G (Bo3)", "players": ["Hellyn", "Panflex00"], "rating": null, "private": 0, "password": null}, {"uploadtime": 1743334324, "id": "gen9vgc2025reggbo3-2331200458", "format": "[Gen 9] VGC 2025 Reg G (Bo3)", "players": ["LeonardPlayz", "arkjsmith"], "rating": 1242, "private": 0, "password": null}, {"uploadtime": 1743334319, "id": "gen9vgc2025reggbo3-2331199274", "format": "[Gen 9] VGC 2025 Reg G (Bo3)", "players": ["LeonardPlayz", "arkjsmith"], "rating": null, "private": 0, "password": null}, {"uploadtime": 1743334211, "id": "gen9vgc2025reggbo3-2331198273", "format": "[Gen 9] VGC 2025 Reg G (Bo3)", "players": ["JordiEncabo", "itslikewoah"], "rating": null, "private": 0, "password": null}, {"uploadtime": 1743334072, "id": "gen9vgc2025reggbo3-2331197702", "format": "[Gen 9] VGC 2025 Reg G (Bo3)", "players": ["KissMyAsthma416", "somarjo23"], "rating": null, "private": 0, "password": null}, {"uploadtime": 1743334072, "id": "gen9vgc2025reggbo3-2331197243", "format": "[Gen 9] VGC 2025 Reg G (Bo3)", "players": ["Le P VGC", "LeonardPlayz"], "rating": null, "private": 0, "password": null}, {"uploadtime": 1743334072, "id": "gen9vgc2025reggbo3-2331197219", "format": "[Gen 9] VGC 2025 Reg G (Bo3)", "players": ["Deve 1", "zeyn-299"], "rating": null, "private": 0, "password": null}, {"uploadtime": 1743333962, "id": "gen9vgc2025reggbo3-2331196455", "format": "[Gen 9] VGC 2025 Reg G (Bo3)", "players": ["MontaPuercass", "ginopollo"], "rating": 1449, "private": 0, "password": null}, {"uploadtime": 1743333934, "id": "gen9vgc2025reggbo3-2331196354", "format": "[Gen 9] VGC 2025 Reg G (Bo3)", "players": ["Cybearaze", "JohnUnique"], "rating": null, "private": 0, "password": null}, {"uploadtime": 1743333934, "id": "gen9vgc2025reggbo3-2331196242", "format": "[Gen 9] VGC 2025 Reg G (Bo3)", "players": ["Nicuu00", "Harshus"], "rating": null, "private": 0, "password": null}, {"uploadtime": 1743333796, "id": "gen9vgc2025reggbo3-2331195238", "format": "[Gen 9] VGC 2025 Reg G (Bo3)", "players": ["MontaPuercass", "ginopollo"], "rating": null, "private": 0, "password": null}, {"uploadtime": 1743333658, "id": "gen9vgc2025reggbo3-2331195311", "format": "[Gen 9] VGC 2025 Reg G (Bo3)", "players": ["ash78693", "alex_vgc_ready"], "rating": 1100, "private": 0, "password": null}, {"uploadtime": 1743333658, "id": "gen9vgc2025reggbo3-2331193877", "format": "[Gen 9] VGC 2025 Reg G (Bo3)", "players": ["Nicuu00", "Harshus"], "rating": null, "private": 0, "password": null}, {"uploadtime": 1743333658, "id": "gen9vgc2025reggbo3-2331193348", "format": "[Gen 9] VGC 2025 Reg G (Bo3)", "players": ["Cybearaze", "JohnUnique"], "rating": null, "private": 0, "password": null}, {"uploadtime": 1743333532, "id": "gen9vgc2025reggbo3-2331195577", "format": "[Gen 9] VGC 2025 Reg G (Bo3)", "players": ["zeyn-299", "LeonardPlayz"], "rating": 1242, "private": 0, "password": null}, {"uploadtime": 1743333527, "id": "gen9vgc2025reggbo3-2331194766", "format": "[Gen 9] VGC 2025 Reg G (Bo3)", "players": ["zeyn-299", "LeonardPlayz"], "rating": null, "private": 0, "password": null}, {"uploadtime": 1743333382, "id": "gen9vgc2025reggbo3-2331193817", "format": "[Gen 9] VGC 2025 Reg G (Bo3)", "players": ["pabloblo", "tzback"], "rating": 1503, "private": 0, "password": null}, {"uploadtime": 1743333358, "id": "gen9vgc2025reggbo3-2331194506", "format": "[Gen 9] VGC 2025 Reg G (Bo3)", "players": ["Panflex00", "pfysche"], "rating": 1025, "private": 0, "password": null}, {"uploadtime": 1743333243, "id": "gen9vgc2025reggbo3-2331192761", "format": "[Gen 9] VGC 2025 Reg G (Bo3)", "players": ["pabloblo", "tzback"], "rating": null, "private": 0, "password": null}, {"uploadtime": 1743333105, "id": "gen9vgc2025reggbo3-2331191383", "format": "[Gen 9] VGC 2025 Reg G (Bo3)", "players": ["caterqu2", "gorgisfun"], "rating": null, "private": 0, "password": null}, {"uploadtime": 1743333101, "id": "gen9vgc2025reggbo3-2331193422", "format": "[Gen 9] VGC 2025 Reg G (Bo3)", "players": ["zeyn-299", "LeonardPlayz"], "rating": null, "private": 0, "password": null}, {"uploadtime": 1743333078, "id": "gen9vgc2025reggbo3-2331192490", "format": "[Gen 9] VGC 2025 Reg G (Bo3)", "players": ["ha7", "kk1pper1314"], "rating": 1083, "private": 0, "password": null}, {"uploadtime": 1743333069, "id": "gen9vgc2025reggbo3-2331191118", "format": "[Gen 9] VGC 2025 Reg G (Bo3)", "players": ["ha7", "kk1pper1314"], "rating": null, "private": 0, "password": null}, {"uploadtime": 1743333058, "id": "gen9vgc2025reggbo3-2331189794", "format": "[Gen 9] VGC 2025 Reg G (Bo3)", "players": ["ha7", "kk1pper1314"], "rating": null, "private": 0, "password": null}, {"uploadtime": 1743332691, "id": "gen9vgc2025reggbo3-2331188997", "format": "[Gen 9] VGC 2025 Reg G (Bo3)", "players": ["Park Su Kim", "CatsAreCool1234"], "rating": null, "private": 0, "password": null}, {"uploadtime": 1743332552, "id": "gen9vgc2025reggbo3-2331189023", "format": "[Gen 9] VGC 2025 Reg G (Bo3)", "players": ["terapagossing", "Max y Bon"], "rating": null, "private": 0, "password": null}, {"uploadtime": 1743332528, "id": "gen9vgc2025reggbo3-2331191068", "format": "[Gen 9] VGC 2025 Reg G (Bo3)", "players": ["pabloblo", "pruaxx"], "rating": 1480, "private": 0, "password": null}, {"uploadtime": 1743332524, "id": "gen9vgc2025reggbo3-2331189379", "format": "[Gen 9] VGC 2025 Reg G (Bo3)", "players": ["pabloblo", "pruaxx"], "rating": null, "private": 0, "password": null}, {"uploadtime": 1743332414, "id": "gen9vgc2025reggbo3-2331188182", "format": "[Gen 9] VGC 2025 Reg G (Bo3)", "players": ["pabloblo", "pruaxx"], "rating": null, "private": 0, "password": null}, {"uploadtime": 1743332414, "id": "gen9vgc2025reggbo3-2331187443", "format": "[Gen 9] VGC 2025 Reg G (Bo3)", "players": ["Krispy_Face", "LorenzoB"], "rating": null, "private": 0, "password": null}, {"uploadtime": 1743332414, "id": "gen9vgc2025reggbo3-2331186343", "format": "[Gen 9] VGC 2025 Reg G (Bo3)", "players": ["kdogs32", "juzmar7"], "rating": null, "private": 0, "password": null}, {"uploadtime": 1743332407, "id": "gen9vgc2025reggbo3-2331189607", "format": "[Gen 9] VGC 2025 Reg G (Bo3)", "players": ["bujero", "jony_vgc"], "rating": null, "private": 0, "password": null}, {"uploadtime": 1743332356, "id": "gen9vgc2025reggbo3-2331187855", "format": "[Gen 9] VGC 2025 Reg G (Bo3)", "players": ["bujero", "jony_vgc"], "rating": null, "private": 0, "password": null}, {"uploadtime": 1743332138, "id": "gen9vgc2025reggbo3-2331186863", "format": "[Gen 9] VGC 2025 Reg G (Bo3)", "players": ["zeyn-299", "Woopah96"], "rating": null, "private": 0, "password": null}, {"uploadtime": 1743332138, "id": "gen9vgc2025reggbo3-2331186662", "format": "[Gen 9] VGC 2025 Reg G (Bo3)", "players": ["Noimir", "Seany3"], "rating": null, "private": 0, "password": null}, {"uploadtime": 1743332138, "id": "gen9vgc2025reggbo3-2331186338", "format": "[Gen 9] VGC 2025 Reg G (Bo3)", "players": ["Stelvius", "Zen1996-VGC"], "rating": null, "private": 0, "password": null}, {"uploadtime": 1743332138, "id": "gen9vgc2025reggbo3-2331185408", "format": "[Gen 9] VGC 2025 Reg G (Bo3)", "players": ["KissMyAsthma416", "somarjo23"], "rating": null, "private": 0, "password": null}, {"uploadtime": 1743332099, "id": "gen9vgc2025reggbo3-2331187732", "format": "[Gen 9] VGC 2025 Reg G (Bo3)", "players": ["Danidelaserna20", "acarovgc"], "rating": null, "private": 0, "password": null}, {"uploadtime": 1743332045, "id": "gen9vgc2025reggbo3-2331187738", "format": "[Gen 9] VGC 2025 Reg G (Bo3)", "players": ["RichardTheCompany", "LeonardPlayz"], "rating": 1110, "private": 0, "password": null}, {"uploadtime": 1743332034, "id": "gen9vgc2025reggbo3-2331186299", "format": "[Gen 9] VGC 2025 Reg G (Bo3)", "players": ["RichardTheCompany", "LeonardPlayz"], "rating": null, "private": 0, "password": null}, {"uploadtime": 1743332000, "id": "gen9vgc2025reggbo3-2331186298", "format": "[Gen 9] VGC 2025 Reg G (Bo3)", "players": ["killfery", "llovetobuild1"], "rating": 1139, "private": 0, "password": null}, {"uploadtime": 1743332000, "id": "gen9vgc2025reggbo3-2331186219", "format": "[Gen 9] VGC 2025 Reg G (Bo3)", "players": ["alloggs01", "Alolcam"], "rating": null, "private": 0, "password": null}, {"uploadtime": 1743332000, "id": "gen9vgc2025reggbo3-2331185925", "format": "[Gen 9] VGC 2025 Reg G (Bo3)", "players": ["tzback", "pabloblo"], "rating": null, "private": 0, "password": null}, {"uploadtime": 1743331862, "id": "gen9vgc2025reggbo3-2331185575", "format": "[Gen 9] VGC 2025 Reg G (Bo3)", "players": ["terapagossing", "Not-racist-allah"], "rating": null, "private": 0, "password": null}, {"uploadtime": 1743331862, "id": "gen9vgc2025reggbo3-2331184832", "format": "[Gen 9] VGC 2025 Reg G (Bo3)", "players": ["alloggs01", "Alolcam"], "rating": null, "private": 0, "password": null}, {"uploadtime": 1743331862, "id": "gen9vgc2025reggbo3-2331184632", "format": "[Gen 9] VGC 2025 Reg G (Bo3)", "players": ["Stelvius", "Zen1996-VGC"], "rating": null, "private": 0, "password": null}, {"uploadtime": 1743331862, "id": "gen9vgc2025reggbo3-2331184626", "format": "[Gen 9] VGC 2025 Reg G (Bo3)", "players": ["RichardTheCompany", "LeonardPlayz"], "rating": null, "private": 0, "password": null}]