[{"uploadtime": 1743372845, "id": "gen9vgc2025reggbo3-2331540582", "format": "[Gen 9] VGC 2025 Reg G (Bo3)", "players": ["pixelfx", "thetestingpokemonz"], "rating": null, "private": 0, "password": null}, {"uploadtime": 1743372664, "id": "gen9vgc2025reggbo3-2331538991", "format": "[Gen 9] VGC 2025 Reg G (Bo3)", "players": ["sergio pellicer", "pixelfx"], "rating": 1251, "private": 0, "password": null}, {"uploadtime": 1743372653, "id": "gen9vgc2025reggbo3-2331538085", "format": "[Gen 9] VGC 2025 Reg G (Bo3)", "players": ["crimsonkidd", "the lottery"], "rating": null, "private": 0, "password": null}, {"uploadtime": 1743372618, "id": "gen9vgc2025reggbo3-2331533684", "format": "[Gen 9] VGC 2025 Reg G (Bo3)", "players": ["itslikewoah", "marcosdeltasena31"], "rating": null, "private": 0, "password": null}, {"uploadtime": 1743372509, "id": "gen9vgc2025reggbo3-2331536440", "format": "[Gen 9] VGC 2025 Reg G (Bo3)", "players": ["sergio pellicer", "pixelfx"], "rating": null, "private": 0, "password": null}, {"uploadtime": 1743372478, "id": "gen9vgc2025reggbo3-2331533671", "format": "[Gen 9] VGC 2025 Reg G (Bo3)", "players": ["JOka1000", "CaptainCombusken"], "rating": null, "private": 0, "password": null}, {"uploadtime": 1743372356, "id": "gen9vgc2025reggbo3-2331533862", "format": "[Gen 9] VGC 2025 Reg G (Bo3)", "players": ["KingAutrey", "crimsonkidd"], "rating": 1080, "private": 0, "password": null}, {"uploadtime": 1743372344, "id": "gen9vgc2025reggbo3-2331531873", "format": "[Gen 9] VGC 2025 Reg G (Bo3)", "players": ["KingAutrey", "crimsonkidd"], "rating": null, "private": 0, "password": null}, {"uploadtime": 1743372338, "id": "gen9vgc2025reggbo3-2331534558", "format": "[Gen 9] VGC 2025 Reg G (Bo3)", "players": ["bapdabo", "miranarda"], "rating": null, "private": 0, "password": null}, {"uploadtime": 1743372338, "id": "gen9vgc2025reggbo3-2331532860", "format": "[Gen 9] VGC 2025 Reg G (Bo3)", "players": ["iljone", "Danielm24"], "rating": null, "private": 0, "password": null}, {"uploadtime": 1743372230, "id": "gen9vgc2025reggbo3-2331535649", "format": "[Gen 9] VGC 2025 Reg G (Bo3)", "players": ["pixelfx", "UlisesOjdz"], "rating": 1197, "private": 0, "password": null}, {"uploadtime": 1743372198, "id": "gen9vgc2025reggbo3-2331531316", "format": "[Gen 9] VGC 2025 Reg G (Bo3)", "players": ["itslikewoah", "marcosdeltasena31"], "rating": null, "private": 0, "password": null}, {"uploadtime": 1743372103, "id": "gen9vgc2025reggbo3-2331531663", "format": "[Gen 9] VGC 2025 Reg G (Bo3)", "players": ["aquawarrior21", "Volanr"], "rating": 1308, "private": 0, "password": null}, {"uploadtime": 1743372094, "id": "gen9vgc2025reggbo3-2331530307", "format": "[Gen 9] VGC 2025 Reg G (Bo3)", "players": ["aquawarrior21", "Volanr"], "rating": null, "private": 0, "password": null}, {"uploadtime": 1743372056, "id": "gen9vgc2025reggbo3-2331530834", "format": "[Gen 9] VGC 2025 Reg G (Bo3)", "players": ["WilfredVGC", "NemoAK"], "rating": null, "private": 0, "password": null}, {"uploadtime": 1743372056, "id": "gen9vgc2025reggbo3-2331530611", "format": "[Gen 9] VGC 2025 Reg G (Bo3)", "players": ["iljone", "Danielm24"], "rating": null, "private": 0, "password": null}, {"uploadtime": 1743371916, "id": "gen9vgc2025reggbo3-2331529433", "format": "[Gen 9] VGC 2025 Reg G (Bo3)", "players": ["wata97", "FakeAllen"], "rating": 1113, "private": 0, "password": null}, {"uploadtime": 1743371916, "id": "gen9vgc2025reggbo3-2331528113", "format": "[Gen 9] VGC 2025 Reg G (Bo3)", "players": ["WilfredVGC", "NemoAK"], "rating": null, "private": 0, "password": null}, {"uploadtime": 1743371776, "id": "gen9vgc2025reggbo3-2331528491", "format": "[Gen 9] VGC 2025 Reg G (Bo3)", "players": ["no1torterrafan", "Gozante"], "rating": null, "private": 0, "password": null}, {"uploadtime": 1743371776, "id": "gen9vgc2025reggbo3-2331527529", "format": "[Gen 9] VGC 2025 Reg G (Bo3)", "players": ["davidelgafe", "raging_ryno"], "rating": null, "private": 0, "password": null}, {"uploadtime": 1743371549, "id": "gen9vgc2025reggbo3-2331527556", "format": "[Gen 9] VGC 2025 Reg G (Bo3)", "players": ["CandleBlue", "Volanr"], "rating": 1388, "private": 0, "password": null}, {"uploadtime": 1743371497, "id": "gen9vgc2025reggbo3-2331525160", "format": "[Gen 9] VGC 2025 Reg G (Bo3)", "players": ["CandleBlue", "Volanr"], "rating": null, "private": 0, "password": null}, {"uploadtime": 1743371497, "id": "gen9vgc2025reggbo3-2331524541", "format": "[Gen 9] VGC 2025 Reg G (Bo3)", "players": ["marcosdeltasena31", "wesleihas"], "rating": null, "private": 0, "password": null}, {"uploadtime": 1743371497, "id": "gen9vgc2025reggbo3-2331524301", "format": "[Gen 9] VGC 2025 Reg G (Bo3)", "players": ["iljone", "TheLordNebiros"], "rating": null, "private": 0, "password": null}, {"uploadtime": 1743371497, "id": "gen9vgc2025reggbo3-2331523805", "format": "[Gen 9] VGC 2025 Reg G (Bo3)", "players": ["Pachetoneta", "oscarbolt"], "rating": null, "private": 0, "password": null}, {"uploadtime": 1743371413, "id": "gen9vgc2025reggbo3-2331526503", "format": "[Gen 9] VGC 2025 Reg G (Bo3)", "players": ["Blaskot", "Nyantifa"], "rating": 1120, "private": 0, "password": null}, {"uploadtime": 1743371397, "id": "gen9vgc2025reggbo3-2331523432", "format": "[Gen 9] VGC 2025 Reg G (Bo3)", "players": ["Blaskot", "Nyantifa"], "rating": null, "private": 0, "password": null}, {"uploadtime": 1743371217, "id": "gen9vgc2025reggbo3-2331523132", "format": "[Gen 9] VGC 2025 Reg G (Bo3)", "players": ["pokehys", "aquawarrior21"], "rating": null, "private": 0, "password": null}, {"uploadtime": 1743371217, "id": "gen9vgc2025reggbo3-2331518796", "format": "[Gen 9] VGC 2025 Reg G (Bo3)", "players": ["CandleBlue", "Volanr"], "rating": null, "private": 0, "password": null}, {"uploadtime": 1743371078, "id": "gen9vgc2025reggbo3-2331521433", "format": "[Gen 9] VGC 2025 Reg G (Bo3)", "players": ["RifiBeliever", "no1torterrafan"], "rating": null, "private": 0, "password": null}, {"uploadtime": 1743371059, "id": "gen9vgc2025reggbo3-2331523962", "format": "[Gen 9] VGC 2025 Reg G (Bo3)", "players": ["lebobguy", "jaggie34"], "rating": 1234, "private": 0, "password": null}, {"uploadtime": 1743370951, "id": "gen9vgc2025reggbo3-2331522134", "format": "[Gen 9] VGC 2025 Reg G (Bo3)", "players": ["lebobguy", "jaggie34"], "rating": null, "private": 0, "password": null}, {"uploadtime": 1743370937, "id": "gen9vgc2025reggbo3-2331520974", "format": "[Gen 9] VGC 2025 Reg G (Bo3)", "players": ["Tullybelton", "TheLordNebiros"], "rating": null, "private": 0, "password": null}, {"uploadtime": 1743370933, "id": "gen9vgc2025reggbo3-2331521744", "format": "[Gen 9] VGC 2025 Reg G (Bo3)", "players": ["luxray2029", "dollartreehero"], "rating": 1157, "private": 0, "password": null}, {"uploadtime": 1743370915, "id": "gen9vgc2025reggbo3-2331520616", "format": "[Gen 9] VGC 2025 Reg G (Bo3)", "players": ["luxray2029", "dollartreehero"], "rating": null, "private": 0, "password": null}, {"uploadtime": 1743370893, "id": "gen9vgc2025reggbo3-2331518464", "format": "[Gen 9] VGC 2025 Reg G (Bo3)", "players": ["luxray2029", "dollartreehero"], "rating": null, "private": 0, "password": null}, {"uploadtime": 1743370796, "id": "gen9vgc2025reggbo3-2331519172", "format": "[Gen 9] VGC 2025 Reg G (Bo3)", "players": ["User16838426", "pokehys"], "rating": null, "private": 0, "password": null}, {"uploadtime": 1743370796, "id": "gen9vgc2025reggbo3-2331518871", "format": "[Gen 9] VGC 2025 Reg G (Bo3)", "players": ["gengar13o", "Tullybelton"], "rating": null, "private": 0, "password": null}, {"uploadtime": 1743370763, "id": "gen9vgc2025reggbo3-2331520688", "format": "[Gen 9] VGC 2025 Reg G (Bo3)", "players": ["lebobguy", "jaggie34"], "rating": null, "private": 0, "password": null}, {"uploadtime": 1743370645, "id": "gen9vgc2025reggbo3-2331517813", "format": "[Gen 9] VGC 2025 Reg G (Bo3)", "players": ["habeebomarali123", "itslikewoah"], "rating": null, "private": 0, "password": null}, {"uploadtime": 1743370645, "id": "gen9vgc2025reggbo3-2331517207", "format": "[Gen 9] VGC 2025 Reg G (Bo3)", "players": ["FakeAllen", "DGBeamer"], "rating": null, "private": 0, "password": null}, {"uploadtime": 1743370645, "id": "gen9vgc2025reggbo3-2331513966", "format": "[Gen 9] VGC 2025 Reg G (Bo3)", "players": ["jellokyu", "kisudawisu"], "rating": null, "private": 0, "password": null}, {"uploadtime": 1743370604, "id": "gen9vgc2025reggbo3-2331517849", "format": "[Gen 9] VGC 2025 Reg G (Bo3)", "players": ["Iron Paws", "jaggie34"], "rating": 1220, "private": 0, "password": null}, {"uploadtime": 1743370505, "id": "gen9vgc2025reggbo3-2331515985", "format": "[Gen 9] VGC 2025 Reg G (Bo3)", "players": ["Asmodeo666", "wata97"], "rating": 1114, "private": 0, "password": null}, {"uploadtime": 1743370504, "id": "gen9vgc2025reggbo3-2331516195", "format": "[Gen 9] VGC 2025 Reg G (Bo3)", "players": ["habeebomarali123", "itslikewoah"], "rating": null, "private": 0, "password": null}, {"uploadtime": 1743370504, "id": "gen9vgc2025reggbo3-2331513893", "format": "[Gen 9] VGC 2025 Reg G (Bo3)", "players": ["JOka1000", "cervivon"], "rating": null, "private": 0, "password": null}, {"uploadtime": 1743370400, "id": "gen9vgc2025reggbo3-2331514241", "format": "[Gen 9] VGC 2025 Reg G (Bo3)", "players": ["Devious PLan", "Volanr"], "rating": 1436, "private": 0, "password": null}, {"uploadtime": 1743370364, "id": "gen9vgc2025reggbo3-2331513675", "format": "[Gen 9] VGC 2025 Reg G (Bo3)", "players": ["JLitty", "CandleBlue"], "rating": null, "private": 0, "password": null}, {"uploadtime": 1743370364, "id": "gen9vgc2025reggbo3-2331513174", "format": "[Gen 9] VGC 2025 Reg G (Bo3)", "players": ["Asmodeo666", "wata97"], "rating": null, "private": 0, "password": null}, {"uploadtime": 1743370364, "id": "gen9vgc2025reggbo3-2331512981", "format": "[Gen 9] VGC 2025 Reg G (Bo3)", "players": ["pokehys", "bigbadbirdvgc"], "rating": null, "private": 0, "password": null}, {"uploadtime": 1743370329, "id": "gen9vgc2025reggbo3-2331514749", "format": "[Gen 9] VGC 2025 Reg G (Bo3)", "players": ["Iron Paws", "jaggie34"], "rating": null, "private": 0, "password": null}]