[{"uploadtime": 1743301005, "id": "gen9vgc2025reggbo3-2330999628", "format": "[Gen 9] VGC 2025 Reg G (Bo3)", "players": ["Gigagilbert", "Zessozessozesso"], "rating": 1345, "private": 0, "password": null}, {"uploadtime": 1743300907, "id": "gen9vgc2025reggbo3-2330997956", "format": "[Gen 9] VGC 2025 Reg G (Bo3)", "players": ["CandleBlue", "FireRedzzz"], "rating": null, "private": 0, "password": null}, {"uploadtime": 1743300795, "id": "gen9vgc2025reggbo3-2330998369", "format": "[Gen 9] VGC 2025 Reg G (Bo3)", "players": ["pokemasterz461", "heartsrepeating"], "rating": null, "private": 0, "password": null}, {"uploadtime": 1743300625, "id": "gen9vgc2025reggbo3-2330998441", "format": "[Gen 9] VGC 2025 Reg G (Bo3)", "players": ["PuffinLoaf", "Etrale"], "rating": 1100, "private": 0, "password": null}, {"uploadtime": 1743300620, "id": "gen9vgc2025reggbo3-2330997770", "format": "[Gen 9] VGC 2025 Reg G (Bo3)", "players": ["PuffinLoaf", "Etrale"], "rating": null, "private": 0, "password": null}, {"uploadtime": 1743300611, "id": "gen9vgc2025reggbo3-2330996538", "format": "[Gen 9] VGC 2025 Reg G (Bo3)", "players": ["PuffinLoaf", "Etrale"], "rating": null, "private": 0, "password": null}, {"uploadtime": 1743300603, "id": "gen9vgc2025reggbo3-2330997584", "format": "[Gen 9] VGC 2025 Reg G (Bo3)", "players": ["Rishti", "tastethekoalabear"], "rating": 1306, "private": 0, "password": null}, {"uploadtime": 1743300595, "id": "gen9vgc2025reggbo3-2330995625", "format": "[Gen 9] VGC 2025 Reg G (Bo3)", "players": ["Rishti", "tastethekoalabear"], "rating": null, "private": 0, "password": null}, {"uploadtime": 1743300523, "id": "gen9vgc2025reggbo3-2330995680", "format": "[Gen 9] VGC 2025 Reg G (Bo3)", "players": ["pokemasterz461", "heartsrepeating"], "rating": null, "private": 0, "password": null}, {"uploadtime": 1743300491, "id": "gen9vgc2025reggbo3-2330995170", "format": "[Gen 9] VGC 2025 Reg G (Bo3)", "players": ["MyGFknowsSpanish", "DreamSlap_Smash"], "rating": null, "private": 0, "password": null}, {"uploadtime": 1743300352, "id": "gen9vgc2025reggbo3-2330994117", "format": "[Gen 9] VGC 2025 Reg G (Bo3)", "players": ["SubToPenglin", "cristhian94"], "rating": null, "private": 0, "password": null}, {"uploadtime": 1743300298, "id": "gen9vgc2025reggbo3-2330990132", "format": "[Gen 9] VGC 2025 Reg G (Bo3)", "players": ["PhilHellmuth.PH", "kanucks25"], "rating": null, "private": 0, "password": null}, {"uploadtime": 1743300289, "id": "gen9vgc2025reggbo3-2330994388", "format": "[Gen 9] VGC 2025 Reg G (Bo3)", "players": ["PhilHellmuth.PH", "kanucks25"], "rating": 1353, "private": 0, "password": null}, {"uploadtime": 1743300257, "id": "gen9vgc2025reggbo3-2330994977", "format": "[Gen 9] VGC 2025 Reg G (Bo3)", "players": ["Hongc121", "FDM"], "rating": 1187, "private": 0, "password": null}, {"uploadtime": 1743300254, "id": "gen9vgc2025reggbo3-2330993584", "format": "[Gen 9] VGC 2025 Reg G (Bo3)", "players": ["Hongc121", "FDM"], "rating": null, "private": 0, "password": null}, {"uploadtime": 1743300214, "id": "gen9vgc2025reggbo3-2330992357", "format": "[Gen 9] VGC 2025 Reg G (Bo3)", "players": ["SubToPenglin", "cristhian94"], "rating": null, "private": 0, "password": null}, {"uploadtime": 1743300214, "id": "gen9vgc2025reggbo3-2330991568", "format": "[Gen 9] VGC 2025 Reg G (Bo3)", "players": ["FlashoGoing", "megabeanstheGOAT"], "rating": null, "private": 0, "password": null}, {"uploadtime": 1743300193, "id": "gen9vgc2025reggbo3-2330994232", "format": "[Gen 9] VGC 2025 Reg G (Bo3)", "players": ["SubToPenglin", "Rishti"], "rating": 1328, "private": 0, "password": null}, {"uploadtime": 1743300186, "id": "gen9vgc2025reggbo3-2330992155", "format": "[Gen 9] VGC 2025 Reg G (Bo3)", "players": ["SubToPenglin", "Rishti"], "rating": null, "private": 0, "password": null}, {"uploadtime": 1743299937, "id": "gen9vgc2025reggbo3-2330989458", "format": "[Gen 9] VGC 2025 Reg G (Bo3)", "players": ["Mr Zoldy", "ImAllUrsLv"], "rating": null, "private": 0, "password": null}, {"uploadtime": 1743299902, "id": "gen9vgc2025reggbo3-2330985303", "format": "[Gen 9] VGC 2025 Reg G (Bo3)", "players": ["Adrinhoo", "Park Su Kim"], "rating": null, "private": 0, "password": null}, {"uploadtime": 1743299883, "id": "gen9vgc2025reggbo3-2330991192", "format": "[Gen 9] VGC 2025 Reg G (Bo3)", "players": ["pokemasterz461", "heartsrepeating"], "rating": null, "private": 0, "password": null}, {"uploadtime": 1743299879, "id": "gen9vgc2025reggbo3-2330986971", "format": "[Gen 9] VGC 2025 Reg G (Bo3)", "players": ["Adrinhoo", "Park Su Kim"], "rating": null, "private": 0, "password": null}, {"uploadtime": 1743299857, "id": "gen9vgc2025reggbo3-2330989585", "format": "[Gen 9] VGC 2025 Reg G (Bo3)", "players": ["alexit93", "Sazandoramx"], "rating": 1322, "private": 0, "password": null}, {"uploadtime": 1743299848, "id": "gen9vgc2025reggbo3-2330988547", "format": "[Gen 9] VGC 2025 Reg G (Bo3)", "players": ["Adrinhoo", "Park Su Kim"], "rating": 1306, "private": 0, "password": null}, {"uploadtime": 1743299797, "id": "gen9vgc2025reggbo3-2330989022", "format": "[Gen 9] VGC 2025 Reg G (Bo3)", "players": ["qu4ttro", "Gengarlover982"], "rating": 1036, "private": 0, "password": null}, {"uploadtime": 1743299794, "id": "gen9vgc2025reggbo3-2330988093", "format": "[Gen 9] VGC 2025 Reg G (Bo3)", "players": ["izmatti", "VolanR"], "rating": null, "private": 0, "password": null}, {"uploadtime": 1743299782, "id": "gen9vgc2025reggbo3-2330986661", "format": "[Gen 9] VGC 2025 Reg G (Bo3)", "players": ["izmatti", "VolanR"], "rating": null, "private": 0, "password": null}, {"uploadtime": 1743299664, "id": "gen9vgc2025reggbo3-2330989593", "format": "[Gen 9] VGC 2025 Reg G (Bo3)", "players": ["pokemasterz461", "heartsrepeating"], "rating": null, "private": 0, "password": null}, {"uploadtime": 1743299658, "id": "gen9vgc2025reggbo3-2330986980", "format": "[Gen 9] VGC 2025 Reg G (Bo3)", "players": ["KingDom1992", "JamianLillard"], "rating": null, "private": 0, "password": null}, {"uploadtime": 1743299658, "id": "gen9vgc2025reggbo3-2330986466", "format": "[Gen 9] VGC 2025 Reg G (Bo3)", "players": ["Marcus308", "Wintersehl"], "rating": null, "private": 0, "password": null}, {"uploadtime": 1743299554, "id": "gen9vgc2025reggbo3-2330987114", "format": "[Gen 9] VGC 2025 Reg G (Bo3)", "players": ["647w", "ScaryQwQ"], "rating": null, "private": 0, "password": null}, {"uploadtime": 1743299545, "id": "gen9vgc2025reggbo3-2330984526", "format": "[Gen 9] VGC 2025 Reg G (Bo3)", "players": ["647w", "ScaryQwQ"], "rating": null, "private": 0, "password": null}, {"uploadtime": 1743299519, "id": "gen9vgc2025reggbo3-2330984662", "format": "[Gen 9] VGC 2025 Reg G (Bo3)", "players": ["mandowf", "Therealandrew13"], "rating": null, "private": 0, "password": null}, {"uploadtime": 1743299414, "id": "gen9vgc2025reggbo3-2330987055", "format": "[Gen 9] VGC 2025 Reg G (Bo3)", "players": ["pokemasterz461", "heartsrepeating"], "rating": null, "private": 0, "password": null}, {"uploadtime": 1743299380, "id": "gen9vgc2025reggbo3-2330984258", "format": "[Gen 9] VGC 2025 Reg G (Bo3)", "players": ["keonespirit", "Scheetzy02"], "rating": null, "private": 0, "password": null}, {"uploadtime": 1743299380, "id": "gen9vgc2025reggbo3-2330984223", "format": "[Gen 9] VGC 2025 Reg G (Bo3)", "players": ["ImAllUrsLv", "Dr Jokey"], "rating": null, "private": 0, "password": null}, {"uploadtime": 1743299328, "id": "gen9vgc2025reggbo3-2330985763", "format": "[Gen 9] VGC 2025 Reg G (Bo3)", "players": ["alexit93", "Sazandoramx"], "rating": null, "private": 0, "password": null}, {"uploadtime": 1743299172, "id": "gen9vgc2025reggbo3-2330985786", "format": "[Gen 9] VGC 2025 Reg G (Bo3)", "players": ["pokemasterz461", "heartsrepeating"], "rating": null, "private": 0, "password": null}, {"uploadtime": 1743299103, "id": "gen9vgc2025reggbo3-2330983200", "format": "[Gen 9] VGC 2025 Reg G (Bo3)", "players": ["mandowf", "Therealandrew13"], "rating": null, "private": 0, "password": null}, {"uploadtime": 1743299071, "id": "gen9vgc2025reggbo3-2330984697", "format": "[Gen 9] VGC 2025 Reg G (Bo3)", "players": ["ttvdphr", "PhoenixBWG"], "rating": null, "private": 0, "password": null}, {"uploadtime": 1743298989, "id": "gen9vgc2025reggbo3-2330983735", "format": "[Gen 9] VGC 2025 Reg G (Bo3)", "players": ["pokemasterz461", "heartsrepeating"], "rating": null, "private": 0, "password": null}, {"uploadtime": 1743298825, "id": "gen9vgc2025reggbo3-2330980965", "format": "[Gen 9] VGC 2025 Reg G (Bo3)", "players": ["Flamingtiger56", "rodjilius"], "rating": null, "private": 0, "password": null}, {"uploadtime": 1743298825, "id": "gen9vgc2025reggbo3-2330980696", "format": "[Gen 9] VGC 2025 Reg G (Bo3)", "players": ["Bug Catcher Sunny", "Meechole"], "rating": null, "private": 0, "password": null}, {"uploadtime": 1743298770, "id": "gen9vgc2025reggbo3-2330982198", "format": "[Gen 9] VGC 2025 Reg G (Bo3)", "players": ["pokemasterz461", "heartsrepeating"], "rating": null, "private": 0, "password": null}, {"uploadtime": 1743298686, "id": "gen9vgc2025reggbo3-2330979271", "format": "[Gen 9] VGC 2025 Reg G (Bo3)", "players": ["Bigbird17000", "i love gumshoos"], "rating": null, "private": 0, "password": null}, {"uploadtime": 1743298686, "id": "gen9vgc2025reggbo3-2330978472", "format": "[Gen 9] VGC 2025 Reg G (Bo3)", "players": ["Flamingtiger56", "rodjilius"], "rating": null, "private": 0, "password": null}, {"uploadtime": 1743298548, "id": "gen9vgc2025reggbo3-2330978416", "format": "[Gen 9] VGC 2025 Reg G (Bo3)", "players": ["Bug Catcher Sunny", "Meechole"], "rating": null, "private": 0, "password": null}, {"uploadtime": 1743298546, "id": "gen9vgc2025reggbo3-2330979590", "format": "[Gen 9] VGC 2025 Reg G (Bo3)", "players": ["pokemasterz461", "heartsrepeating"], "rating": null, "private": 0, "password": null}, {"uploadtime": 1743298535, "id": "gen9vgc2025reggbo3-2330979421", "format": "[Gen 9] VGC 2025 Reg G (Bo3)", "players": ["secondgamewaswhite", "AlfajoresGame"], "rating": null, "private": 0, "password": null}, {"uploadtime": 1743298409, "id": "gen9vgc2025reggbo3-2330976744", "format": "[Gen 9] VGC 2025 Reg G (Bo3)", "players": ["ab80", "p053r"], "rating": null, "private": 0, "password": null}]