[{"uploadtime": 1743271715, "id": "gen9vgc2025reggbo3-2330735250", "format": "[Gen 9] VGC 2025 Reg G (Bo3)", "players": ["raucho", "snad10"], "rating": null, "private": 0, "password": null}, {"uploadtime": 1743271715, "id": "gen9vgc2025reggbo3-2330734476", "format": "[Gen 9] VGC 2025 Reg G (Bo3)", "players": ["spence.hl", "LuketheDuk"], "rating": null, "private": 0, "password": null}, {"uploadtime": 1743271715, "id": "gen9vgc2025reggbo3-2330734464", "format": "[Gen 9] VGC 2025 Reg G (Bo3)", "players": ["Sincubii", "el1azss"], "rating": null, "private": 0, "password": null}, {"uploadtime": 1743271695, "id": "gen9vgc2025reggbo3-2330735176", "format": "[Gen 9] VGC 2025 Reg G (Bo3)", "players": ["TheParasectKing", "shadowtheshrew"], "rating": null, "private": 0, "password": null}, {"uploadtime": 1743271686, "id": "gen9vgc2025reggbo3-2330736375", "format": "[Gen 9] VGC 2025 Reg G (Bo3)", "players": ["TheParasectKing", "shadowtheshrew"], "rating": 1092, "private": 0, "password": null}, {"uploadtime": 1743271602, "id": "gen9vgc2025reggbo3-2330730871", "format": "[Gen 9] VGC 2025 Reg G (Bo3)", "players": ["cool4you3", "Yorknew Haunters"], "rating": null, "private": 0, "password": null}, {"uploadtime": 1743271575, "id": "gen9vgc2025reggbo3-2330733734", "format": "[Gen 9] VGC 2025 Reg G (Bo3)", "players": ["GIULIANO10", "Danielesqueda17"], "rating": null, "private": 0, "password": null}, {"uploadtime": 1743271575, "id": "gen9vgc2025reggbo3-2330732618", "format": "[Gen 9] VGC 2025 Reg G (Bo3)", "players": ["raucho", "snad10"], "rating": null, "private": 0, "password": null}, {"uploadtime": 1743271435, "id": "gen9vgc2025reggbo3-2330731472", "format": "[Gen 9] VGC 2025 Reg G (Bo3)", "players": ["GIULIANO10", "Danielesqueda17"], "rating": null, "private": 0, "password": null}, {"uploadtime": 1743271435, "id": "gen9vgc2025reggbo3-2330730861", "format": "[Gen 9] VGC 2025 Reg G (Bo3)", "players": ["CandleBlue", "mattderu5784"], "rating": null, "private": 0, "password": null}, {"uploadtime": 1743271435, "id": "gen9vgc2025reggbo3-2330730084", "format": "[Gen 9] VGC 2025 Reg G (Bo3)", "players": ["spence.hl", "LuketheDuk"], "rating": null, "private": 0, "password": null}, {"uploadtime": 1743271435, "id": "gen9vgc2025reggbo3-2330729700", "format": "[Gen 9] VGC 2025 Reg G (Bo3)", "players": ["DarkUgo", "KaseyQ"], "rating": null, "private": 0, "password": null}, {"uploadtime": 1743271400, "id": "gen9vgc2025reggbo3-2330731064", "format": "[Gen 9] VGC 2025 Reg G (Bo3)", "players": ["FadeComp", "ray_on_1248_"], "rating": null, "private": 0, "password": null}, {"uploadtime": 1743271393, "id": "gen9vgc2025reggbo3-2330733554", "format": "[Gen 9] VGC 2025 Reg G (Bo3)", "players": ["FadeComp", "ray_on_1248_"], "rating": 1217, "private": 0, "password": null}, {"uploadtime": 1743271296, "id": "gen9vgc2025reggbo3-2330731444", "format": "[Gen 9] VGC 2025 Reg G (Bo3)", "players": ["snad10", "Pk_Thunder1215"], "rating": 1021, "private": 0, "password": null}, {"uploadtime": 1743271296, "id": "gen9vgc2025reggbo3-2330730665", "format": "[Gen 9] VGC 2025 Reg G (Bo3)", "players": ["Zen1996-VGC", "RamenOuO"], "rating": null, "private": 0, "password": null}, {"uploadtime": 1743271221, "id": "gen9vgc2025reggbo3-2330729309", "format": "[Gen 9] VGC 2025 Reg G (Bo3)", "players": ["4k4k4k4k4k4k", "MrToxicStall"], "rating": 1000, "private": 0, "password": null}, {"uploadtime": 1743271157, "id": "gen9vgc2025reggbo3-2330730491", "format": "[Gen 9] VGC 2025 Reg G (Bo3)", "players": ["Darkprion", "snad10"], "rating": 1048, "private": 0, "password": null}, {"uploadtime": 1743271125, "id": "gen9vgc2025reggbo3-2330731364", "format": "[Gen 9] VGC 2025 Reg G (Bo3)", "players": ["jamirolol", "Etrale"], "rating": 1154, "private": 0, "password": null}, {"uploadtime": 1743271017, "id": "gen9vgc2025reggbo3-2330728125", "format": "[Gen 9] VGC 2025 Reg G (Bo3)", "players": ["BroImKranky", "gorgisfun"], "rating": null, "private": 0, "password": null}, {"uploadtime": 1743271015, "id": "gen9vgc2025reggbo3-2330730499", "format": "[Gen 9] VGC 2025 Reg G (Bo3)", "players": ["jamirolol", "Etrale"], "rating": null, "private": 0, "password": null}, {"uploadtime": 1743271004, "id": "gen9vgc2025reggbo3-2330728764", "format": "[Gen 9] VGC 2025 Reg G (Bo3)", "players": ["jamirolol", "Etrale"], "rating": null, "private": 0, "password": null}, {"uploadtime": 1743270878, "id": "gen9vgc2025reggbo3-2330727529", "format": "[Gen 9] VGC 2025 Reg G (Bo3)", "players": ["kordeke", "bigj009"], "rating": null, "private": 0, "password": null}, {"uploadtime": 1743270878, "id": "gen9vgc2025reggbo3-2330727051", "format": "[Gen 9] VGC 2025 Reg G (Bo3)", "players": ["capworl", "apex lel"], "rating": null, "private": 0, "password": null}, {"uploadtime": 1743270878, "id": "gen9vgc2025reggbo3-2330725495", "format": "[Gen 9] VGC 2025 Reg G (Bo3)", "players": ["Jzvictini", "strawenjoyer"], "rating": null, "private": 0, "password": null}, {"uploadtime": 1743270768, "id": "gen9vgc2025reggbo3-2330726836", "format": "[Gen 9] VGC 2025 Reg G (Bo3)", "players": ["4k4k4k4k4k4k", "MrToxicStall"], "rating": null, "private": 0, "password": null}, {"uploadtime": 1743270739, "id": "gen9vgc2025reggbo3-2330725069", "format": "[Gen 9] VGC 2025 Reg G (Bo3)", "players": ["capworl", "apex lel"], "rating": null, "private": 0, "password": null}, {"uploadtime": 1743270739, "id": "gen9vgc2025reggbo3-2330724514", "format": "[Gen 9] VGC 2025 Reg G (Bo3)", "players": ["jamirolol", "sqldeveloper"], "rating": null, "private": 0, "password": null}, {"uploadtime": 1743270739, "id": "gen9vgc2025reggbo3-2330724431", "format": "[Gen 9] VGC 2025 Reg G (Bo3)", "players": ["Adroqk", "Slowjow"], "rating": null, "private": 0, "password": null}, {"uploadtime": 1743270739, "id": "gen9vgc2025reggbo3-2330722522", "format": "[Gen 9] VGC 2025 Reg G (Bo3)", "players": ["Ricardo van Hoorn", "K1rbyChaos"], "rating": null, "private": 0, "password": null}, {"uploadtime": 1743270701, "id": "gen9vgc2025reggbo3-2330726200", "format": "[Gen 9] VGC 2025 Reg G (Bo3)", "players": ["Etrale", "D-scNSe"], "rating": 1220, "private": 0, "password": null}, {"uploadtime": 1743270599, "id": "gen9vgc2025reggbo3-2330723921", "format": "[Gen 9] VGC 2025 Reg G (Bo3)", "players": ["Holixs", "J.Arch"], "rating": null, "private": 0, "password": null}, {"uploadtime": 1743270599, "id": "gen9vgc2025reggbo3-2330719743", "format": "[Gen 9] VGC 2025 Reg G (Bo3)", "players": ["IkeAmp88", "anshu08"], "rating": null, "private": 0, "password": null}, {"uploadtime": 1743270514, "id": "gen9vgc2025reggbo3-2330722056", "format": "[Gen 9] VGC 2025 Reg G (Bo3)", "players": ["4k4k4k4k4k4k", "MrToxicStall"], "rating": null, "private": 0, "password": null}, {"uploadtime": 1743270460, "id": "gen9vgc2025reggbo3-2330723611", "format": "[Gen 9] VGC 2025 Reg G (Bo3)", "players": ["yung elmers glue", "bigj009"], "rating": null, "private": 0, "password": null}, {"uploadtime": 1743270460, "id": "gen9vgc2025reggbo3-2330723206", "format": "[Gen 9] VGC 2025 Reg G (Bo3)", "players": ["pockey_or_pk", "stan marsh"], "rating": null, "private": 0, "password": null}, {"uploadtime": 1743270460, "id": "gen9vgc2025reggbo3-2330722740", "format": "[Gen 9] VGC 2025 Reg G (Bo3)", "players": ["AlfajoresGame", "relif"], "rating": null, "private": 0, "password": null}, {"uploadtime": 1743270435, "id": "gen9vgc2025reggbo3-2330722397", "format": "[Gen 9] VGC 2025 Reg G (Bo3)", "players": ["Etrale", "D-scNSe"], "rating": null, "private": 0, "password": null}, {"uploadtime": 1743270321, "id": "gen9vgc2025reggbo3-2330721044", "format": "[Gen 9] VGC 2025 Reg G (Bo3)", "players": ["FrenziedMyGouging", "TheMMalt"], "rating": null, "private": 0, "password": null}, {"uploadtime": 1743270320, "id": "gen9vgc2025reggbo3-2330721967", "format": "[Gen 9] VGC 2025 Reg G (Bo3)", "players": ["pockey_or_pk", "stan marsh"], "rating": null, "private": 0, "password": null}, {"uploadtime": 1743270320, "id": "gen9vgc2025reggbo3-2330719441", "format": "[Gen 9] VGC 2025 Reg G (Bo3)", "players": ["liviopocoyoco", "neno49044"], "rating": null, "private": 0, "password": null}, {"uploadtime": 1743269902, "id": "gen9vgc2025reggbo3-2330717643", "format": "[Gen 9] VGC 2025 Reg G (Bo3)", "players": ["Tails4ssb5", "Knave King"], "rating": null, "private": 0, "password": null}, {"uploadtime": 1743269826, "id": "gen9vgc2025reggbo3-2330716995", "format": "[Gen 9] VGC 2025 Reg G (Bo3)", "players": ["AlfajoresGame", "kroesvgc"], "rating": 1210, "private": 0, "password": null}, {"uploadtime": 1743269822, "id": "gen9vgc2025reggbo3-2330711974", "format": "[Gen 9] VGC 2025 Reg G (Bo3)", "players": ["garxx", "uglybeast"], "rating": null, "private": 0, "password": null}, {"uploadtime": 1743269819, "id": "gen9vgc2025reggbo3-2330715369", "format": "[Gen 9] VGC 2025 Reg G (Bo3)", "players": ["garxx", "uglybeast"], "rating": null, "private": 0, "password": null}, {"uploadtime": 1743269816, "id": "gen9vgc2025reggbo3-2330718247", "format": "[Gen 9] VGC 2025 Reg G (Bo3)", "players": ["garxx", "uglybeast"], "rating": 1128, "private": 0, "password": null}, {"uploadtime": 1743269762, "id": "gen9vgc2025reggbo3-2330716478", "format": "[Gen 9] VGC 2025 Reg G (Bo3)", "players": ["Jzvictini", "upchicken"], "rating": null, "private": 0, "password": null}, {"uploadtime": 1743269762, "id": "gen9vgc2025reggbo3-2330716256", "format": "[Gen 9] VGC 2025 Reg G (Bo3)", "players": ["altharu", "TeeKhay3"], "rating": null, "private": 0, "password": null}, {"uploadtime": 1743269762, "id": "gen9vgc2025reggbo3-2330716119", "format": "[Gen 9] VGC 2025 Reg G (Bo3)", "players": ["apex lel", "HunterOnShowdown"], "rating": null, "private": 0, "password": null}, {"uploadtime": 1743269762, "id": "gen9vgc2025reggbo3-2330713586", "format": "[Gen 9] VGC 2025 Reg G (Bo3)", "players": ["Fang_2618", "oriummon"], "rating": null, "private": 0, "password": null}, {"uploadtime": 1743269623, "id": "gen9vgc2025reggbo3-2330714562", "format": "[Gen 9] VGC 2025 Reg G (Bo3)", "players": ["liviopocoyoco", "gepesek"], "rating": null, "private": 0, "password": null}]