[{"uploadtime": 1743229392, "id": "gen9vgc2025reggbo3-2330448013", "format": "[Gen 9] VGC 2025 Reg G (Bo3)", "players": ["Keemi", "atlanta13251351"], "rating": 1161, "private": 0, "password": null}, {"uploadtime": 1743229329, "id": "gen9vgc2025reggbo3-2330445331", "format": "[Gen 9] VGC 2025 Reg G (Bo3)", "players": ["PigsSSBM", "tiapoops"], "rating": 1095, "private": 0, "password": null}, {"uploadtime": 1743229329, "id": "gen9vgc2025reggbo3-2330445025", "format": "[Gen 9] VGC 2025 Reg G (Bo3)", "players": ["funnythekani", "MurdaSingh"], "rating": null, "private": 0, "password": null}, {"uploadtime": 1743229261, "id": "gen9vgc2025reggbo3-2330446691", "format": "[Gen 9] VGC 2025 Reg G (Bo3)", "players": ["Alecat", "enyelvgc"], "rating": 1244, "private": 0, "password": null}, {"uploadtime": 1743229188, "id": "gen9vgc2025reggbo3-2330445693", "format": "[Gen 9] VGC 2025 Reg G (Bo3)", "players": ["punjabiboy17", "Alex Soto's fan"], "rating": null, "private": 0, "password": null}, {"uploadtime": 1743229188, "id": "gen9vgc2025reggbo3-2330444434", "format": "[Gen 9] VGC 2025 Reg G (Bo3)", "players": ["useless0o0", "burritobrown"], "rating": null, "private": 0, "password": null}, {"uploadtime": 1743229022, "id": "gen9vgc2025reggbo3-2330445649", "format": "[Gen 9] VGC 2025 Reg G (Bo3)", "players": ["greasyflamingo34", "soul_slayer_10293"], "rating": null, "private": 0, "password": null}, {"uploadtime": 1743228960, "id": "gen9vgc2025reggbo3-2330444860", "format": "[Gen 9] VGC 2025 Reg G (Bo3)", "players": ["Alecat", "enyelvgc"], "rating": null, "private": 0, "password": null}, {"uploadtime": 1743228905, "id": "gen9vgc2025reggbo3-2330443135", "format": "[Gen 9] VGC 2025 Reg G (Bo3)", "players": ["supositorio01", "Giom92"], "rating": null, "private": 0, "password": null}, {"uploadtime": 1743228764, "id": "gen9vgc2025reggbo3-2330443411", "format": "[Gen 9] VGC 2025 Reg G (Bo3)", "players": ["Picha101", "ShadowJohny"], "rating": null, "private": 0, "password": null}, {"uploadtime": 1743228758, "id": "gen9vgc2025reggbo3-2330444156", "format": "[Gen 9] VGC 2025 Reg G (Bo3)", "players": ["greasyflamingo34", "soul_slayer_10293"], "rating": null, "private": 0, "password": null}, {"uploadtime": 1743228482, "id": "gen9vgc2025reggbo3-2330441699", "format": "[Gen 9] VGC 2025 Reg G (Bo3)", "players": ["coffI1549", "AleZun93"], "rating": null, "private": 0, "password": null}, {"uploadtime": 1743228340, "id": "gen9vgc2025reggbo3-2330439684", "format": "[Gen 9] VGC 2025 Reg G (Bo3)", "players": ["Giom92", "supositorio01"], "rating": null, "private": 0, "password": null}, {"uploadtime": 1743228199, "id": "gen9vgc2025reggbo3-2330439964", "format": "[Gen 9] VGC 2025 Reg G (Bo3)", "players": ["phenomsteelers08", "Just a Minus"], "rating": null, "private": 0, "password": null}, {"uploadtime": 1743228199, "id": "gen9vgc2025reggbo3-2330438911", "format": "[Gen 9] VGC 2025 Reg G (Bo3)", "players": ["tcarr3", "useless0o0"], "rating": null, "private": 0, "password": null}, {"uploadtime": 1743228137, "id": "gen9vgc2025reggbo3-2330438927", "format": "[Gen 9] VGC 2025 Reg G (Bo3)", "players": ["victoryyyroadd", "Bdhejrn"], "rating": null, "private": 0, "password": null}, {"uploadtime": 1743228039, "id": "gen9vgc2025reggbo3-2330440169", "format": "[Gen 9] VGC 2025 Reg G (Bo3)", "players": ["AleZun93", "Etrale"], "rating": 1141, "private": 0, "password": null}, {"uploadtime": 1743228015, "id": "gen9vgc2025reggbo3-2330438714", "format": "[Gen 9] VGC 2025 Reg G (Bo3)", "players": ["AleZun93", "Etrale"], "rating": null, "private": 0, "password": null}, {"uploadtime": 1743227916, "id": "gen9vgc2025reggbo3-2330438316", "format": "[Gen 9] VGC 2025 Reg G (Bo3)", "players": ["Zen1996-VGC", "phenomsteelers08"], "rating": null, "private": 0, "password": null}, {"uploadtime": 1743227916, "id": "gen9vgc2025reggbo3-2330437617", "format": "[Gen 9] VGC 2025 Reg G (Bo3)", "players": ["Claude555", "Keemi"], "rating": 1109, "private": 0, "password": null}, {"uploadtime": 1743227775, "id": "gen9vgc2025reggbo3-2330437567", "format": "[Gen 9] VGC 2025 Reg G (Bo3)", "players": ["Saint Dawnsight", "Just a Minus"], "rating": null, "private": 0, "password": null}, {"uploadtime": 1743227775, "id": "gen9vgc2025reggbo3-2330437444", "format": "[Gen 9] VGC 2025 Reg G (Bo3)", "players": ["diamondburmy", "hlamidamonada"], "rating": 1019, "private": 0, "password": null}, {"uploadtime": 1743227634, "id": "gen9vgc2025reggbo3-2330436855", "format": "[Gen 9] VGC 2025 Reg G (Bo3)", "players": ["Y do so so", "atlanta13251351"], "rating": 1020, "private": 0, "password": null}, {"uploadtime": 1743227634, "id": "gen9vgc2025reggbo3-2330436667", "format": "[Gen 9] VGC 2025 Reg G (Bo3)", "players": ["marcosdeltasena31", "Zen1996-VGC"], "rating": null, "private": 0, "password": null}, {"uploadtime": 1743227493, "id": "gen9vgc2025reggbo3-2330436164", "format": "[Gen 9] VGC 2025 Reg G (Bo3)", "players": ["AleZun93", "Makubiku"], "rating": null, "private": 0, "password": null}, {"uploadtime": 1743227493, "id": "gen9vgc2025reggbo3-2330436024", "format": "[Gen 9] VGC 2025 Reg G (Bo3)", "players": ["sjwjjwiw", "tmart282"], "rating": null, "private": 0, "password": null}, {"uploadtime": 1743227493, "id": "gen9vgc2025reggbo3-2330435970", "format": "[Gen 9] VGC 2025 Reg G (Bo3)", "players": ["Claude555", "Keemi"], "rating": null, "private": 0, "password": null}, {"uploadtime": 1743227493, "id": "gen9vgc2025reggbo3-2330435675", "format": "[Gen 9] VGC 2025 Reg G (Bo3)", "players": ["MoonEnthusiast", "phenomsteelers08"], "rating": null, "private": 0, "password": null}, {"uploadtime": 1743227493, "id": "gen9vgc2025reggbo3-2330435360", "format": "[Gen 9] VGC 2025 Reg G (Bo3)", "players": ["burritobrown", "Uncomps"], "rating": null, "private": 0, "password": null}, {"uploadtime": 1743227492, "id": "gen9vgc2025reggbo3-2330436102", "format": "[Gen 9] VGC 2025 Reg G (Bo3)", "players": ["Rg67", "Sassafrassa"], "rating": null, "private": 0, "password": null}, {"uploadtime": 1743227460, "id": "gen9vgc2025reggbo3-2330436712", "format": "[Gen 9] VGC 2025 Reg G (Bo3)", "players": ["Kylewithasmile69", "victoryyyroadd"], "rating": 1083, "private": 0, "password": null}, {"uploadtime": 1743227421, "id": "gen9vgc2025reggbo3-2330436769", "format": "[Gen 9] VGC 2025 Reg G (Bo3)", "players": ["exinmianVGC", "Etrale"], "rating": 1271, "private": 0, "password": null}, {"uploadtime": 1743227412, "id": "gen9vgc2025reggbo3-2330435631", "format": "[Gen 9] VGC 2025 Reg G (Bo3)", "players": ["exinmianVGC", "Etrale"], "rating": null, "private": 0, "password": null}, {"uploadtime": 1743227405, "id": "gen9vgc2025reggbo3-2330434555", "format": "[Gen 9] VGC 2025 Reg G (Bo3)", "players": ["exinmianVGC", "Etrale"], "rating": null, "private": 0, "password": null}, {"uploadtime": 1743227351, "id": "gen9vgc2025reggbo3-2330435001", "format": "[Gen 9] VGC 2025 Reg G (Bo3)", "players": ["Saint Dawnsight", "Temporary name 3"], "rating": null, "private": 0, "password": null}, {"uploadtime": 1743227351, "id": "gen9vgc2025reggbo3-2330434215", "format": "[Gen 9] VGC 2025 Reg G (Bo3)", "players": ["big-fo0t", "soidjk"], "rating": null, "private": 0, "password": null}, {"uploadtime": 1743227351, "id": "gen9vgc2025reggbo3-2330433981", "format": "[Gen 9] VGC 2025 Reg G (Bo3)", "players": ["funnythekani", "MurdaSingh"], "rating": null, "private": 0, "password": null}, {"uploadtime": 1743227123, "id": "gen9vgc2025reggbo3-2330434800", "format": "[Gen 9] VGC 2025 Reg G (Bo3)", "players": ["Kylewithasmile69", "victoryyyroadd"], "rating": null, "private": 0, "password": null}, {"uploadtime": 1743226927, "id": "gen9vgc2025reggbo3-2330433485", "format": "[Gen 9] VGC 2025 Reg G (Bo3)", "players": ["cing64", "Picha101"], "rating": null, "private": 0, "password": null}, {"uploadtime": 1743226927, "id": "gen9vgc2025reggbo3-2330433174", "format": "[Gen 9] VGC 2025 Reg G (Bo3)", "players": ["sunnyeong", "AleZun93"], "rating": null, "private": 0, "password": null}, {"uploadtime": 1743226927, "id": "gen9vgc2025reggbo3-2330432487", "format": "[Gen 9] VGC 2025 Reg G (Bo3)", "players": ["SolarPieVGC", "Flake217"], "rating": 1046, "private": 0, "password": null}, {"uploadtime": 1743226927, "id": "gen9vgc2025reggbo3-2330431626", "format": "[Gen 9] VGC 2025 Reg G (Bo3)", "players": ["big-fo0t", "soidjk"], "rating": null, "private": 0, "password": null}, {"uploadtime": 1743226786, "id": "gen9vgc2025reggbo3-2330432588", "format": "[Gen 9] VGC 2025 Reg G (Bo3)", "players": ["cing64", "sleepy_mo18"], "rating": 1052, "private": 0, "password": null}, {"uploadtime": 1743226786, "id": "gen9vgc2025reggbo3-2330432039", "format": "[Gen 9] VGC 2025 Reg G (Bo3)", "players": ["AMaizad97", "useless0o0"], "rating": null, "private": 0, "password": null}, {"uploadtime": 1743226786, "id": "gen9vgc2025reggbo3-2330431586", "format": "[Gen 9] VGC 2025 Reg G (Bo3)", "players": ["tcarr3", "Rege1"], "rating": 1000, "private": 0, "password": null}, {"uploadtime": 1743226786, "id": "gen9vgc2025reggbo3-2330430412", "format": "[Gen 9] VGC 2025 Reg G (Bo3)", "players": ["EnchantDark", "ElCapitanPP"], "rating": null, "private": 0, "password": null}, {"uploadtime": 1743226728, "id": "gen9vgc2025reggbo3-2330431842", "format": "[Gen 9] VGC 2025 Reg G (Bo3)", "players": ["Etrale", "biglivingorganism"], "rating": 1297, "private": 0, "password": null}, {"uploadtime": 1743226720, "id": "gen9vgc2025reggbo3-2330429727", "format": "[Gen 9] VGC 2025 Reg G (Bo3)", "players": ["Etrale", "biglivingorganism"], "rating": null, "private": 0, "password": null}, {"uploadtime": 1743226645, "id": "gen9vgc2025reggbo3-2330431523", "format": "[Gen 9] VGC 2025 Reg G (Bo3)", "players": ["sunnyeong", "AleZun93"], "rating": null, "private": 0, "password": null}, {"uploadtime": 1743226645, "id": "gen9vgc2025reggbo3-2330431425", "format": "[Gen 9] VGC 2025 Reg G (Bo3)", "players": ["sun goes wrong", "marcosdeltasena31"], "rating": null, "private": 0, "password": null}, {"uploadtime": 1743226504, "id": "gen9vgc2025reggbo3-2330430473", "format": "[Gen 9] VGC 2025 Reg G (Bo3)", "players": ["Sarik405", "Travency"], "rating": null, "private": 0, "password": null}]