[{"uploadtime": 1743344348, "id": "gen9vgc2025reggbo3-2331265812", "format": "[Gen 9] VGC 2025 Reg G (Bo3)", "players": ["CallMeCammy", "kingpran"], "rating": null, "private": 0, "password": null}, {"uploadtime": 1743344260, "id": "gen9vgc2025reggbo3-2331255598", "format": "[Gen 9] VGC 2025 Reg G (Bo3)", "players": ["furretjebus", "wittraid"], "rating": 1209, "private": 0, "password": null}, {"uploadtime": 1743344139, "id": "gen9vgc2025reggbo3-2331263319", "format": "[Gen 9] VGC 2025 Reg G (Bo3)", "players": ["Pard Mafia", "Lupang"], "rating": null, "private": 0, "password": null}, {"uploadtime": 1743344095, "id": "gen9vgc2025reggbo3-2331265797", "format": "[Gen 9] VGC 2025 Reg G (Bo3)", "players": ["itslikewoah", "pkmaster56"], "rating": null, "private": 0, "password": null}, {"uploadtime": 1743343992, "id": "gen9vgc2025reggbo3-2331263552", "format": "[Gen 9] VGC 2025 Reg G (Bo3)", "players": ["Gengarlover982", "rocky duck 11"], "rating": null, "private": 0, "password": null}, {"uploadtime": 1743343992, "id": "gen9vgc2025reggbo3-2331263049", "format": "[Gen 9] VGC 2025 Reg G (Bo3)", "players": ["Talos2B A.G.", "Rfriedrich16"], "rating": null, "private": 0, "password": null}, {"uploadtime": 1743343992, "id": "gen9vgc2025reggbo3-2331262192", "format": "[Gen 9] VGC 2025 Reg G (Bo3)", "players": ["Gengarlover982", "rocky duck 11"], "rating": null, "private": 0, "password": null}, {"uploadtime": 1743343923, "id": "gen9vgc2025reggbo3-2331261514", "format": "[Gen 9] VGC 2025 Reg G (Bo3)", "players": ["CallMeCammy", "kingpran"], "rating": null, "private": 0, "password": null}, {"uploadtime": 1743343853, "id": "gen9vgc2025reggbo3-2331261106", "format": "[Gen 9] VGC 2025 Reg G (Bo3)", "players": ["LoomianGuy55", "BluBBluBBer"], "rating": null, "private": 0, "password": null}, {"uploadtime": 1743343714, "id": "gen9vgc2025reggbo3-2331260677", "format": "[Gen 9] VGC 2025 Reg G (Bo3)", "players": ["powerofcouples", "calciumnyl"], "rating": null, "private": 0, "password": null}, {"uploadtime": 1743343714, "id": "gen9vgc2025reggbo3-2331260403", "format": "[Gen 9] VGC 2025 Reg G (Bo3)", "players": ["rollforfun", "casperition1"], "rating": null, "private": 0, "password": null}, {"uploadtime": 1743343714, "id": "gen9vgc2025reggbo3-2331260274", "format": "[Gen 9] VGC 2025 Reg G (Bo3)", "players": ["aviles0036", "NuovoSangue"], "rating": null, "private": 0, "password": null}, {"uploadtime": 1743343714, "id": "gen9vgc2025reggbo3-2331260225", "format": "[Gen 9] VGC 2025 Reg G (Bo3)", "players": ["Talos2B A.G.", "Rfriedrich16"], "rating": null, "private": 0, "password": null}, {"uploadtime": 1743343702, "id": "gen9vgc2025reggbo3-2331263593", "format": "[Gen 9] VGC 2025 Reg G (Bo3)", "players": ["RichardTheCompany", "Biffolo"], "rating": 1066, "private": 0, "password": null}, {"uploadtime": 1743343696, "id": "gen9vgc2025reggbo3-2331261415", "format": "[Gen 9] VGC 2025 Reg G (Bo3)", "players": ["RichardTheCompany", "Biffolo"], "rating": null, "private": 0, "password": null}, {"uploadtime": 1743343575, "id": "gen9vgc2025reggbo3-2331259893", "format": "[Gen 9] VGC 2025 Reg G (Bo3)", "players": ["TeraxManQ127", "huiogobh"], "rating": null, "private": 0, "password": null}, {"uploadtime": 1743343575, "id": "gen9vgc2025reggbo3-2331259505", "format": "[Gen 9] VGC 2025 Reg G (Bo3)", "players": ["calmdragon", "Zen1996-VGC"], "rating": null, "private": 0, "password": null}, {"uploadtime": 1743343511, "id": "gen9vgc2025reggbo3-2331258893", "format": "[Gen 9] VGC 2025 Reg G (Bo3)", "players": ["Sir Aaron07", "Hertzzz"], "rating": null, "private": 0, "password": null}, {"uploadtime": 1743343436, "id": "gen9vgc2025reggbo3-2331259239", "format": "[Gen 9] VGC 2025 Reg G (Bo3)", "players": ["Alextheturtle6", "Sub2Rip_king12"], "rating": null, "private": 0, "password": null}, {"uploadtime": 1743343436, "id": "gen9vgc2025reggbo3-2331259181", "format": "[Gen 9] VGC 2025 Reg G (Bo3)", "players": ["RennocG", "itslikewoah"], "rating": null, "private": 0, "password": null}, {"uploadtime": 1743343436, "id": "gen9vgc2025reggbo3-2331258203", "format": "[Gen 9] VGC 2025 Reg G (Bo3)", "players": ["rollforfun", "casperition1"], "rating": null, "private": 0, "password": null}, {"uploadtime": 1743343436, "id": "gen9vgc2025reggbo3-2331257361", "format": "[Gen 9] VGC 2025 Reg G (Bo3)", "players": ["VLADS97", "Something147"], "rating": 1071, "private": 0, "password": null}, {"uploadtime": 1743343366, "id": "gen9vgc2025reggbo3-2331258144", "format": "[Gen 9] VGC 2025 Reg G (Bo3)", "players": ["CallMeCammy", "kingpran"], "rating": null, "private": 0, "password": null}, {"uploadtime": 1743343157, "id": "gen9vgc2025reggbo3-2331256305", "format": "[Gen 9] VGC 2025 Reg G (Bo3)", "players": ["tuongcatro", "h20dz"], "rating": null, "private": 0, "password": null}, {"uploadtime": 1743343064, "id": "gen9vgc2025reggbo3-2331256954", "format": "[Gen 9] VGC 2025 Reg G (Bo3)", "players": ["RichardTheCompany", "sewtewgames"], "rating": null, "private": 0, "password": null}, {"uploadtime": 1743343054, "id": "gen9vgc2025reggbo3-2331257106", "format": "[Gen 9] VGC 2025 Reg G (Bo3)", "players": ["calmdragon", "Volanr"], "rating": 1461, "private": 0, "password": null}, {"uploadtime": 1743343030, "id": "gen9vgc2025reggbo3-2331256981", "format": "[Gen 9] VGC 2025 Reg G (Bo3)", "players": ["Sir Aaron07", "Hertzzz"], "rating": null, "private": 0, "password": null}, {"uploadtime": 1743343018, "id": "gen9vgc2025reggbo3-2331256742", "format": "[Gen 9] VGC 2025 Reg G (Bo3)", "players": ["Cbutty", "wxtermelxxxn"], "rating": 1422, "private": 0, "password": null}, {"uploadtime": 1743343018, "id": "gen9vgc2025reggbo3-2331255044", "format": "[Gen 9] VGC 2025 Reg G (Bo3)", "players": ["JohnUnique", "Cybearaze"], "rating": null, "private": 0, "password": null}, {"uploadtime": 1743343010, "id": "gen9vgc2025reggbo3-2331255449", "format": "[Gen 9] VGC 2025 Reg G (Bo3)", "players": ["calmdragon", "Volanr"], "rating": null, "private": 0, "password": null}, {"uploadtime": 1743342954, "id": "gen9vgc2025reggbo3-2331251169", "format": "[Gen 9] VGC 2025 Reg G (Bo3)", "players": ["furretjebus", "wittraid"], "rating": null, "private": 0, "password": null}, {"uploadtime": 1743342879, "id": "gen9vgc2025reggbo3-2331255318", "format": "[Gen 9] VGC 2025 Reg G (Bo3)", "players": ["Cbutty", "wxtermelxxxn"], "rating": null, "private": 0, "password": null}, {"uploadtime": 1743342879, "id": "gen9vgc2025reggbo3-2331254789", "format": "[Gen 9] VGC 2025 Reg G (Bo3)", "players": ["Nemmy23", "atrositys"], "rating": null, "private": 0, "password": null}, {"uploadtime": 1743342879, "id": "gen9vgc2025reggbo3-2331254217", "format": "[Gen 9] VGC 2025 Reg G (Bo3)", "players": ["huiogobh", "ethnol1816"], "rating": null, "private": 0, "password": null}, {"uploadtime": 1743342879, "id": "gen9vgc2025reggbo3-2331253330", "format": "[Gen 9] VGC 2025 Reg G (Bo3)", "players": ["JohnUnique", "Cybearaze"], "rating": null, "private": 0, "password": null}, {"uploadtime": 1743342879, "id": "gen9vgc2025reggbo3-2331253311", "format": "[Gen 9] VGC 2025 Reg G (Bo3)", "players": ["FireRedzzz", "strawenjoyer"], "rating": null, "private": 0, "password": null}, {"uploadtime": 1743342879, "id": "gen9vgc2025reggbo3-2331253006", "format": "[Gen 9] VGC 2025 Reg G (Bo3)", "players": ["furretjebus", "wittraid"], "rating": null, "private": 0, "password": null}, {"uploadtime": 1743342879, "id": "gen9vgc2025reggbo3-2331252858", "format": "[Gen 9] VGC 2025 Reg G (Bo3)", "players": ["Nemmy23", "atrositys"], "rating": null, "private": 0, "password": null}, {"uploadtime": 1743342793, "id": "gen9vgc2025reggbo3-2331253634", "format": "[Gen 9] VGC 2025 Reg G (Bo3)", "players": ["Sir Aaron07", "Hertzzz"], "rating": null, "private": 0, "password": null}, {"uploadtime": 1743342600, "id": "gen9vgc2025reggbo3-2331253246", "format": "[Gen 9] VGC 2025 Reg G (Bo3)", "players": ["huiogobh", "ethnol1816"], "rating": null, "private": 0, "password": null}, {"uploadtime": 1743342461, "id": "gen9vgc2025reggbo3-2331251183", "format": "[Gen 9] VGC 2025 Reg G (Bo3)", "players": ["powerofcouples", "FAMILIARCOL"], "rating": null, "private": 0, "password": null}, {"uploadtime": 1743342461, "id": "gen9vgc2025reggbo3-2331250699", "format": "[Gen 9] VGC 2025 Reg G (Bo3)", "players": ["FireRedzzz", "strawenjoyer"], "rating": null, "private": 0, "password": null}, {"uploadtime": 1743342401, "id": "gen9vgc2025reggbo3-2331252705", "format": "[Gen 9] VGC 2025 Reg G (Bo3)", "players": ["powerofcouples", "FAMILIARCOL"], "rating": 1149, "private": 0, "password": null}, {"uploadtime": 1743342322, "id": "gen9vgc2025reggbo3-2331250290", "format": "[Gen 9] VGC 2025 Reg G (Bo3)", "players": ["Wlccano", "alxkdkdc"], "rating": null, "private": 0, "password": null}, {"uploadtime": 1743342322, "id": "gen9vgc2025reggbo3-2331249930", "format": "[Gen 9] VGC 2025 Reg G (Bo3)", "players": ["adhii", "alxkdkdc"], "rating": null, "private": 0, "password": null}, {"uploadtime": 1743342322, "id": "gen9vgc2025reggbo3-2331248460", "format": "[Gen 9] VGC 2025 Reg G (Bo3)", "players": ["AMaizad97", "MCP_JP"], "rating": null, "private": 0, "password": null}, {"uploadtime": 1743342188, "id": "gen9vgc2025reggbo3-2331249045", "format": "[Gen 9] VGC 2025 Reg G (Bo3)", "players": ["SekunVGC", "Jacobeiro"], "rating": 1051, "private": 0, "password": null}, {"uploadtime": 1743342183, "id": "gen9vgc2025reggbo3-2331249646", "format": "[Gen 9] VGC 2025 Reg G (Bo3)", "players": ["capworl", "VGCPancakes"], "rating": null, "private": 0, "password": null}, {"uploadtime": 1743342183, "id": "gen9vgc2025reggbo3-2331248352", "format": "[Gen 9] VGC 2025 Reg G (Bo3)", "players": ["7thTachyon", "LeonardPlayz"], "rating": null, "private": 0, "password": null}, {"uploadtime": 1743342166, "id": "gen9vgc2025reggbo3-2331246872", "format": "[Gen 9] VGC 2025 Reg G (Bo3)", "players": ["SekunVGC", "Jacobeiro"], "rating": null, "private": 0, "password": null}, {"uploadtime": 1743342044, "id": "gen9vgc2025reggbo3-2331247797", "format": "[Gen 9] VGC 2025 Reg G (Bo3)", "players": ["i_tee.kay00", "BrickiestBrick"], "rating": 1023, "private": 0, "password": null}]