[{"uploadtime": 1743432708, "id": "gen9vgc2025reggbo3-2332004750", "format": "[Gen 9] VGC 2025 Reg G (Bo3)", "players": ["Dix6", "rancidspy"], "rating": null, "private": 0, "password": null}, {"uploadtime": 1743432655, "id": "gen9vgc2025reggbo3-2332010238", "format": "[Gen 9] VGC 2025 Reg G (Bo3)", "players": ["aborig was taken", "Il Mule"], "rating": null, "private": 0, "password": null}, {"uploadtime": 1743432599, "id": "gen9vgc2025reggbo3-2332008252", "format": "[Gen 9] VGC 2025 Reg G (Bo3)", "players": ["gavarslow", "Juanitto Balatrez"], "rating": 1121, "private": 0, "password": null}, {"uploadtime": 1743432570, "id": "gen9vgc2025reggbo3-2332006749", "format": "[Gen 9] VGC 2025 Reg G (Bo3)", "players": ["Bogging", "Il Mule"], "rating": null, "private": 0, "password": null}, {"uploadtime": 1743432570, "id": "gen9vgc2025reggbo3-2332005801", "format": "[Gen 9] VGC 2025 Reg G (Bo3)", "players": ["Placidbee", "cly665"], "rating": null, "private": 0, "password": null}, {"uploadtime": 1743432431, "id": "gen9vgc2025reggbo3-2332005212", "format": "[Gen 9] VGC 2025 Reg G (Bo3)", "players": ["Dinosaur Kingz", "3badplayers"], "rating": null, "private": 0, "password": null}, {"uploadtime": 1743432431, "id": "gen9vgc2025reggbo3-2332005033", "format": "[Gen 9] VGC 2025 Reg G (Bo3)", "players": ["Bogging", "Il Mule"], "rating": null, "private": 0, "password": null}, {"uploadtime": 1743432431, "id": "gen9vgc2025reggbo3-2332004470", "format": "[Gen 9] VGC 2025 Reg G (Bo3)", "players": ["NuovoSangue", "edo ghira"], "rating": null, "private": 0, "password": null}, {"uploadtime": 1743432366, "id": "gen9vgc2025reggbo3-2332005577", "format": "[Gen 9] VGC 2025 Reg G (Bo3)", "players": ["gavarslow", "Juanitto Balatrez"], "rating": null, "private": 0, "password": null}, {"uploadtime": 1743432293, "id": "gen9vgc2025reggbo3-2332004228", "format": "[Gen 9] VGC 2025 Reg G (Bo3)", "players": ["Torr3nt", "ChillyWolf404"], "rating": 1059, "private": 0, "password": null}, {"uploadtime": 1743432293, "id": "gen9vgc2025reggbo3-2332002519", "format": "[Gen 9] VGC 2025 Reg G (Bo3)", "players": ["Eternatususususu", "Nickey45"], "rating": null, "private": 0, "password": null}, {"uploadtime": 1743432293, "id": "gen9vgc2025reggbo3-2331985287", "format": "[Gen 9] VGC 2025 Reg G (Bo3)", "players": ["SOI2852", "soi-gpt"], "rating": null, "private": 0, "password": null}, {"uploadtime": 1743432154, "id": "gen9vgc2025reggbo3-2332002024", "format": "[Gen 9] VGC 2025 Reg G (Bo3)", "players": ["pinapuru31", "Flinflox"], "rating": null, "private": 0, "password": null}, {"uploadtime": 1743432135, "id": "gen9vgc2025reggbo3-2332003507", "format": "[Gen 9] VGC 2025 Reg G (Bo3)", "players": ["gavarslow", "Juanitto Balatrez"], "rating": null, "private": 0, "password": null}, {"uploadtime": 1743432130, "id": "gen9vgc2025reggbo3-2332001813", "format": "[Gen 9] VGC 2025 Reg G (Bo3)", "players": ["jesus is female yo", "TrickGroomer"], "rating": 1208, "private": 0, "password": null}, {"uploadtime": 1743432119, "id": "gen9vgc2025reggbo3-2331996756", "format": "[Gen 9] VGC 2025 Reg G (Bo3)", "players": ["jesus is female yo", "TrickGroomer"], "rating": null, "private": 0, "password": null}, {"uploadtime": 1743432016, "id": "gen9vgc2025reggbo3-2331999007", "format": "[Gen 9] VGC 2025 Reg G (Bo3)", "players": ["3badplayers", "123Ayan"], "rating": null, "private": 0, "password": null}, {"uploadtime": 1743432015, "id": "gen9vgc2025reggbo3-2331999885", "format": "[Gen 9] VGC 2025 Reg G (Bo3)", "players": ["v3nkt", "Edmondantes97"], "rating": null, "private": 0, "password": null}, {"uploadtime": 1743431936, "id": "gen9vgc2025reggbo3-2331997902", "format": "[Gen 9] VGC 2025 Reg G (Bo3)", "players": ["Juanitto Balatrez", "Indigo Crisp"], "rating": 1143, "private": 0, "password": null}, {"uploadtime": 1743431882, "id": "gen9vgc2025reggbo3-2331994225", "format": "[Gen 9] VGC 2025 Reg G (Bo3)", "players": ["Juanitto Balatrez", "Indigo Crisp"], "rating": null, "private": 0, "password": null}, {"uploadtime": 1743431877, "id": "gen9vgc2025reggbo3-2331998969", "format": "[Gen 9] VGC 2025 Reg G (Bo3)", "players": ["Cybearaze", "JohnUnique"], "rating": null, "private": 0, "password": null}, {"uploadtime": 1743431877, "id": "gen9vgc2025reggbo3-2331998399", "format": "[Gen 9] VGC 2025 Reg G (Bo3)", "players": ["Nickey45", "Akalaman"], "rating": null, "private": 0, "password": null}, {"uploadtime": 1743431877, "id": "gen9vgc2025reggbo3-2331998116", "format": "[Gen 9] VGC 2025 Reg G (Bo3)", "players": ["Glavenus71601", "Nightfall-Queen"], "rating": null, "private": 0, "password": null}, {"uploadtime": 1743431877, "id": "gen9vgc2025reggbo3-2331997688", "format": "[Gen 9] VGC 2025 Reg G (Bo3)", "players": ["ALadk", "Mx. evil"], "rating": null, "private": 0, "password": null}, {"uploadtime": 1743431877, "id": "gen9vgc2025reggbo3-2331997173", "format": "[Gen 9] VGC 2025 Reg G (Bo3)", "players": ["doung yolph", "Dix6"], "rating": null, "private": 0, "password": null}, {"uploadtime": 1743431739, "id": "gen9vgc2025reggbo3-2331997533", "format": "[Gen 9] VGC 2025 Reg G (Bo3)", "players": ["M0teM0te13", "uxieing"], "rating": null, "private": 0, "password": null}, {"uploadtime": 1743431739, "id": "gen9vgc2025reggbo3-2331995750", "format": "[Gen 9] VGC 2025 Reg G (Bo3)", "players": ["feivelfury", "Kramenwhale"], "rating": null, "private": 0, "password": null}, {"uploadtime": 1743431739, "id": "gen9vgc2025reggbo3-2331995080", "format": "[Gen 9] VGC 2025 Reg G (Bo3)", "players": ["Nickey45", "Akalaman"], "rating": null, "private": 0, "password": null}, {"uploadtime": 1743431708, "id": "gen9vgc2025reggbo3-2331996486", "format": "[Gen 9] VGC 2025 Reg G (Bo3)", "players": ["DarthMorton", "Il Mule"], "rating": 1619, "private": 0, "password": null}, {"uploadtime": 1743431600, "id": "gen9vgc2025reggbo3-2331995814", "format": "[Gen 9] VGC 2025 Reg G (Bo3)", "players": ["Glavenus71601", "Nightfall-Queen"], "rating": null, "private": 0, "password": null}, {"uploadtime": 1743431509, "id": "gen9vgc2025reggbo3-2331996380", "format": "[Gen 9] VGC 2025 Reg G (Bo3)", "players": ["Wijuci", "MobiusVGC"], "rating": 1311, "private": 0, "password": null}, {"uploadtime": 1743431506, "id": "gen9vgc2025reggbo3-2331994165", "format": "[Gen 9] VGC 2025 Reg G (Bo3)", "players": ["Wijuci", "MobiusVGC"], "rating": null, "private": 0, "password": null}, {"uploadtime": 1743431493, "id": "gen9vgc2025reggbo3-2331997519", "format": "[Gen 9] VGC 2025 Reg G (Bo3)", "players": ["123Ayan", "Avezedo"], "rating": 1038, "private": 0, "password": null}, {"uploadtime": 1743431462, "id": "gen9vgc2025reggbo3-2331993378", "format": "[Gen 9] VGC 2025 Reg G (Bo3)", "players": ["DarthMorton", "Il Mule"], "rating": null, "private": 0, "password": null}, {"uploadtime": 1743431462, "id": "gen9vgc2025reggbo3-2331993149", "format": "[Gen 9] VGC 2025 Reg G (Bo3)", "players": ["kelseilakenta", "pabloblo"], "rating": null, "private": 0, "password": null}, {"uploadtime": 1743431462, "id": "gen9vgc2025reggbo3-2331993084", "format": "[Gen 9] VGC 2025 Reg G (Bo3)", "players": ["AwsoGlitch", "Not-racist-allah"], "rating": null, "private": 0, "password": null}, {"uploadtime": 1743431462, "id": "gen9vgc2025reggbo3-2331992346", "format": "[Gen 9] VGC 2025 Reg G (Bo3)", "players": ["scenicals", "TroubleMaker1101"], "rating": null, "private": 0, "password": null}, {"uploadtime": 1743431461, "id": "gen9vgc2025reggbo3-2331994347", "format": "[Gen 9] VGC 2025 Reg G (Bo3)", "players": ["Deve 1", "Lowpass"], "rating": null, "private": 0, "password": null}, {"uploadtime": 1743431461, "id": "gen9vgc2025reggbo3-2331993193", "format": "[Gen 9] VGC 2025 Reg G (Bo3)", "players": ["maxkungen", "Hello Miccel"], "rating": null, "private": 0, "password": null}, {"uploadtime": 1743431323, "id": "gen9vgc2025reggbo3-2331990882", "format": "[Gen 9] VGC 2025 Reg G (Bo3)", "players": ["Deve 1", "Lowpass"], "rating": null, "private": 0, "password": null}, {"uploadtime": 1743431318, "id": "gen9vgc2025reggbo3-2331993471", "format": "[Gen 9] VGC 2025 Reg G (Bo3)", "players": ["magikarp soup", "lolshh"], "rating": null, "private": 0, "password": null}, {"uploadtime": 1743431185, "id": "gen9vgc2025reggbo3-2331991442", "format": "[Gen 9] VGC 2025 Reg G (Bo3)", "players": ["uxieing", "Mx. evil"], "rating": null, "private": 0, "password": null}, {"uploadtime": 1743431185, "id": "gen9vgc2025reggbo3-2331990200", "format": "[Gen 9] VGC 2025 Reg G (Bo3)", "players": ["JohnUnique", "Cybearaze"], "rating": null, "private": 0, "password": null}, {"uploadtime": 1743431185, "id": "gen9vgc2025reggbo3-2331990130", "format": "[Gen 9] VGC 2025 Reg G (Bo3)", "players": ["AwsoGlitch", "Not-racist-allah"], "rating": null, "private": 0, "password": null}, {"uploadtime": 1743431185, "id": "gen9vgc2025reggbo3-2331989716", "format": "[Gen 9] VGC 2025 Reg G (Bo3)", "players": ["sewtewgames", "TLegend396"], "rating": 1079, "private": 0, "password": null}, {"uploadtime": 1743431185, "id": "gen9vgc2025reggbo3-2331989275", "format": "[Gen 9] VGC 2025 Reg G (Bo3)", "players": ["DarthMorton", "Il Mule"], "rating": null, "private": 0, "password": null}, {"uploadtime": 1743431184, "id": "gen9vgc2025reggbo3-2331990763", "format": "[Gen 9] VGC 2025 Reg G (Bo3)", "players": ["kelseilakenta", "pabloblo"], "rating": null, "private": 0, "password": null}, {"uploadtime": 1743431184, "id": "gen9vgc2025reggbo3-2331989393", "format": "[Gen 9] VGC 2025 Reg G (Bo3)", "players": ["scenicals", "TroubleMaker1101"], "rating": null, "private": 0, "password": null}, {"uploadtime": 1743431184, "id": "gen9vgc2025reggbo3-2331988511", "format": "[Gen 9] VGC 2025 Reg G (Bo3)", "players": ["femapu", "Melicerte"], "rating": null, "private": 0, "password": null}, {"uploadtime": 1743431046, "id": "gen9vgc2025reggbo3-2331990054", "format": "[Gen 9] VGC 2025 Reg G (Bo3)", "players": ["emilie_gg", "pt_bot"], "rating": null, "private": 0, "password": null}, {"uploadtime": 1743431046, "id": "gen9vgc2025reggbo3-2331989439", "format": "[Gen 9] VGC 2025 Reg G (Bo3)", "players": ["ANPPP", "Cruzfer72"], "rating": null, "private": 0, "password": null}]