[{"uploadtime": 1743418215, "id": "gen9vgc2025reggbo3-2331875856", "format": "[Gen 9] VGC 2025 Reg G (Bo3)", "players": ["TubularInsect", "3Blackwolf"], "rating": 1051, "private": 0, "password": null}, {"uploadtime": 1743418178, "id": "gen9vgc2025reggbo3-2331875654", "format": "[Gen 9] VGC 2025 Reg G (Bo3)", "players": ["exclusvty94", "rysler NYU"], "rating": null, "private": 0, "password": null}, {"uploadtime": 1743418178, "id": "gen9vgc2025reggbo3-2331875477", "format": "[Gen 9] VGC 2025 Reg G (Bo3)", "players": ["DanielMike", "Brightstar3123"], "rating": null, "private": 0, "password": null}, {"uploadtime": 1743418178, "id": "gen9vgc2025reggbo3-2331873700", "format": "[Gen 9] VGC 2025 Reg G (Bo3)", "players": ["JinxedEZ", "middeos"], "rating": null, "private": 0, "password": null}, {"uploadtime": 1743418039, "id": "gen9vgc2025reggbo3-2331875354", "format": "[Gen 9] VGC 2025 Reg G (Bo3)", "players": ["Oscardeeeee", "gengar13o"], "rating": null, "private": 0, "password": null}, {"uploadtime": 1743418039, "id": "gen9vgc2025reggbo3-2331875035", "format": "[Gen 9] VGC 2025 Reg G (Bo3)", "players": ["zeyn-299", "xianyuruqin"], "rating": 1099, "private": 0, "password": null}, {"uploadtime": 1743418039, "id": "gen9vgc2025reggbo3-2331874760", "format": "[Gen 9] VGC 2025 Reg G (Bo3)", "players": ["jdizzle906", "abdullosama25"], "rating": null, "private": 0, "password": null}, {"uploadtime": 1743417900, "id": "gen9vgc2025reggbo3-2331874365", "format": "[Gen 9] VGC 2025 Reg G (Bo3)", "players": ["Brightstar3123", "Oscardeeeee"], "rating": 1033, "private": 0, "password": null}, {"uploadtime": 1743417900, "id": "gen9vgc2025reggbo3-2331874205", "format": "[Gen 9] VGC 2025 Reg G (Bo3)", "players": ["CaptainCombusken", "Oncenroan"], "rating": null, "private": 0, "password": null}, {"uploadtime": 1743417761, "id": "gen9vgc2025reggbo3-2331872087", "format": "[Gen 9] VGC 2025 Reg G (Bo3)", "players": ["capsian", "Er_Kapi"], "rating": null, "private": 0, "password": null}, {"uploadtime": 1743417761, "id": "gen9vgc2025reggbo3-2331871000", "format": "[Gen 9] VGC 2025 Reg G (Bo3)", "players": ["sqldeveloper", "Alvaro360"], "rating": null, "private": 0, "password": null}, {"uploadtime": 1743417483, "id": "gen9vgc2025reggbo3-2331871353", "format": "[Gen 9] VGC 2025 Reg G (Bo3)", "players": ["cafeycigarro", "Oncenroan"], "rating": null, "private": 0, "password": null}, {"uploadtime": 1743417483, "id": "gen9vgc2025reggbo3-2331870536", "format": "[Gen 9] VGC 2025 Reg G (Bo3)", "players": ["ido1234567890", "Kuri2309"], "rating": null, "private": 0, "password": null}, {"uploadtime": 1743417483, "id": "gen9vgc2025reggbo3-2331870199", "format": "[Gen 9] VGC 2025 Reg G (Bo3)", "players": ["miku snow", "Jack_Kirishima"], "rating": null, "private": 0, "password": null}, {"uploadtime": 1743417483, "id": "gen9vgc2025reggbo3-2331870193", "format": "[Gen 9] VGC 2025 Reg G (Bo3)", "players": ["capsian", "Er_Kapi"], "rating": null, "private": 0, "password": null}, {"uploadtime": 1743417344, "id": "gen9vgc2025reggbo3-2331869163", "format": "[Gen 9] VGC 2025 Reg G (Bo3)", "players": ["JOka1000", "Gametamemane gg"], "rating": null, "private": 0, "password": null}, {"uploadtime": 1743417205, "id": "gen9vgc2025reggbo3-2331868396", "format": "[Gen 9] VGC 2025 Reg G (Bo3)", "players": ["miku snow", "shell loss"], "rating": null, "private": 0, "password": null}, {"uploadtime": 1743417205, "id": "gen9vgc2025reggbo3-2331868132", "format": "[Gen 9] VGC 2025 Reg G (Bo3)", "players": ["DanielMike", "i am saksham"], "rating": null, "private": 0, "password": null}, {"uploadtime": 1743417066, "id": "gen9vgc2025reggbo3-2331868089", "format": "[Gen 9] VGC 2025 Reg G (Bo3)", "players": ["AxelDragon1378", "Er_Kapi"], "rating": null, "private": 0, "password": null}, {"uploadtime": 1743416927, "id": "gen9vgc2025reggbo3-2331866771", "format": "[Gen 9] VGC 2025 Reg G (Bo3)", "players": ["Onemagician4496", "User16838426"], "rating": null, "private": 0, "password": null}, {"uploadtime": 1743416927, "id": "gen9vgc2025reggbo3-2331866486", "format": "[Gen 9] VGC 2025 Reg G (Bo3)", "players": ["campbel", "Kuri2309"], "rating": null, "private": 0, "password": null}, {"uploadtime": 1743416788, "id": "gen9vgc2025reggbo3-2331866675", "format": "[Gen 9] VGC 2025 Reg G (Bo3)", "players": ["JOka1000", "Chash10"], "rating": null, "private": 0, "password": null}, {"uploadtime": 1743416788, "id": "gen9vgc2025reggbo3-2331866387", "format": "[Gen 9] VGC 2025 Reg G (Bo3)", "players": ["Eric96", "Danielm24"], "rating": null, "private": 0, "password": null}, {"uploadtime": 1743416649, "id": "gen9vgc2025reggbo3-2331865358", "format": "[Gen 9] VGC 2025 Reg G (Bo3)", "players": ["monkeoogaboog2", "magikarp soup"], "rating": null, "private": 0, "password": null}, {"uploadtime": 1743416649, "id": "gen9vgc2025reggbo3-2331865077", "format": "[Gen 9] VGC 2025 Reg G (Bo3)", "players": ["Eric96", "Danielm24"], "rating": null, "private": 0, "password": null}, {"uploadtime": 1743416649, "id": "gen9vgc2025reggbo3-2331864633", "format": "[Gen 9] VGC 2025 Reg G (Bo3)", "players": ["Ishtype", "AxelDragon1378"], "rating": null, "private": 0, "password": null}, {"uploadtime": 1743416649, "id": "gen9vgc2025reggbo3-2331864545", "format": "[Gen 9] VGC 2025 Reg G (Bo3)", "players": ["Onemagician4496", "User16838426"], "rating": null, "private": 0, "password": null}, {"uploadtime": 1743416625, "id": "gen9vgc2025reggbo3-2331867688", "format": "[Gen 9] VGC 2025 Reg G (Bo3)", "players": ["badplayer3.141", "cheon yuha"], "rating": 1138, "private": 0, "password": null}, {"uploadtime": 1743416510, "id": "gen9vgc2025reggbo3-2331864732", "format": "[Gen 9] VGC 2025 Reg G (Bo3)", "players": ["policho98", "CaptainCombusken"], "rating": null, "private": 0, "password": null}, {"uploadtime": 1743416425, "id": "gen9vgc2025reggbo3-2331863073", "format": "[Gen 9] VGC 2025 Reg G (Bo3)", "players": ["sonia gabriel", "joni1404"], "rating": null, "private": 0, "password": null}, {"uploadtime": 1743416232, "id": "gen9vgc2025reggbo3-2331863070", "format": "[Gen 9] VGC 2025 Reg G (Bo3)", "players": ["monkeoogaboog2", "magikarp soup"], "rating": null, "private": 0, "password": null}, {"uploadtime": 1743416232, "id": "gen9vgc2025reggbo3-2331862957", "format": "[Gen 9] VGC 2025 Reg G (Bo3)", "players": ["trevenantluvr", "Jack_Kirishima"], "rating": null, "private": 0, "password": null}, {"uploadtime": 1743416093, "id": "gen9vgc2025reggbo3-2331861762", "format": "[Gen 9] VGC 2025 Reg G (Bo3)", "players": ["Robert1606", "haroldinh0"], "rating": null, "private": 0, "password": null}, {"uploadtime": 1743416093, "id": "gen9vgc2025reggbo3-2331861496", "format": "[Gen 9] VGC 2025 Reg G (Bo3)", "players": ["User16838426", "Bogging"], "rating": null, "private": 0, "password": null}, {"uploadtime": 1743416093, "id": "gen9vgc2025reggbo3-2331860825", "format": "[Gen 9] VGC 2025 Reg G (Bo3)", "players": ["MXNujen", "kris123f"], "rating": null, "private": 0, "password": null}, {"uploadtime": 1743415954, "id": "gen9vgc2025reggbo3-2331860908", "format": "[Gen 9] VGC 2025 Reg G (Bo3)", "players": ["ALadk", "gholdengo sweep"], "rating": null, "private": 0, "password": null}, {"uploadtime": 1743415954, "id": "gen9vgc2025reggbo3-2331860459", "format": "[Gen 9] VGC 2025 Reg G (Bo3)", "players": ["Il Mule", "kanucks25"], "rating": null, "private": 0, "password": null}, {"uploadtime": 1743415954, "id": "gen9vgc2025reggbo3-2331860375", "format": "[Gen 9] VGC 2025 Reg G (Bo3)", "players": ["Robert1606", "haroldinh0"], "rating": null, "private": 0, "password": null}, {"uploadtime": 1743415815, "id": "gen9vgc2025reggbo3-2331860017", "format": "[Gen 9] VGC 2025 Reg G (Bo3)", "players": ["Retromon1586", "Tedi2002"], "rating": null, "private": 0, "password": null}, {"uploadtime": 1743415814, "id": "gen9vgc2025reggbo3-2331860240", "format": "[Gen 9] VGC 2025 Reg G (Bo3)", "players": ["User16838426", "Bogging"], "rating": null, "private": 0, "password": null}, {"uploadtime": 1743415676, "id": "gen9vgc2025reggbo3-2331859014", "format": "[Gen 9] VGC 2025 Reg G (Bo3)", "players": ["MXNujen", "kris123f"], "rating": null, "private": 0, "password": null}, {"uploadtime": 1743415676, "id": "gen9vgc2025reggbo3-2331858767", "format": "[Gen 9] VGC 2025 Reg G (Bo3)", "players": ["Il Mule", "kanucks25"], "rating": null, "private": 0, "password": null}, {"uploadtime": 1743415676, "id": "gen9vgc2025reggbo3-2331858621", "format": "[Gen 9] VGC 2025 Reg G (Bo3)", "players": ["Xitrinean", "3Blackwolf"], "rating": 1007, "private": 0, "password": null}, {"uploadtime": 1743415258, "id": "gen9vgc2025reggbo3-2331856964", "format": "[Gen 9] VGC 2025 Reg G (Bo3)", "players": ["rye akai", "campbel"], "rating": null, "private": 0, "password": null}, {"uploadtime": 1743415119, "id": "gen9vgc2025reggbo3-2331856222", "format": "[Gen 9] VGC 2025 Reg G (Bo3)", "players": ["kerzz49", "nikolasnaiz"], "rating": null, "private": 0, "password": null}, {"uploadtime": 1743415119, "id": "gen9vgc2025reggbo3-2331855771", "format": "[Gen 9] VGC 2025 Reg G (Bo3)", "players": ["campbel", "cafeycigarro"], "rating": 1119, "private": 0, "password": null}, {"uploadtime": 1743415119, "id": "gen9vgc2025reggbo3-2331855570", "format": "[Gen 9] VGC 2025 Reg G (Bo3)", "players": ["charlottecolon3", "blockedtrain"], "rating": null, "private": 0, "password": null}, {"uploadtime": 1743415119, "id": "gen9vgc2025reggbo3-2331855338", "format": "[Gen 9] VGC 2025 Reg G (Bo3)", "players": ["miku snow", "jacopozioporco"], "rating": null, "private": 0, "password": null}, {"uploadtime": 1743414980, "id": "gen9vgc2025reggbo3-2331854870", "format": "[Gen 9] VGC 2025 Reg G (Bo3)", "players": ["gholdengo sweep", "kirice"], "rating": null, "private": 0, "password": null}, {"uploadtime": 1743414980, "id": "gen9vgc2025reggbo3-2331854730", "format": "[Gen 9] VGC 2025 Reg G (Bo3)", "players": ["kerzz49", "nikolasnaiz"], "rating": null, "private": 0, "password": null}, {"uploadtime": 1743414980, "id": "gen9vgc2025reggbo3-2331854125", "format": "[Gen 9] VGC 2025 Reg G (Bo3)", "players": ["Retromon1586", "kigokigo"], "rating": 1107, "private": 0, "password": null}]