[{"uploadtime": 1743291521, "id": "gen9vgc2025reggbo3-2330918499", "format": "[Gen 9] VGC 2025 Reg G (Bo3)", "players": ["thirdverse", "IkeAmp88"], "rating": null, "private": 0, "password": null}, {"uploadtime": 1743291510, "id": "gen9vgc2025reggbo3-2330919939", "format": "[Gen 9] VGC 2025 Reg G (Bo3)", "players": ["itslikewoah", "LittleBig18"], "rating": null, "private": 0, "password": null}, {"uploadtime": 1743291419, "id": "gen9vgc2025reggbo3-2330920565", "format": "[Gen 9] VGC 2025 Reg G (Bo3)", "players": ["rphoenix_blaze", "pokehys"], "rating": null, "private": 0, "password": null}, {"uploadtime": 1743291412, "id": "gen9vgc2025reggbo3-2330918658", "format": "[Gen 9] VGC 2025 Reg G (Bo3)", "players": ["lazywarlock", "PictoChatVGC"], "rating": null, "private": 0, "password": null}, {"uploadtime": 1743291372, "id": "gen9vgc2025reggbo3-2330918412", "format": "[Gen 9] VGC 2025 Reg G (Bo3)", "players": ["Pickedman", "Just a Minus"], "rating": null, "private": 0, "password": null}, {"uploadtime": 1743291371, "id": "gen9vgc2025reggbo3-2330918902", "format": "[Gen 9] VGC 2025 Reg G (Bo3)", "players": ["powerfulbuild", "Sewlu"], "rating": 1131, "private": 0, "password": null}, {"uploadtime": 1743291371, "id": "gen9vgc2025reggbo3-2330918276", "format": "[Gen 9] VGC 2025 Reg G (Bo3)", "players": ["itslikewoah", "LittleBig18"], "rating": null, "private": 0, "password": null}, {"uploadtime": 1743291108, "id": "gen9vgc2025reggbo3-2330917552", "format": "[Gen 9] VGC 2025 Reg G (Bo3)", "players": ["belac121", "Etrale"], "rating": null, "private": 0, "password": null}, {"uploadtime": 1743291095, "id": "gen9vgc2025reggbo3-2330914071", "format": "[Gen 9] VGC 2025 Reg G (Bo3)", "players": ["UBTHETRAINER", "stanhoff"], "rating": null, "private": 0, "password": null}, {"uploadtime": 1743291095, "id": "gen9vgc2025reggbo3-2330913068", "format": "[Gen 9] VGC 2025 Reg G (Bo3)", "players": ["mrm9", "Mopman579"], "rating": null, "private": 0, "password": null}, {"uploadtime": 1743291018, "id": "gen9vgc2025reggbo3-2330914350", "format": "[Gen 9] VGC 2025 Reg G (Bo3)", "players": ["BunnyWarrior", "Jasmine124"], "rating": null, "private": 0, "password": null}, {"uploadtime": 1743291011, "id": "gen9vgc2025reggbo3-2330911764", "format": "[Gen 9] VGC 2025 Reg G (Bo3)", "players": ["BunnyWarrior", "Jasmine124"], "rating": null, "private": 0, "password": null}, {"uploadtime": 1743291003, "id": "gen9vgc2025reggbo3-2330907951", "format": "[Gen 9] VGC 2025 Reg G (Bo3)", "players": ["BunnyWarrior", "Jasmine124"], "rating": null, "private": 0, "password": null}, {"uploadtime": 1743290897, "id": "gen9vgc2025reggbo3-2330915693", "format": "[Gen 9] VGC 2025 Reg G (Bo3)", "players": ["Etrale", "Mothraguy"], "rating": 1152, "private": 0, "password": null}, {"uploadtime": 1743290747, "id": "gen9vgc2025reggbo3-2330914782", "format": "[Gen 9] VGC 2025 Reg G (Bo3)", "players": ["Etrale", "Mothraguy"], "rating": null, "private": 0, "password": null}, {"uploadtime": 1743290629, "id": "gen9vgc2025reggbo3-2330912839", "format": "[Gen 9] VGC 2025 Reg G (Bo3)", "players": ["Etrale", "Mothraguy"], "rating": null, "private": 0, "password": null}, {"uploadtime": 1743290402, "id": "gen9vgc2025reggbo3-2330907254", "format": "[Gen 9] VGC 2025 Reg G (Bo3)", "players": ["UBTHETRAINER", "keonespirit"], "rating": null, "private": 0, "password": null}, {"uploadtime": 1743290401, "id": "gen9vgc2025reggbo3-2330902331", "format": "[Gen 9] VGC 2025 Reg G (Bo3)", "players": ["bmthbiohazard", "AddeKola"], "rating": null, "private": 0, "password": null}, {"uploadtime": 1743290263, "id": "gen9vgc2025reggbo3-2330907282", "format": "[Gen 9] VGC 2025 Reg G (Bo3)", "players": ["mrm9", "Mopman579"], "rating": null, "private": 0, "password": null}, {"uploadtime": 1743289985, "id": "gen9vgc2025reggbo3-2330906895", "format": "[Gen 9] VGC 2025 Reg G (Bo3)", "players": ["WestyLiam", "makisenjo"], "rating": null, "private": 0, "password": null}, {"uploadtime": 1743289985, "id": "gen9vgc2025reggbo3-2330905679", "format": "[Gen 9] VGC 2025 Reg G (Bo3)", "players": ["Ricardo van Hoorn", "y-rocko"], "rating": null, "private": 0, "password": null}, {"uploadtime": 1743289845, "id": "gen9vgc2025reggbo3-2330905066", "format": "[Gen 9] VGC 2025 Reg G (Bo3)", "players": ["WestyLiam", "makisenjo"], "rating": null, "private": 0, "password": null}, {"uploadtime": 1743289780, "id": "gen9vgc2025reggbo3-2330905515", "format": "[Gen 9] VGC 2025 Reg G (Bo3)", "players": ["Etrale", "Iron Paws"], "rating": 1153, "private": 0, "password": null}, {"uploadtime": 1743289568, "id": "gen9vgc2025reggbo3-2330901755", "format": "[Gen 9] VGC 2025 Reg G (Bo3)", "players": ["itslikewoah", "bartei"], "rating": null, "private": 0, "password": null}, {"uploadtime": 1743289552, "id": "gen9vgc2025reggbo3-2330903815", "format": "[Gen 9] VGC 2025 Reg G (Bo3)", "players": ["Etrale", "Iron Paws"], "rating": null, "private": 0, "password": null}, {"uploadtime": 1743289504, "id": "gen9vgc2025reggbo3-2330901950", "format": "[Gen 9] VGC 2025 Reg G (Bo3)", "players": ["Etrale", "Iron Paws"], "rating": null, "private": 0, "password": null}, {"uploadtime": 1743289454, "id": "gen9vgc2025reggbo3-2330902097", "format": "[Gen 9] VGC 2025 Reg G (Bo3)", "players": ["Sirvon2176", "TaiSSB"], "rating": null, "private": 0, "password": null}, {"uploadtime": 1743289430, "id": "gen9vgc2025reggbo3-2330900374", "format": "[Gen 9] VGC 2025 Reg G (Bo3)", "players": ["Nickey45", "Jalenrussell"], "rating": null, "private": 0, "password": null}, {"uploadtime": 1743289430, "id": "gen9vgc2025reggbo3-2330899422", "format": "[Gen 9] VGC 2025 Reg G (Bo3)", "players": ["cipriano393", "bidoof slays"], "rating": null, "private": 0, "password": null}, {"uploadtime": 1743289330, "id": "gen9vgc2025reggbo3-2330899713", "format": "[Gen 9] VGC 2025 Reg G (Bo3)", "players": ["DreamSlap_Smash", "ray_on_1248_"], "rating": null, "private": 0, "password": null}, {"uploadtime": 1743289326, "id": "gen9vgc2025reggbo3-2330901767", "format": "[Gen 9] VGC 2025 Reg G (Bo3)", "players": ["DreamSlap_Smash", "ray_on_1248_"], "rating": 1105, "private": 0, "password": null}, {"uploadtime": 1743289292, "id": "gen9vgc2025reggbo3-2330899685", "format": "[Gen 9] VGC 2025 Reg G (Bo3)", "players": ["marcosdeltasena31", "Just a Minus"], "rating": null, "private": 0, "password": null}, {"uploadtime": 1743289292, "id": "gen9vgc2025reggbo3-2330899374", "format": "[Gen 9] VGC 2025 Reg G (Bo3)", "players": ["theodenhaspeekl", "alexit93"], "rating": null, "private": 0, "password": null}, {"uploadtime": 1743289292, "id": "gen9vgc2025reggbo3-2330899226", "format": "[Gen 9] VGC 2025 Reg G (Bo3)", "players": ["Pokegue", "50% cat 50% girl"], "rating": null, "private": 0, "password": null}, {"uploadtime": 1743289292, "id": "gen9vgc2025reggbo3-2330898650", "format": "[Gen 9] VGC 2025 Reg G (Bo3)", "players": ["itslikewoah", "bartei"], "rating": null, "private": 0, "password": null}, {"uploadtime": 1743289180, "id": "gen9vgc2025reggbo3-2330898699", "format": "[Gen 9] VGC 2025 Reg G (Bo3)", "players": ["Sirvon2176", "TaiSSB"], "rating": null, "private": 0, "password": null}, {"uploadtime": 1743289154, "id": "gen9vgc2025reggbo3-2330900005", "format": "[Gen 9] VGC 2025 Reg G (Bo3)", "players": ["Etrale", "H21rryB"], "rating": 1121, "private": 0, "password": null}, {"uploadtime": 1743289153, "id": "gen9vgc2025reggbo3-2330898090", "format": "[Gen 9] VGC 2025 Reg G (Bo3)", "players": ["The Forgery", "Makinu"], "rating": null, "private": 0, "password": null}, {"uploadtime": 1743289153, "id": "gen9vgc2025reggbo3-2330897935", "format": "[Gen 9] VGC 2025 Reg G (Bo3)", "players": ["Nickey45", "Jalenrussell"], "rating": null, "private": 0, "password": null}, {"uploadtime": 1743289153, "id": "gen9vgc2025reggbo3-2330897374", "format": "[Gen 9] VGC 2025 Reg G (Bo3)", "players": ["marcosdeltasena31", "Just a Minus"], "rating": null, "private": 0, "password": null}, {"uploadtime": 1743289153, "id": "gen9vgc2025reggbo3-2330897057", "format": "[Gen 9] VGC 2025 Reg G (Bo3)", "players": ["DreamSlap_Smash", "ray_on_1248_"], "rating": null, "private": 0, "password": null}, {"uploadtime": 1743289146, "id": "gen9vgc2025reggbo3-2330898042", "format": "[Gen 9] VGC 2025 Reg G (Bo3)", "players": ["Etrale", "H21rryB"], "rating": null, "private": 0, "password": null}, {"uploadtime": 1743289014, "id": "gen9vgc2025reggbo3-2330897773", "format": "[Gen 9] VGC 2025 Reg G (Bo3)", "players": ["theodenhaspeekl", "alexit93"], "rating": null, "private": 0, "password": null}, {"uploadtime": 1743289014, "id": "gen9vgc2025reggbo3-2330896624", "format": "[Gen 9] VGC 2025 Reg G (Bo3)", "players": ["FlareFromEs", "stsblue"], "rating": 1179, "private": 0, "password": null}, {"uploadtime": 1743288791, "id": "gen9vgc2025reggbo3-2330893371", "format": "[Gen 9] VGC 2025 Reg G (Bo3)", "players": ["amnek", "XtremeSkillz22"], "rating": null, "private": 0, "password": null}, {"uploadtime": 1743288778, "id": "gen9vgc2025reggbo3-2330891171", "format": "[Gen 9] VGC 2025 Reg G (Bo3)", "players": ["amnek", "XtremeSkillz22"], "rating": null, "private": 0, "password": null}, {"uploadtime": 1743288760, "id": "gen9vgc2025reggbo3-2330895820", "format": "[Gen 9] VGC 2025 Reg G (Bo3)", "players": ["amnek", "XtremeSkillz22"], "rating": 1118, "private": 0, "password": null}, {"uploadtime": 1743288738, "id": "gen9vgc2025reggbo3-2330894666", "format": "[Gen 9] VGC 2025 Reg G (Bo3)", "players": ["cosmic lover heart", "Just a Minus"], "rating": null, "private": 0, "password": null}, {"uploadtime": 1743288605, "id": "gen9vgc2025reggbo3-2330890138", "format": "[Gen 9] VGC 2025 Reg G (Bo3)", "players": ["Pokenube66", "ledinoleo"], "rating": 1202, "private": 0, "password": null}, {"uploadtime": 1743288599, "id": "gen9vgc2025reggbo3-2330892462", "format": "[Gen 9] VGC 2025 Reg G (Bo3)", "players": ["cipriano393", "YAGOY_SK"], "rating": null, "private": 0, "password": null}, {"uploadtime": 1743288594, "id": "gen9vgc2025reggbo3-2330885450", "format": "[Gen 9] VGC 2025 Reg G (Bo3)", "players": ["Pokenube66", "ledinoleo"], "rating": null, "private": 0, "password": null}]