[{"uploadtime": 1743458778, "id": "gen9vgc2025reggbo3-2332310638", "format": "[Gen 9] VGC 2025 Reg G (Bo3)", "players": ["Yannickjuhhh", "GoToSeville"], "rating": 1255, "private": 0, "password": null}, {"uploadtime": 1743458715, "id": "gen9vgc2025reggbo3-2332310300", "format": "[Gen 9] VGC 2025 Reg G (Bo3)", "players": ["SaicoWhenISlide", "fil_mnfgc"], "rating": null, "private": 0, "password": null}, {"uploadtime": 1743458715, "id": "gen9vgc2025reggbo3-2332308962", "format": "[Gen 9] VGC 2025 Reg G (Bo3)", "players": ["supahotkittyz", "walkinwithbigknots"], "rating": null, "private": 0, "password": null}, {"uploadtime": 1743458602, "id": "gen9vgc2025reggbo3-2332310306", "format": "[Gen 9] VGC 2025 Reg G (Bo3)", "players": ["Fluvialcrossing", "ougobi"], "rating": 1180, "private": 0, "password": null}, {"uploadtime": 1743458594, "id": "gen9vgc2025reggbo3-2332307636", "format": "[Gen 9] VGC 2025 Reg G (Bo3)", "players": ["Fluvialcrossing", "ougobi"], "rating": null, "private": 0, "password": null}, {"uploadtime": 1743458586, "id": "gen9vgc2025reggbo3-2332303494", "format": "[Gen 9] VGC 2025 Reg G (Bo3)", "players": ["Fluvialcrossing", "ougobi"], "rating": null, "private": 0, "password": null}, {"uploadtime": 1743458576, "id": "gen9vgc2025reggbo3-2332309823", "format": "[Gen 9] VGC 2025 Reg G (Bo3)", "players": ["tec xxl n I", "VDKTHEGOAT"], "rating": null, "private": 0, "password": null}, {"uploadtime": 1743458546, "id": "gen9vgc2025reggbo3-2332308249", "format": "[Gen 9] VGC 2025 Reg G (Bo3)", "players": ["qwqwanan", "zetbol123"], "rating": null, "private": 0, "password": null}, {"uploadtime": 1743458533, "id": "gen9vgc2025reggbo3-2332309909", "format": "[Gen 9] VGC 2025 Reg G (Bo3)", "players": ["qwqwanan", "zetbol123"], "rating": 1099, "private": 0, "password": null}, {"uploadtime": 1743458499, "id": "gen9vgc2025reggbo3-2332307638", "format": "[Gen 9] VGC 2025 Reg G (Bo3)", "players": ["ismaaelh_", "RICHARDHAVOC"], "rating": null, "private": 0, "password": null}, {"uploadtime": 1743458465, "id": "gen9vgc2025reggbo3-2332309913", "format": "[Gen 9] VGC 2025 Reg G (Bo3)", "players": ["ismaaelh_", "RICHARDHAVOC"], "rating": 1386, "private": 0, "password": null}, {"uploadtime": 1743458462, "id": "gen9vgc2025reggbo3-2332306748", "format": "[Gen 9] VGC 2025 Reg G (Bo3)", "players": ["pixelfx", "Mikunji19"], "rating": null, "private": 0, "password": null}, {"uploadtime": 1743458431, "id": "gen9vgc2025reggbo3-2332308105", "format": "[Gen 9] VGC 2025 Reg G (Bo3)", "players": ["Carapitengo", "kordeke"], "rating": 1330, "private": 0, "password": null}, {"uploadtime": 1743458423, "id": "gen9vgc2025reggbo3-2332305247", "format": "[Gen 9] VGC 2025 Reg G (Bo3)", "players": ["Carapitengo", "kordeke"], "rating": null, "private": 0, "password": null}, {"uploadtime": 1743458213, "id": "gen9vgc2025reggbo3-2332305817", "format": "[Gen 9] VGC 2025 Reg G (Bo3)", "players": ["F_Blizzy", "Trainer Arin"], "rating": 1174, "private": 0, "password": null}, {"uploadtime": 1743458194, "id": "gen9vgc2025reggbo3-2332302002", "format": "[Gen 9] VGC 2025 Reg G (Bo3)", "players": ["F_Blizzy", "Trainer Arin"], "rating": null, "private": 0, "password": null}, {"uploadtime": 1743458189, "id": "gen9vgc2025reggbo3-2332307340", "format": "[Gen 9] VGC 2025 Reg G (Bo3)", "players": ["Junseville", "amarin93"], "rating": 1236, "private": 0, "password": null}, {"uploadtime": 1743458168, "id": "gen9vgc2025reggbo3-2332306987", "format": "[Gen 9] VGC 2025 Reg G (Bo3)", "players": ["ZephyrBreezy", "i lost the gc"], "rating": 1349, "private": 0, "password": null}, {"uploadtime": 1743458161, "id": "gen9vgc2025reggbo3-2332303628", "format": "[Gen 9] VGC 2025 Reg G (Bo3)", "players": ["sibiiiiiii", "catsharknado"], "rating": null, "private": 0, "password": null}, {"uploadtime": 1743458161, "id": "gen9vgc2025reggbo3-2332303077", "format": "[Gen 9] VGC 2025 Reg G (Bo3)", "players": ["MultiZapdos", "Saguito"], "rating": null, "private": 0, "password": null}, {"uploadtime": 1743458159, "id": "gen9vgc2025reggbo3-2332304414", "format": "[Gen 9] VGC 2025 Reg G (Bo3)", "players": ["ZephyrBreezy", "i lost the gc"], "rating": null, "private": 0, "password": null}, {"uploadtime": 1743458143, "id": "gen9vgc2025reggbo3-2332303154", "format": "[Gen 9] VGC 2025 Reg G (Bo3)", "players": ["ZephyrBreezy", "i lost the gc"], "rating": null, "private": 0, "password": null}, {"uploadtime": 1743458109, "id": "gen9vgc2025reggbo3-2332306255", "format": "[Gen 9] VGC 2025 Reg G (Bo3)", "players": ["bdude", "zetbol123"], "rating": 1139, "private": 0, "password": null}, {"uploadtime": 1743458039, "id": "gen9vgc2025reggbo3-2332304920", "format": "[Gen 9] VGC 2025 Reg G (Bo3)", "players": ["Junseville", "amarin93"], "rating": null, "private": 0, "password": null}, {"uploadtime": 1743457981, "id": "gen9vgc2025reggbo3-2332303201", "format": "[Gen 9] VGC 2025 Reg G (Bo3)", "players": ["pixelfx", "Mikunji19"], "rating": null, "private": 0, "password": null}, {"uploadtime": 1743457913, "id": "gen9vgc2025reggbo3-2332303693", "format": "[Gen 9] VGC 2025 Reg G (Bo3)", "players": ["zetbol123", "feivelfury"], "rating": 1003, "private": 0, "password": null}, {"uploadtime": 1743457903, "id": "gen9vgc2025reggbo3-2332301697", "format": "[Gen 9] VGC 2025 Reg G (Bo3)", "players": ["zetbol123", "feivelfury"], "rating": null, "private": 0, "password": null}, {"uploadtime": 1743457892, "id": "gen9vgc2025reggbo3-2332299407", "format": "[Gen 9] VGC 2025 Reg G (Bo3)", "players": ["zetbol123", "feivelfury"], "rating": null, "private": 0, "password": null}, {"uploadtime": 1743457884, "id": "gen9vgc2025reggbo3-2332300038", "format": "[Gen 9] VGC 2025 Reg G (Bo3)", "players": ["sibiiiiiii", "catsharknado"], "rating": null, "private": 0, "password": null}, {"uploadtime": 1743457836, "id": "gen9vgc2025reggbo3-2332304551", "format": "[Gen 9] VGC 2025 Reg G (Bo3)", "players": ["archnp", "TheGingerGamer0612"], "rating": 1087, "private": 0, "password": null}, {"uploadtime": 1743457814, "id": "gen9vgc2025reggbo3-2332303210", "format": "[Gen 9] VGC 2025 Reg G (Bo3)", "players": ["Carapitengo", "amarin93"], "rating": 1256, "private": 0, "password": null}, {"uploadtime": 1743457804, "id": "gen9vgc2025reggbo3-2332300981", "format": "[Gen 9] VGC 2025 Reg G (Bo3)", "players": ["Carapitengo", "amarin93"], "rating": null, "private": 0, "password": null}, {"uploadtime": 1743457793, "id": "gen9vgc2025reggbo3-2332298069", "format": "[Gen 9] VGC 2025 Reg G (Bo3)", "players": ["Carapitengo", "amarin93"], "rating": null, "private": 0, "password": null}, {"uploadtime": 1743457746, "id": "gen9vgc2025reggbo3-2332301592", "format": "[Gen 9] VGC 2025 Reg G (Bo3)", "players": ["fil_mnfgc", "FruitDuDragn"], "rating": 1060, "private": 0, "password": null}, {"uploadtime": 1743457746, "id": "gen9vgc2025reggbo3-2332298804", "format": "[Gen 9] VGC 2025 Reg G (Bo3)", "players": ["MultiZapdos", "Saguito"], "rating": null, "private": 0, "password": null}, {"uploadtime": 1743457652, "id": "gen9vgc2025reggbo3-2332302746", "format": "[Gen 9] VGC 2025 Reg G (Bo3)", "players": ["RamenOuO", "koiseyo otome"], "rating": 1388, "private": 0, "password": null}, {"uploadtime": 1743457612, "id": "gen9vgc2025reggbo3-2332300051", "format": "[Gen 9] VGC 2025 Reg G (Bo3)", "players": ["ZephyrBreezy", "All Love for Devy"], "rating": 1344, "private": 0, "password": null}, {"uploadtime": 1743457602, "id": "gen9vgc2025reggbo3-2332299973", "format": "[Gen 9] VGC 2025 Reg G (Bo3)", "players": ["Mikunji19", "i lost the gc"], "rating": 1319, "private": 0, "password": null}, {"uploadtime": 1743457595, "id": "gen9vgc2025reggbo3-2332297514", "format": "[Gen 9] VGC 2025 Reg G (Bo3)", "players": ["Mikunji19", "i lost the gc"], "rating": null, "private": 0, "password": null}, {"uploadtime": 1743457589, "id": "gen9vgc2025reggbo3-2332300184", "format": "[Gen 9] VGC 2025 Reg G (Bo3)", "players": ["RamenOuO", "koiseyo otome"], "rating": null, "private": 0, "password": null}, {"uploadtime": 1743457540, "id": "gen9vgc2025reggbo3-2332289815", "format": "[Gen 9] VGC 2025 Reg G (Bo3)", "players": ["ZephyrBreezy", "Solunex"], "rating": null, "private": 0, "password": null}, {"uploadtime": 1743457513, "id": "gen9vgc2025reggbo3-2332287691", "format": "[Gen 9] VGC 2025 Reg G (Bo3)", "players": ["ZephyrBreezy", "Solunex"], "rating": null, "private": 0, "password": null}, {"uploadtime": 1743457469, "id": "gen9vgc2025reggbo3-2332298251", "format": "[Gen 9] VGC 2025 Reg G (Bo3)", "players": ["ZephyrBreezy", "All Love for Devy"], "rating": null, "private": 0, "password": null}, {"uploadtime": 1743457412, "id": "gen9vgc2025reggbo3-2332298835", "format": "[Gen 9] VGC 2025 Reg G (Bo3)", "players": ["Kasehobel", "casperition1"], "rating": 1221, "private": 0, "password": null}, {"uploadtime": 1743457331, "id": "gen9vgc2025reggbo3-2332296003", "format": "[Gen 9] VGC 2025 Reg G (Bo3)", "players": ["ZephyrBreezy", "All Love for Devy"], "rating": null, "private": 0, "password": null}, {"uploadtime": 1743457240, "id": "gen9vgc2025reggbo3-2332295561", "format": "[Gen 9] VGC 2025 Reg G (Bo3)", "players": ["Asura-Arus", "zetbol123"], "rating": null, "private": 0, "password": null}, {"uploadtime": 1743457202, "id": "gen9vgc2025reggbo3-2332298137", "format": "[Gen 9] VGC 2025 Reg G (Bo3)", "players": ["Kasehobel", "casperition1"], "rating": null, "private": 0, "password": null}, {"uploadtime": 1743457136, "id": "gen9vgc2025reggbo3-2332295546", "format": "[Gen 9] VGC 2025 Reg G (Bo3)", "players": ["Kasehobel", "casperition1"], "rating": null, "private": 0, "password": null}, {"uploadtime": 1743457071, "id": "gen9vgc2025reggbo3-2332293984", "format": "[Gen 9] VGC 2025 Reg G (Bo3)", "players": ["Carapitengo", "Guido2002"], "rating": 1331, "private": 0, "password": null}, {"uploadtime": 1743457055, "id": "gen9vgc2025reggbo3-2332293808", "format": "[Gen 9] VGC 2025 Reg G (Bo3)", "players": ["Not-racist-allah", "Joelito22"], "rating": null, "private": 0, "password": null}, {"uploadtime": 1743457055, "id": "gen9vgc2025reggbo3-2332291971", "format": "[Gen 9] VGC 2025 Reg G (Bo3)", "players": ["wade connects", "zumopapaya"], "rating": null, "private": 0, "password": null}]