[{"uploadtime": 1743460519, "id": "gen9vgc2025reggbo3-2332328440", "format": "[Gen 9] VGC 2025 Reg G (Bo3)", "players": ["IHavepotential", "nutty2k"], "rating": null, "private": 0, "password": null}, {"uploadtime": 1743460514, "id": "gen9vgc2025reggbo3-2332328832", "format": "[Gen 9] VGC 2025 Reg G (Bo3)", "players": ["RoboticBenji", "Goozy Goobler"], "rating": null, "private": 0, "password": null}, {"uploadtime": 1743460514, "id": "gen9vgc2025reggbo3-2332327418", "format": "[Gen 9] VGC 2025 Reg G (Bo3)", "players": ["turbogoddi", "GranSabioRey"], "rating": null, "private": 0, "password": null}, {"uploadtime": 1743460514, "id": "gen9vgc2025reggbo3-2332327163", "format": "[Gen 9] VGC 2025 Reg G (Bo3)", "players": ["Wellington Kobs", "cheesylord"], "rating": null, "private": 0, "password": null}, {"uploadtime": 1743460348, "id": "gen9vgc2025reggbo3-2332327576", "format": "[Gen 9] VGC 2025 Reg G (Bo3)", "players": ["pokemasterz461", "PracticeAcct12345"], "rating": 1199, "private": 0, "password": null}, {"uploadtime": 1743460237, "id": "gen9vgc2025reggbo3-2332324550", "format": "[Gen 9] VGC 2025 Reg G (Bo3)", "players": ["Goatweebe69", "kronblake"], "rating": null, "private": 0, "password": null}, {"uploadtime": 1743460237, "id": "gen9vgc2025reggbo3-2332324435", "format": "[Gen 9] VGC 2025 Reg G (Bo3)", "players": ["mateus-san", "Sorinha123"], "rating": null, "private": 0, "password": null}, {"uploadtime": 1743460201, "id": "gen9vgc2025reggbo3-2332327931", "format": "[Gen 9] VGC 2025 Reg G (Bo3)", "players": ["svnzv", "thepostmanp"], "rating": 1189, "private": 0, "password": null}, {"uploadtime": 1743460124, "id": "gen9vgc2025reggbo3-2332325157", "format": "[Gen 9] VGC 2025 Reg G (Bo3)", "players": ["svnzv", "thepostmanp"], "rating": null, "private": 0, "password": null}, {"uploadtime": 1743460099, "id": "gen9vgc2025reggbo3-2332324937", "format": "[Gen 9] VGC 2025 Reg G (Bo3)", "players": ["Dude375", "nepsterdictionary"], "rating": null, "private": 0, "password": null}, {"uploadtime": 1743460099, "id": "gen9vgc2025reggbo3-2332324824", "format": "[Gen 9] VGC 2025 Reg G (Bo3)", "players": ["marcosdeltasena31", "justtestingforVGC"], "rating": null, "private": 0, "password": null}, {"uploadtime": 1743460098, "id": "gen9vgc2025reggbo3-2332324066", "format": "[Gen 9] VGC 2025 Reg G (Bo3)", "players": ["Echoes630", "takeshivgc-test"], "rating": null, "private": 0, "password": null}, {"uploadtime": 1743460088, "id": "gen9vgc2025reggbo3-2332323969", "format": "[Gen 9] VGC 2025 Reg G (Bo3)", "players": ["pokemasterz461", "PracticeAcct12345"], "rating": null, "private": 0, "password": null}, {"uploadtime": 1743460084, "id": "gen9vgc2025reggbo3-2332326411", "format": "[Gen 9] VGC 2025 Reg G (Bo3)", "players": ["Echoes630", "takeshivgc-test"], "rating": 1131, "private": 0, "password": null}, {"uploadtime": 1743459970, "id": "gen9vgc2025reggbo3-2332323418", "format": "[Gen 9] VGC 2025 Reg G (Bo3)", "players": ["F_Blizzy", "c_donstans"], "rating": 1183, "private": 0, "password": null}, {"uploadtime": 1743459960, "id": "gen9vgc2025reggbo3-2332323291", "format": "[Gen 9] VGC 2025 Reg G (Bo3)", "players": ["Dude375", "nepsterdictionary"], "rating": null, "private": 0, "password": null}, {"uploadtime": 1743459960, "id": "gen9vgc2025reggbo3-2332322285", "format": "[Gen 9] VGC 2025 Reg G (Bo3)", "players": ["Goatweebe69", "kronblake"], "rating": null, "private": 0, "password": null}, {"uploadtime": 1743459960, "id": "gen9vgc2025reggbo3-2332321785", "format": "[Gen 9] VGC 2025 Reg G (Bo3)", "players": ["Yannickjuhhh", "DarkZPichuZ"], "rating": null, "private": 0, "password": null}, {"uploadtime": 1743459960, "id": "gen9vgc2025reggbo3-2332319816", "format": "[Gen 9] VGC 2025 Reg G (Bo3)", "players": ["Shoune Lyic", "zylik"], "rating": null, "private": 0, "password": null}, {"uploadtime": 1743459951, "id": "gen9vgc2025reggbo3-2332320168", "format": "[Gen 9] VGC 2025 Reg G (Bo3)", "players": ["F_Blizzy", "c_donstans"], "rating": null, "private": 0, "password": null}, {"uploadtime": 1743459927, "id": "gen9vgc2025reggbo3-2332316341", "format": "[Gen 9] VGC 2025 Reg G (Bo3)", "players": ["F_Blizzy", "c_donstans"], "rating": null, "private": 0, "password": null}, {"uploadtime": 1743459876, "id": "gen9vgc2025reggbo3-2332322219", "format": "[Gen 9] VGC 2025 Reg G (Bo3)", "players": ["ShellyV25", "Minoluck"], "rating": 1075, "private": 0, "password": null}, {"uploadtime": 1743459864, "id": "gen9vgc2025reggbo3-2332321588", "format": "[Gen 9] VGC 2025 Reg G (Bo3)", "players": ["ShellyV25", "Minoluck"], "rating": null, "private": 0, "password": null}, {"uploadtime": 1743459858, "id": "gen9vgc2025reggbo3-2332322968", "format": "[Gen 9] VGC 2025 Reg G (Bo3)", "players": ["foxfox1", "zetbol123"], "rating": 1112, "private": 0, "password": null}, {"uploadtime": 1743459852, "id": "gen9vgc2025reggbo3-2332317200", "format": "[Gen 9] VGC 2025 Reg G (Bo3)", "players": ["ShellyV25", "Minoluck"], "rating": null, "private": 0, "password": null}, {"uploadtime": 1743459822, "id": "gen9vgc2025reggbo3-2332322113", "format": "[Gen 9] VGC 2025 Reg G (Bo3)", "players": ["nepsterdictionary", "TesteoB"], "rating": 1002, "private": 0, "password": null}, {"uploadtime": 1743459716, "id": "gen9vgc2025reggbo3-2332320985", "format": "[Gen 9] VGC 2025 Reg G (Bo3)", "players": ["pokemasterz461", "PracticeAcct12345"], "rating": null, "private": 0, "password": null}, {"uploadtime": 1743459704, "id": "gen9vgc2025reggbo3-2332322145", "format": "[Gen 9] VGC 2025 Reg G (Bo3)", "players": ["TheGingerGamer0612", "ariel0203"], "rating": 1104, "private": 0, "password": null}, {"uploadtime": 1743459684, "id": "gen9vgc2025reggbo3-2332320132", "format": "[Gen 9] VGC 2025 Reg G (Bo3)", "players": ["ALVARITOKINGG", "justtestingforVGC"], "rating": null, "private": 0, "password": null}, {"uploadtime": 1743459684, "id": "gen9vgc2025reggbo3-2332319730", "format": "[Gen 9] VGC 2025 Reg G (Bo3)", "players": ["rodjilius", "ismaaelh_"], "rating": null, "private": 0, "password": null}, {"uploadtime": 1743459591, "id": "gen9vgc2025reggbo3-2332319855", "format": "[Gen 9] VGC 2025 Reg G (Bo3)", "players": ["foxfox1", "zetbol123"], "rating": null, "private": 0, "password": null}, {"uploadtime": 1743459545, "id": "gen9vgc2025reggbo3-2332318821", "format": "[Gen 9] VGC 2025 Reg G (Bo3)", "players": ["FrenziedMyGouging", "i lost the gc"], "rating": null, "private": 0, "password": null}, {"uploadtime": 1743459545, "id": "gen9vgc2025reggbo3-2332317845", "format": "[Gen 9] VGC 2025 Reg G (Bo3)", "players": ["nepsterdictionary", "kronblake"], "rating": null, "private": 0, "password": null}, {"uploadtime": 1743459447, "id": "gen9vgc2025reggbo3-2332318862", "format": "[Gen 9] VGC 2025 Reg G (Bo3)", "players": ["cheeznuklz", "davidelgafe"], "rating": 1145, "private": 0, "password": null}, {"uploadtime": 1743459415, "id": "gen9vgc2025reggbo3-2332318899", "format": "[Gen 9] VGC 2025 Reg G (Bo3)", "players": ["pixelfx", "bigj009"], "rating": 1346, "private": 0, "password": null}, {"uploadtime": 1743459406, "id": "gen9vgc2025reggbo3-2332313822", "format": "[Gen 9] VGC 2025 Reg G (Bo3)", "players": ["Janus506", "Greeness"], "rating": 1136, "private": 0, "password": null}, {"uploadtime": 1743459363, "id": "gen9vgc2025reggbo3-2332318598", "format": "[Gen 9] VGC 2025 Reg G (Bo3)", "players": ["Echoes630", "Carapitengo"], "rating": 1222, "private": 0, "password": null}, {"uploadtime": 1743459356, "id": "gen9vgc2025reggbo3-2332315556", "format": "[Gen 9] VGC 2025 Reg G (Bo3)", "players": ["Echoes630", "Carapitengo"], "rating": null, "private": 0, "password": null}, {"uploadtime": 1743459345, "id": "gen9vgc2025reggbo3-2332311719", "format": "[Gen 9] VGC 2025 Reg G (Bo3)", "players": ["Echoes630", "Carapitengo"], "rating": null, "private": 0, "password": null}, {"uploadtime": 1743459303, "id": "gen9vgc2025reggbo3-2332316657", "format": "[Gen 9] VGC 2025 Reg G (Bo3)", "players": ["foxfox1", "zetbol123"], "rating": null, "private": 0, "password": null}, {"uploadtime": 1743459295, "id": "gen9vgc2025reggbo3-2332317047", "format": "[Gen 9] VGC 2025 Reg G (Bo3)", "players": ["TheGingerGamer0612", "Finn55208"], "rating": 1064, "private": 0, "password": null}, {"uploadtime": 1743459281, "id": "gen9vgc2025reggbo3-2332316608", "format": "[Gen 9] VGC 2025 Reg G (Bo3)", "players": ["smackpinch", "Cchaja"], "rating": 1000, "private": 0, "password": null}, {"uploadtime": 1743459268, "id": "gen9vgc2025reggbo3-2332315657", "format": "[Gen 9] VGC 2025 Reg G (Bo3)", "players": ["blasias", "Doofusburger666"], "rating": null, "private": 0, "password": null}, {"uploadtime": 1743459203, "id": "gen9vgc2025reggbo3-2332317004", "format": "[Gen 9] VGC 2025 Reg G (Bo3)", "players": ["pixelfx", "bigj009"], "rating": null, "private": 0, "password": null}, {"uploadtime": 1743458991, "id": "gen9vgc2025reggbo3-2332312686", "format": "[Gen 9] VGC 2025 Reg G (Bo3)", "players": ["SaicoWhenISlide", "fil_mnfgc"], "rating": null, "private": 0, "password": null}, {"uploadtime": 1743458974, "id": "gen9vgc2025reggbo3-2332314576", "format": "[Gen 9] VGC 2025 Reg G (Bo3)", "players": ["smackpinch", "Cchaja"], "rating": null, "private": 0, "password": null}, {"uploadtime": 1743458949, "id": "gen9vgc2025reggbo3-2332313110", "format": "[Gen 9] VGC 2025 Reg G (Bo3)", "players": ["c_donstans", "zetbol123"], "rating": null, "private": 0, "password": null}, {"uploadtime": 1743458934, "id": "gen9vgc2025reggbo3-2332314850", "format": "[Gen 9] VGC 2025 Reg G (Bo3)", "players": ["c_donstans", "zetbol123"], "rating": 1143, "private": 0, "password": null}, {"uploadtime": 1743458803, "id": "gen9vgc2025reggbo3-2332311611", "format": "[Gen 9] VGC 2025 Reg G (Bo3)", "players": ["pixelfx", "Mikunji19"], "rating": 1342, "private": 0, "password": null}, {"uploadtime": 1743458795, "id": "gen9vgc2025reggbo3-2332307474", "format": "[Gen 9] VGC 2025 Reg G (Bo3)", "players": ["Yannickjuhhh", "GoToSeville"], "rating": null, "private": 0, "password": null}, {"uploadtime": 1743458778, "id": "gen9vgc2025reggbo3-2332310638", "format": "[Gen 9] VGC 2025 Reg G (Bo3)", "players": ["Yannickjuhhh", "GoToSeville"], "rating": 1255, "private": 0, "password": null}]