[{"uploadtime": 1743380261, "id": "gen9vgc2025reggbo3-2331607113", "format": "[Gen 9] VGC 2025 Reg G (Bo3)", "players": ["cottoncandywoof", "BWPMimi4u"], "rating": 1066, "private": 0, "password": null}, {"uploadtime": 1743380155, "id": "gen9vgc2025reggbo3-2331603815", "format": "[Gen 9] VGC 2025 Reg G (Bo3)", "players": ["timewizard02", "CorrinReborn2"], "rating": null, "private": 0, "password": null}, {"uploadtime": 1743380144, "id": "gen9vgc2025reggbo3-2331607982", "format": "[Gen 9] VGC 2025 Reg G (Bo3)", "players": ["timewizard02", "CorrinReborn2"], "rating": null, "private": 0, "password": null}, {"uploadtime": 1743379867, "id": "gen9vgc2025reggbo3-2331603264", "format": "[Gen 9] VGC 2025 Reg G (Bo3)", "players": ["cottoncandywoof", "BWPMimi4u"], "rating": null, "private": 0, "password": null}, {"uploadtime": 1743379681, "id": "gen9vgc2025reggbo3-2331604562", "format": "[Gen 9] VGC 2025 Reg G (Bo3)", "players": ["Sarik405", "wideguard_user"], "rating": 1211, "private": 0, "password": null}, {"uploadtime": 1743379674, "id": "gen9vgc2025reggbo3-2331602516", "format": "[Gen 9] VGC 2025 Reg G (Bo3)", "players": ["Sarik405", "wideguard_user"], "rating": null, "private": 0, "password": null}, {"uploadtime": 1743379619, "id": "gen9vgc2025reggbo3-2331601759", "format": "[Gen 9] VGC 2025 Reg G (Bo3)", "players": ["F_Blizzy", "spartaeee123"], "rating": 1028, "private": 0, "password": null}, {"uploadtime": 1743379603, "id": "gen9vgc2025reggbo3-2331599001", "format": "[Gen 9] VGC 2025 Reg G (Bo3)", "players": ["F_Blizzy", "spartaeee123"], "rating": null, "private": 0, "password": null}, {"uploadtime": 1743379589, "id": "gen9vgc2025reggbo3-2331595952", "format": "[Gen 9] VGC 2025 Reg G (Bo3)", "players": ["F_Blizzy", "spartaeee123"], "rating": null, "private": 0, "password": null}, {"uploadtime": 1743379488, "id": "gen9vgc2025reggbo3-2331600503", "format": "[Gen 9] VGC 2025 Reg G (Bo3)", "players": ["KingDom1992", "ledinoleo"], "rating": 1311, "private": 0, "password": null}, {"uploadtime": 1743379481, "id": "gen9vgc2025reggbo3-2331596179", "format": "[Gen 9] VGC 2025 Reg G (Bo3)", "players": ["KingDom1992", "ledinoleo"], "rating": null, "private": 0, "password": null}, {"uploadtime": 1743379475, "id": "gen9vgc2025reggbo3-2331592738", "format": "[Gen 9] VGC 2025 Reg G (Bo3)", "players": ["KingDom1992", "ledinoleo"], "rating": null, "private": 0, "password": null}, {"uploadtime": 1743379417, "id": "gen9vgc2025reggbo3-2331601420", "format": "[Gen 9] VGC 2025 Reg G (Bo3)", "players": ["my name is jebb", "BWPMimi4u"], "rating": 1064, "private": 0, "password": null}, {"uploadtime": 1743379356, "id": "gen9vgc2025reggbo3-2331600953", "format": "[Gen 9] VGC 2025 Reg G (Bo3)", "players": ["Volanr", "EifieLisa"], "rating": 1452, "private": 0, "password": null}, {"uploadtime": 1743379349, "id": "gen9vgc2025reggbo3-2331598147", "format": "[Gen 9] VGC 2025 Reg G (Bo3)", "players": ["Volanr", "EifieLisa"], "rating": null, "private": 0, "password": null}, {"uploadtime": 1743379348, "id": "gen9vgc2025reggbo3-2331598917", "format": "[Gen 9] VGC 2025 Reg G (Bo3)", "players": ["PhilHellmuth.PH", "bigj009"], "rating": 1369, "private": 0, "password": null}, {"uploadtime": 1743379342, "id": "gen9vgc2025reggbo3-2331595701", "format": "[Gen 9] VGC 2025 Reg G (Bo3)", "players": ["PhilHellmuth.PH", "bigj009"], "rating": null, "private": 0, "password": null}, {"uploadtime": 1743379334, "id": "gen9vgc2025reggbo3-2331593660", "format": "[Gen 9] VGC 2025 Reg G (Bo3)", "players": ["PhilHellmuth.PH", "bigj009"], "rating": null, "private": 0, "password": null}, {"uploadtime": 1743379228, "id": "gen9vgc2025reggbo3-2331599810", "format": "[Gen 9] VGC 2025 Reg G (Bo3)", "players": ["my name is jebb", "BWPMimi4u"], "rating": null, "private": 0, "password": null}, {"uploadtime": 1743379050, "id": "gen9vgc2025reggbo3-2331596763", "format": "[Gen 9] VGC 2025 Reg G (Bo3)", "players": ["my name is jebb", "BWPMimi4u"], "rating": null, "private": 0, "password": null}, {"uploadtime": 1743378364, "id": "gen9vgc2025reggbo3-2331591137", "format": "[Gen 9] VGC 2025 Reg G (Bo3)", "players": ["Rkmada", "PhilHellmuth.PH"], "rating": 1382, "private": 0, "password": null}, {"uploadtime": 1743378359, "id": "gen9vgc2025reggbo3-2331590129", "format": "[Gen 9] VGC 2025 Reg G (Bo3)", "players": ["Rkmada", "PhilHellmuth.PH"], "rating": null, "private": 0, "password": null}, {"uploadtime": 1743378303, "id": "gen9vgc2025reggbo3-2331590423", "format": "[Gen 9] VGC 2025 Reg G (Bo3)", "players": ["drillcurlsaresexy", "SayYesToTheMess"], "rating": null, "private": 0, "password": null}, {"uploadtime": 1743378293, "id": "gen9vgc2025reggbo3-2331587177", "format": "[Gen 9] VGC 2025 Reg G (Bo3)", "players": ["drillcurlsaresexy", "SayYesToTheMess"], "rating": null, "private": 0, "password": null}, {"uploadtime": 1743378018, "id": "gen9vgc2025reggbo3-2331587163", "format": "[Gen 9] VGC 2025 Reg G (Bo3)", "players": ["ZephyrBreezy", "Slowjow"], "rating": 1305, "private": 0, "password": null}, {"uploadtime": 1743377935, "id": "gen9vgc2025reggbo3-2331584474", "format": "[Gen 9] VGC 2025 Reg G (Bo3)", "players": ["Kneedlz", "Ghorpy"], "rating": null, "private": 0, "password": null}, {"uploadtime": 1743377876, "id": "gen9vgc2025reggbo3-2331586370", "format": "[Gen 9] VGC 2025 Reg G (Bo3)", "players": ["JOka1000", "F_Blizzy"], "rating": 1216, "private": 0, "password": null}, {"uploadtime": 1743377795, "id": "gen9vgc2025reggbo3-2331584659", "format": "[Gen 9] VGC 2025 Reg G (Bo3)", "players": ["ZephyrBreezy", "Slowjow"], "rating": null, "private": 0, "password": null}, {"uploadtime": 1743377795, "id": "gen9vgc2025reggbo3-2331582879", "format": "[Gen 9] VGC 2025 Reg G (Bo3)", "players": ["JOka1000", "F_Blizzy"], "rating": null, "private": 0, "password": null}, {"uploadtime": 1743377794, "id": "gen9vgc2025reggbo3-2331586179", "format": "[Gen 9] VGC 2025 Reg G (Bo3)", "players": ["Isthisreallifeman", "AtomX7VGC"], "rating": null, "private": 0, "password": null}, {"uploadtime": 1743377655, "id": "gen9vgc2025reggbo3-2331584152", "format": "[Gen 9] VGC 2025 Reg G (Bo3)", "players": ["Adudegames2020", "VGCFreeStratos"], "rating": null, "private": 0, "password": null}, {"uploadtime": 1743377652, "id": "gen9vgc2025reggbo3-2331576874", "format": "[Gen 9] VGC 2025 Reg G (Bo3)", "players": ["Drmwvr34", "jscullan"], "rating": null, "private": 0, "password": null}, {"uploadtime": 1743377646, "id": "gen9vgc2025reggbo3-2331580778", "format": "[Gen 9] VGC 2025 Reg G (Bo3)", "players": ["Drmwvr34", "jscullan"], "rating": null, "private": 0, "password": null}, {"uploadtime": 1743377639, "id": "gen9vgc2025reggbo3-2331583954", "format": "[Gen 9] VGC 2025 Reg G (Bo3)", "players": ["Drmwvr34", "jscullan"], "rating": null, "private": 0, "password": null}, {"uploadtime": 1743377588, "id": "gen9vgc2025reggbo3-2331583700", "format": "[Gen 9] VGC 2025 Reg G (Bo3)", "players": ["jamudo", "HVCCScholar"], "rating": null, "private": 0, "password": null}, {"uploadtime": 1743377556, "id": "gen9vgc2025reggbo3-2331583936", "format": "[Gen 9] VGC 2025 Reg G (Bo3)", "players": ["Arcario13", "copaladder"], "rating": 1153, "private": 0, "password": null}, {"uploadtime": 1743377556, "id": "gen9vgc2025reggbo3-2331580331", "format": "[Gen 9] VGC 2025 Reg G (Bo3)", "players": ["the1stSquidBlue", "Frozen Miind"], "rating": 1271, "private": 0, "password": null}, {"uploadtime": 1743377542, "id": "gen9vgc2025reggbo3-2331582992", "format": "[Gen 9] VGC 2025 Reg G (Bo3)", "players": ["Isthisreallifeman", "AtomX7VGC"], "rating": null, "private": 0, "password": null}, {"uploadtime": 1743377532, "id": "gen9vgc2025reggbo3-2331585095", "format": "[Gen 9] VGC 2025 Reg G (Bo3)", "players": ["EllJustgotThaSoduh", "showdown finsta"], "rating": 1000, "private": 0, "password": null}, {"uploadtime": 1743377510, "id": "gen9vgc2025reggbo3-2331583343", "format": "[Gen 9] VGC 2025 Reg G (Bo3)", "players": ["HushWasHere", "HappyDuckJJ"], "rating": null, "private": 0, "password": null}, {"uploadtime": 1743377510, "id": "gen9vgc2025reggbo3-2331581775", "format": "[Gen 9] VGC 2025 Reg G (Bo3)", "players": ["ZephyrBreezy", "Slowjow"], "rating": null, "private": 0, "password": null}, {"uploadtime": 1743377494, "id": "gen9vgc2025reggbo3-2331575757", "format": "[Gen 9] VGC 2025 Reg G (Bo3)", "players": ["the1stSquidBlue", "Frozen Miind"], "rating": null, "private": 0, "password": null}, {"uploadtime": 1743377471, "id": "gen9vgc2025reggbo3-2331582494", "format": "[Gen 9] VGC 2025 Reg G (Bo3)", "players": ["pixelfx", "ledinoleo"], "rating": 1292, "private": 0, "password": null}, {"uploadtime": 1743377452, "id": "gen9vgc2025reggbo3-2331572743", "format": "[Gen 9] VGC 2025 Reg G (Bo3)", "players": ["the1stSquidBlue", "Frozen Miind"], "rating": null, "private": 0, "password": null}, {"uploadtime": 1743377424, "id": "gen9vgc2025reggbo3-2331581489", "format": "[Gen 9] VGC 2025 Reg G (Bo3)", "players": ["EllJustgotThaSoduh", "showdown finsta"], "rating": null, "private": 0, "password": null}, {"uploadtime": 1743377370, "id": "gen9vgc2025reggbo3-2331581909", "format": "[Gen 9] VGC 2025 Reg G (Bo3)", "players": ["HushWasHere", "HappyDuckJJ"], "rating": null, "private": 0, "password": null}, {"uploadtime": 1743377370, "id": "gen9vgc2025reggbo3-2331580196", "format": "[Gen 9] VGC 2025 Reg G (Bo3)", "players": ["ggioyl", "sam litwicky"], "rating": null, "private": 0, "password": null}, {"uploadtime": 1743377231, "id": "gen9vgc2025reggbo3-2331580241", "format": "[Gen 9] VGC 2025 Reg G (Bo3)", "players": ["SubToPenglin", "garracrema"], "rating": null, "private": 0, "password": null}, {"uploadtime": 1743377230, "id": "gen9vgc2025reggbo3-2331580165", "format": "[Gen 9] VGC 2025 Reg G (Bo3)", "players": ["Dinosaur Kingz", "HushWasHere"], "rating": 1277, "private": 0, "password": null}, {"uploadtime": 1743377145, "id": "gen9vgc2025reggbo3-2331579811", "format": "[Gen 9] VGC 2025 Reg G (Bo3)", "players": ["pixelfx", "ledinoleo"], "rating": null, "private": 0, "password": null}, {"uploadtime": 1743377091, "id": "gen9vgc2025reggbo3-2331577966", "format": "[Gen 9] VGC 2025 Reg G (Bo3)", "players": ["TheLordNebiros", "pizzawing"], "rating": null, "private": 0, "password": null}]