[{"uploadtime": 1743362239, "id": "gen9vgc2025reggbo3-2331431698", "format": "[Gen 9] VGC 2025 Reg G (Bo3)", "players": ["gepesek", "LemmeCallMyGuy"], "rating": null, "private": 0, "password": null}, {"uploadtime": 1743362231, "id": "gen9vgc2025reggbo3-2331432677", "format": "[Gen 9] VGC 2025 Reg G (Bo3)", "players": ["gepesek", "LemmeCallMyGuy"], "rating": 1206, "private": 0, "password": null}, {"uploadtime": 1743362220, "id": "gen9vgc2025reggbo3-2331431526", "format": "[Gen 9] VGC 2025 Reg G (Bo3)", "players": ["pixelfx", "Samm3"], "rating": null, "private": 0, "password": null}, {"uploadtime": 1743362136, "id": "gen9vgc2025reggbo3-2331427955", "format": "[Gen 9] VGC 2025 Reg G (Bo3)", "players": ["stvicci", "GhostEeveelution"], "rating": null, "private": 0, "password": null}, {"uploadtime": 1743362113, "id": "gen9vgc2025reggbo3-2331429839", "format": "[Gen 9] VGC 2025 Reg G (Bo3)", "players": ["Shirteasy22", "Boumsong90"], "rating": 1183, "private": 0, "password": null}, {"uploadtime": 1743361998, "id": "gen9vgc2025reggbo3-2331428312", "format": "[Gen 9] VGC 2025 Reg G (Bo3)", "players": ["ChrisRappa", "gepesek"], "rating": null, "private": 0, "password": null}, {"uploadtime": 1743361998, "id": "gen9vgc2025reggbo3-2331426274", "format": "[Gen 9] VGC 2025 Reg G (Bo3)", "players": ["leeko", "walruslord777"], "rating": null, "private": 0, "password": null}, {"uploadtime": 1743361950, "id": "gen9vgc2025reggbo3-2331429840", "format": "[Gen 9] VGC 2025 Reg G (Bo3)", "players": ["greenlightdmp", "Rkmada"], "rating": 1381, "private": 0, "password": null}, {"uploadtime": 1743361937, "id": "gen9vgc2025reggbo3-2331428591", "format": "[Gen 9] VGC 2025 Reg G (Bo3)", "players": ["pixelfx", "Samm3"], "rating": null, "private": 0, "password": null}, {"uploadtime": 1743361870, "id": "gen9vgc2025reggbo3-2331425800", "format": "[Gen 9] VGC 2025 Reg G (Bo3)", "players": ["Iron Paws", "katfishfilet"], "rating": 1171, "private": 0, "password": null}, {"uploadtime": 1743361778, "id": "gen9vgc2025reggbo3-2331426910", "format": "[Gen 9] VGC 2025 Reg G (Bo3)", "players": ["Shirteasy22", "Boumsong90"], "rating": null, "private": 0, "password": null}, {"uploadtime": 1743361721, "id": "gen9vgc2025reggbo3-2331425561", "format": "[Gen 9] VGC 2025 Reg G (Bo3)", "players": ["Tendo Pain(Nagato)", "Echoes630"], "rating": null, "private": 0, "password": null}, {"uploadtime": 1743361721, "id": "gen9vgc2025reggbo3-2331424361", "format": "[Gen 9] VGC 2025 Reg G (Bo3)", "players": ["Crown Aether", "oscarbolt"], "rating": 1145, "private": 0, "password": null}, {"uploadtime": 1743361583, "id": "gen9vgc2025reggbo3-2331424491", "format": "[Gen 9] VGC 2025 Reg G (Bo3)", "players": ["WilfredVGC", "Devious PLan"], "rating": null, "private": 0, "password": null}, {"uploadtime": 1743361444, "id": "gen9vgc2025reggbo3-2331422885", "format": "[Gen 9] VGC 2025 Reg G (Bo3)", "players": ["killerofpokemon123", "OwanTanSoup"], "rating": 1000, "private": 0, "password": null}, {"uploadtime": 1743361400, "id": "gen9vgc2025reggbo3-2331423261", "format": "[Gen 9] VGC 2025 Reg G (Bo3)", "players": ["Iron Paws", "katfishfilet"], "rating": null, "private": 0, "password": null}, {"uploadtime": 1743361278, "id": "gen9vgc2025reggbo3-2331421934", "format": "[Gen 9] VGC 2025 Reg G (Bo3)", "players": ["LemmeCallMyGuy", "Joemomma17"], "rating": null, "private": 0, "password": null}, {"uploadtime": 1743361252, "id": "gen9vgc2025reggbo3-2331420728", "format": "[Gen 9] VGC 2025 Reg G (Bo3)", "players": ["Sylveon is so cute", "shulivgc"], "rating": null, "private": 0, "password": null}, {"uploadtime": 1743361240, "id": "gen9vgc2025reggbo3-2331417487", "format": "[Gen 9] VGC 2025 Reg G (Bo3)", "players": ["Sylveon is so cute", "shulivgc"], "rating": null, "private": 0, "password": null}, {"uploadtime": 1743361164, "id": "gen9vgc2025reggbo3-2331421892", "format": "[Gen 9] VGC 2025 Reg G (Bo3)", "players": ["purple clownfish", "weare17"], "rating": 1310, "private": 0, "password": null}, {"uploadtime": 1743361140, "id": "gen9vgc2025reggbo3-2331419314", "format": "[Gen 9] VGC 2025 Reg G (Bo3)", "players": ["katfishfilet", "Justakid7688"], "rating": null, "private": 0, "password": null}, {"uploadtime": 1743361030, "id": "gen9vgc2025reggbo3-2331419960", "format": "[Gen 9] VGC 2025 Reg G (Bo3)", "players": ["purple clownfish", "weare17"], "rating": null, "private": 0, "password": null}, {"uploadtime": 1743361030, "id": "gen9vgc2025reggbo3-2331417678", "format": "[Gen 9] VGC 2025 Reg G (Bo3)", "players": ["NyanCatNik", "Jackter"], "rating": null, "private": 0, "password": null}, {"uploadtime": 1743361030, "id": "gen9vgc2025reggbo3-2331417581", "format": "[Gen 9] VGC 2025 Reg G (Bo3)", "players": ["Crown Aether", "CyborgStrafer"], "rating": null, "private": 0, "password": null}, {"uploadtime": 1743361030, "id": "gen9vgc2025reggbo3-2331417342", "format": "[Gen 9] VGC 2025 Reg G (Bo3)", "players": ["SQLdeveloper", "testeifie"], "rating": null, "private": 0, "password": null}, {"uploadtime": 1743361030, "id": "gen9vgc2025reggbo3-2331417220", "format": "[Gen 9] VGC 2025 Reg G (Bo3)", "players": ["Scytherium", "Mikandoer"], "rating": null, "private": 0, "password": null}, {"uploadtime": 1743361030, "id": "gen9vgc2025reggbo3-2331416274", "format": "[Gen 9] VGC 2025 Reg G (Bo3)", "players": ["Nnifboy", "wenas noches 2"], "rating": null, "private": 0, "password": null}, {"uploadtime": 1743360892, "id": "gen9vgc2025reggbo3-2331416030", "format": "[Gen 9] VGC 2025 Reg G (Bo3)", "players": ["oscarbolt", "Robert1606"], "rating": null, "private": 0, "password": null}, {"uploadtime": 1743360822, "id": "gen9vgc2025reggbo3-2331418211", "format": "[Gen 9] VGC 2025 Reg G (Bo3)", "players": ["FalconAQP", "Carapitengo"], "rating": 1263, "private": 0, "password": null}, {"uploadtime": 1743360785, "id": "gen9vgc2025reggbo3-2331414101", "format": "[Gen 9] VGC 2025 Reg G (Bo3)", "players": ["FalconAQP", "Carapitengo"], "rating": null, "private": 0, "password": null}, {"uploadtime": 1743360754, "id": "gen9vgc2025reggbo3-2331414273", "format": "[Gen 9] VGC 2025 Reg G (Bo3)", "players": ["Scytherium", "Mikandoer"], "rating": null, "private": 0, "password": null}, {"uploadtime": 1743360718, "id": "gen9vgc2025reggbo3-2331415653", "format": "[Gen 9] VGC 2025 Reg G (Bo3)", "players": ["katfishfilet", "zhakuma"], "rating": 1187, "private": 0, "password": null}, {"uploadtime": 1743360616, "id": "gen9vgc2025reggbo3-2331412750", "format": "[Gen 9] VGC 2025 Reg G (Bo3)", "players": ["MatRodny", "Wodsofcash"], "rating": null, "private": 0, "password": null}, {"uploadtime": 1743360616, "id": "gen9vgc2025reggbo3-2331410149", "format": "[Gen 9] VGC 2025 Reg G (Bo3)", "players": ["policho98", "purple clownfish"], "rating": null, "private": 0, "password": null}, {"uploadtime": 1743360610, "id": "gen9vgc2025reggbo3-2331414172", "format": "[Gen 9] VGC 2025 Reg G (Bo3)", "players": ["Sylveon is so cute", "shulivgc"], "rating": null, "private": 0, "password": null}, {"uploadtime": 1743360507, "id": "gen9vgc2025reggbo3-2331412085", "format": "[Gen 9] VGC 2025 Reg G (Bo3)", "players": ["Swoggy72", "BDM197"], "rating": null, "private": 0, "password": null}, {"uploadtime": 1743360483, "id": "gen9vgc2025reggbo3-2331405664", "format": "[Gen 9] VGC 2025 Reg G (Bo3)", "players": ["Swoggy72", "BDM197"], "rating": null, "private": 0, "password": null}, {"uploadtime": 1743360435, "id": "gen9vgc2025reggbo3-2331411492", "format": "[Gen 9] VGC 2025 Reg G (Bo3)", "players": ["katfishfilet", "zhakuma"], "rating": null, "private": 0, "password": null}, {"uploadtime": 1743360339, "id": "gen9vgc2025reggbo3-2331409632", "format": "[Gen 9] VGC 2025 Reg G (Bo3)", "players": ["Swoggy72", "BDM197"], "rating": null, "private": 0, "password": null}, {"uploadtime": 1743360208, "id": "gen9vgc2025reggbo3-2331409756", "format": "[Gen 9] VGC 2025 Reg G (Bo3)", "players": ["u9zfkghc", "capi533"], "rating": 1000, "private": 0, "password": null}, {"uploadtime": 1743360201, "id": "gen9vgc2025reggbo3-2331409384", "format": "[Gen 9] VGC 2025 Reg G (Bo3)", "players": ["sbor3d", "cakepopdance"], "rating": null, "private": 0, "password": null}, {"uploadtime": 1743360201, "id": "gen9vgc2025reggbo3-2331408607", "format": "[Gen 9] VGC 2025 Reg G (Bo3)", "players": ["sille rovert", "TCM Zaukepoo"], "rating": null, "private": 0, "password": null}, {"uploadtime": 1743360065, "id": "gen9vgc2025reggbo3-2331409683", "format": "[Gen 9] VGC 2025 Reg G (Bo3)", "players": ["crimsonkidd", "2isvi7"], "rating": 1143, "private": 0, "password": null}, {"uploadtime": 1743360062, "id": "gen9vgc2025reggbo3-2331408825", "format": "[Gen 9] VGC 2025 Reg G (Bo3)", "players": ["plasmicexe", "oscarbolt"], "rating": null, "private": 0, "password": null}, {"uploadtime": 1743360062, "id": "gen9vgc2025reggbo3-2331406856", "format": "[Gen 9] VGC 2025 Reg G (Bo3)", "players": ["sbor3d", "cakepopdance"], "rating": null, "private": 0, "password": null}, {"uploadtime": 1743360056, "id": "gen9vgc2025reggbo3-2331408253", "format": "[Gen 9] VGC 2025 Reg G (Bo3)", "players": ["crimsonkidd", "2isvi7"], "rating": null, "private": 0, "password": null}, {"uploadtime": 1743359924, "id": "gen9vgc2025reggbo3-2331407449", "format": "[Gen 9] VGC 2025 Reg G (Bo3)", "players": ["Sml12", "bigj009"], "rating": null, "private": 0, "password": null}, {"uploadtime": 1743359924, "id": "gen9vgc2025reggbo3-2331405197", "format": "[Gen 9] VGC 2025 Reg G (Bo3)", "players": ["crimsonkidd", "2isvi7"], "rating": null, "private": 0, "password": null}, {"uploadtime": 1743359876, "id": "gen9vgc2025reggbo3-2331406250", "format": "[Gen 9] VGC 2025 Reg G (Bo3)", "players": ["u9zfkghc", "capi533"], "rating": null, "private": 0, "password": null}, {"uploadtime": 1743359786, "id": "gen9vgc2025reggbo3-2331405650", "format": "[Gen 9] VGC 2025 Reg G (Bo3)", "players": ["Sml12", "bigj009"], "rating": null, "private": 0, "password": null}, {"uploadtime": 1743359786, "id": "gen9vgc2025reggbo3-2331404652", "format": "[Gen 9] VGC 2025 Reg G (Bo3)", "players": ["itslikewoah", "Jositoelpanameno"], "rating": null, "private": 0, "password": null}]