[{"uploadtime": 1743296012, "id": "gen9vgc2025reggbo3-2330953703", "format": "[Gen 9] VGC 2025 Reg G (Bo3)", "players": ["PictoChatVGC", "Irvys other kid"], "rating": null, "private": 0, "password": null}, {"uploadtime": 1743296008, "id": "gen9vgc2025reggbo3-2330957708", "format": "[Gen 9] VGC 2025 Reg G (Bo3)", "players": ["PictoChatVGC", "Irvys other kid"], "rating": null, "private": 0, "password": null}, {"uploadtime": 1743295993, "id": "gen9vgc2025reggbo3-2330951562", "format": "[Gen 9] VGC 2025 Reg G (Bo3)", "players": ["PictoChatVGC", "Irvys other kid"], "rating": null, "private": 0, "password": null}, {"uploadtime": 1743295910, "id": "gen9vgc2025reggbo3-2330956564", "format": "[Gen 9] VGC 2025 Reg G (Bo3)", "players": ["qUxJg$c Ogerpon", "MrPoleiyo"], "rating": null, "private": 0, "password": null}, {"uploadtime": 1743295910, "id": "gen9vgc2025reggbo3-2330956299", "format": "[Gen 9] VGC 2025 Reg G (Bo3)", "players": ["Djmlndzart", "Kimistry_mami"], "rating": null, "private": 0, "password": null}, {"uploadtime": 1743295632, "id": "gen9vgc2025reggbo3-2330954310", "format": "[Gen 9] VGC 2025 Reg G (Bo3)", "players": ["pokehys", "vicburgos"], "rating": null, "private": 0, "password": null}, {"uploadtime": 1743295610, "id": "gen9vgc2025reggbo3-2330956902", "format": "[Gen 9] VGC 2025 Reg G (Bo3)", "players": ["11DiamondsaurVGC", "647w"], "rating": null, "private": 0, "password": null}, {"uploadtime": 1743295600, "id": "gen9vgc2025reggbo3-2330955296", "format": "[Gen 9] VGC 2025 Reg G (Bo3)", "players": ["11DiamondsaurVGC", "647w"], "rating": null, "private": 0, "password": null}, {"uploadtime": 1743295565, "id": "gen9vgc2025reggbo3-2330955159", "format": "[Gen 9] VGC 2025 Reg G (Bo3)", "players": ["Silverized", "boonanar"], "rating": null, "private": 0, "password": null}, {"uploadtime": 1743295494, "id": "gen9vgc2025reggbo3-2330952986", "format": "[Gen 9] VGC 2025 Reg G (Bo3)", "players": ["pokehys", "vicburgos"], "rating": null, "private": 0, "password": null}, {"uploadtime": 1743295383, "id": "gen9vgc2025reggbo3-2330954122", "format": "[Gen 9] VGC 2025 Reg G (Bo3)", "players": ["maxrf321", "onxlaughtvgc"], "rating": 1242, "private": 0, "password": null}, {"uploadtime": 1743295355, "id": "gen9vgc2025reggbo3-2330951591", "format": "[Gen 9] VGC 2025 Reg G (Bo3)", "players": ["Gre123", "Eternatususususu"], "rating": null, "private": 0, "password": null}, {"uploadtime": 1743295216, "id": "gen9vgc2025reggbo3-2330950790", "format": "[Gen 9] VGC 2025 Reg G (Bo3)", "players": ["Daniw9", "ab80"], "rating": null, "private": 0, "password": null}, {"uploadtime": 1743295077, "id": "gen9vgc2025reggbo3-2330950186", "format": "[Gen 9] VGC 2025 Reg G (Bo3)", "players": ["doung yolph", "GlycineMaximus1"], "rating": null, "private": 0, "password": null}, {"uploadtime": 1743295076, "id": "gen9vgc2025reggbo3-2330950808", "format": "[Gen 9] VGC 2025 Reg G (Bo3)", "players": ["cervivon", "csrtime"], "rating": 1308, "private": 0, "password": null}, {"uploadtime": 1743294938, "id": "gen9vgc2025reggbo3-2330949283", "format": "[Gen 9] VGC 2025 Reg G (Bo3)", "players": ["Daniw9", "ab80"], "rating": null, "private": 0, "password": null}, {"uploadtime": 1743294938, "id": "gen9vgc2025reggbo3-2330947456", "format": "[Gen 9] VGC 2025 Reg G (Bo3)", "players": ["cervivon", "csrtime"], "rating": null, "private": 0, "password": null}, {"uploadtime": 1743294799, "id": "gen9vgc2025reggbo3-2330946398", "format": "[Gen 9] VGC 2025 Reg G (Bo3)", "players": ["AngrrryGuy", "d5srtttttsrtrts"], "rating": null, "private": 0, "password": null}, {"uploadtime": 1743294778, "id": "gen9vgc2025reggbo3-2330946488", "format": "[Gen 9] VGC 2025 Reg G (Bo3)", "players": ["esseciacca", "is_katabo"], "rating": null, "private": 0, "password": null}, {"uploadtime": 1743294695, "id": "gen9vgc2025reggbo3-2330947419", "format": "[Gen 9] VGC 2025 Reg G (Bo3)", "players": ["Retking", "647w"], "rating": null, "private": 0, "password": null}, {"uploadtime": 1743294689, "id": "gen9vgc2025reggbo3-2330944441", "format": "[Gen 9] VGC 2025 Reg G (Bo3)", "players": ["Retking", "647w"], "rating": null, "private": 0, "password": null}, {"uploadtime": 1743294680, "id": "gen9vgc2025reggbo3-2330943438", "format": "[Gen 9] VGC 2025 Reg G (Bo3)", "players": ["esseciacca", "is_katabo"], "rating": null, "private": 0, "password": null}, {"uploadtime": 1743294661, "id": "gen9vgc2025reggbo3-2330946937", "format": "[Gen 9] VGC 2025 Reg G (Bo3)", "players": ["VoiSimp", "powerfulbuild"], "rating": null, "private": 0, "password": null}, {"uploadtime": 1743294661, "id": "gen9vgc2025reggbo3-2330945955", "format": "[Gen 9] VGC 2025 Reg G (Bo3)", "players": ["ab80", "Gfjwvc"], "rating": null, "private": 0, "password": null}, {"uploadtime": 1743294541, "id": "gen9vgc2025reggbo3-2330940287", "format": "[Gen 9] VGC 2025 Reg G (Bo3)", "players": ["PictoChatVGC", "Pallow3"], "rating": null, "private": 0, "password": null}, {"uploadtime": 1743294535, "id": "gen9vgc2025reggbo3-2330944497", "format": "[Gen 9] VGC 2025 Reg G (Bo3)", "players": ["PictoChatVGC", "Pallow3"], "rating": null, "private": 0, "password": null}, {"uploadtime": 1743294530, "id": "gen9vgc2025reggbo3-2330945900", "format": "[Gen 9] VGC 2025 Reg G (Bo3)", "players": ["PictoChatVGC", "Pallow3"], "rating": null, "private": 0, "password": null}, {"uploadtime": 1743294511, "id": "gen9vgc2025reggbo3-2330945886", "format": "[Gen 9] VGC 2025 Reg G (Bo3)", "players": ["The Forgery", "Makinu"], "rating": null, "private": 0, "password": null}, {"uploadtime": 1743294430, "id": "gen9vgc2025reggbo3-2330945621", "format": "[Gen 9] VGC 2025 Reg G (Bo3)", "players": ["AtlantaRegional", "DonkinD1no"], "rating": null, "private": 0, "password": null}, {"uploadtime": 1743294423, "id": "gen9vgc2025reggbo3-2330944076", "format": "[Gen 9] VGC 2025 Reg G (Bo3)", "players": ["AtlantaRegional", "DonkinD1no"], "rating": null, "private": 0, "password": null}, {"uploadtime": 1743294411, "id": "gen9vgc2025reggbo3-2330943082", "format": "[Gen 9] VGC 2025 Reg G (Bo3)", "players": ["AtlantaRegional", "DonkinD1no"], "rating": null, "private": 0, "password": null}, {"uploadtime": 1743294245, "id": "gen9vgc2025reggbo3-2330943119", "format": "[Gen 9] VGC 2025 Reg G (Bo3)", "players": ["Semiau", "Knithar"], "rating": null, "private": 0, "password": null}, {"uploadtime": 1743294245, "id": "gen9vgc2025reggbo3-2330942840", "format": "[Gen 9] VGC 2025 Reg G (Bo3)", "players": ["Doofusburger666", "Kylewithasmile69"], "rating": null, "private": 0, "password": null}, {"uploadtime": 1743294245, "id": "gen9vgc2025reggbo3-2330942650", "format": "[Gen 9] VGC 2025 Reg G (Bo3)", "players": ["lexerthanatauros", "ab80"], "rating": null, "private": 0, "password": null}, {"uploadtime": 1743294134, "id": "gen9vgc2025reggbo3-2330943251", "format": "[Gen 9] VGC 2025 Reg G (Bo3)", "players": ["om3gaCatches", "11DiamondsaurVGC"], "rating": null, "private": 0, "password": null}, {"uploadtime": 1743294126, "id": "gen9vgc2025reggbo3-2330942490", "format": "[Gen 9] VGC 2025 Reg G (Bo3)", "players": ["lazywarlock", "Irvys other kid"], "rating": null, "private": 0, "password": null}, {"uploadtime": 1743294087, "id": "gen9vgc2025reggbo3-2330939740", "format": "[Gen 9] VGC 2025 Reg G (Bo3)", "players": ["lazywarlock", "Irvys other kid"], "rating": null, "private": 0, "password": null}, {"uploadtime": 1743293968, "id": "gen9vgc2025reggbo3-2330939673", "format": "[Gen 9] VGC 2025 Reg G (Bo3)", "players": ["EifieLisa", "bigj009"], "rating": null, "private": 0, "password": null}, {"uploadtime": 1743293968, "id": "gen9vgc2025reggbo3-2330939434", "format": "[Gen 9] VGC 2025 Reg G (Bo3)", "players": ["50% cat 50% girl", "KozmikDebris"], "rating": null, "private": 0, "password": null}, {"uploadtime": 1743293968, "id": "gen9vgc2025reggbo3-2330938744", "format": "[Gen 9] VGC 2025 Reg G (Bo3)", "players": ["doung yolph", "ab80"], "rating": null, "private": 0, "password": null}, {"uploadtime": 1743293968, "id": "gen9vgc2025reggbo3-2330938098", "format": "[Gen 9] VGC 2025 Reg G (Bo3)", "players": ["iljone", "devious malarkey"], "rating": null, "private": 0, "password": null}, {"uploadtime": 1743293781, "id": "gen9vgc2025reggbo3-2330938059", "format": "[Gen 9] VGC 2025 Reg G (Bo3)", "players": ["Jayswag5", "martinvtran"], "rating": null, "private": 0, "password": null}, {"uploadtime": 1743293743, "id": "gen9vgc2025reggbo3-2330939523", "format": "[Gen 9] VGC 2025 Reg G (Bo3)", "players": ["Jayswag5", "martinvtran"], "rating": null, "private": 0, "password": null}, {"uploadtime": 1743293690, "id": "gen9vgc2025reggbo3-2330937901", "format": "[Gen 9] VGC 2025 Reg G (Bo3)", "players": ["VigsenGaming", "Shrieeeiak"], "rating": null, "private": 0, "password": null}, {"uploadtime": 1743293690, "id": "gen9vgc2025reggbo3-2330937261", "format": "[Gen 9] VGC 2025 Reg G (Bo3)", "players": ["povfpoif8ypiv", "sorcerer_rs_3"], "rating": null, "private": 0, "password": null}, {"uploadtime": 1743293690, "id": "gen9vgc2025reggbo3-2330936631", "format": "[Gen 9] VGC 2025 Reg G (Bo3)", "players": ["powerfulbuild", "keonespirit"], "rating": 1169, "private": 0, "password": null}, {"uploadtime": 1743293681, "id": "gen9vgc2025reggbo3-2330936723", "format": "[Gen 9] VGC 2025 Reg G (Bo3)", "players": ["om3gaCatches", "usernameinserted"], "rating": null, "private": 0, "password": null}, {"uploadtime": 1743293667, "id": "gen9vgc2025reggbo3-2330938166", "format": "[Gen 9] VGC 2025 Reg G (Bo3)", "players": ["om3gaCatches", "usernameinserted"], "rating": null, "private": 0, "password": null}, {"uploadtime": 1743293552, "id": "gen9vgc2025reggbo3-2330936511", "format": "[Gen 9] VGC 2025 Reg G (Bo3)", "players": ["iljone", "devious malarkey"], "rating": null, "private": 0, "password": null}, {"uploadtime": 1743293552, "id": "gen9vgc2025reggbo3-2330936360", "format": "[Gen 9] VGC 2025 Reg G (Bo3)", "players": ["VeganCannibal", "TheMochiMan"], "rating": null, "private": 0, "password": null}, {"uploadtime": 1743293552, "id": "gen9vgc2025reggbo3-2330935935", "format": "[Gen 9] VGC 2025 Reg G (Bo3)", "players": ["doung yolph", "ab80"], "rating": null, "private": 0, "password": null}]