[{"uploadtime": 1743314711, "id": "gen9vgc2025reggbo3-2331096149", "format": "[Gen 9] VGC 2025 Reg G (Bo3)", "players": ["Lazaro/shawdown", "goonertaco58"], "rating": null, "private": 0, "password": null}, {"uploadtime": 1743314667, "id": "gen9vgc2025reggbo3-2331098355", "format": "[Gen 9] VGC 2025 Reg G (Bo3)", "players": ["LeonardPlayz", "macky190demarco"], "rating": 1000, "private": 0, "password": null}, {"uploadtime": 1743314598, "id": "gen9vgc2025reggbo3-2331097592", "format": "[Gen 9] VGC 2025 Reg G (Bo3)", "players": ["katfishfilet", "swarm"], "rating": 1224, "private": 0, "password": null}, {"uploadtime": 1743314573, "id": "gen9vgc2025reggbo3-2331095732", "format": "[Gen 9] VGC 2025 Reg G (Bo3)", "players": ["mobikBlock", "Dougtrio is bad"], "rating": 1073, "private": 0, "password": null}, {"uploadtime": 1743314573, "id": "gen9vgc2025reggbo3-2331095722", "format": "[Gen 9] VGC 2025 Reg G (Bo3)", "players": ["katfishfilet", "swarm"], "rating": null, "private": 0, "password": null}, {"uploadtime": 1743314573, "id": "gen9vgc2025reggbo3-2331095495", "format": "[Gen 9] VGC 2025 Reg G (Bo3)", "players": ["Chadret", "ShadowTriad Lazer"], "rating": null, "private": 0, "password": null}, {"uploadtime": 1743314435, "id": "gen9vgc2025reggbo3-2331095600", "format": "[Gen 9] VGC 2025 Reg G (Bo3)", "players": ["pidgeooon", "bao2405"], "rating": null, "private": 0, "password": null}, {"uploadtime": 1743314435, "id": "gen9vgc2025reggbo3-2331095376", "format": "[Gen 9] VGC 2025 Reg G (Bo3)", "players": ["CarthageisBurning", "TiemposCompuestos"], "rating": null, "private": 0, "password": null}, {"uploadtime": 1743314435, "id": "gen9vgc2025reggbo3-2331095081", "format": "[Gen 9] VGC 2025 Reg G (Bo3)", "players": ["juzmar7", "jdanhyde"], "rating": null, "private": 0, "password": null}, {"uploadtime": 1743314435, "id": "gen9vgc2025reggbo3-2331094852", "format": "[Gen 9] VGC 2025 Reg G (Bo3)", "players": ["Attila540", "1978obothro"], "rating": 1045, "private": 0, "password": null}, {"uploadtime": 1743314391, "id": "gen9vgc2025reggbo3-2331097334", "format": "[Gen 9] VGC 2025 Reg G (Bo3)", "players": ["Ted foyit", "LeonardPlayz"], "rating": 1000, "private": 0, "password": null}, {"uploadtime": 1743314159, "id": "gen9vgc2025reggbo3-2331094269", "format": "[Gen 9] VGC 2025 Reg G (Bo3)", "players": ["yasser20", "bladedeadpro"], "rating": null, "private": 0, "password": null}, {"uploadtime": 1743314159, "id": "gen9vgc2025reggbo3-2331094196", "format": "[Gen 9] VGC 2025 Reg G (Bo3)", "players": ["Chadret", "ShadowTriad Lazer"], "rating": null, "private": 0, "password": null}, {"uploadtime": 1743314159, "id": "gen9vgc2025reggbo3-2331093385", "format": "[Gen 9] VGC 2025 Reg G (Bo3)", "players": ["ronmm14", "nobody103i"], "rating": null, "private": 0, "password": null}, {"uploadtime": 1743314159, "id": "gen9vgc2025reggbo3-2331093176", "format": "[Gen 9] VGC 2025 Reg G (Bo3)", "players": ["xavierthenub", "EmanHeRo2.0"], "rating": null, "private": 0, "password": null}, {"uploadtime": 1743314021, "id": "gen9vgc2025reggbo3-2331093659", "format": "[Gen 9] VGC 2025 Reg G (Bo3)", "players": ["leltrell", "WilfredVGC"], "rating": null, "private": 0, "password": null}, {"uploadtime": 1743313953, "id": "gen9vgc2025reggbo3-2331094418", "format": "[Gen 9] VGC 2025 Reg G (Bo3)", "players": ["katfishfilet", "i am saksham"], "rating": 1237, "private": 0, "password": null}, {"uploadtime": 1743313883, "id": "gen9vgc2025reggbo3-2331092194", "format": "[Gen 9] VGC 2025 Reg G (Bo3)", "players": ["powerfulbuild", "capsian"], "rating": null, "private": 0, "password": null}, {"uploadtime": 1743313883, "id": "gen9vgc2025reggbo3-2331092192", "format": "[Gen 9] VGC 2025 Reg G (Bo3)", "players": ["dryteepig", "Doofusburger666"], "rating": null, "private": 0, "password": null}, {"uploadtime": 1743313883, "id": "gen9vgc2025reggbo3-2331091213", "format": "[Gen 9] VGC 2025 Reg G (Bo3)", "players": ["ronmm14", "nobody103i"], "rating": null, "private": 0, "password": null}, {"uploadtime": 1743313745, "id": "gen9vgc2025reggbo3-2331091609", "format": "[Gen 9] VGC 2025 Reg G (Bo3)", "players": ["xavierthenub", "yasser20"], "rating": 1090, "private": 0, "password": null}, {"uploadtime": 1743313745, "id": "gen9vgc2025reggbo3-2331091496", "format": "[Gen 9] VGC 2025 Reg G (Bo3)", "players": ["Chadret", "Miniturtlexd3"], "rating": null, "private": 0, "password": null}, {"uploadtime": 1743313745, "id": "gen9vgc2025reggbo3-2331091044", "format": "[Gen 9] VGC 2025 Reg G (Bo3)", "players": ["Risquin", "tresadeus"], "rating": null, "private": 0, "password": null}, {"uploadtime": 1743313745, "id": "gen9vgc2025reggbo3-2331090954", "format": "[Gen 9] VGC 2025 Reg G (Bo3)", "players": ["Kuri2309", "PrismaticWinter"], "rating": null, "private": 0, "password": null}, {"uploadtime": 1743313745, "id": "gen9vgc2025reggbo3-2331090529", "format": "[Gen 9] VGC 2025 Reg G (Bo3)", "players": ["sunnyeong", "MozzieGamesVGC"], "rating": null, "private": 0, "password": null}, {"uploadtime": 1743313745, "id": "gen9vgc2025reggbo3-2331090282", "format": "[Gen 9] VGC 2025 Reg G (Bo3)", "players": ["Falkkxn", "Fitzly"], "rating": null, "private": 0, "password": null}, {"uploadtime": 1743313739, "id": "gen9vgc2025reggbo3-2331093339", "format": "[Gen 9] VGC 2025 Reg G (Bo3)", "players": ["katfishfilet", "i am saksham"], "rating": null, "private": 0, "password": null}, {"uploadtime": 1743313607, "id": "gen9vgc2025reggbo3-2331090381", "format": "[Gen 9] VGC 2025 Reg G (Bo3)", "players": ["AngrrryGuy", "bgor"], "rating": null, "private": 0, "password": null}, {"uploadtime": 1743313607, "id": "gen9vgc2025reggbo3-2331090213", "format": "[Gen 9] VGC 2025 Reg G (Bo3)", "players": ["LanzTheDragon", "dryteepig"], "rating": 1095, "private": 0, "password": null}, {"uploadtime": 1743313607, "id": "gen9vgc2025reggbo3-2331089523", "format": "[Gen 9] VGC 2025 Reg G (Bo3)", "players": ["dengonumber1fan", "Zen1996-VGC"], "rating": null, "private": 0, "password": null}, {"uploadtime": 1743313548, "id": "gen9vgc2025reggbo3-2331090223", "format": "[Gen 9] VGC 2025 Reg G (Bo3)", "players": ["sjwjjwiw", "katfishfilet"], "rating": 1114, "private": 0, "password": null}, {"uploadtime": 1743313469, "id": "gen9vgc2025reggbo3-2331089907", "format": "[Gen 9] VGC 2025 Reg G (Bo3)", "players": ["NoApplePie4u", "pidgeooon"], "rating": 1088, "private": 0, "password": null}, {"uploadtime": 1743313469, "id": "gen9vgc2025reggbo3-2331089617", "format": "[Gen 9] VGC 2025 Reg G (Bo3)", "players": ["bladedeadpro", "MozzieGamesVGC"], "rating": 1071, "private": 0, "password": null}, {"uploadtime": 1743313469, "id": "gen9vgc2025reggbo3-2331089210", "format": "[Gen 9] VGC 2025 Reg G (Bo3)", "players": ["DamEdge", "Magikarpite Plz"], "rating": null, "private": 0, "password": null}, {"uploadtime": 1743313469, "id": "gen9vgc2025reggbo3-2331088943", "format": "[Gen 9] VGC 2025 Reg G (Bo3)", "players": ["anhvu 1337", "fil_mnfgc"], "rating": 1000, "private": 0, "password": null}, {"uploadtime": 1743313469, "id": "gen9vgc2025reggbo3-2331088770", "format": "[Gen 9] VGC 2025 Reg G (Bo3)", "players": ["Risquin", "tresadeus"], "rating": null, "private": 0, "password": null}, {"uploadtime": 1743313469, "id": "gen9vgc2025reggbo3-2331088750", "format": "[Gen 9] VGC 2025 Reg G (Bo3)", "players": ["Kuri2309", "PrismaticWinter"], "rating": null, "private": 0, "password": null}, {"uploadtime": 1743313469, "id": "gen9vgc2025reggbo3-2331088638", "format": "[Gen 9] VGC 2025 Reg G (Bo3)", "players": ["Lazaro/shawdown", "pwrbttm4christ"], "rating": null, "private": 0, "password": null}, {"uploadtime": 1743313331, "id": "gen9vgc2025reggbo3-2331088878", "format": "[Gen 9] VGC 2025 Reg G (Bo3)", "players": ["i am saksham", "DatGuyJimmeh"], "rating": null, "private": 0, "password": null}, {"uploadtime": 1743313193, "id": "gen9vgc2025reggbo3-2331087378", "format": "[Gen 9] VGC 2025 Reg G (Bo3)", "players": ["ballacksun", "RedCosmonaut"], "rating": null, "private": 0, "password": null}, {"uploadtime": 1743313192, "id": "gen9vgc2025reggbo3-2331087150", "format": "[Gen 9] VGC 2025 Reg G (Bo3)", "players": ["dengonumber1fan", "Zen1996-VGC"], "rating": null, "private": 0, "password": null}, {"uploadtime": 1743313054, "id": "gen9vgc2025reggbo3-2331087585", "format": "[Gen 9] VGC 2025 Reg G (Bo3)", "players": ["Batmans23", "NoApplePie4u"], "rating": null, "private": 0, "password": null}, {"uploadtime": 1743313054, "id": "gen9vgc2025reggbo3-2331084977", "format": "[Gen 9] VGC 2025 Reg G (Bo3)", "players": ["altharu", "ShadowTriad Lazer"], "rating": 1071, "private": 0, "password": null}, {"uploadtime": 1743312916, "id": "gen9vgc2025reggbo3-2331085964", "format": "[Gen 9] VGC 2025 Reg G (Bo3)", "players": ["sunnyeong", "Just a Minus"], "rating": null, "private": 0, "password": null}, {"uploadtime": 1743312916, "id": "gen9vgc2025reggbo3-2331085889", "format": "[Gen 9] VGC 2025 Reg G (Bo3)", "players": ["Falkkxn", "Fitzly"], "rating": null, "private": 0, "password": null}, {"uploadtime": 1743312916, "id": "gen9vgc2025reggbo3-2331085620", "format": "[Gen 9] VGC 2025 Reg G (Bo3)", "players": ["dryteepig", "Chadret"], "rating": 1027, "private": 0, "password": null}, {"uploadtime": 1743312916, "id": "gen9vgc2025reggbo3-2331085083", "format": "[Gen 9] VGC 2025 Reg G (Bo3)", "players": ["Scheetzy02", "maxrf321"], "rating": null, "private": 0, "password": null}, {"uploadtime": 1743312778, "id": "gen9vgc2025reggbo3-2331085761", "format": "[Gen 9] VGC 2025 Reg G (Bo3)", "players": ["fil_mnfgc", "Magikarpite Plz"], "rating": null, "private": 0, "password": null}, {"uploadtime": 1743312640, "id": "gen9vgc2025reggbo3-2331084348", "format": "[Gen 9] VGC 2025 Reg G (Bo3)", "players": ["fil_mnfgc", "Magikarpite Plz"], "rating": null, "private": 0, "password": null}, {"uploadtime": 1743312640, "id": "gen9vgc2025reggbo3-2331084203", "format": "[Gen 9] VGC 2025 Reg G (Bo3)", "players": ["mangoemu", "lok_ee7"], "rating": null, "private": 0, "password": null}, {"uploadtime": 1743312640, "id": "gen9vgc2025reggbo3-2331084106", "format": "[Gen 9] VGC 2025 Reg G (Bo3)", "players": ["Kylewithasmile69", "GG=Groudon Gaming"], "rating": 1200, "private": 0, "password": null}]