[{"uploadtime": 1743352739, "id": "gen9vgc2025reggbo3-2331335868", "format": "[Gen 9] VGC 2025 Reg G (Bo3)", "players": ["PAT_3rt", "elziko"], "rating": null, "private": 0, "password": null}, {"uploadtime": 1743352720, "id": "gen9vgc2025reggbo3-2331337421", "format": "[Gen 9] VGC 2025 Reg G (Bo3)", "players": ["ido1234567890", "ferrarisbestfriend"], "rating": null, "private": 0, "password": null}, {"uploadtime": 1743352673, "id": "gen9vgc2025reggbo3-2331334269", "format": "[Gen 9] VGC 2025 Reg G (Bo3)", "players": ["Schmalzbrot", "Flopi667"], "rating": null, "private": 0, "password": null}, {"uploadtime": 1743352601, "id": "gen9vgc2025reggbo3-2331334252", "format": "[Gen 9] VGC 2025 Reg G (Bo3)", "players": ["CherryBomb03", "KassFK"], "rating": null, "private": 0, "password": null}, {"uploadtime": 1743352601, "id": "gen9vgc2025reggbo3-2331334126", "format": "[Gen 9] VGC 2025 Reg G (Bo3)", "players": ["altharu", "Ocpuddin"], "rating": null, "private": 0, "password": null}, {"uploadtime": 1743352601, "id": "gen9vgc2025reggbo3-2331333747", "format": "[Gen 9] VGC 2025 Reg G (Bo3)", "players": ["Qunne", "RichardTheCompany"], "rating": null, "private": 0, "password": null}, {"uploadtime": 1743352601, "id": "gen9vgc2025reggbo3-2331332790", "format": "[Gen 9] VGC 2025 Reg G (Bo3)", "players": ["CandleBlue", "nathan2_b"], "rating": null, "private": 0, "password": null}, {"uploadtime": 1743352601, "id": "gen9vgc2025reggbo3-2331332398", "format": "[Gen 9] VGC 2025 Reg G (Bo3)", "players": ["Goodwyn", "Placidbee"], "rating": null, "private": 0, "password": null}, {"uploadtime": 1743352601, "id": "gen9vgc2025reggbo3-2331329572", "format": "[Gen 9] VGC 2025 Reg G (Bo3)", "players": ["Chaki_Chak", "thander11"], "rating": null, "private": 0, "password": null}, {"uploadtime": 1743352577, "id": "gen9vgc2025reggbo3-2331335735", "format": "[Gen 9] VGC 2025 Reg G (Bo3)", "players": ["Boumsong90", "Carapitengo"], "rating": 1213, "private": 0, "password": null}, {"uploadtime": 1743352557, "id": "gen9vgc2025reggbo3-2331329115", "format": "[Gen 9] VGC 2025 Reg G (Bo3)", "players": ["Boumsong90", "Carapitengo"], "rating": null, "private": 0, "password": null}, {"uploadtime": 1743352463, "id": "gen9vgc2025reggbo3-2331333792", "format": "[Gen 9] VGC 2025 Reg G (Bo3)", "players": ["Syblaze", "blckp4nth3r"], "rating": null, "private": 0, "password": null}, {"uploadtime": 1743352463, "id": "gen9vgc2025reggbo3-2331331919", "format": "[Gen 9] VGC 2025 Reg G (Bo3)", "players": ["Boumsong90", "Carapitengo"], "rating": null, "private": 0, "password": null}, {"uploadtime": 1743352445, "id": "gen9vgc2025reggbo3-2331334009", "format": "[Gen 9] VGC 2025 Reg G (Bo3)", "players": ["imjakingit", "Shirteasy22"], "rating": 1126, "private": 0, "password": null}, {"uploadtime": 1743352433, "id": "gen9vgc2025reggbo3-2331330672", "format": "[Gen 9] VGC 2025 Reg G (Bo3)", "players": ["imjakingit", "Shirteasy22"], "rating": null, "private": 0, "password": null}, {"uploadtime": 1743352390, "id": "gen9vgc2025reggbo3-2331334123", "format": "[Gen 9] VGC 2025 Reg G (Bo3)", "players": ["ferrarisbestfriend", "ALEX(bluesid)"], "rating": 1073, "private": 0, "password": null}, {"uploadtime": 1743352325, "id": "gen9vgc2025reggbo3-2331331672", "format": "[Gen 9] VGC 2025 Reg G (Bo3)", "players": ["Eternatususususu", "adhii"], "rating": null, "private": 0, "password": null}, {"uploadtime": 1743352325, "id": "gen9vgc2025reggbo3-2331330927", "format": "[Gen 9] VGC 2025 Reg G (Bo3)", "players": ["electrictopi", "DaniAragon"], "rating": null, "private": 0, "password": null}, {"uploadtime": 1743352325, "id": "gen9vgc2025reggbo3-2331330796", "format": "[Gen 9] VGC 2025 Reg G (Bo3)", "players": ["GucciGavin49", "terapagossing"], "rating": null, "private": 0, "password": null}, {"uploadtime": 1743352325, "id": "gen9vgc2025reggbo3-2331330336", "format": "[Gen 9] VGC 2025 Reg G (Bo3)", "players": ["Holixs", "Gworf"], "rating": null, "private": 0, "password": null}, {"uploadtime": 1743352307, "id": "gen9vgc2025reggbo3-2331334027", "format": "[Gen 9] VGC 2025 Reg G (Bo3)", "players": ["Cero03", "Chad Dusclops"], "rating": null, "private": 0, "password": null}, {"uploadtime": 1743352230, "id": "gen9vgc2025reggbo3-2331333180", "format": "[Gen 9] VGC 2025 Reg G (Bo3)", "players": ["koiseyo otome", "ProtectPartingShot"], "rating": 1412, "private": 0, "password": null}, {"uploadtime": 1743352187, "id": "gen9vgc2025reggbo3-2331331717", "format": "[Gen 9] VGC 2025 Reg G (Bo3)", "players": ["Alolcam", "CherryBomb03"], "rating": null, "private": 0, "password": null}, {"uploadtime": 1743352187, "id": "gen9vgc2025reggbo3-2331330483", "format": "[Gen 9] VGC 2025 Reg G (Bo3)", "players": ["Bapademon", "1. versuch"], "rating": null, "private": 0, "password": null}, {"uploadtime": 1743352169, "id": "gen9vgc2025reggbo3-2331330854", "format": "[Gen 9] VGC 2025 Reg G (Bo3)", "players": ["Schmalzbrot", "Flopi667"], "rating": null, "private": 0, "password": null}, {"uploadtime": 1743352147, "id": "gen9vgc2025reggbo3-2331331756", "format": "[Gen 9] VGC 2025 Reg G (Bo3)", "players": ["Cero03", "Chad Dusclops"], "rating": null, "private": 0, "password": null}, {"uploadtime": 1743352126, "id": "gen9vgc2025reggbo3-2331332161", "format": "[Gen 9] VGC 2025 Reg G (Bo3)", "players": ["ferrarisbestfriend", "ALEX(bluesid)"], "rating": null, "private": 0, "password": null}, {"uploadtime": 1743352054, "id": "gen9vgc2025reggbo3-2331331803", "format": "[Gen 9] VGC 2025 Reg G (Bo3)", "players": ["koiseyo otome", "ProtectPartingShot"], "rating": null, "private": 0, "password": null}, {"uploadtime": 1743352049, "id": "gen9vgc2025reggbo3-2331329862", "format": "[Gen 9] VGC 2025 Reg G (Bo3)", "players": ["Hactor-gv128", "StrummerT"], "rating": null, "private": 0, "password": null}, {"uploadtime": 1743352049, "id": "gen9vgc2025reggbo3-2331328919", "format": "[Gen 9] VGC 2025 Reg G (Bo3)", "players": ["Snarf6969", "lok_ee7"], "rating": 1069, "private": 0, "password": null}, {"uploadtime": 1743352049, "id": "gen9vgc2025reggbo3-2331328893", "format": "[Gen 9] VGC 2025 Reg G (Bo3)", "players": ["jay142", "stan marsh"], "rating": null, "private": 0, "password": null}, {"uploadtime": 1743351911, "id": "gen9vgc2025reggbo3-2331328231", "format": "[Gen 9] VGC 2025 Reg G (Bo3)", "players": ["Eternatususususu", "Jacobeiro"], "rating": null, "private": 0, "password": null}, {"uploadtime": 1743351911, "id": "gen9vgc2025reggbo3-2331328177", "format": "[Gen 9] VGC 2025 Reg G (Bo3)", "players": ["Bapademon", "1. versuch"], "rating": null, "private": 0, "password": null}, {"uploadtime": 1743351911, "id": "gen9vgc2025reggbo3-2331328005", "format": "[Gen 9] VGC 2025 Reg G (Bo3)", "players": ["Hactor-gv128", "StrummerT"], "rating": null, "private": 0, "password": null}, {"uploadtime": 1743351911, "id": "gen9vgc2025reggbo3-2331327792", "format": "[Gen 9] VGC 2025 Reg G (Bo3)", "players": ["CACHUMBO", "Scarface22"], "rating": null, "private": 0, "password": null}, {"uploadtime": 1743351911, "id": "gen9vgc2025reggbo3-2331326871", "format": "[Gen 9] VGC 2025 Reg G (Bo3)", "players": ["Pete Nuzlock", "NyanCatNik"], "rating": null, "private": 0, "password": null}, {"uploadtime": 1743351907, "id": "gen9vgc2025reggbo3-2331329768", "format": "[Gen 9] VGC 2025 Reg G (Bo3)", "players": ["Maziii", "koiseyo otome"], "rating": null, "private": 0, "password": null}, {"uploadtime": 1743351904, "id": "gen9vgc2025reggbo3-2331328530", "format": "[Gen 9] VGC 2025 Reg G (Bo3)", "players": ["Maziii", "koiseyo otome"], "rating": null, "private": 0, "password": null}, {"uploadtime": 1743351898, "id": "gen9vgc2025reggbo3-2331330275", "format": "[Gen 9] VGC 2025 Reg G (Bo3)", "players": ["Maziii", "koiseyo otome"], "rating": 1234, "private": 0, "password": null}, {"uploadtime": 1743351773, "id": "gen9vgc2025reggbo3-2331326795", "format": "[Gen 9] VGC 2025 Reg G (Bo3)", "players": ["Eternatususususu", "Jacobeiro"], "rating": null, "private": 0, "password": null}, {"uploadtime": 1743351773, "id": "gen9vgc2025reggbo3-2331326259", "format": "[Gen 9] VGC 2025 Reg G (Bo3)", "players": ["imjakingit", "Scarface22"], "rating": 1079, "private": 0, "password": null}, {"uploadtime": 1743351773, "id": "gen9vgc2025reggbo3-2331326132", "format": "[Gen 9] VGC 2025 Reg G (Bo3)", "players": ["marcolaker", "Holixs"], "rating": null, "private": 0, "password": null}, {"uploadtime": 1743351773, "id": "gen9vgc2025reggbo3-2331325687", "format": "[Gen 9] VGC 2025 Reg G (Bo3)", "players": ["Tecmovgc", "dricano"], "rating": null, "private": 0, "password": null}, {"uploadtime": 1743351773, "id": "gen9vgc2025reggbo3-2331324462", "format": "[Gen 9] VGC 2025 Reg G (Bo3)", "players": ["MatteoMabl", "Soratami"], "rating": null, "private": 0, "password": null}, {"uploadtime": 1743351773, "id": "gen9vgc2025reggbo3-2331320905", "format": "[Gen 9] VGC 2025 Reg G (Bo3)", "players": ["Chaki_Chak", "thander11"], "rating": null, "private": 0, "password": null}, {"uploadtime": 1743351497, "id": "gen9vgc2025reggbo3-2331325553", "format": "[Gen 9] VGC 2025 Reg G (Bo3)", "players": ["7thTachyon", "emiya1.0"], "rating": null, "private": 0, "password": null}, {"uploadtime": 1743351497, "id": "gen9vgc2025reggbo3-2331324095", "format": "[Gen 9] VGC 2025 Reg G (Bo3)", "players": ["imjakingit", "Scarface22"], "rating": null, "private": 0, "password": null}, {"uploadtime": 1743351497, "id": "gen9vgc2025reggbo3-2331323393", "format": "[Gen 9] VGC 2025 Reg G (Bo3)", "players": ["mikemoon11", "repete64"], "rating": null, "private": 0, "password": null}, {"uploadtime": 1743351359, "id": "gen9vgc2025reggbo3-2331322847", "format": "[Gen 9] VGC 2025 Reg G (Bo3)", "players": ["Arukohimura", "llamatruama"], "rating": null, "private": 0, "password": null}, {"uploadtime": 1743351359, "id": "gen9vgc2025reggbo3-2331322596", "format": "[Gen 9] VGC 2025 Reg G (Bo3)", "players": ["7thTachyon", "alxkdkdc"], "rating": null, "private": 0, "password": null}, {"uploadtime": 1743351221, "id": "gen9vgc2025reggbo3-2331321578", "format": "[Gen 9] VGC 2025 Reg G (Bo3)", "players": ["qu4ttro", "powerfulbuild"], "rating": null, "private": 0, "password": null}]