[{"uploadtime": 1743269623, "id": "gen9vgc2025reggbo3-2330714562", "format": "[Gen 9] VGC 2025 Reg G (Bo3)", "players": ["liviopocoyoco", "gepesek"], "rating": null, "private": 0, "password": null}, {"uploadtime": 1743269623, "id": "gen9vgc2025reggbo3-2330714211", "format": "[Gen 9] VGC 2025 Reg G (Bo3)", "players": ["apex lel", "HunterOnShowdown"], "rating": null, "private": 0, "password": null}, {"uploadtime": 1743269623, "id": "gen9vgc2025reggbo3-2330713958", "format": "[Gen 9] VGC 2025 Reg G (Bo3)", "players": ["CookiMnster917", "Matyel2030"], "rating": null, "private": 0, "password": null}, {"uploadtime": 1743269484, "id": "gen9vgc2025reggbo3-2330712029", "format": "[Gen 9] VGC 2025 Reg G (Bo3)", "players": ["No.Name.Th", "practicehihello"], "rating": null, "private": 0, "password": null}, {"uploadtime": 1743269484, "id": "gen9vgc2025reggbo3-2330711858", "format": "[Gen 9] VGC 2025 Reg G (Bo3)", "players": ["Bhshhdgs", "gorgisfun"], "rating": null, "private": 0, "password": null}, {"uploadtime": 1743269394, "id": "gen9vgc2025reggbo3-2330711035", "format": "[Gen 9] VGC 2025 Reg G (Bo3)", "players": ["zjk19", "IkeAmp88"], "rating": 1074, "private": 0, "password": null}, {"uploadtime": 1743269344, "id": "gen9vgc2025reggbo3-2330711263", "format": "[Gen 9] VGC 2025 Reg G (Bo3)", "players": ["noya shiba", "Obieisme"], "rating": null, "private": 0, "password": null}, {"uploadtime": 1743269344, "id": "gen9vgc2025reggbo3-2330710618", "format": "[Gen 9] VGC 2025 Reg G (Bo3)", "players": ["gepesek", "AthenaStrive9"], "rating": null, "private": 0, "password": null}, {"uploadtime": 1743269344, "id": "gen9vgc2025reggbo3-2330709385", "format": "[Gen 9] VGC 2025 Reg G (Bo3)", "players": ["Fang_2618", "oriummon"], "rating": null, "private": 0, "password": null}, {"uploadtime": 1743269204, "id": "gen9vgc2025reggbo3-2330710992", "format": "[Gen 9] VGC 2025 Reg G (Bo3)", "players": ["jamirolol", "Semiau"], "rating": null, "private": 0, "password": null}, {"uploadtime": 1743269204, "id": "gen9vgc2025reggbo3-2330710971", "format": "[Gen 9] VGC 2025 Reg G (Bo3)", "players": ["MobiusVGC", "Frozen Miind"], "rating": null, "private": 0, "password": null}, {"uploadtime": 1743269204, "id": "gen9vgc2025reggbo3-2330710251", "format": "[Gen 9] VGC 2025 Reg G (Bo3)", "players": ["Djdjej3834", "bapdabo"], "rating": null, "private": 0, "password": null}, {"uploadtime": 1743269179, "id": "gen9vgc2025reggbo3-2330712619", "format": "[Gen 9] VGC 2025 Reg G (Bo3)", "players": ["JJJ0k3", "Etrale"], "rating": 1086, "private": 0, "password": null}, {"uploadtime": 1743269172, "id": "gen9vgc2025reggbo3-2330710202", "format": "[Gen 9] VGC 2025 Reg G (Bo3)", "players": ["JJJ0k3", "Etrale"], "rating": null, "private": 0, "password": null}, {"uploadtime": 1743268970, "id": "gen9vgc2025reggbo3-2330709254", "format": "[Gen 9] VGC 2025 Reg G (Bo3)", "players": ["Chronicred", "GlickWithAGlock"], "rating": 1103, "private": 0, "password": null}, {"uploadtime": 1743268925, "id": "gen9vgc2025reggbo3-2330707482", "format": "[Gen 9] VGC 2025 Reg G (Bo3)", "players": ["jamirolol", "apex lel"], "rating": null, "private": 0, "password": null}, {"uploadtime": 1743268925, "id": "gen9vgc2025reggbo3-2330706451", "format": "[Gen 9] VGC 2025 Reg G (Bo3)", "players": ["Flamingtiger56", "mattderu5784"], "rating": null, "private": 0, "password": null}, {"uploadtime": 1743268786, "id": "gen9vgc2025reggbo3-2330706810", "format": "[Gen 9] VGC 2025 Reg G (Bo3)", "players": ["rio melaceto", "road to atlanta"], "rating": null, "private": 0, "password": null}, {"uploadtime": 1743268786, "id": "gen9vgc2025reggbo3-2330706080", "format": "[Gen 9] VGC 2025 Reg G (Bo3)", "players": ["sqldeveloper", "Jzvictini"], "rating": 1426, "private": 0, "password": null}, {"uploadtime": 1743268786, "id": "gen9vgc2025reggbo3-2330704911", "format": "[Gen 9] VGC 2025 Reg G (Bo3)", "players": ["pwefo", "Molis11"], "rating": null, "private": 0, "password": null}, {"uploadtime": 1743268767, "id": "gen9vgc2025reggbo3-2330706848", "format": "[Gen 9] VGC 2025 Reg G (Bo3)", "players": ["D-scNSe", "mikemoon11"], "rating": 1245, "private": 0, "password": null}, {"uploadtime": 1743268708, "id": "gen9vgc2025reggbo3-2330706777", "format": "[Gen 9] VGC 2025 Reg G (Bo3)", "players": ["Chronicred", "GlickWithAGlock"], "rating": null, "private": 0, "password": null}, {"uploadtime": 1743268647, "id": "gen9vgc2025reggbo3-2330705798", "format": "[Gen 9] VGC 2025 Reg G (Bo3)", "players": ["TeeKhay3", "Audinapuzzle"], "rating": null, "private": 0, "password": null}, {"uploadtime": 1743268647, "id": "gen9vgc2025reggbo3-2330704776", "format": "[Gen 9] VGC 2025 Reg G (Bo3)", "players": ["YoMrPokemon", "jamirolol"], "rating": 1023, "private": 0, "password": null}, {"uploadtime": 1743268647, "id": "gen9vgc2025reggbo3-2330704663", "format": "[Gen 9] VGC 2025 Reg G (Bo3)", "players": ["Jacobeiro", "DGBeamer"], "rating": null, "private": 0, "password": null}, {"uploadtime": 1743268647, "id": "gen9vgc2025reggbo3-2330704660", "format": "[Gen 9] VGC 2025 Reg G (Bo3)", "players": ["Knithar", "KingBlueFang"], "rating": null, "private": 0, "password": null}, {"uploadtime": 1743268647, "id": "gen9vgc2025reggbo3-2330704186", "format": "[Gen 9] VGC 2025 Reg G (Bo3)", "players": ["rio melaceto", "road to atlanta"], "rating": null, "private": 0, "password": null}, {"uploadtime": 1743268630, "id": "gen9vgc2025reggbo3-2330704113", "format": "[Gen 9] VGC 2025 Reg G (Bo3)", "players": ["RedCosmonaut", "joni1404"], "rating": 1029, "private": 0, "password": null}, {"uploadtime": 1743268507, "id": "gen9vgc2025reggbo3-2330703450", "format": "[Gen 9] VGC 2025 Reg G (Bo3)", "players": ["TeeKhay3", "Audinapuzzle"], "rating": null, "private": 0, "password": null}, {"uploadtime": 1743268507, "id": "gen9vgc2025reggbo3-2330703154", "format": "[Gen 9] VGC 2025 Reg G (Bo3)", "players": ["JammVGC", "LaxoVGC"], "rating": null, "private": 0, "password": null}, {"uploadtime": 1743268507, "id": "gen9vgc2025reggbo3-2330700555", "format": "[Gen 9] VGC 2025 Reg G (Bo3)", "players": ["Afonsho", "WB_Rick"], "rating": null, "private": 0, "password": null}, {"uploadtime": 1743268447, "id": "gen9vgc2025reggbo3-2330704195", "format": "[Gen 9] VGC 2025 Reg G (Bo3)", "players": ["Chronicred", "GlickWithAGlock"], "rating": null, "private": 0, "password": null}, {"uploadtime": 1743268444, "id": "gen9vgc2025reggbo3-2330705095", "format": "[Gen 9] VGC 2025 Reg G (Bo3)", "players": ["D-scNSe", "mikemoon11"], "rating": null, "private": 0, "password": null}, {"uploadtime": 1743268368, "id": "gen9vgc2025reggbo3-2330699376", "format": "[Gen 9] VGC 2025 Reg G (Bo3)", "players": ["Juhxx_", "Scemo34"], "rating": null, "private": 0, "password": null}, {"uploadtime": 1743268228, "id": "gen9vgc2025reggbo3-2330700629", "format": "[Gen 9] VGC 2025 Reg G (Bo3)", "players": ["Rossificture", "JammyMcJ"], "rating": null, "private": 0, "password": null}, {"uploadtime": 1743268143, "id": "gen9vgc2025reggbo3-2330686014", "format": "[Gen 9] VGC 2025 Reg G (Bo3)", "players": ["Isaiahwins mAtches", "calmmind75"], "rating": null, "private": 0, "password": null}, {"uploadtime": 1743268136, "id": "gen9vgc2025reggbo3-2330683299", "format": "[Gen 9] VGC 2025 Reg G (Bo3)", "players": ["Isaiahwins mAtches", "calmmind75"], "rating": null, "private": 0, "password": null}, {"uploadtime": 1743267836, "id": "gen9vgc2025reggbo3-2330699213", "format": "[Gen 9] VGC 2025 Reg G (Bo3)", "players": ["Etrale", "Akalaman"], "rating": 1202, "private": 0, "password": null}, {"uploadtime": 1743267829, "id": "gen9vgc2025reggbo3-2330697454", "format": "[Gen 9] VGC 2025 Reg G (Bo3)", "players": ["Etrale", "Akalaman"], "rating": null, "private": 0, "password": null}, {"uploadtime": 1743267810, "id": "gen9vgc2025reggbo3-2330697762", "format": "[Gen 9] VGC 2025 Reg G (Bo3)", "players": ["snakatakka", "Hello Miccel"], "rating": null, "private": 0, "password": null}, {"uploadtime": 1743267810, "id": "gen9vgc2025reggbo3-2330695547", "format": "[Gen 9] VGC 2025 Reg G (Bo3)", "players": ["CalviceGaming", "oriummon"], "rating": null, "private": 0, "password": null}, {"uploadtime": 1743267740, "id": "gen9vgc2025reggbo3-2330697608", "format": "[Gen 9] VGC 2025 Reg G (Bo3)", "players": ["papixe", "D-scNSe"], "rating": 1224, "private": 0, "password": null}, {"uploadtime": 1743267481, "id": "gen9vgc2025reggbo3-2330693123", "format": "[Gen 9] VGC 2025 Reg G (Bo3)", "players": ["Andreu.RR", "joni1404"], "rating": 1148, "private": 0, "password": null}, {"uploadtime": 1743267477, "id": "gen9vgc2025reggbo3-2330693184", "format": "[Gen 9] VGC 2025 Reg G (Bo3)", "players": ["papixe", "D-scNSe"], "rating": null, "private": 0, "password": null}, {"uploadtime": 1743267423, "id": "gen9vgc2025reggbo3-2330694631", "format": "[Gen 9] VGC 2025 Reg G (Bo3)", "players": ["LaxoVGC", "Junseville"], "rating": 1264, "private": 0, "password": null}, {"uploadtime": 1743267406, "id": "gen9vgc2025reggbo3-2330693276", "format": "[Gen 9] VGC 2025 Reg G (Bo3)", "players": ["Drgringo", "Pawah"], "rating": 1302, "private": 0, "password": null}, {"uploadtime": 1743267396, "id": "gen9vgc2025reggbo3-2330690692", "format": "[Gen 9] VGC 2025 Reg G (Bo3)", "players": ["Drgringo", "Pawah"], "rating": null, "private": 0, "password": null}, {"uploadtime": 1743267392, "id": "gen9vgc2025reggbo3-2330693895", "format": "[Gen 9] VGC 2025 Reg G (Bo3)", "players": ["z a1234565", "MultiStormChi"], "rating": 1025, "private": 0, "password": null}, {"uploadtime": 1743267251, "id": "gen9vgc2025reggbo3-2330689708", "format": "[Gen 9] VGC 2025 Reg G (Bo3)", "players": ["jozinho", "Juhxx_"], "rating": null, "private": 0, "password": null}, {"uploadtime": 1743267181, "id": "gen9vgc2025reggbo3-2330691880", "format": "[Gen 9] VGC 2025 Reg G (Bo3)", "players": ["LaxoVGC", "Junseville"], "rating": null, "private": 0, "password": null}, {"uploadtime": 1743267019, "id": "gen9vgc2025reggbo3-2330689224", "format": "[Gen 9] VGC 2025 Reg G (Bo3)", "players": ["papixe", "D-scNSe"], "rating": null, "private": 0, "password": null}]