[{"uploadtime": 1743437430, "id": "gen9vgc2025reggbo3-2332059978", "format": "[Gen 9] VGC 2025 Reg G (Bo3)", "players": ["smoking brocoli", "kaf7"], "rating": 1222, "private": 0, "password": null}, {"uploadtime": 1743437412, "id": "gen9vgc2025reggbo3-2332064409", "format": "[Gen 9] VGC 2025 Reg G (Bo3)", "players": ["rainyshrimpyy", "NoNeedForGravity"], "rating": null, "private": 0, "password": null}, {"uploadtime": 1743437292, "id": "gen9vgc2025reggbo3-2332059856", "format": "[Gen 9] VGC 2025 Reg G (Bo3)", "players": ["DerpyRizzyPenguin", "EifieLisa"], "rating": 1360, "private": 0, "password": null}, {"uploadtime": 1743437292, "id": "gen9vgc2025reggbo3-2332059136", "format": "[Gen 9] VGC 2025 Reg G (Bo3)", "players": ["habeebomarali123", "Ribbicus"], "rating": null, "private": 0, "password": null}, {"uploadtime": 1743437292, "id": "gen9vgc2025reggbo3-2332058144", "format": "[Gen 9] VGC 2025 Reg G (Bo3)", "players": ["Warmlightning", "Jakepittman11"], "rating": 1187, "private": 0, "password": null}, {"uploadtime": 1743437262, "id": "gen9vgc2025reggbo3-2332061136", "format": "[Gen 9] VGC 2025 Reg G (Bo3)", "players": ["hugoplays05", "ClubTropicanaVGC"], "rating": null, "private": 0, "password": null}, {"uploadtime": 1743437191, "id": "gen9vgc2025reggbo3-2332059269", "format": "[Gen 9] VGC 2025 Reg G (Bo3)", "players": ["Bass pro stan", "MobiusVGC"], "rating": 1399, "private": 0, "password": null}, {"uploadtime": 1743437188, "id": "gen9vgc2025reggbo3-2332056781", "format": "[Gen 9] VGC 2025 Reg G (Bo3)", "players": ["Bass pro stan", "MobiusVGC"], "rating": null, "private": 0, "password": null}, {"uploadtime": 1743437186, "id": "gen9vgc2025reggbo3-2332054151", "format": "[Gen 9] VGC 2025 Reg G (Bo3)", "players": ["Bass pro stan", "MobiusVGC"], "rating": null, "private": 0, "password": null}, {"uploadtime": 1743437182, "id": "gen9vgc2025reggbo3-2332058789", "format": "[Gen 9] VGC 2025 Reg G (Bo3)", "players": ["Leuco9", "3Blackwolf"], "rating": 1067, "private": 0, "password": null}, {"uploadtime": 1743437154, "id": "gen9vgc2025reggbo3-2332060503", "format": "[Gen 9] VGC 2025 Reg G (Bo3)", "players": ["NoNeedForGravity", "rainyshrimpyy"], "rating": null, "private": 0, "password": null}, {"uploadtime": 1743437140, "id": "gen9vgc2025reggbo3-2332056259", "format": "[Gen 9] VGC 2025 Reg G (Bo3)", "players": ["noya shiba", "Fluvialcrossing"], "rating": null, "private": 0, "password": null}, {"uploadtime": 1743436910, "id": "gen9vgc2025reggbo3-2332058498", "format": "[Gen 9] VGC 2025 Reg G (Bo3)", "players": ["NoNeedForGravity", "rainyshrimpyy"], "rating": null, "private": 0, "password": null}, {"uploadtime": 1743436616, "id": "gen9vgc2025reggbo3-2332053228", "format": "[Gen 9] VGC 2025 Reg G (Bo3)", "players": ["Bgor", "Frozen Miind"], "rating": 1293, "private": 0, "password": null}, {"uploadtime": 1743436608, "id": "gen9vgc2025reggbo3-2332050977", "format": "[Gen 9] VGC 2025 Reg G (Bo3)", "players": ["Bgor", "Frozen Miind"], "rating": null, "private": 0, "password": null}, {"uploadtime": 1743436594, "id": "gen9vgc2025reggbo3-2332048444", "format": "[Gen 9] VGC 2025 Reg G (Bo3)", "players": ["Bgor", "Frozen Miind"], "rating": null, "private": 0, "password": null}, {"uploadtime": 1743436570, "id": "gen9vgc2025reggbo3-2332052468", "format": "[Gen 9] VGC 2025 Reg G (Bo3)", "players": ["LinkoO", "kkaytee"], "rating": 1109, "private": 0, "password": null}, {"uploadtime": 1743436557, "id": "gen9vgc2025reggbo3-2332051402", "format": "[Gen 9] VGC 2025 Reg G (Bo3)", "players": ["noya shiba", "Fluvialcrossing"], "rating": null, "private": 0, "password": null}, {"uploadtime": 1743436557, "id": "gen9vgc2025reggbo3-2332051082", "format": "[Gen 9] VGC 2025 Reg G (Bo3)", "players": ["yarexp", "richxssj"], "rating": null, "private": 0, "password": null}, {"uploadtime": 1743436554, "id": "gen9vgc2025reggbo3-2332049474", "format": "[Gen 9] VGC 2025 Reg G (Bo3)", "players": ["LinkoO", "kkaytee"], "rating": null, "private": 0, "password": null}, {"uploadtime": 1743436510, "id": "gen9vgc2025reggbo3-2332044885", "format": "[Gen 9] VGC 2025 Reg G (Bo3)", "players": ["yarexp", "richxssj"], "rating": null, "private": 0, "password": null}, {"uploadtime": 1743436376, "id": "gen9vgc2025reggbo3-2332050633", "format": "[Gen 9] VGC 2025 Reg G (Bo3)", "players": ["rock1093", "mangoemu"], "rating": 1040, "private": 0, "password": null}, {"uploadtime": 1743435945, "id": "gen9vgc2025reggbo3-2332043162", "format": "[Gen 9] VGC 2025 Reg G (Bo3)", "players": ["Ashniss", "RichardTheCompany"], "rating": null, "private": 0, "password": null}, {"uploadtime": 1743435478, "id": "gen9vgc2025reggbo3-2332039064", "format": "[Gen 9] VGC 2025 Reg G (Bo3)", "players": ["yooyoo9501", "Kemp1412"], "rating": null, "private": 0, "password": null}, {"uploadtime": 1743435240, "id": "gen9vgc2025reggbo3-2332037520", "format": "[Gen 9] VGC 2025 Reg G (Bo3)", "players": ["tetas de latina", "SalomeKostecho"], "rating": 1075, "private": 0, "password": null}, {"uploadtime": 1743435094, "id": "gen9vgc2025reggbo3-2332033092", "format": "[Gen 9] VGC 2025 Reg G (Bo3)", "players": ["tetas de latina", "SalomeKostecho"], "rating": null, "private": 0, "password": null}, {"uploadtime": 1743435063, "id": "gen9vgc2025reggbo3-2332035709", "format": "[Gen 9] VGC 2025 Reg G (Bo3)", "players": ["Devious PLan", "Bogging"], "rating": null, "private": 0, "password": null}, {"uploadtime": 1743435063, "id": "gen9vgc2025reggbo3-2332034776", "format": "[Gen 9] VGC 2025 Reg G (Bo3)", "players": ["amarin93", "ALBUGBETO"], "rating": null, "private": 0, "password": null}, {"uploadtime": 1743435063, "id": "gen9vgc2025reggbo3-2332034463", "format": "[Gen 9] VGC 2025 Reg G (Bo3)", "players": ["cringepilled", "Alolcam"], "rating": null, "private": 0, "password": null}, {"uploadtime": 1743435063, "id": "gen9vgc2025reggbo3-2332033439", "format": "[Gen 9] VGC 2025 Reg G (Bo3)", "players": ["Kramenwhale", "Warmlightning"], "rating": null, "private": 0, "password": null}, {"uploadtime": 1743434924, "id": "gen9vgc2025reggbo3-2332032073", "format": "[Gen 9] VGC 2025 Reg G (Bo3)", "players": ["sewtewgames", "Maretetes"], "rating": null, "private": 0, "password": null}, {"uploadtime": 1743434924, "id": "gen9vgc2025reggbo3-2332031920", "format": "[Gen 9] VGC 2025 Reg G (Bo3)", "players": ["amarin93", "ALBUGBETO"], "rating": null, "private": 0, "password": null}, {"uploadtime": 1743434786, "id": "gen9vgc2025reggbo3-2332032493", "format": "[Gen 9] VGC 2025 Reg G (Bo3)", "players": ["Kramenwhale", "Warmlightning"], "rating": null, "private": 0, "password": null}, {"uploadtime": 1743434786, "id": "gen9vgc2025reggbo3-2332029888", "format": "[Gen 9] VGC 2025 Reg G (Bo3)", "players": ["lu1003", "Edmondantes97"], "rating": null, "private": 0, "password": null}, {"uploadtime": 1743434648, "id": "gen9vgc2025reggbo3-2332028260", "format": "[Gen 9] VGC 2025 Reg G (Bo3)", "players": ["mixontokox", "Doofusburger666"], "rating": null, "private": 0, "password": null}, {"uploadtime": 1743434647, "id": "gen9vgc2025reggbo3-2332029948", "format": "[Gen 9] VGC 2025 Reg G (Bo3)", "players": ["krocksucker", "pfysche"], "rating": null, "private": 0, "password": null}, {"uploadtime": 1743434647, "id": "gen9vgc2025reggbo3-2332029535", "format": "[Gen 9] VGC 2025 Reg G (Bo3)", "players": ["Aliyev", "Keqinamu"], "rating": null, "private": 0, "password": null}, {"uploadtime": 1743434647, "id": "gen9vgc2025reggbo3-2332029349", "format": "[Gen 9] VGC 2025 Reg G (Bo3)", "players": ["FrenziedMyGouging", "juacox300"], "rating": 1329, "private": 0, "password": null}, {"uploadtime": 1743434647, "id": "gen9vgc2025reggbo3-2332028768", "format": "[Gen 9] VGC 2025 Reg G (Bo3)", "players": ["Rudunbo", "Maretetes"], "rating": 1060, "private": 0, "password": null}, {"uploadtime": 1743434609, "id": "gen9vgc2025reggbo3-2332031179", "format": "[Gen 9] VGC 2025 Reg G (Bo3)", "players": ["3Blackwolf", "123Ayan"], "rating": 1036, "private": 0, "password": null}, {"uploadtime": 1743434509, "id": "gen9vgc2025reggbo3-2332029399", "format": "[Gen 9] VGC 2025 Reg G (Bo3)", "players": ["Adriatic Tides", "Warmlightning"], "rating": null, "private": 0, "password": null}, {"uploadtime": 1743434377, "id": "gen9vgc2025reggbo3-2332028838", "format": "[Gen 9] VGC 2025 Reg G (Bo3)", "players": ["Juanitto Balatrez", "FleurCannon56"], "rating": 1211, "private": 0, "password": null}, {"uploadtime": 1743434370, "id": "gen9vgc2025reggbo3-2332026226", "format": "[Gen 9] VGC 2025 Reg G (Bo3)", "players": ["ThiagooUchoa", "fennik7621"], "rating": null, "private": 0, "password": null}, {"uploadtime": 1743434370, "id": "gen9vgc2025reggbo3-2332025577", "format": "[Gen 9] VGC 2025 Reg G (Bo3)", "players": ["FrenziedMyGouging", "juacox300"], "rating": null, "private": 0, "password": null}, {"uploadtime": 1743434232, "id": "gen9vgc2025reggbo3-2332025762", "format": "[Gen 9] VGC 2025 Reg G (Bo3)", "players": ["ziggleroid_don", "queenofkp"], "rating": 1008, "private": 0, "password": null}, {"uploadtime": 1743434232, "id": "gen9vgc2025reggbo3-2332025447", "format": "[Gen 9] VGC 2025 Reg G (Bo3)", "players": ["Hoogaman", "Edmondantes97"], "rating": null, "private": 0, "password": null}, {"uploadtime": 1743434232, "id": "gen9vgc2025reggbo3-2332023256", "format": "[Gen 9] VGC 2025 Reg G (Bo3)", "players": ["supernenechiiii", "TheCrazedMimikyu"], "rating": null, "private": 0, "password": null}, {"uploadtime": 1743434192, "id": "gen9vgc2025reggbo3-2332027285", "format": "[Gen 9] VGC 2025 Reg G (Bo3)", "players": ["PTucci98", "pokenerd777hh"], "rating": 1000, "private": 0, "password": null}, {"uploadtime": 1743434187, "id": "gen9vgc2025reggbo3-2332027173", "format": "[Gen 9] VGC 2025 Reg G (Bo3)", "players": ["Juanitto Balatrez", "FleurCannon56"], "rating": null, "private": 0, "password": null}, {"uploadtime": 1743434102, "id": "gen9vgc2025reggbo3-2332024305", "format": "[Gen 9] VGC 2025 Reg G (Bo3)", "players": ["yellowcookies", "pixelfx"], "rating": 1273, "private": 0, "password": null}, {"uploadtime": 1743434093, "id": "gen9vgc2025reggbo3-2332022837", "format": "[Gen 9] VGC 2025 Reg G (Bo3)", "players": ["Hoogaman", "Edmondantes97"], "rating": null, "private": 0, "password": null}]