[{"uploadtime": 1743366405, "id": "gen9vgc2025reggbo3-2331473697", "format": "[Gen 9] VGC 2025 Reg G (Bo3)", "players": ["Zalsto", "er capi"], "rating": null, "private": 0, "password": null}, {"uploadtime": 1743366405, "id": "gen9vgc2025reggbo3-2331472600", "format": "[Gen 9] VGC 2025 Reg G (Bo3)", "players": ["Warmlightning", "MiniBerg10"], "rating": null, "private": 0, "password": null}, {"uploadtime": 1743366400, "id": "gen9vgc2025reggbo3-2331474168", "format": "[Gen 9] VGC 2025 Reg G (Bo3)", "players": ["wideguard_user", "wesleihas"], "rating": 1366, "private": 0, "password": null}, {"uploadtime": 1743366387, "id": "gen9vgc2025reggbo3-2331470434", "format": "[Gen 9] VGC 2025 Reg G (Bo3)", "players": ["wideguard_user", "wesleihas"], "rating": null, "private": 0, "password": null}, {"uploadtime": 1743366325, "id": "gen9vgc2025reggbo3-2331473598", "format": "[Gen 9] VGC 2025 Reg G (Bo3)", "players": ["depea", "ronaldorush"], "rating": null, "private": 0, "password": null}, {"uploadtime": 1743366264, "id": "gen9vgc2025reggbo3-2331473720", "format": "[Gen 9] VGC 2025 Reg G (Bo3)", "players": ["nautillect", "Nightfall-Queen"], "rating": null, "private": 0, "password": null}, {"uploadtime": 1743366264, "id": "gen9vgc2025reggbo3-2331473115", "format": "[Gen 9] VGC 2025 Reg G (Bo3)", "players": ["doung yolph", "Onemagician4496"], "rating": null, "private": 0, "password": null}, {"uploadtime": 1743366264, "id": "gen9vgc2025reggbo3-2331469349", "format": "[Gen 9] VGC 2025 Reg G (Bo3)", "players": ["daxtef", "Diego Soria"], "rating": null, "private": 0, "password": null}, {"uploadtime": 1743366120, "id": "gen9vgc2025reggbo3-2331470781", "format": "[Gen 9] VGC 2025 Reg G (Bo3)", "players": ["viatles", "GucciGavin49"], "rating": null, "private": 0, "password": null}, {"uploadtime": 1743366119, "id": "gen9vgc2025reggbo3-2331470453", "format": "[Gen 9] VGC 2025 Reg G (Bo3)", "players": ["Zalsto", "er capi"], "rating": null, "private": 0, "password": null}, {"uploadtime": 1743366070, "id": "gen9vgc2025reggbo3-2331469037", "format": "[Gen 9] VGC 2025 Reg G (Bo3)", "players": ["pepe1994uchia", "amphy lighthouse"], "rating": null, "private": 0, "password": null}, {"uploadtime": 1743365977, "id": "gen9vgc2025reggbo3-2331470445", "format": "[Gen 9] VGC 2025 Reg G (Bo3)", "players": ["KrishKabob", "Daniw9"], "rating": null, "private": 0, "password": null}, {"uploadtime": 1743365977, "id": "gen9vgc2025reggbo3-2331468763", "format": "[Gen 9] VGC 2025 Reg G (Bo3)", "players": ["ethnol1816", "LemmeCallMyGuy"], "rating": null, "private": 0, "password": null}, {"uploadtime": 1743365837, "id": "gen9vgc2025reggbo3-2331468945", "format": "[Gen 9] VGC 2025 Reg G (Bo3)", "players": ["Doofusburger666", "krocksucker"], "rating": 1070, "private": 0, "password": null}, {"uploadtime": 1743365837, "id": "gen9vgc2025reggbo3-2331468746", "format": "[Gen 9] VGC 2025 Reg G (Bo3)", "players": ["KrishKabob", "Daniw9"], "rating": null, "private": 0, "password": null}, {"uploadtime": 1743365837, "id": "gen9vgc2025reggbo3-2331468433", "format": "[Gen 9] VGC 2025 Reg G (Bo3)", "players": ["yhjhf6", "Shirteasy22"], "rating": null, "private": 0, "password": null}, {"uploadtime": 1743365837, "id": "gen9vgc2025reggbo3-2331468170", "format": "[Gen 9] VGC 2025 Reg G (Bo3)", "players": ["jit444", "BaconBackLizard"], "rating": null, "private": 0, "password": null}, {"uploadtime": 1743365837, "id": "gen9vgc2025reggbo3-2331467358", "format": "[Gen 9] VGC 2025 Reg G (Bo3)", "players": ["viatles", "GucciGavin49"], "rating": null, "private": 0, "password": null}, {"uploadtime": 1743365765, "id": "gen9vgc2025reggbo3-2331469359", "format": "[Gen 9] VGC 2025 Reg G (Bo3)", "players": ["Volanr", "marcosdeltasena31"], "rating": 1383, "private": 0, "password": null}, {"uploadtime": 1743365759, "id": "gen9vgc2025reggbo3-2331467184", "format": "[Gen 9] VGC 2025 Reg G (Bo3)", "players": ["Volanr", "marcosdeltasena31"], "rating": null, "private": 0, "password": null}, {"uploadtime": 1743365709, "id": "gen9vgc2025reggbo3-2331464212", "format": "[Gen 9] VGC 2025 Reg G (Bo3)", "players": ["Volanr", "marcosdeltasena31"], "rating": null, "private": 0, "password": null}, {"uploadtime": 1743365696, "id": "gen9vgc2025reggbo3-2331467247", "format": "[Gen 9] VGC 2025 Reg G (Bo3)", "players": ["krocksucker", "The3rdGourmet"], "rating": 1090, "private": 0, "password": null}, {"uploadtime": 1743365696, "id": "gen9vgc2025reggbo3-2331467042", "format": "[Gen 9] VGC 2025 Reg G (Bo3)", "players": ["Holixs", "WILLIWONKINEITOR"], "rating": 1175, "private": 0, "password": null}, {"uploadtime": 1743365696, "id": "gen9vgc2025reggbo3-2331466426", "format": "[Gen 9] VGC 2025 Reg G (Bo3)", "players": ["Pixelito29", "CrazyCab74"], "rating": null, "private": 0, "password": null}, {"uploadtime": 1743365696, "id": "gen9vgc2025reggbo3-2331466259", "format": "[Gen 9] VGC 2025 Reg G (Bo3)", "players": ["jit444", "BaconBackLizard"], "rating": null, "private": 0, "password": null}, {"uploadtime": 1743365696, "id": "gen9vgc2025reggbo3-2331465803", "format": "[Gen 9] VGC 2025 Reg G (Bo3)", "players": ["ethnol1816", "LemmeCallMyGuy"], "rating": null, "private": 0, "password": null}, {"uploadtime": 1743365695, "id": "gen9vgc2025reggbo3-2331467266", "format": "[Gen 9] VGC 2025 Reg G (Bo3)", "players": ["Dragon4521", "bad player moment"], "rating": null, "private": 0, "password": null}, {"uploadtime": 1743365678, "id": "gen9vgc2025reggbo3-2331468600", "format": "[Gen 9] VGC 2025 Reg G (Bo3)", "players": ["Sizzle2466", "PiniTera"], "rating": 1198, "private": 0, "password": null}, {"uploadtime": 1743365660, "id": "gen9vgc2025reggbo3-2331466513", "format": "[Gen 9] VGC 2025 Reg G (Bo3)", "players": ["Sizzle2466", "PiniTera"], "rating": null, "private": 0, "password": null}, {"uploadtime": 1743365638, "id": "gen9vgc2025reggbo3-2331469229", "format": "[Gen 9] VGC 2025 Reg G (Bo3)", "players": ["kire913e", "koiseyo otome"], "rating": 1197, "private": 0, "password": null}, {"uploadtime": 1743365555, "id": "gen9vgc2025reggbo3-2331465551", "format": "[Gen 9] VGC 2025 Reg G (Bo3)", "players": ["Dragon4521", "bad player moment"], "rating": null, "private": 0, "password": null}, {"uploadtime": 1743365555, "id": "gen9vgc2025reggbo3-2331464255", "format": "[Gen 9] VGC 2025 Reg G (Bo3)", "players": ["Holixs", "WILLIWONKINEITOR"], "rating": null, "private": 0, "password": null}, {"uploadtime": 1743365539, "id": "gen9vgc2025reggbo3-2331467624", "format": "[Gen 9] VGC 2025 Reg G (Bo3)", "players": ["kire913e", "koiseyo otome"], "rating": null, "private": 0, "password": null}, {"uploadtime": 1743365522, "id": "gen9vgc2025reggbo3-2331465964", "format": "[Gen 9] VGC 2025 Reg G (Bo3)", "players": ["pepe1994uchia", "amphy lighthouse"], "rating": null, "private": 0, "password": null}, {"uploadtime": 1743365521, "id": "gen9vgc2025reggbo3-2331467039", "format": "[Gen 9] VGC 2025 Reg G (Bo3)", "players": ["LaurenceOfTheLabia", "lettitripppp"], "rating": 1000, "private": 0, "password": null}, {"uploadtime": 1743365517, "id": "gen9vgc2025reggbo3-2331463695", "format": "[Gen 9] VGC 2025 Reg G (Bo3)", "players": ["pepe1994uchia", "amphy lighthouse"], "rating": null, "private": 0, "password": null}, {"uploadtime": 1743365414, "id": "gen9vgc2025reggbo3-2331464036", "format": "[Gen 9] VGC 2025 Reg G (Bo3)", "players": ["bobovile", "Daniw9"], "rating": null, "private": 0, "password": null}, {"uploadtime": 1743365414, "id": "gen9vgc2025reggbo3-2331463564", "format": "[Gen 9] VGC 2025 Reg G (Bo3)", "players": ["Cymorgcomics", "pqlarbear_fan"], "rating": 1458, "private": 0, "password": null}, {"uploadtime": 1743365414, "id": "gen9vgc2025reggbo3-2331461172", "format": "[Gen 9] VGC 2025 Reg G (Bo3)", "players": ["ReaderMorgan", "chapichaps"], "rating": null, "private": 0, "password": null}, {"uploadtime": 1743365413, "id": "gen9vgc2025reggbo3-2331463119", "format": "[Gen 9] VGC 2025 Reg G (Bo3)", "players": ["Pixelito29", "CrazyCab74"], "rating": null, "private": 0, "password": null}, {"uploadtime": 1743365413, "id": "gen9vgc2025reggbo3-2331463101", "format": "[Gen 9] VGC 2025 Reg G (Bo3)", "players": ["idontknow25", "cervivon"], "rating": 1311, "private": 0, "password": null}, {"uploadtime": 1743365358, "id": "gen9vgc2025reggbo3-2331463188", "format": "[Gen 9] VGC 2025 Reg G (Bo3)", "players": ["koiseyo otome", "CandleBlue"], "rating": null, "private": 0, "password": null}, {"uploadtime": 1743365354, "id": "gen9vgc2025reggbo3-2331460885", "format": "[Gen 9] VGC 2025 Reg G (Bo3)", "players": ["koiseyo otome", "CandleBlue"], "rating": null, "private": 0, "password": null}, {"uploadtime": 1743365349, "id": "gen9vgc2025reggbo3-2331464169", "format": "[Gen 9] VGC 2025 Reg G (Bo3)", "players": ["koiseyo otome", "CandleBlue"], "rating": 1346, "private": 0, "password": null}, {"uploadtime": 1743365272, "id": "gen9vgc2025reggbo3-2331463056", "format": "[Gen 9] VGC 2025 Reg G (Bo3)", "players": ["pockey_or_pk", "sonia gabriel"], "rating": 1095, "private": 0, "password": null}, {"uploadtime": 1743365272, "id": "gen9vgc2025reggbo3-2331461771", "format": "[Gen 9] VGC 2025 Reg G (Bo3)", "players": ["wesleihas", "daniel vuadora"], "rating": null, "private": 0, "password": null}, {"uploadtime": 1743365272, "id": "gen9vgc2025reggbo3-2331457431", "format": "[Gen 9] VGC 2025 Reg G (Bo3)", "players": ["yosequevosyame", "GIULIANO10"], "rating": null, "private": 0, "password": null}, {"uploadtime": 1743365243, "id": "gen9vgc2025reggbo3-2331463995", "format": "[Gen 9] VGC 2025 Reg G (Bo3)", "players": ["metaknightmare", "TheBrain05"], "rating": null, "private": 0, "password": null}, {"uploadtime": 1743365129, "id": "gen9vgc2025reggbo3-2331463612", "format": "[Gen 9] VGC 2025 Reg G (Bo3)", "players": ["lettitripppp", "Sic-beatz"], "rating": 1077, "private": 0, "password": null}, {"uploadtime": 1743364897, "id": "gen9vgc2025reggbo3-2331460342", "format": "[Gen 9] VGC 2025 Reg G (Bo3)", "players": ["katfishfilet", "Yoddle Yoddle"], "rating": 1193, "private": 0, "password": null}, {"uploadtime": 1743364725, "id": "gen9vgc2025reggbo3-2331457757", "format": "[Gen 9] VGC 2025 Reg G (Bo3)", "players": ["marcosdeltasena31", "PhilHellmuth.PH"], "rating": 1431, "private": 0, "password": null}]