[{"uploadtime": 1743288594, "id": "gen9vgc2025reggbo3-2330885450", "format": "[Gen 9] VGC 2025 Reg G (Bo3)", "players": ["Pokenube66", "ledinoleo"], "rating": null, "private": 0, "password": null}, {"uploadtime": 1743288576, "id": "gen9vgc2025reggbo3-2330893027", "format": "[Gen 9] VGC 2025 Reg G (Bo3)", "players": ["The Forgery", "TaiSSB"], "rating": null, "private": 0, "password": null}, {"uploadtime": 1743288573, "id": "gen9vgc2025reggbo3-2330894993", "format": "[Gen 9] VGC 2025 Reg G (Bo3)", "players": ["Astral enjoyer", "pixelfx"], "rating": 1281, "private": 0, "password": null}, {"uploadtime": 1743288543, "id": "gen9vgc2025reggbo3-2330894792", "format": "[Gen 9] VGC 2025 Reg G (Bo3)", "players": ["yellowcookies", "EifieLisa"], "rating": 1261, "private": 0, "password": null}, {"uploadtime": 1743288461, "id": "gen9vgc2025reggbo3-2330891720", "format": "[Gen 9] VGC 2025 Reg G (Bo3)", "players": ["kyogreing", "kzo_shadow"], "rating": null, "private": 0, "password": null}, {"uploadtime": 1743288417, "id": "gen9vgc2025reggbo3-2330893749", "format": "[Gen 9] VGC 2025 Reg G (Bo3)", "players": ["Astral enjoyer", "pixelfx"], "rating": null, "private": 0, "password": null}, {"uploadtime": 1743288322, "id": "gen9vgc2025reggbo3-2330890908", "format": "[Gen 9] VGC 2025 Reg G (Bo3)", "players": ["rodjilius", "M0teM0te13"], "rating": 1325, "private": 0, "password": null}, {"uploadtime": 1743288322, "id": "gen9vgc2025reggbo3-2330890249", "format": "[Gen 9] VGC 2025 Reg G (Bo3)", "players": ["josedawp", "Xitrinean"], "rating": null, "private": 0, "password": null}, {"uploadtime": 1743288322, "id": "gen9vgc2025reggbo3-2330887745", "format": "[Gen 9] VGC 2025 Reg G (Bo3)", "players": ["Teddy_Bear_22", "hydrapras"], "rating": null, "private": 0, "password": null}, {"uploadtime": 1743288188, "id": "gen9vgc2025reggbo3-2330889612", "format": "[Gen 9] VGC 2025 Reg G (Bo3)", "players": ["The Forgery", "TaiSSB"], "rating": null, "private": 0, "password": null}, {"uploadtime": 1743287969, "id": "gen9vgc2025reggbo3-2330890117", "format": "[Gen 9] VGC 2025 Reg G (Bo3)", "players": ["IHavepotential", "mike_3221"], "rating": null, "private": 0, "password": null}, {"uploadtime": 1743287907, "id": "gen9vgc2025reggbo3-2330887074", "format": "[Gen 9] VGC 2025 Reg G (Bo3)", "players": ["eyrobbe", "bigj009"], "rating": null, "private": 0, "password": null}, {"uploadtime": 1743287907, "id": "gen9vgc2025reggbo3-2330886455", "format": "[Gen 9] VGC 2025 Reg G (Bo3)", "players": ["hispanic0539", "Xitrinean"], "rating": null, "private": 0, "password": null}, {"uploadtime": 1743287907, "id": "gen9vgc2025reggbo3-2330885647", "format": "[Gen 9] VGC 2025 Reg G (Bo3)", "players": ["leeko", "wade connects"], "rating": null, "private": 0, "password": null}, {"uploadtime": 1743287907, "id": "gen9vgc2025reggbo3-2330885572", "format": "[Gen 9] VGC 2025 Reg G (Bo3)", "players": ["Sctherz", "EpicPokeGamer123"], "rating": null, "private": 0, "password": null}, {"uploadtime": 1743287807, "id": "gen9vgc2025reggbo3-2330887851", "format": "[Gen 9] VGC 2025 Reg G (Bo3)", "players": ["Etrale", "kadilson"], "rating": 1000, "private": 0, "password": null}, {"uploadtime": 1743287790, "id": "gen9vgc2025reggbo3-2330886582", "format": "[Gen 9] VGC 2025 Reg G (Bo3)", "players": ["Minoluck", "greasyflamingo34"], "rating": 1064, "private": 0, "password": null}, {"uploadtime": 1743287640, "id": "gen9vgc2025reggbo3-2330884899", "format": "[Gen 9] VGC 2025 Reg G (Bo3)", "players": ["Etrale", "kadilson"], "rating": null, "private": 0, "password": null}, {"uploadtime": 1743287630, "id": "gen9vgc2025reggbo3-2330884016", "format": "[Gen 9] VGC 2025 Reg G (Bo3)", "players": ["Justinlou", "Sic-beatz"], "rating": 1000, "private": 0, "password": null}, {"uploadtime": 1743287499, "id": "gen9vgc2025reggbo3-2330883734", "format": "[Gen 9] VGC 2025 Reg G (Bo3)", "players": ["Minoluck", "greasyflamingo34"], "rating": null, "private": 0, "password": null}, {"uploadtime": 1743287491, "id": "gen9vgc2025reggbo3-2330880895", "format": "[Gen 9] VGC 2025 Reg G (Bo3)", "players": ["deltazero21", "CHRIS-ERIC"], "rating": null, "private": 0, "password": null}, {"uploadtime": 1743287353, "id": "gen9vgc2025reggbo3-2330881770", "format": "[Gen 9] VGC 2025 Reg G (Bo3)", "players": ["spl1702013", "VGCFreeStratos"], "rating": null, "private": 0, "password": null}, {"uploadtime": 1743287353, "id": "gen9vgc2025reggbo3-2330878651", "format": "[Gen 9] VGC 2025 Reg G (Bo3)", "players": ["loponite", "keonespirit"], "rating": null, "private": 0, "password": null}, {"uploadtime": 1743287325, "id": "gen9vgc2025reggbo3-2330882160", "format": "[Gen 9] VGC 2025 Reg G (Bo3)", "players": ["wnfR", "Sammias"], "rating": 1096, "private": 0, "password": null}, {"uploadtime": 1743287316, "id": "gen9vgc2025reggbo3-2330882751", "format": "[Gen 9] VGC 2025 Reg G (Bo3)", "players": ["Etrale", "kadilson"], "rating": null, "private": 0, "password": null}, {"uploadtime": 1743287214, "id": "gen9vgc2025reggbo3-2330879703", "format": "[Gen 9] VGC 2025 Reg G (Bo3)", "players": ["spl1702013", "VGCFreeStratos"], "rating": null, "private": 0, "password": null}, {"uploadtime": 1743287169, "id": "gen9vgc2025reggbo3-2330882024", "format": "[Gen 9] VGC 2025 Reg G (Bo3)", "players": ["starr juxn", "Robighost"], "rating": null, "private": 0, "password": null}, {"uploadtime": 1743287137, "id": "gen9vgc2025reggbo3-2330880812", "format": "[Gen 9] VGC 2025 Reg G (Bo3)", "players": ["starr juxn", "Robighost"], "rating": null, "private": 0, "password": null}, {"uploadtime": 1743287076, "id": "gen9vgc2025reggbo3-2330879329", "format": "[Gen 9] VGC 2025 Reg G (Bo3)", "players": ["xamsir", "ram2003"], "rating": null, "private": 0, "password": null}, {"uploadtime": 1743287076, "id": "gen9vgc2025reggbo3-2330878603", "format": "[Gen 9] VGC 2025 Reg G (Bo3)", "players": ["vicburgos", "SpoinkxSpoink"], "rating": null, "private": 0, "password": null}, {"uploadtime": 1743287044, "id": "gen9vgc2025reggbo3-2330880606", "format": "[Gen 9] VGC 2025 Reg G (Bo3)", "players": ["itangood 5", "Etrale"], "rating": 1059, "private": 0, "password": null}, {"uploadtime": 1743287015, "id": "gen9vgc2025reggbo3-2330880194", "format": "[Gen 9] VGC 2025 Reg G (Bo3)", "players": ["wnfR", "Sammias"], "rating": null, "private": 0, "password": null}, {"uploadtime": 1743287013, "id": "gen9vgc2025reggbo3-2330878863", "format": "[Gen 9] VGC 2025 Reg G (Bo3)", "players": ["itangood 5", "Etrale"], "rating": null, "private": 0, "password": null}, {"uploadtime": 1743286938, "id": "gen9vgc2025reggbo3-2330878104", "format": "[Gen 9] VGC 2025 Reg G (Bo3)", "players": ["grey's astralogy", "AlteredOne"], "rating": null, "private": 0, "password": null}, {"uploadtime": 1743286938, "id": "gen9vgc2025reggbo3-2330877128", "format": "[Gen 9] VGC 2025 Reg G (Bo3)", "players": ["xamsir", "ram2003"], "rating": null, "private": 0, "password": null}, {"uploadtime": 1743286938, "id": "gen9vgc2025reggbo3-2330876185", "format": "[Gen 9] VGC 2025 Reg G (Bo3)", "players": ["itslikewoah", "bvg2"], "rating": null, "private": 0, "password": null}, {"uploadtime": 1743286935, "id": "gen9vgc2025reggbo3-2330877975", "format": "[Gen 9] VGC 2025 Reg G (Bo3)", "players": ["The Forgery", "hydrapras"], "rating": null, "private": 0, "password": null}, {"uploadtime": 1743286877, "id": "gen9vgc2025reggbo3-2330877954", "format": "[Gen 9] VGC 2025 Reg G (Bo3)", "players": ["calvinbbc", "MagFusktest"], "rating": null, "private": 0, "password": null}, {"uploadtime": 1743286812, "id": "gen9vgc2025reggbo3-2330877768", "format": "[Gen 9] VGC 2025 Reg G (Bo3)", "players": ["wnfR", "Sammias"], "rating": null, "private": 0, "password": null}, {"uploadtime": 1743286800, "id": "gen9vgc2025reggbo3-2330877015", "format": "[Gen 9] VGC 2025 Reg G (Bo3)", "players": ["WumblesNSuch", "ltnfsbusy"], "rating": null, "private": 0, "password": null}, {"uploadtime": 1743286799, "id": "gen9vgc2025reggbo3-2330875911", "format": "[Gen 9] VGC 2025 Reg G (Bo3)", "players": ["grey's astralogy", "AlteredOne"], "rating": null, "private": 0, "password": null}, {"uploadtime": 1743286799, "id": "gen9vgc2025reggbo3-2330873278", "format": "[Gen 9] VGC 2025 Reg G (Bo3)", "players": ["The Forgery", "hydrapras"], "rating": null, "private": 0, "password": null}, {"uploadtime": 1743286660, "id": "gen9vgc2025reggbo3-2330875971", "format": "[Gen 9] VGC 2025 Reg G (Bo3)", "players": ["DumbDerek", "DreamSlap_Smash"], "rating": null, "private": 0, "password": null}, {"uploadtime": 1743286660, "id": "gen9vgc2025reggbo3-2330875377", "format": "[Gen 9] VGC 2025 Reg G (Bo3)", "players": ["WumblesNSuch", "ltnfsbusy"], "rating": null, "private": 0, "password": null}, {"uploadtime": 1743286522, "id": "gen9vgc2025reggbo3-2330873833", "format": "[Gen 9] VGC 2025 Reg G (Bo3)", "players": ["DumbDerek", "DreamSlap_Smash"], "rating": null, "private": 0, "password": null}, {"uploadtime": 1743286459, "id": "gen9vgc2025reggbo3-2330875016", "format": "[Gen 9] VGC 2025 Reg G (Bo3)", "players": ["VGC Helper", "ShdwempV2"], "rating": null, "private": 0, "password": null}, {"uploadtime": 1743286446, "id": "gen9vgc2025reggbo3-2330874099", "format": "[Gen 9] VGC 2025 Reg G (Bo3)", "players": ["VGC Helper", "ShdwempV2"], "rating": null, "private": 0, "password": null}, {"uploadtime": 1743286383, "id": "gen9vgc2025reggbo3-2330871653", "format": "[Gen 9] VGC 2025 Reg G (Bo3)", "players": ["Lazaro/shawdown", "supadupahero"], "rating": null, "private": 0, "password": null}, {"uploadtime": 1743286244, "id": "gen9vgc2025reggbo3-2330872207", "format": "[Gen 9] VGC 2025 Reg G (Bo3)", "players": ["cosmic lover heart", "BundleUpItsCold"], "rating": null, "private": 0, "password": null}, {"uploadtime": 1743286106, "id": "gen9vgc2025reggbo3-2330870792", "format": "[Gen 9] VGC 2025 Reg G (Bo3)", "players": ["gwendolyte", "itslikewoah"], "rating": null, "private": 0, "password": null}, {"uploadtime": 1743286105, "id": "gen9vgc2025reggbo3-2330869413", "format": "[Gen 9] VGC 2025 Reg G (Bo3)", "players": ["xamsir", "slamder"], "rating": null, "private": 0, "password": null}]