[{"uploadtime": 1743329305, "id": "gen9vgc2025reggbo3-2331173105", "format": "[Gen 9] VGC 2025 Reg G (Bo3)", "players": ["rrrttrbbbbf", "greasyflamingo34"], "rating": 1000, "private": 0, "password": null}, {"uploadtime": 1743329293, "id": "gen9vgc2025reggbo3-2331172816", "format": "[Gen 9] VGC 2025 Reg G (Bo3)", "players": ["J_725", "LottieVGC"], "rating": 1089, "private": 0, "password": null}, {"uploadtime": 1743329238, "id": "gen9vgc2025reggbo3-2331171246", "format": "[Gen 9] VGC 2025 Reg G (Bo3)", "players": ["J_725", "LottieVGC"], "rating": null, "private": 0, "password": null}, {"uploadtime": 1743329234, "id": "gen9vgc2025reggbo3-2331170030", "format": "[Gen 9] VGC 2025 Reg G (Bo3)", "players": ["J_725", "LottieVGC"], "rating": null, "private": 0, "password": null}, {"uploadtime": 1743329193, "id": "gen9vgc2025reggbo3-2331172781", "format": "[Gen 9] VGC 2025 Reg G (Bo3)", "players": ["kk1pper1314", "LeonardPlayz"], "rating": 1191, "private": 0, "password": null}, {"uploadtime": 1743329099, "id": "gen9vgc2025reggbo3-2331170740", "format": "[Gen 9] VGC 2025 Reg G (Bo3)", "players": ["yuirs gsb", "Hmmmge"], "rating": 1098, "private": 0, "password": null}, {"uploadtime": 1743329099, "id": "gen9vgc2025reggbo3-2331170412", "format": "[Gen 9] VGC 2025 Reg G (Bo3)", "players": ["KissMyAsthma416", "somarjo23"], "rating": null, "private": 0, "password": null}, {"uploadtime": 1743329099, "id": "gen9vgc2025reggbo3-2331169520", "format": "[Gen 9] VGC 2025 Reg G (Bo3)", "players": ["AngryBirds39", "Bowdydee"], "rating": 1018, "private": 0, "password": null}, {"uploadtime": 1743329037, "id": "gen9vgc2025reggbo3-2331171926", "format": "[Gen 9] VGC 2025 Reg G (Bo3)", "players": ["rrrttrbbbbf", "greasyflamingo34"], "rating": null, "private": 0, "password": null}, {"uploadtime": 1743328685, "id": "gen9vgc2025reggbo3-2331168759", "format": "[Gen 9] VGC 2025 Reg G (Bo3)", "players": ["yuirs gsb", "Hmmmge"], "rating": null, "private": 0, "password": null}, {"uploadtime": 1743328685, "id": "gen9vgc2025reggbo3-2331168556", "format": "[Gen 9] VGC 2025 Reg G (Bo3)", "players": ["funnythekani", "Realkanegduaji"], "rating": null, "private": 0, "password": null}, {"uploadtime": 1743328685, "id": "gen9vgc2025reggbo3-2331168039", "format": "[Gen 9] VGC 2025 Reg G (Bo3)", "players": ["ushitsune", "JordiEncabo"], "rating": null, "private": 0, "password": null}, {"uploadtime": 1743328546, "id": "gen9vgc2025reggbo3-2331167793", "format": "[Gen 9] VGC 2025 Reg G (Bo3)", "players": ["yuirs gsb", "PurelyCynical"], "rating": 1122, "private": 0, "password": null}, {"uploadtime": 1743328546, "id": "gen9vgc2025reggbo3-2331167572", "format": "[Gen 9] VGC 2025 Reg G (Bo3)", "players": ["rollforfun", "Mugiwaralux"], "rating": null, "private": 0, "password": null}, {"uploadtime": 1743328409, "id": "gen9vgc2025reggbo3-2331167562", "format": "[Gen 9] VGC 2025 Reg G (Bo3)", "players": ["ushitsune", "walruslord777"], "rating": 1056, "private": 0, "password": null}, {"uploadtime": 1743328408, "id": "gen9vgc2025reggbo3-2331166832", "format": "[Gen 9] VGC 2025 Reg G (Bo3)", "players": ["elmagosniper", "epikkkk"], "rating": null, "private": 0, "password": null}, {"uploadtime": 1743328408, "id": "gen9vgc2025reggbo3-2331166384", "format": "[Gen 9] VGC 2025 Reg G (Bo3)", "players": ["MatteoMabl", "stockholmovist"], "rating": null, "private": 0, "password": null}, {"uploadtime": 1743328270, "id": "gen9vgc2025reggbo3-2331166658", "format": "[Gen 9] VGC 2025 Reg G (Bo3)", "players": ["AngrrryGuy", "Airbloom"], "rating": null, "private": 0, "password": null}, {"uploadtime": 1743328270, "id": "gen9vgc2025reggbo3-2331166088", "format": "[Gen 9] VGC 2025 Reg G (Bo3)", "players": ["rollforfun", "Mugiwaralux"], "rating": null, "private": 0, "password": null}, {"uploadtime": 1743328270, "id": "gen9vgc2025reggbo3-2331165878", "format": "[Gen 9] VGC 2025 Reg G (Bo3)", "players": ["deadly bommer", "roscida"], "rating": null, "private": 0, "password": null}, {"uploadtime": 1743328270, "id": "gen9vgc2025reggbo3-2331165328", "format": "[Gen 9] VGC 2025 Reg G (Bo3)", "players": ["jamirolol", "Dussclop?"], "rating": null, "private": 0, "password": null}, {"uploadtime": 1743328132, "id": "gen9vgc2025reggbo3-2331165297", "format": "[Gen 9] VGC 2025 Reg G (Bo3)", "players": ["walruslord777", "Sarveshsaha29"], "rating": null, "private": 0, "password": null}, {"uploadtime": 1743327994, "id": "gen9vgc2025reggbo3-2331164875", "format": "[Gen 9] VGC 2025 Reg G (Bo3)", "players": ["AngrrryGuy", "Raymaximas"], "rating": null, "private": 0, "password": null}, {"uploadtime": 1743327994, "id": "gen9vgc2025reggbo3-2331164335", "format": "[Gen 9] VGC 2025 Reg G (Bo3)", "players": ["ushitsune", "obamaisbiden"], "rating": null, "private": 0, "password": null}, {"uploadtime": 1743327855, "id": "gen9vgc2025reggbo3-2331164049", "format": "[Gen 9] VGC 2025 Reg G (Bo3)", "players": ["rollforfun", "Cbutty"], "rating": null, "private": 0, "password": null}, {"uploadtime": 1743327855, "id": "gen9vgc2025reggbo3-2331163781", "format": "[Gen 9] VGC 2025 Reg G (Bo3)", "players": ["wnfR", "jp_2009"], "rating": null, "private": 0, "password": null}, {"uploadtime": 1743327754, "id": "gen9vgc2025reggbo3-2331163909", "format": "[Gen 9] VGC 2025 Reg G (Bo3)", "players": ["Nicerioknight", "elmagosniper"], "rating": null, "private": 0, "password": null}, {"uploadtime": 1743327717, "id": "gen9vgc2025reggbo3-2331163602", "format": "[Gen 9] VGC 2025 Reg G (Bo3)", "players": ["Hmmmge", "ThFang"], "rating": null, "private": 0, "password": null}, {"uploadtime": 1743327717, "id": "gen9vgc2025reggbo3-2331163456", "format": "[Gen 9] VGC 2025 Reg G (Bo3)", "players": ["Sarveshsaha29", "Dussclop?"], "rating": null, "private": 0, "password": null}, {"uploadtime": 1743327579, "id": "gen9vgc2025reggbo3-2331163267", "format": "[Gen 9] VGC 2025 Reg G (Bo3)", "players": ["kanucks25", "Mugiwaralux"], "rating": null, "private": 0, "password": null}, {"uploadtime": 1743327579, "id": "gen9vgc2025reggbo3-2331162956", "format": "[Gen 9] VGC 2025 Reg G (Bo3)", "players": ["muifr", "Raymaximas"], "rating": null, "private": 0, "password": null}, {"uploadtime": 1743327579, "id": "gen9vgc2025reggbo3-2331162248", "format": "[Gen 9] VGC 2025 Reg G (Bo3)", "players": ["wnfR", "jp_2009"], "rating": null, "private": 0, "password": null}, {"uploadtime": 1743327441, "id": "gen9vgc2025reggbo3-2331162543", "format": "[Gen 9] VGC 2025 Reg G (Bo3)", "players": ["Snipershadow_27", "Icy prize"], "rating": null, "private": 0, "password": null}, {"uploadtime": 1743327441, "id": "gen9vgc2025reggbo3-2331162472", "format": "[Gen 9] VGC 2025 Reg G (Bo3)", "players": ["Sarveshsaha29", "Dussclop?"], "rating": null, "private": 0, "password": null}, {"uploadtime": 1743327441, "id": "gen9vgc2025reggbo3-2331162232", "format": "[Gen 9] VGC 2025 Reg G (Bo3)", "players": ["Just a Minus", "MatteoMabl"], "rating": null, "private": 0, "password": null}, {"uploadtime": 1743327441, "id": "gen9vgc2025reggbo3-2331162067", "format": "[Gen 9] VGC 2025 Reg G (Bo3)", "players": ["kanucks25", "Mugiwaralux"], "rating": null, "private": 0, "password": null}, {"uploadtime": 1743327303, "id": "gen9vgc2025reggbo3-2331161453", "format": "[Gen 9] VGC 2025 Reg G (Bo3)", "players": ["123Ayan", "evolt25269"], "rating": null, "private": 0, "password": null}, {"uploadtime": 1743327303, "id": "gen9vgc2025reggbo3-2331161205", "format": "[Gen 9] VGC 2025 Reg G (Bo3)", "players": ["agun76", "Nicerioknight"], "rating": null, "private": 0, "password": null}, {"uploadtime": 1743327303, "id": "gen9vgc2025reggbo3-2331160974", "format": "[Gen 9] VGC 2025 Reg G (Bo3)", "players": ["Just a Minus", "MatteoMabl"], "rating": null, "private": 0, "password": null}, {"uploadtime": 1743327165, "id": "gen9vgc2025reggbo3-2331160992", "format": "[Gen 9] VGC 2025 Reg G (Bo3)", "players": ["Lazaro/shawdown", "el monstruo blanco"], "rating": null, "private": 0, "password": null}, {"uploadtime": 1743327165, "id": "gen9vgc2025reggbo3-2331160866", "format": "[Gen 9] VGC 2025 Reg G (Bo3)", "players": ["acarovgc", "ThFang"], "rating": null, "private": 0, "password": null}, {"uploadtime": 1743327165, "id": "gen9vgc2025reggbo3-2331159704", "format": "[Gen 9] VGC 2025 Reg G (Bo3)", "players": ["ImClarenceClaymore", "muifr"], "rating": null, "private": 0, "password": null}, {"uploadtime": 1743327027, "id": "gen9vgc2025reggbo3-2331160306", "format": "[Gen 9] VGC 2025 Reg G (Bo3)", "players": ["elmagosniper", "kiddoos"], "rating": null, "private": 0, "password": null}, {"uploadtime": 1743327027, "id": "gen9vgc2025reggbo3-2331159931", "format": "[Gen 9] VGC 2025 Reg G (Bo3)", "players": ["Lazaro/shawdown", "el monstruo blanco"], "rating": null, "private": 0, "password": null}, {"uploadtime": 1743327027, "id": "gen9vgc2025reggbo3-2331158938", "format": "[Gen 9] VGC 2025 Reg G (Bo3)", "players": ["KissMyAsthma416", "somarjo23"], "rating": null, "private": 0, "password": null}, {"uploadtime": 1743327026, "id": "gen9vgc2025reggbo3-2331159859", "format": "[Gen 9] VGC 2025 Reg G (Bo3)", "players": ["kyogreing", "JamianLillard"], "rating": null, "private": 0, "password": null}, {"uploadtime": 1743326888, "id": "gen9vgc2025reggbo3-2331159106", "format": "[Gen 9] VGC 2025 Reg G (Bo3)", "players": ["Park Su Kim", "FireRedzzz"], "rating": null, "private": 0, "password": null}, {"uploadtime": 1743326880, "id": "gen9vgc2025reggbo3-2331159744", "format": "[Gen 9] VGC 2025 Reg G (Bo3)", "players": ["LeonardPlayz", "VeganCannibal"], "rating": 1228, "private": 0, "password": null}, {"uploadtime": 1743326750, "id": "gen9vgc2025reggbo3-2331159273", "format": "[Gen 9] VGC 2025 Reg G (Bo3)", "players": ["caterqu2", "lucguz"], "rating": 1025, "private": 0, "password": null}, {"uploadtime": 1743326750, "id": "gen9vgc2025reggbo3-2331158430", "format": "[Gen 9] VGC 2025 Reg G (Bo3)", "players": ["LeonardPlayz", "VeganCannibal"], "rating": null, "private": 0, "password": null}, {"uploadtime": 1743326750, "id": "gen9vgc2025reggbo3-2331157879", "format": "[Gen 9] VGC 2025 Reg G (Bo3)", "players": ["agun76", "TubularInsect"], "rating": null, "private": 0, "password": null}]