[{"uploadtime": 1743293552, "id": "gen9vgc2025reggbo3-2330935935", "format": "[Gen 9] VGC 2025 Reg G (Bo3)", "players": ["doung yolph", "ab80"], "rating": null, "private": 0, "password": null}, {"uploadtime": 1743293552, "id": "gen9vgc2025reggbo3-2330935868", "format": "[Gen 9] VGC 2025 Reg G (Bo3)", "players": ["lexerthanatauros", "wizzzpower"], "rating": null, "private": 0, "password": null}, {"uploadtime": 1743293552, "id": "gen9vgc2025reggbo3-2330935449", "format": "[Gen 9] VGC 2025 Reg G (Bo3)", "players": ["NuovoSangue", "Drgringo"], "rating": 1336, "private": 0, "password": null}, {"uploadtime": 1743293548, "id": "gen9vgc2025reggbo3-2330938207", "format": "[Gen 9] VGC 2025 Reg G (Bo3)", "players": ["Silverized", "is_katabo"], "rating": null, "private": 0, "password": null}, {"uploadtime": 1743293498, "id": "gen9vgc2025reggbo3-2330937348", "format": "[Gen 9] VGC 2025 Reg G (Bo3)", "players": ["AtlantaRegional", "647w"], "rating": null, "private": 0, "password": null}, {"uploadtime": 1743293493, "id": "gen9vgc2025reggbo3-2330935961", "format": "[Gen 9] VGC 2025 Reg G (Bo3)", "players": ["AtlantaRegional", "647w"], "rating": null, "private": 0, "password": null}, {"uploadtime": 1743293477, "id": "gen9vgc2025reggbo3-2330934483", "format": "[Gen 9] VGC 2025 Reg G (Bo3)", "players": ["AtlantaRegional", "647w"], "rating": null, "private": 0, "password": null}, {"uploadtime": 1743293413, "id": "gen9vgc2025reggbo3-2330935393", "format": "[Gen 9] VGC 2025 Reg G (Bo3)", "players": ["AleZun93", "hispanic0539"], "rating": 1142, "private": 0, "password": null}, {"uploadtime": 1743293413, "id": "gen9vgc2025reggbo3-2330933757", "format": "[Gen 9] VGC 2025 Reg G (Bo3)", "players": ["NuovoSangue", "Drgringo"], "rating": null, "private": 0, "password": null}, {"uploadtime": 1743293413, "id": "gen9vgc2025reggbo3-2330933094", "format": "[Gen 9] VGC 2025 Reg G (Bo3)", "players": ["pokehys", "BundleUpItsCold"], "rating": null, "private": 0, "password": null}, {"uploadtime": 1743293346, "id": "gen9vgc2025reggbo3-2330929781", "format": "[Gen 9] VGC 2025 Reg G (Bo3)", "players": ["lazywarlock", "Pallow3"], "rating": null, "private": 0, "password": null}, {"uploadtime": 1743293341, "id": "gen9vgc2025reggbo3-2330932541", "format": "[Gen 9] VGC 2025 Reg G (Bo3)", "players": ["lazywarlock", "Pallow3"], "rating": null, "private": 0, "password": null}, {"uploadtime": 1743293336, "id": "gen9vgc2025reggbo3-2330935906", "format": "[Gen 9] VGC 2025 Reg G (Bo3)", "players": ["Silverized", "is_katabo"], "rating": null, "private": 0, "password": null}, {"uploadtime": 1743293330, "id": "gen9vgc2025reggbo3-2330936387", "format": "[Gen 9] VGC 2025 Reg G (Bo3)", "players": ["Etrale", "boom246"], "rating": 1162, "private": 0, "password": null}, {"uploadtime": 1743293324, "id": "gen9vgc2025reggbo3-2330934479", "format": "[Gen 9] VGC 2025 Reg G (Bo3)", "players": ["Etrale", "boom246"], "rating": null, "private": 0, "password": null}, {"uploadtime": 1743293317, "id": "gen9vgc2025reggbo3-2330931847", "format": "[Gen 9] VGC 2025 Reg G (Bo3)", "players": ["Etrale", "boom246"], "rating": null, "private": 0, "password": null}, {"uploadtime": 1743293316, "id": "gen9vgc2025reggbo3-2330935528", "format": "[Gen 9] VGC 2025 Reg G (Bo3)", "players": ["Jayswag5", "martinvtran"], "rating": null, "private": 0, "password": null}, {"uploadtime": 1743293315, "id": "gen9vgc2025reggbo3-2330936228", "format": "[Gen 9] VGC 2025 Reg G (Bo3)", "players": ["lazywarlock", "Pallow3"], "rating": null, "private": 0, "password": null}, {"uploadtime": 1743293274, "id": "gen9vgc2025reggbo3-2330935311", "format": "[Gen 9] VGC 2025 Reg G (Bo3)", "players": ["powerfulbuild", "keonespirit"], "rating": null, "private": 0, "password": null}, {"uploadtime": 1743293274, "id": "gen9vgc2025reggbo3-2330934321", "format": "[Gen 9] VGC 2025 Reg G (Bo3)", "players": ["VeganCannibal", "TheMochiMan"], "rating": null, "private": 0, "password": null}, {"uploadtime": 1743293121, "id": "gen9vgc2025reggbo3-2330928117", "format": "[Gen 9] VGC 2025 Reg G (Bo3)", "players": ["The Forgery", "TaiSSB"], "rating": null, "private": 0, "password": null}, {"uploadtime": 1743293106, "id": "gen9vgc2025reggbo3-2330924001", "format": "[Gen 9] VGC 2025 Reg G (Bo3)", "players": ["The Forgery", "TaiSSB"], "rating": null, "private": 0, "password": null}, {"uploadtime": 1743293066, "id": "gen9vgc2025reggbo3-2330934179", "format": "[Gen 9] VGC 2025 Reg G (Bo3)", "players": ["Silverized", "is_katabo"], "rating": null, "private": 0, "password": null}, {"uploadtime": 1743293038, "id": "gen9vgc2025reggbo3-2330931981", "format": "[Gen 9] VGC 2025 Reg G (Bo3)", "players": ["joni1404", "Im bad 211"], "rating": 1098, "private": 0, "password": null}, {"uploadtime": 1743293028, "id": "gen9vgc2025reggbo3-2330934391", "format": "[Gen 9] VGC 2025 Reg G (Bo3)", "players": ["pixelfx", "Basura2U"], "rating": 1297, "private": 0, "password": null}, {"uploadtime": 1743293025, "id": "gen9vgc2025reggbo3-2330931826", "format": "[Gen 9] VGC 2025 Reg G (Bo3)", "players": ["Irvys other kid", "PictoChatVGC"], "rating": null, "private": 0, "password": null}, {"uploadtime": 1743292983, "id": "gen9vgc2025reggbo3-2330929154", "format": "[Gen 9] VGC 2025 Reg G (Bo3)", "players": ["Irvys other kid", "PictoChatVGC"], "rating": null, "private": 0, "password": null}, {"uploadtime": 1743292895, "id": "gen9vgc2025reggbo3-2330932378", "format": "[Gen 9] VGC 2025 Reg G (Bo3)", "players": ["pixelfx", "Basura2U"], "rating": null, "private": 0, "password": null}, {"uploadtime": 1743292763, "id": "gen9vgc2025reggbo3-2330931050", "format": "[Gen 9] VGC 2025 Reg G (Bo3)", "players": ["latios66", "Askhdj"], "rating": null, "private": 0, "password": null}, {"uploadtime": 1743292403, "id": "gen9vgc2025reggbo3-2330927769", "format": "[Gen 9] VGC 2025 Reg G (Bo3)", "players": ["Ninja Leader Kobe", "GabMott"], "rating": 1006, "private": 0, "password": null}, {"uploadtime": 1743292126, "id": "gen9vgc2025reggbo3-2330924494", "format": "[Gen 9] VGC 2025 Reg G (Bo3)", "players": ["Ninja Leader Kobe", "GabMott"], "rating": null, "private": 0, "password": null}, {"uploadtime": 1743292074, "id": "gen9vgc2025reggbo3-2330922786", "format": "[Gen 9] VGC 2025 Reg G (Bo3)", "players": ["Irvys other kid", "Pallow3"], "rating": null, "private": 0, "password": null}, {"uploadtime": 1743292072, "id": "gen9vgc2025reggbo3-2330919658", "format": "[Gen 9] VGC 2025 Reg G (Bo3)", "players": ["Irvys other kid", "Pallow3"], "rating": null, "private": 0, "password": null}, {"uploadtime": 1743292046, "id": "gen9vgc2025reggbo3-2330924597", "format": "[Gen 9] VGC 2025 Reg G (Bo3)", "players": ["Nasheville", "PrimalGoat"], "rating": 1116, "private": 0, "password": null}, {"uploadtime": 1743292043, "id": "gen9vgc2025reggbo3-2330924047", "format": "[Gen 9] VGC 2025 Reg G (Bo3)", "players": ["lazywarlock", "PictoChatVGC"], "rating": null, "private": 0, "password": null}, {"uploadtime": 1743292036, "id": "gen9vgc2025reggbo3-2330920310", "format": "[Gen 9] VGC 2025 Reg G (Bo3)", "players": ["Nasheville", "PrimalGoat"], "rating": null, "private": 0, "password": null}, {"uploadtime": 1743292027, "id": "gen9vgc2025reggbo3-2330917501", "format": "[Gen 9] VGC 2025 Reg G (Bo3)", "players": ["Nasheville", "PrimalGoat"], "rating": null, "private": 0, "password": null}, {"uploadtime": 1743291817, "id": "gen9vgc2025reggbo3-2330922964", "format": "[Gen 9] VGC 2025 Reg G (Bo3)", "players": ["thirdverse", "IkeAmp88"], "rating": 1064, "private": 0, "password": null}, {"uploadtime": 1743291808, "id": "gen9vgc2025reggbo3-2330922775", "format": "[Gen 9] VGC 2025 Reg G (Bo3)", "players": ["Snarf6969", "pixelfx"], "rating": 1175, "private": 0, "password": null}, {"uploadtime": 1743291798, "id": "gen9vgc2025reggbo3-2330921066", "format": "[Gen 9] VGC 2025 Reg G (Bo3)", "players": ["lazywarlock", "PictoChatVGC"], "rating": null, "private": 0, "password": null}, {"uploadtime": 1743291697, "id": "gen9vgc2025reggbo3-2330921849", "format": "[Gen 9] VGC 2025 Reg G (Bo3)", "players": ["Etrale", "Pakaan64"], "rating": 1153, "private": 0, "password": null}, {"uploadtime": 1743291690, "id": "gen9vgc2025reggbo3-2330919662", "format": "[Gen 9] VGC 2025 Reg G (Bo3)", "players": ["Etrale", "Pakaan64"], "rating": null, "private": 0, "password": null}, {"uploadtime": 1743291675, "id": "gen9vgc2025reggbo3-2330921658", "format": "[Gen 9] VGC 2025 Reg G (Bo3)", "players": ["rphoenix_blaze", "pokehys"], "rating": 1404, "private": 0, "password": null}, {"uploadtime": 1743291670, "id": "gen9vgc2025reggbo3-2330916505", "format": "[Gen 9] VGC 2025 Reg G (Bo3)", "players": ["The Forgery", "TaiSSB"], "rating": null, "private": 0, "password": null}, {"uploadtime": 1743291649, "id": "gen9vgc2025reggbo3-2330919327", "format": "[Gen 9] VGC 2025 Reg G (Bo3)", "players": ["wade connects", "CringeBully"], "rating": null, "private": 0, "password": null}, {"uploadtime": 1743291586, "id": "gen9vgc2025reggbo3-2330920031", "format": "[Gen 9] VGC 2025 Reg G (Bo3)", "players": ["thirdverse", "IkeAmp88"], "rating": null, "private": 0, "password": null}, {"uploadtime": 1743291550, "id": "gen9vgc2025reggbo3-2330920754", "format": "[Gen 9] VGC 2025 Reg G (Bo3)", "players": ["Snarf6969", "pixelfx"], "rating": null, "private": 0, "password": null}, {"uploadtime": 1743291546, "id": "gen9vgc2025reggbo3-2330921042", "format": "[Gen 9] VGC 2025 Reg G (Bo3)", "players": ["its tiffy time", "PrimarinaMasona"], "rating": 1438, "private": 0, "password": null}, {"uploadtime": 1743291539, "id": "gen9vgc2025reggbo3-2330919645", "format": "[Gen 9] VGC 2025 Reg G (Bo3)", "players": ["its tiffy time", "PrimarinaMasona"], "rating": null, "private": 0, "password": null}, {"uploadtime": 1743291529, "id": "gen9vgc2025reggbo3-2330918673", "format": "[Gen 9] VGC 2025 Reg G (Bo3)", "players": ["its tiffy time", "PrimarinaMasona"], "rating": null, "private": 0, "password": null}, {"uploadtime": 1743291521, "id": "gen9vgc2025reggbo3-2330918499", "format": "[Gen 9] VGC 2025 Reg G (Bo3)", "players": ["thirdverse", "IkeAmp88"], "rating": null, "private": 0, "password": null}]