[{"uploadtime": 1743319678, "id": "gen9vgc2025reggbo3-2331124468", "format": "[Gen 9] VGC 2025 Reg G (Bo3)", "players": ["FireRedzzz", "Travency"], "rating": null, "private": 0, "password": null}, {"uploadtime": 1743319678, "id": "gen9vgc2025reggbo3-2331123592", "format": "[Gen 9] VGC 2025 Reg G (Bo3)", "players": ["Zen1996-VGC", "Avocanoodle"], "rating": null, "private": 0, "password": null}, {"uploadtime": 1743319678, "id": "gen9vgc2025reggbo3-2331122544", "format": "[Gen 9] VGC 2025 Reg G (Bo3)", "players": ["lok_ee7", "osama not layden"], "rating": null, "private": 0, "password": null}, {"uploadtime": 1743319609, "id": "gen9vgc2025reggbo3-2331124653", "format": "[Gen 9] VGC 2025 Reg G (Bo3)", "players": ["raucho", "katfishfilet"], "rating": 1212, "private": 0, "password": null}, {"uploadtime": 1743319403, "id": "gen9vgc2025reggbo3-2331123296", "format": "[Gen 9] VGC 2025 Reg G (Bo3)", "players": ["raucho", "katfishfilet"], "rating": null, "private": 0, "password": null}, {"uploadtime": 1743319402, "id": "gen9vgc2025reggbo3-2331123569", "format": "[Gen 9] VGC 2025 Reg G (Bo3)", "players": ["FireRedzzz", "Travency"], "rating": null, "private": 0, "password": null}, {"uploadtime": 1743319195, "id": "gen9vgc2025reggbo3-2331121819", "format": "[Gen 9] VGC 2025 Reg G (Bo3)", "players": ["Wiglett7", "Scheetzy02"], "rating": null, "private": 0, "password": null}, {"uploadtime": 1743319126, "id": "gen9vgc2025reggbo3-2331121597", "format": "[Gen 9] VGC 2025 Reg G (Bo3)", "players": ["i am saksham", "rollforfun"], "rating": null, "private": 0, "password": null}, {"uploadtime": 1743318989, "id": "gen9vgc2025reggbo3-2331120702", "format": "[Gen 9] VGC 2025 Reg G (Bo3)", "players": ["Nero1694", "wizzzpower"], "rating": null, "private": 0, "password": null}, {"uploadtime": 1743318989, "id": "gen9vgc2025reggbo3-2331119678", "format": "[Gen 9] VGC 2025 Reg G (Bo3)", "players": ["FireRedzzz", "Avocanoodle"], "rating": null, "private": 0, "password": null}, {"uploadtime": 1743318850, "id": "gen9vgc2025reggbo3-2331119844", "format": "[Gen 9] VGC 2025 Reg G (Bo3)", "players": ["lok_ee7", "fom van put"], "rating": null, "private": 0, "password": null}, {"uploadtime": 1743318713, "id": "gen9vgc2025reggbo3-2331119911", "format": "[Gen 9] VGC 2025 Reg G (Bo3)", "players": ["Asmodeo666", "gyggfef"], "rating": null, "private": 0, "password": null}, {"uploadtime": 1743318713, "id": "gen9vgc2025reggbo3-2331119170", "format": "[Gen 9] VGC 2025 Reg G (Bo3)", "players": ["Geroufa", "swarm"], "rating": null, "private": 0, "password": null}, {"uploadtime": 1743318713, "id": "gen9vgc2025reggbo3-2331118931", "format": "[Gen 9] VGC 2025 Reg G (Bo3)", "players": ["Kuri2309", "yakta"], "rating": null, "private": 0, "password": null}, {"uploadtime": 1743318713, "id": "gen9vgc2025reggbo3-2331118853", "format": "[Gen 9] VGC 2025 Reg G (Bo3)", "players": ["Asmodeo666", "gyggfef"], "rating": null, "private": 0, "password": null}, {"uploadtime": 1743318490, "id": "gen9vgc2025reggbo3-2331119158", "format": "[Gen 9] VGC 2025 Reg G (Bo3)", "players": ["Nero1694", "Alecat"], "rating": 1284, "private": 0, "password": null}, {"uploadtime": 1743318437, "id": "gen9vgc2025reggbo3-2331118131", "format": "[Gen 9] VGC 2025 Reg G (Bo3)", "players": ["Mr fairy man", "wenas noches 2"], "rating": null, "private": 0, "password": null}, {"uploadtime": 1743318437, "id": "gen9vgc2025reggbo3-2331117630", "format": "[Gen 9] VGC 2025 Reg G (Bo3)", "players": ["FireRedzzz", "Avocanoodle"], "rating": null, "private": 0, "password": null}, {"uploadtime": 1743318437, "id": "gen9vgc2025reggbo3-2331117328", "format": "[Gen 9] VGC 2025 Reg G (Bo3)", "players": ["ushitsune", "gomatyan"], "rating": 1158, "private": 0, "password": null}, {"uploadtime": 1743318437, "id": "gen9vgc2025reggbo3-2331117256", "format": "[Gen 9] VGC 2025 Reg G (Bo3)", "players": ["Joelito22", "Hjmane"], "rating": null, "private": 0, "password": null}, {"uploadtime": 1743318437, "id": "gen9vgc2025reggbo3-2331116996", "format": "[Gen 9] VGC 2025 Reg G (Bo3)", "players": ["torkemada73", "Sowoift"], "rating": null, "private": 0, "password": null}, {"uploadtime": 1743318436, "id": "gen9vgc2025reggbo3-2331117792", "format": "[Gen 9] VGC 2025 Reg G (Bo3)", "players": ["soul_slayer_10293", "jdanhyde"], "rating": null, "private": 0, "password": null}, {"uploadtime": 1743318184, "id": "gen9vgc2025reggbo3-2331118003", "format": "[Gen 9] VGC 2025 Reg G (Bo3)", "players": ["Nero1694", "Alecat"], "rating": null, "private": 0, "password": null}, {"uploadtime": 1743318160, "id": "gen9vgc2025reggbo3-2331116332", "format": "[Gen 9] VGC 2025 Reg G (Bo3)", "players": ["Risquin", "Silent Whisp"], "rating": null, "private": 0, "password": null}, {"uploadtime": 1743318160, "id": "gen9vgc2025reggbo3-2331116263", "format": "[Gen 9] VGC 2025 Reg G (Bo3)", "players": ["ushitsune", "gomatyan"], "rating": null, "private": 0, "password": null}, {"uploadtime": 1743318160, "id": "gen9vgc2025reggbo3-2331115852", "format": "[Gen 9] VGC 2025 Reg G (Bo3)", "players": ["rollforfun", "Rg67"], "rating": 1193, "private": 0, "password": null}, {"uploadtime": 1743317952, "id": "gen9vgc2025reggbo3-2331116080", "format": "[Gen 9] VGC 2025 Reg G (Bo3)", "players": ["LeonardPlayz", "Lazaro/shawdown"], "rating": 1074, "private": 0, "password": null}, {"uploadtime": 1743317885, "id": "gen9vgc2025reggbo3-2331114865", "format": "[Gen 9] VGC 2025 Reg G (Bo3)", "players": ["LeonardPlayz", "Lazaro/shawdown"], "rating": null, "private": 0, "password": null}, {"uploadtime": 1743317873, "id": "gen9vgc2025reggbo3-2331115440", "format": "[Gen 9] VGC 2025 Reg G (Bo3)", "players": ["Poopfromabutt", "anhvu 1337"], "rating": 1000, "private": 0, "password": null}, {"uploadtime": 1743317747, "id": "gen9vgc2025reggbo3-2331113955", "format": "[Gen 9] VGC 2025 Reg G (Bo3)", "players": ["loponite", "raucho"], "rating": null, "private": 0, "password": null}, {"uploadtime": 1743317747, "id": "gen9vgc2025reggbo3-2331113358", "format": "[Gen 9] VGC 2025 Reg G (Bo3)", "players": ["Daebleaser", "wizzzpower"], "rating": 1229, "private": 0, "password": null}, {"uploadtime": 1743317747, "id": "gen9vgc2025reggbo3-2331111440", "format": "[Gen 9] VGC 2025 Reg G (Bo3)", "players": ["jdanhyde", "FireRedzzz"], "rating": null, "private": 0, "password": null}, {"uploadtime": 1743317609, "id": "gen9vgc2025reggbo3-2331113474", "format": "[Gen 9] VGC 2025 Reg G (Bo3)", "players": ["DatGuyJimmeh", "BreadPudding248"], "rating": null, "private": 0, "password": null}, {"uploadtime": 1743317609, "id": "gen9vgc2025reggbo3-2331112583", "format": "[Gen 9] VGC 2025 Reg G (Bo3)", "players": ["123Ayan", "wizzzpower"], "rating": 1178, "private": 0, "password": null}, {"uploadtime": 1743317609, "id": "gen9vgc2025reggbo3-2331112217", "format": "[Gen 9] VGC 2025 Reg G (Bo3)", "players": ["Roman81014", "SandySkibidi"], "rating": null, "private": 0, "password": null}, {"uploadtime": 1743317594, "id": "gen9vgc2025reggbo3-2331112158", "format": "[Gen 9] VGC 2025 Reg G (Bo3)", "players": ["Dougtrio is bad", "capsian"], "rating": 1222, "private": 0, "password": null}, {"uploadtime": 1743317471, "id": "gen9vgc2025reggbo3-2331112535", "format": "[Gen 9] VGC 2025 Reg G (Bo3)", "players": ["Necrozma1996", "LanternComic"], "rating": null, "private": 0, "password": null}, {"uploadtime": 1743317471, "id": "gen9vgc2025reggbo3-2331111804", "format": "[Gen 9] VGC 2025 Reg G (Bo3)", "players": ["rafe_model_k", "roykeenkennedy"], "rating": 1332, "private": 0, "password": null}, {"uploadtime": 1743317333, "id": "gen9vgc2025reggbo3-2331111179", "format": "[Gen 9] VGC 2025 Reg G (Bo3)", "players": ["Joelito22", "RagCheese"], "rating": null, "private": 0, "password": null}, {"uploadtime": 1743317299, "id": "gen9vgc2025reggbo3-2331111707", "format": "[Gen 9] VGC 2025 Reg G (Bo3)", "players": ["LeonardPlayz", "Risquin"], "rating": 1045, "private": 0, "password": null}, {"uploadtime": 1743317195, "id": "gen9vgc2025reggbo3-2331111781", "format": "[Gen 9] VGC 2025 Reg G (Bo3)", "players": ["macky190demarco", "lok_ee7"], "rating": 1004, "private": 0, "password": null}, {"uploadtime": 1743317195, "id": "gen9vgc2025reggbo3-2331111278", "format": "[Gen 9] VGC 2025 Reg G (Bo3)", "players": ["Silent Whisp", "Ozze777"], "rating": null, "private": 0, "password": null}, {"uploadtime": 1743317195, "id": "gen9vgc2025reggbo3-2331111120", "format": "[Gen 9] VGC 2025 Reg G (Bo3)", "players": ["Lolyall", "WitchCultist"], "rating": null, "private": 0, "password": null}, {"uploadtime": 1743317195, "id": "gen9vgc2025reggbo3-2331110983", "format": "[Gen 9] VGC 2025 Reg G (Bo3)", "players": ["Dougtrio is bad", "capsian"], "rating": null, "private": 0, "password": null}, {"uploadtime": 1743316919, "id": "gen9vgc2025reggbo3-2331111127", "format": "[Gen 9] VGC 2025 Reg G (Bo3)", "players": ["ERARRR395", "suki126"], "rating": null, "private": 0, "password": null}, {"uploadtime": 1743316919, "id": "gen9vgc2025reggbo3-2331110342", "format": "[Gen 9] VGC 2025 Reg G (Bo3)", "players": ["loponite", "ushitsune"], "rating": null, "private": 0, "password": null}, {"uploadtime": 1743316919, "id": "gen9vgc2025reggbo3-2331109892", "format": "[Gen 9] VGC 2025 Reg G (Bo3)", "players": ["EmanHeRo2.0", "yuirs gsb"], "rating": null, "private": 0, "password": null}, {"uploadtime": 1743316919, "id": "gen9vgc2025reggbo3-2331109877", "format": "[Gen 9] VGC 2025 Reg G (Bo3)", "players": ["pidgeooon", "jdanhyde"], "rating": null, "private": 0, "password": null}, {"uploadtime": 1743316919, "id": "gen9vgc2025reggbo3-2331109700", "format": "[Gen 9] VGC 2025 Reg G (Bo3)", "players": ["Lolyall", "WitchCultist"], "rating": null, "private": 0, "password": null}, {"uploadtime": 1743316919, "id": "gen9vgc2025reggbo3-2331109678", "format": "[Gen 9] VGC 2025 Reg G (Bo3)", "players": ["Dougtrio is bad", "capsian"], "rating": null, "private": 0, "password": null}, {"uploadtime": 1743316919, "id": "gen9vgc2025reggbo3-2331109466", "format": "[Gen 9] VGC 2025 Reg G (Bo3)", "players": ["DatGuyJimmeh", "GG=Groudon Gaming"], "rating": null, "private": 0, "password": null}]