[{"uploadtime": 1743441721, "id": "gen9vgc2025reggbo3-2332114540", "format": "[Gen 9] VGC 2025 Reg G (Bo3)", "players": ["Zalsto", "Mikandoer"], "rating": null, "private": 0, "password": null}, {"uploadtime": 1743441704, "id": "gen9vgc2025reggbo3-2332115175", "format": "[Gen 9] VGC 2025 Reg G (Bo3)", "players": ["Kasehobel", "Lucinias"], "rating": null, "private": 0, "password": null}, {"uploadtime": 1743441638, "id": "gen9vgc2025reggbo3-2332114339", "format": "[Gen 9] VGC 2025 Reg G (Bo3)", "players": ["maexle", "jaggie34"], "rating": null, "private": 0, "password": null}, {"uploadtime": 1743441599, "id": "gen9vgc2025reggbo3-2332112790", "format": "[Gen 9] VGC 2025 Reg G (Bo3)", "players": ["badplayer3.141", "yomamaeatballs"], "rating": 1000, "private": 0, "password": null}, {"uploadtime": 1743441583, "id": "gen9vgc2025reggbo3-2332111417", "format": "[Gen 9] VGC 2025 Reg G (Bo3)", "players": ["MatteoMabl", "zeyn-299"], "rating": null, "private": 0, "password": null}, {"uploadtime": 1743441583, "id": "gen9vgc2025reggbo3-2332110438", "format": "[Gen 9] VGC 2025 Reg G (Bo3)", "players": ["tastethekoalabear", "JOka1000"], "rating": null, "private": 0, "password": null}, {"uploadtime": 1743441583, "id": "gen9vgc2025reggbo3-2332109285", "format": "[Gen 9] VGC 2025 Reg G (Bo3)", "players": ["Pikaman21", "chasewilson0579"], "rating": null, "private": 0, "password": null}, {"uploadtime": 1743441499, "id": "gen9vgc2025reggbo3-2332114230", "format": "[Gen 9] VGC 2025 Reg G (Bo3)", "players": ["Kasehobel", "arrowrainking"], "rating": 1000, "private": 0, "password": null}, {"uploadtime": 1743441478, "id": "gen9vgc2025reggbo3-2332112947", "format": "[Gen 9] VGC 2025 Reg G (Bo3)", "players": ["luxray2029", "xPatmon"], "rating": 1308, "private": 0, "password": null}, {"uploadtime": 1743441445, "id": "gen9vgc2025reggbo3-2332111073", "format": "[Gen 9] VGC 2025 Reg G (Bo3)", "players": ["Devious PLan", "Atrix MJ"], "rating": null, "private": 0, "password": null}, {"uploadtime": 1743441445, "id": "gen9vgc2025reggbo3-2332110863", "format": "[Gen 9] VGC 2025 Reg G (Bo3)", "players": ["Edmondantes97", "Regireddit"], "rating": null, "private": 0, "password": null}, {"uploadtime": 1743441445, "id": "gen9vgc2025reggbo3-2332110560", "format": "[Gen 9] VGC 2025 Reg G (Bo3)", "players": ["Mizuws", "Dreyer f t h"], "rating": null, "private": 0, "password": null}, {"uploadtime": 1743441445, "id": "gen9vgc2025reggbo3-2332106956", "format": "[Gen 9] VGC 2025 Reg G (Bo3)", "players": ["confidential2U", "Greeness"], "rating": 1105, "private": 0, "password": null}, {"uploadtime": 1743441436, "id": "gen9vgc2025reggbo3-2332111790", "format": "[Gen 9] VGC 2025 Reg G (Bo3)", "players": ["Devious PLan", "Atrix MJ"], "rating": 1437, "private": 0, "password": null}, {"uploadtime": 1743441394, "id": "gen9vgc2025reggbo3-2332110971", "format": "[Gen 9] VGC 2025 Reg G (Bo3)", "players": ["Kasehobel", "arrowrainking"], "rating": null, "private": 0, "password": null}, {"uploadtime": 1743441306, "id": "gen9vgc2025reggbo3-2332109486", "format": "[Gen 9] VGC 2025 Reg G (Bo3)", "players": ["Edmondantes97", "Regireddit"], "rating": null, "private": 0, "password": null}, {"uploadtime": 1743441306, "id": "gen9vgc2025reggbo3-2332109456", "format": "[Gen 9] VGC 2025 Reg G (Bo3)", "players": ["the_frantic_franxx", "Dis_Plot"], "rating": null, "private": 0, "password": null}, {"uploadtime": 1743441306, "id": "gen9vgc2025reggbo3-2332108849", "format": "[Gen 9] VGC 2025 Reg G (Bo3)", "players": ["sayf1010", "lok1z"], "rating": 1051, "private": 0, "password": null}, {"uploadtime": 1743441306, "id": "gen9vgc2025reggbo3-2332107558", "format": "[Gen 9] VGC 2025 Reg G (Bo3)", "players": ["Le P VGC", "testingteams1010"], "rating": null, "private": 0, "password": null}, {"uploadtime": 1743441306, "id": "gen9vgc2025reggbo3-2332107401", "format": "[Gen 9] VGC 2025 Reg G (Bo3)", "players": ["Clodsirecool2", "Guest 978443"], "rating": null, "private": 0, "password": null}, {"uploadtime": 1743441306, "id": "gen9vgc2025reggbo3-2332106512", "format": "[Gen 9] VGC 2025 Reg G (Bo3)", "players": ["pokemasterz461", "alpha pineaple"], "rating": null, "private": 0, "password": null}, {"uploadtime": 1743441306, "id": "gen9vgc2025reggbo3-2332106224", "format": "[Gen 9] VGC 2025 Reg G (Bo3)", "players": ["goldenBeak", "ethnol1816"], "rating": null, "private": 0, "password": null}, {"uploadtime": 1743441302, "id": "gen9vgc2025reggbo3-2332108467", "format": "[Gen 9] VGC 2025 Reg G (Bo3)", "players": ["Juanitto Balatrez", "JochiVGC"], "rating": 1244, "private": 0, "password": null}, {"uploadtime": 1743441199, "id": "gen9vgc2025reggbo3-2332109071", "format": "[Gen 9] VGC 2025 Reg G (Bo3)", "players": ["bachira.lock", "moth.o"], "rating": 1301, "private": 0, "password": null}, {"uploadtime": 1743441170, "id": "gen9vgc2025reggbo3-2332106763", "format": "[Gen 9] VGC 2025 Reg G (Bo3)", "players": ["bachira.lock", "moth.o"], "rating": null, "private": 0, "password": null}, {"uploadtime": 1743441168, "id": "gen9vgc2025reggbo3-2332109679", "format": "[Gen 9] VGC 2025 Reg G (Bo3)", "players": ["Devious PLan", "Atrix MJ"], "rating": null, "private": 0, "password": null}, {"uploadtime": 1743441167, "id": "gen9vgc2025reggbo3-2332107150", "format": "[Gen 9] VGC 2025 Reg G (Bo3)", "players": ["Aakazi", "Dreyer f t h"], "rating": 1038, "private": 0, "password": null}, {"uploadtime": 1743441167, "id": "gen9vgc2025reggbo3-2332106634", "format": "[Gen 9] VGC 2025 Reg G (Bo3)", "players": ["the_frantic_franxx", "Dis_Plot"], "rating": null, "private": 0, "password": null}, {"uploadtime": 1743441133, "id": "gen9vgc2025reggbo3-2332106111", "format": "[Gen 9] VGC 2025 Reg G (Bo3)", "players": ["Kasehobel", "yomamaeatballs"], "rating": null, "private": 0, "password": null}, {"uploadtime": 1743441111, "id": "gen9vgc2025reggbo3-2332107513", "format": "[Gen 9] VGC 2025 Reg G (Bo3)", "players": ["ppyyy", "Fayz Sharpie"], "rating": null, "private": 0, "password": null}, {"uploadtime": 1743441094, "id": "gen9vgc2025reggbo3-2332108119", "format": "[Gen 9] VGC 2025 Reg G (Bo3)", "players": ["NoNeedForGravity", "rainyshrimpyy"], "rating": null, "private": 0, "password": null}, {"uploadtime": 1743441029, "id": "gen9vgc2025reggbo3-2332104921", "format": "[Gen 9] VGC 2025 Reg G (Bo3)", "players": ["Clodsirecool2", "Guest 978443"], "rating": null, "private": 0, "password": null}, {"uploadtime": 1743441029, "id": "gen9vgc2025reggbo3-2332104063", "format": "[Gen 9] VGC 2025 Reg G (Bo3)", "players": ["pokemasterz461", "alpha pineaple"], "rating": null, "private": 0, "password": null}, {"uploadtime": 1743441006, "id": "gen9vgc2025reggbo3-2332102947", "format": "[Gen 9] VGC 2025 Reg G (Bo3)", "players": ["Fluvialcrossing", "ZeederVGC"], "rating": 1113, "private": 0, "password": null}, {"uploadtime": 1743440951, "id": "gen9vgc2025reggbo3-2332105495", "format": "[Gen 9] VGC 2025 Reg G (Bo3)", "players": ["Juanitto Balatrez", "JochiVGC"], "rating": null, "private": 0, "password": null}, {"uploadtime": 1743440917, "id": "gen9vgc2025reggbo3-2332105456", "format": "[Gen 9] VGC 2025 Reg G (Bo3)", "players": ["NoNeedForGravity", "rainyshrimpyy"], "rating": null, "private": 0, "password": null}, {"uploadtime": 1743440891, "id": "gen9vgc2025reggbo3-2332103873", "format": "[Gen 9] VGC 2025 Reg G (Bo3)", "players": ["sephfr", "Chequis"], "rating": 1026, "private": 0, "password": null}, {"uploadtime": 1743440891, "id": "gen9vgc2025reggbo3-2332103413", "format": "[Gen 9] VGC 2025 Reg G (Bo3)", "players": ["l love you 12345", "zjk19"], "rating": 1030, "private": 0, "password": null}, {"uploadtime": 1743440891, "id": "gen9vgc2025reggbo3-2332101853", "format": "[Gen 9] VGC 2025 Reg G (Bo3)", "players": ["worstiee", "miranarda"], "rating": 1015, "private": 0, "password": null}, {"uploadtime": 1743440844, "id": "gen9vgc2025reggbo3-2332104126", "format": "[Gen 9] VGC 2025 Reg G (Bo3)", "players": ["OreburghRanger", "Sazandoramx"], "rating": 1341, "private": 0, "password": null}, {"uploadtime": 1743440755, "id": "gen9vgc2025reggbo3-2332101244", "format": "[Gen 9] VGC 2025 Reg G (Bo3)", "players": ["Tygnon974", "LinkoO"], "rating": null, "private": 0, "password": null}, {"uploadtime": 1743440752, "id": "gen9vgc2025reggbo3-2332098544", "format": "[Gen 9] VGC 2025 Reg G (Bo3)", "players": ["crustleuk", "goldenBeak"], "rating": null, "private": 0, "password": null}, {"uploadtime": 1743440744, "id": "gen9vgc2025reggbo3-2332097406", "format": "[Gen 9] VGC 2025 Reg G (Bo3)", "players": ["Tygnon974", "LinkoO"], "rating": null, "private": 0, "password": null}, {"uploadtime": 1743440700, "id": "gen9vgc2025reggbo3-2332103244", "format": "[Gen 9] VGC 2025 Reg G (Bo3)", "players": ["rainyshrimpyy", "NoNeedForGravity"], "rating": null, "private": 0, "password": null}, {"uploadtime": 1743440685, "id": "gen9vgc2025reggbo3-2332100983", "format": "[Gen 9] VGC 2025 Reg G (Bo3)", "players": ["ppyyy", "Fayz Sharpie"], "rating": null, "private": 0, "password": null}, {"uploadtime": 1743440636, "id": "gen9vgc2025reggbo3-2332100424", "format": "[Gen 9] VGC 2025 Reg G (Bo3)", "players": ["KingLordNiklas", "Juanitto Balatrez"], "rating": 1190, "private": 0, "password": null}, {"uploadtime": 1743440622, "id": "gen9vgc2025reggbo3-2332100373", "format": "[Gen 9] VGC 2025 Reg G (Bo3)", "players": ["badplayer3.141", "lukydch"], "rating": 1053, "private": 0, "password": null}, {"uploadtime": 1743440614, "id": "gen9vgc2025reggbo3-2332098085", "format": "[Gen 9] VGC 2025 Reg G (Bo3)", "players": ["ethnol1816", "ougobi"], "rating": null, "private": 0, "password": null}, {"uploadtime": 1743440605, "id": "gen9vgc2025reggbo3-2332101430", "format": "[Gen 9] VGC 2025 Reg G (Bo3)", "players": ["OreburghRanger", "Sazandoramx"], "rating": null, "private": 0, "password": null}, {"uploadtime": 1743440528, "id": "gen9vgc2025reggbo3-2332100484", "format": "[Gen 9] VGC 2025 Reg G (Bo3)", "players": ["hdgjgdfhj", "Kasehobel"], "rating": 1071, "private": 0, "password": null}, {"uploadtime": 1743440521, "id": "gen9vgc2025reggbo3-2332099771", "format": "[Gen 9] VGC 2025 Reg G (Bo3)", "players": ["xavidotnet", "ziggleroid_don"], "rating": null, "private": 0, "password": null}]