[{"uploadtime": 1743251924, "id": "gen9vgc2025reggbo3-2330563387", "format": "[Gen 9] VGC 2025 Reg G (Bo3)", "players": ["TogoVGC", "NemoAK"], "rating": 1208, "private": 0, "password": null}, {"uploadtime": 1743251924, "id": "gen9vgc2025reggbo3-2330562696", "format": "[Gen 9] VGC 2025 Reg G (Bo3)", "players": ["3badplayers", "Lanturn 8"], "rating": null, "private": 0, "password": null}, {"uploadtime": 1743251817, "id": "gen9vgc2025reggbo3-2330565410", "format": "[Gen 9] VGC 2025 Reg G (Bo3)", "players": ["Lycopoky Slimesy", "LeonardPlayz"], "rating": 1085, "private": 0, "password": null}, {"uploadtime": 1743251735, "id": "gen9vgc2025reggbo3-2330563769", "format": "[Gen 9] VGC 2025 Reg G (Bo3)", "players": ["Lycopoky Slimesy", "LeonardPlayz"], "rating": null, "private": 0, "password": null}, {"uploadtime": 1743251644, "id": "gen9vgc2025reggbo3-2330562625", "format": "[Gen 9] VGC 2025 Reg G (Bo3)", "players": ["Yannickjuhhh", "TestingfortheGCII"], "rating": 1087, "private": 0, "password": null}, {"uploadtime": 1743251639, "id": "gen9vgc2025reggbo3-2330562670", "format": "[Gen 9] VGC 2025 Reg G (Bo3)", "players": ["nikolasnaiz", "FleurCannon56"], "rating": null, "private": 0, "password": null}, {"uploadtime": 1743251639, "id": "gen9vgc2025reggbo3-2330561989", "format": "[Gen 9] VGC 2025 Reg G (Bo3)", "players": ["Dryynvgc", "atrositys"], "rating": 1208, "private": 0, "password": null}, {"uploadtime": 1743251639, "id": "gen9vgc2025reggbo3-2330561131", "format": "[Gen 9] VGC 2025 Reg G (Bo3)", "players": ["sephfr", "Lanturn 8"], "rating": 1067, "private": 0, "password": null}, {"uploadtime": 1743251639, "id": "gen9vgc2025reggbo3-2330560964", "format": "[Gen 9] VGC 2025 Reg G (Bo3)", "players": ["sazar saifi", "doung yolph"], "rating": null, "private": 0, "password": null}, {"uploadtime": 1743251627, "id": "gen9vgc2025reggbo3-2330557902", "format": "[Gen 9] VGC 2025 Reg G (Bo3)", "players": ["Yannickjuhhh", "TestingfortheGCII"], "rating": null, "private": 0, "password": null}, {"uploadtime": 1743251497, "id": "gen9vgc2025reggbo3-2330560883", "format": "[Gen 9] VGC 2025 Reg G (Bo3)", "players": ["kigokigo", "LeonardPlayz"], "rating": null, "private": 0, "password": null}, {"uploadtime": 1743251497, "id": "gen9vgc2025reggbo3-2330560126", "format": "[Gen 9] VGC 2025 Reg G (Bo3)", "players": ["Yannickjuhhh", "TestingfortheGCII"], "rating": null, "private": 0, "password": null}, {"uploadtime": 1743251497, "id": "gen9vgc2025reggbo3-2330560065", "format": "[Gen 9] VGC 2025 Reg G (Bo3)", "players": ["PAT_3rt", "Indigo Crisp"], "rating": null, "private": 0, "password": null}, {"uploadtime": 1743251497, "id": "gen9vgc2025reggbo3-2330559884", "format": "[Gen 9] VGC 2025 Reg G (Bo3)", "players": ["Iliketoplaygen8", "yagomg"], "rating": null, "private": 0, "password": null}, {"uploadtime": 1743251459, "id": "gen9vgc2025reggbo3-2330560273", "format": "[Gen 9] VGC 2025 Reg G (Bo3)", "players": ["mobikBlock", "Lycopoky Slimesy"], "rating": 1172, "private": 0, "password": null}, {"uploadtime": 1743251355, "id": "gen9vgc2025reggbo3-2330559747", "format": "[Gen 9] VGC 2025 Reg G (Bo3)", "players": ["kigokigo", "LeonardPlayz"], "rating": null, "private": 0, "password": null}, {"uploadtime": 1743251212, "id": "gen9vgc2025reggbo3-2330558849", "format": "[Gen 9] VGC 2025 Reg G (Bo3)", "players": ["casperition1", "hpeezy"], "rating": null, "private": 0, "password": null}, {"uploadtime": 1743251212, "id": "gen9vgc2025reggbo3-2330558805", "format": "[Gen 9] VGC 2025 Reg G (Bo3)", "players": ["hilyfe00", "Pokechan13"], "rating": null, "private": 0, "password": null}, {"uploadtime": 1743251070, "id": "gen9vgc2025reggbo3-2330556701", "format": "[Gen 9] VGC 2025 Reg G (Bo3)", "players": ["hilyfe00", "Pokechan13"], "rating": null, "private": 0, "password": null}, {"uploadtime": 1743250981, "id": "gen9vgc2025reggbo3-2330558352", "format": "[Gen 9] VGC 2025 Reg G (Bo3)", "players": ["OreburghRanger", "propedro"], "rating": 1338, "private": 0, "password": null}, {"uploadtime": 1743250979, "id": "gen9vgc2025reggbo3-2330557689", "format": "[Gen 9] VGC 2025 Reg G (Bo3)", "players": ["D-scNSe", "Inv2021"], "rating": 1181, "private": 0, "password": null}, {"uploadtime": 1743250943, "id": "gen9vgc2025reggbo3-2330557287", "format": "[Gen 9] VGC 2025 Reg G (Bo3)", "players": ["mobikBlock", "Lycopoky Slimesy"], "rating": null, "private": 0, "password": null}, {"uploadtime": 1743250785, "id": "gen9vgc2025reggbo3-2330556859", "format": "[Gen 9] VGC 2025 Reg G (Bo3)", "players": ["josedawp", "Jaso2008"], "rating": null, "private": 0, "password": null}, {"uploadtime": 1743250785, "id": "gen9vgc2025reggbo3-2330554811", "format": "[Gen 9] VGC 2025 Reg G (Bo3)", "players": ["josedawp", "Jaso2008"], "rating": null, "private": 0, "password": null}, {"uploadtime": 1743250785, "id": "gen9vgc2025reggbo3-2330554701", "format": "[Gen 9] VGC 2025 Reg G (Bo3)", "players": ["ddanabtw", "kigokigo"], "rating": null, "private": 0, "password": null}, {"uploadtime": 1743250651, "id": "gen9vgc2025reggbo3-2330556483", "format": "[Gen 9] VGC 2025 Reg G (Bo3)", "players": ["OreburghRanger", "propedro"], "rating": null, "private": 0, "password": null}, {"uploadtime": 1743250537, "id": "gen9vgc2025reggbo3-2330556128", "format": "[Gen 9] VGC 2025 Reg G (Bo3)", "players": ["D-scNSe", "Inv2021"], "rating": null, "private": 0, "password": null}, {"uploadtime": 1743250513, "id": "gen9vgc2025reggbo3-2330554601", "format": "[Gen 9] VGC 2025 Reg G (Bo3)", "players": ["secondgamewaswhite", "Yannickjuhhh"], "rating": 1179, "private": 0, "password": null}, {"uploadtime": 1743250500, "id": "gen9vgc2025reggbo3-2330554386", "format": "[Gen 9] VGC 2025 Reg G (Bo3)", "players": ["nikolasnaiz", "ChovyWorldChampInc"], "rating": null, "private": 0, "password": null}, {"uploadtime": 1743250358, "id": "gen9vgc2025reggbo3-2330553332", "format": "[Gen 9] VGC 2025 Reg G (Bo3)", "players": ["secondgamewaswhite", "Yannickjuhhh"], "rating": null, "private": 0, "password": null}, {"uploadtime": 1743250357, "id": "gen9vgc2025reggbo3-2330552645", "format": "[Gen 9] VGC 2025 Reg G (Bo3)", "players": ["Esctasies", "nalon450"], "rating": 1093, "private": 0, "password": null}, {"uploadtime": 1743250335, "id": "gen9vgc2025reggbo3-2330554189", "format": "[Gen 9] VGC 2025 Reg G (Bo3)", "players": ["propedro", "Drogaplut003"], "rating": 1360, "private": 0, "password": null}, {"uploadtime": 1743250324, "id": "gen9vgc2025reggbo3-2330552843", "format": "[Gen 9] VGC 2025 Reg G (Bo3)", "players": ["propedro", "Drogaplut003"], "rating": null, "private": 0, "password": null}, {"uploadtime": 1743250293, "id": "gen9vgc2025reggbo3-2330553763", "format": "[Gen 9] VGC 2025 Reg G (Bo3)", "players": ["D-scNSe", "Inv2021"], "rating": null, "private": 0, "password": null}, {"uploadtime": 1743250215, "id": "gen9vgc2025reggbo3-2330552287", "format": "[Gen 9] VGC 2025 Reg G (Bo3)", "players": ["aohiphid", "atrositys"], "rating": 1041, "private": 0, "password": null}, {"uploadtime": 1743250215, "id": "gen9vgc2025reggbo3-2330551495", "format": "[Gen 9] VGC 2025 Reg G (Bo3)", "players": ["DAMPJuice", "Jaso2008"], "rating": 1024, "private": 0, "password": null}, {"uploadtime": 1743250065, "id": "gen9vgc2025reggbo3-2330553365", "format": "[Gen 9] VGC 2025 Reg G (Bo3)", "players": ["GoToSeville", "murkyVGC"], "rating": 1141, "private": 0, "password": null}, {"uploadtime": 1743249837, "id": "gen9vgc2025reggbo3-2330552173", "format": "[Gen 9] VGC 2025 Reg G (Bo3)", "players": ["D-scNSe", "GoToSeville"], "rating": 1111, "private": 0, "password": null}, {"uploadtime": 1743249657, "id": "gen9vgc2025reggbo3-2330550645", "format": "[Gen 9] VGC 2025 Reg G (Bo3)", "players": ["D-scNSe", "GoToSeville"], "rating": null, "private": 0, "password": null}, {"uploadtime": 1743249409, "id": "gen9vgc2025reggbo3-2330548070", "format": "[Gen 9] VGC 2025 Reg G (Bo3)", "players": ["D-scNSe", "BigBoyYKT"], "rating": 1050, "private": 0, "password": null}, {"uploadtime": 1743249403, "id": "gen9vgc2025reggbo3-2330542890", "format": "[Gen 9] VGC 2025 Reg G (Bo3)", "players": ["FleurCannon56", "Devious PLan"], "rating": null, "private": 0, "password": null}, {"uploadtime": 1743248997, "id": "gen9vgc2025reggbo3-2330546649", "format": "[Gen 9] VGC 2025 Reg G (Bo3)", "players": ["D-scNSe", "BigBoyYKT"], "rating": null, "private": 0, "password": null}, {"uploadtime": 1743248748, "id": "gen9vgc2025reggbo3-2330544483", "format": "[Gen 9] VGC 2025 Reg G (Bo3)", "players": ["D-scNSe", "wolffetrooper"], "rating": 1079, "private": 0, "password": null}, {"uploadtime": 1743248736, "id": "gen9vgc2025reggbo3-2330541486", "format": "[Gen 9] VGC 2025 Reg G (Bo3)", "players": ["cancreatic", "Adrinhoo"], "rating": null, "private": 0, "password": null}, {"uploadtime": 1743248675, "id": "gen9vgc2025reggbo3-2330543800", "format": "[Gen 9] VGC 2025 Reg G (Bo3)", "players": ["cancreatic", "Adrinhoo"], "rating": 1236, "private": 0, "password": null}, {"uploadtime": 1743248471, "id": "gen9vgc2025reggbo3-2330543170", "format": "[Gen 9] VGC 2025 Reg G (Bo3)", "players": ["User16838426", "RobeeIniesta"], "rating": 1346, "private": 0, "password": null}, {"uploadtime": 1743248459, "id": "gen9vgc2025reggbo3-2330542280", "format": "[Gen 9] VGC 2025 Reg G (Bo3)", "players": ["User16838426", "RobeeIniesta"], "rating": null, "private": 0, "password": null}, {"uploadtime": 1743248443, "id": "gen9vgc2025reggbo3-2330540971", "format": "[Gen 9] VGC 2025 Reg G (Bo3)", "players": ["User16838426", "RobeeIniesta"], "rating": null, "private": 0, "password": null}, {"uploadtime": 1743248403, "id": "gen9vgc2025reggbo3-2330542196", "format": "[Gen 9] VGC 2025 Reg G (Bo3)", "players": ["D-scNSe", "wolffetrooper"], "rating": null, "private": 0, "password": null}, {"uploadtime": 1743248402, "id": "gen9vgc2025reggbo3-2330542763", "format": "[Gen 9] VGC 2025 Reg G (Bo3)", "players": ["D1VYANG111", "Josefino Augusto"], "rating": null, "private": 0, "password": null}, {"uploadtime": 1743248401, "id": "gen9vgc2025reggbo3-2330542297", "format": "[Gen 9] VGC 2025 Reg G (Bo3)", "players": ["BundleUpItsCold", "DanteLionheart"], "rating": null, "private": 0, "password": null}]