[
  {
    "uploadtime": 1743468600,
    "id": "gen9vgc2025reggbo3-2332403554",
    "format": "[Gen 9] VGC 2025 Reg G (Bo3)",
    "players": ["pikuselu", "NoNeedForGravity"],
    "rating": null,
    "private": 0,
    "password": null
  },
  {
    "uploadtime": 1743468562,
    "id": "gen9vgc2025reggbo3-2332401456",
    "format": "[Gen 9] VGC 2025 Reg G (Bo3)",
    "players": ["confidential2U", "izmatti"],
    "rating": null,
    "private": 0,
    "password": null
  },
  {
    "uploadtime": 1743468525,
    "id": "gen9vgc2025reggbo3-2332400465",
    "format": "[Gen 9] VGC 2025 Reg G (Bo3)",
    "players": ["pikuselu", "NoNeedForGravity"],
    "rating": null,
    "private": 0,
    "password": null
  },
  {
    "uploadtime": 1743468423,
    "id": "gen9vgc2025reggbo3-2332400631",
    "format": "[Gen 9] VGC 2025 Reg G (Bo3)",
    "players": ["Just a Minus", "BenjiRNG"],
    "rating": null,
    "private": 0,
    "password": null
  },
  {
    "uploadtime": 1743468423,
    "id": "gen9vgc2025reggbo3-2332398178",
    "format": "[Gen 9] VGC 2025 Reg G (Bo3)",
    "players": ["EeveeSolution", "Tedi2002"],
    "rating": null,
    "private": 0,
    "password": null
  },
  {
    "uploadtime": 1743468283,
    "id": "gen9vgc2025reggbo3-2332399858",
    "format": "[Gen 9] VGC 2025 Reg G (Bo3)",
    "players": ["Tobballs10", "bicemine"],
    "rating": null,
    "private": 0,
    "password": null
  },
  {
    "uploadtime": 1743468283,
    "id": "gen9vgc2025reggbo3-2332397931",
    "format": "[Gen 9] VGC 2025 Reg G (Bo3)",
    "players": ["confidential2U", "izmatti"],
    "rating": null,
    "private": 0,
    "password": null
  },
  {
    "uploadtime": 1743468145,
    "id": "gen9vgc2025reggbo3-2332391911",
    "format": "[Gen 9] VGC 2025 Reg G (Bo3)",
    "players": ["br3nd1n0", "Fuckler Jones"],
    "rating": null,
    "private": 0,
    "password": null
  },
  {
    "uploadtime": 1743468040,
    "id": "gen9vgc2025reggbo3-2332396339",
    "format": "[Gen 9] VGC 2025 Reg G (Bo3)",
    "players": ["koiseyo otome", "rodrigo21amz"],
    "rating": null,
    "private": 0,
    "password": null
  },
  {
    "uploadtime": 1743467892,
    "id": "gen9vgc2025reggbo3-2332397750",
    "format": "[Gen 9] VGC 2025 Reg G (Bo3)",
    "players": ["rainyshrimpyy", "NoNeedForGravity"],
    "rating": null,
    "private": 0,
    "password": null
  },
  {
    "uploadtime": 1743467727,
    "id": "gen9vgc2025reggbo3-2332393974",
    "format": "[Gen 9] VGC 2025 Reg G (Bo3)",
    "players": ["eatingmoss", "ErynCerise"],
    "rating": null,
    "private": 0,
    "password": null
  },
  {
    "uploadtime": 1743467683,
    "id": "gen9vgc2025reggbo3-2332396189",
    "format": "[Gen 9] VGC 2025 Reg G (Bo3)",
    "players": ["rainyshrimpyy", "NoNeedForGravity"],
    "rating": null,
    "private": 0,
    "password": null
  },
  {
    "uploadtime": 1743467588,
    "id": "gen9vgc2025reggbo3-2332392991",
    "format": "[Gen 9] VGC 2025 Reg G (Bo3)",
    "players": ["Katcherfreeman", "chasewilson0579"],
    "rating": null,
    "private": 0,
    "password": null
  },
  {
    "uploadtime": 1743467535,
    "id": "gen9vgc2025reggbo3-2332394098",
    "format": "[Gen 9] VGC 2025 Reg G (Bo3)",
    "players": ["koiseyo otome", "rodrigo21amz"],
    "rating": null,
    "private": 0,
    "password": null
  },
  {
    "uploadtime": 1743467523,
    "id": "gen9vgc2025reggbo3-2332394619",
    "format": "[Gen 9] VGC 2025 Reg G (Bo3)",
    "players": ["rainyshrimpyy", "NoNeedForGravity"],
    "rating": null,
    "private": 0,
    "password": null
  },
  {
    "uploadtime": 1743467464,
    "id": "gen9vgc2025reggbo3-2332393162",
    "format": "[Gen 9] VGC 2025 Reg G (Bo3)",
    "players": ["Marts_the_Martian", "HadesMAGMA"],
    "rating": 1118,
    "private": 0,
    "password": null
  },
  {
    "uploadtime": 1743467448,
    "id": "gen9vgc2025reggbo3-2332391681",
    "format": "[Gen 9] VGC 2025 Reg G (Bo3)",
    "players": ["Gworf", "migolao"],
    "rating": null,
    "private": 0,
    "password": null
  },
  {
    "uploadtime": 1743467309,
    "id": "gen9vgc2025reggbo3-2332390737",
    "format": "[Gen 9] VGC 2025 Reg G (Bo3)",
    "players": ["blaisenova1", "chasewilson0579"],
    "rating": null,
    "private": 0,
    "password": null
  },
  {
    "uploadtime": 1743467029,
    "id": "gen9vgc2025reggbo3-2332387434",
    "format": "[Gen 9] VGC 2025 Reg G (Bo3)",
    "players": ["WickedWitch_Cat", "Jordanfish"],
    "rating": null,
    "private": 0,
    "password": null
  },
  {
    "uploadtime": 1743467006,
    "id": "gen9vgc2025reggbo3-2332389160",
    "format": "[Gen 9] VGC 2025 Reg G (Bo3)",
    "players": ["4gux99", "FlashoGoing"],
    "rating": null,
    "private": 0,
    "password": null
  },
  {
    "uploadtime": 1743466750,
    "id": "gen9vgc2025reggbo3-2332385856",
    "format": "[Gen 9] VGC 2025 Reg G (Bo3)",
    "players": ["BTK9696", "PA_ramber"],
    "rating": null,
    "private": 0,
    "password": null
  },
  {
    "uploadtime": 1743466750,
    "id": "gen9vgc2025reggbo3-2332385766",
    "format": "[Gen 9] VGC 2025 Reg G (Bo3)",
    "players": ["sjwjjwiw", "blaisenova1"],
    "rating": null,
    "private": 0,
    "password": null
  },
  {
    "uploadtime": 1743466727,
    "id": "gen9vgc2025reggbo3-2332385466",
    "format": "[Gen 9] VGC 2025 Reg G (Bo3)",
    "players": ["Flinflox", "Yuyun<3"],
    "rating": 1163,
    "private": 0,
    "password": null
  },
  {
    "uploadtime": 1743466722,
    "id": "gen9vgc2025reggbo3-2332382956",
    "format": "[Gen 9] VGC 2025 Reg G (Bo3)",
    "players": ["Flinflox", "Yuyun<3"],
    "rating": null,
    "private": 0,
    "password": null
  },
  {
    "uploadtime": 1743466611,
    "id": "gen9vgc2025reggbo3-2332384471",
    "format": "[Gen 9] VGC 2025 Reg G (Bo3)",
    "players": ["br3nd1n0", "Fuckler Jones"],
    "rating": null,
    "private": 0,
    "password": null
  },
  {
    "uploadtime": 1743466472,
    "id": "gen9vgc2025reggbo3-2332383845",
    "format": "[Gen 9] VGC 2025 Reg G (Bo3)",
    "players": ["BTK9696", "PA_ramber"],
    "rating": null,
    "private": 0,
    "password": null
  },
  {
    "uploadtime": 1743466385,
    "id": "gen9vgc2025reggbo3-2332382230",
    "format": "[Gen 9] VGC 2025 Reg G (Bo3)",
    "players": ["toobloobr", "Sir Kumquat"],
    "rating": null,
    "private": 0,
    "password": null
  },
  {
    "uploadtime": 1743466344,
    "id": "gen9vgc2025reggbo3-2332379441",
    "format": "[Gen 9] VGC 2025 Reg G (Bo3)",
    "players": ["toobloobr", "Sir Kumquat"],
    "rating": null,
    "private": 0,
    "password": null
  },
  {
    "uploadtime": 1743466298,
    "id": "gen9vgc2025reggbo3-2332376583",
    "format": "[Gen 9] VGC 2025 Reg G (Bo3)",
    "players": ["toobloobr", "Sir Kumquat"],
    "rating": null,
    "private": 0,
    "password": null
  },
  {
    "uploadtime": 1743466192,
    "id": "gen9vgc2025reggbo3-2332381476",
    "format": "[Gen 9] VGC 2025 Reg G (Bo3)",
    "players": ["Flinflox", "Yuyun<3"],
    "rating": null,
    "private": 0,
    "password": null
  },
  {
    "uploadtime": 1743466164,
    "id": "gen9vgc2025reggbo3-2332380818",
    "format": "[Gen 9] VGC 2025 Reg G (Bo3)",
    "players": ["noah100800", "pixelfx"],
    "rating": 1279,
    "private": 0,
    "password": null
  },
  {
    "uploadtime": 1743466054,
    "id": "gen9vgc2025reggbo3-2332379933",
    "format": "[Gen 9] VGC 2025 Reg G (Bo3)",
    "players": ["lexerthanatauros", "haxtreeme"],
    "rating": null,
    "private": 0,
    "password": null
  },
  {
    "uploadtime": 1743466054,
    "id": "gen9vgc2025reggbo3-2332379410",
    "format": "[Gen 9] VGC 2025 Reg G (Bo3)",
    "players": ["RifiBeliever", "dengonumber1fan"],
    "rating": null,
    "private": 0,
    "password": null
  },
  {
    "uploadtime": 1743466054,
    "id": "gen9vgc2025reggbo3-2332379141",
    "format": "[Gen 9] VGC 2025 Reg G (Bo3)",
    "players": ["Jisuzzzz", "MaFiaBoyz"],
    "rating": null,
    "private": 0,
    "password": null
  },
  {
    "uploadtime": 1743466030,
    "id": "gen9vgc2025reggbo3-2332379781",
    "format": "[Gen 9] VGC 2025 Reg G (Bo3)",
    "players": ["Gworf", "sweetlysunny"],
    "rating": 1208,
    "private": 0,
    "password": null
  },
  {
    "uploadtime": 1743466021,
    "id": "gen9vgc2025reggbo3-2332377224",
    "format": "[Gen 9] VGC 2025 Reg G (Bo3)",
    "players": ["Gworf", "sweetlysunny"],
    "rating": null,
    "private": 0,
    "password": null
  },
  {
    "uploadtime": 1743466009,
    "id": "gen9vgc2025reggbo3-2332373803",
    "format": "[Gen 9] VGC 2025 Reg G (Bo3)",
    "players": ["Gworf", "sweetlysunny"],
    "rating": null,
    "private": 0,
    "password": null
  },
  {
    "uploadtime": 1743465967,
    "id": "gen9vgc2025reggbo3-2332378652",
    "format": "[Gen 9] VGC 2025 Reg G (Bo3)",
    "players": ["a2", "RICHARDHAVOC"],
    "rating": 1397,
    "private": 0,
    "password": null
  },
  {
    "uploadtime": 1743465960,
    "id": "gen9vgc2025reggbo3-2332375490",
    "format": "[Gen 9] VGC 2025 Reg G (Bo3)",
    "players": ["a2", "RICHARDHAVOC"],
    "rating": null,
    "private": 0,
    "password": null
  },
  {
    "uploadtime": 1743465952,
    "id": "gen9vgc2025reggbo3-2332372860",
    "format": "[Gen 9] VGC 2025 Reg G (Bo3)",
    "players": ["a2", "RICHARDHAVOC"],
    "rating": null,
    "private": 0,
    "password": null
  },
  {
    "uploadtime": 1743465869,
    "id": "gen9vgc2025reggbo3-2332378443",
    "format": "[Gen 9] VGC 2025 Reg G (Bo3)",
    "players": ["Van regional Champ", "volanr"],
    "rating": 1492,
    "private": 0,
    "password": null
  },
  {
    "uploadtime": 1743465805,
    "id": "gen9vgc2025reggbo3-2332376055",
    "format": "[Gen 9] VGC 2025 Reg G (Bo3)",
    "players": ["Van regional Champ", "volanr"],
    "rating": null,
    "private": 0,
    "password": null
  },
  {
    "uploadtime": 1743465785,
    "id": "gen9vgc2025reggbo3-2332377534",
    "format": "[Gen 9] VGC 2025 Reg G (Bo3)",
    "players": ["noah100800", "pixelfx"],
    "rating": null,
    "private": 0,
    "password": null
  },
  {
    "uploadtime": 1743465633,
    "id": "gen9vgc2025reggbo3-2332375863",
    "format": "[Gen 9] VGC 2025 Reg G (Bo3)",
    "players": ["Emurdad", "Thedragonbeast"],
    "rating": 1116,
    "private": 0,
    "password": null
  },
  {
    "uploadtime": 1743465254,
    "id": "gen9vgc2025reggbo3-2332373833",
    "format": "[Gen 9] VGC 2025 Reg G (Bo3)",
    "players": ["koiseyo otome", "Van regional Champ"],
    "rating": 1512,
    "private": 0,
    "password": null
  },
  {
    "uploadtime": 1743465240,
    "id": "gen9vgc2025reggbo3-2332370801",
    "format": "[Gen 9] VGC 2025 Reg G (Bo3)",
    "players": ["mike_3221", "RticT"],
    "rating": null,
    "private": 0,
    "password": null
  },
  {
    "uploadtime": 1743465148,
    "id": "gen9vgc2025reggbo3-2332374221",
    "format": "[Gen 9] VGC 2025 Reg G (Bo3)",
    "players": ["Arnau M_M", "pixelfx"],
    "rating": 1335,
    "private": 0,
    "password": null
  },
  {
    "uploadtime": 1743465058,
    "id": "gen9vgc2025reggbo3-2332372830",
    "format": "[Gen 9] VGC 2025 Reg G (Bo3)",
    "players": ["Arnau M_M", "pixelfx"],
    "rating": null,
    "private": 0,
    "password": null
  },
  {
    "uploadtime": 1743465046,
    "id": "gen9vgc2025reggbo3-2332369793",
    "format": "[Gen 9] VGC 2025 Reg G (Bo3)",
    "players": ["katfishfilet", "lebrionnejames"],
    "rating": 1129,
    "private": 0,
    "password": null
  },
  {
    "uploadtime": 1743465014,
    "id": "gen9vgc2025reggbo3-2332371790",
    "format": "[Gen 9] VGC 2025 Reg G (Bo3)",
    "players": ["koiseyo otome", "Van regional Champ"],
    "rating": null,
    "private": 0,
    "password": null
  },
  {
    "uploadtime": 1743464989,
    "id": "gen9vgc2025reggbo3-2332371013",
    "format": "[Gen 9] VGC 2025 Reg G (Bo3)",
    "players": ["Achungatna", "atlpreplup"],
    "rating": 1200,
    "private": 0,
    "password": null
  }
]
