{"id": "gen9vgc2025reggbo3-2330521207", "format": "[Gen 9] VGC 2025 Reg G (Bo3)", "players": ["DAMPJuice", "DeStef2003"], "log": "|j|\u2606DAMPJuice\n|j|\u2606DeStef2003\n|html|<table width=\"100%\"><tr><td align=\"left\">DAMPJuice</td><td align=\"right\">DeStef2003</tr><tr><td align=\"left\"><i class=\"fa fa-circle-o\"></i> <i class=\"fa fa-circle-o\"></i> </td><td align=\"right\"><i class=\"fa fa-circle-o\"></i> <i class=\"fa fa-circle-o\"></i> </tr></table>\n|uhtml|bestof|<h2><strong>Game 1</strong> of <a href=\"/game-bestof3-gen9vgc2025reggbo3-2330521206\">a best-of-3</a></h2>\n|t:|1743244300\n|gametype|doubles\n|player|p1|DAMPJuice|mars|1141\n|player|p2|DeStef2003|striker|1087\n|teamsize|p1|6\n|teamsize|p2|6\n|gen|9\n|tier|[Gen 9] VGC 2025 Reg G (Bo3)\n|rated|\n|rule|Species Clause: Limit one of each Pok\u00e9mon\n|rule|Item Clause: Limit 1 of each item\n|clearpoke\n|poke|p1|Calyrex-Shadow, L50|\n|poke|p1|Rillaboom, L50, M|\n|poke|p1|Urshifu-*, L50, M|\n|poke|p1|Baxcalibur, L50, F|\n|poke|p1|Umbreon, L50, M|\n|poke|p1|Flutter Mane, L50|\n|poke|p2|Venusaur, L50, M|\n|poke|p2|Koraidon, L50|\n|poke|p2|Jumpluff, L50, F|\n|poke|p2|Thundurus, L50, M|\n|poke|p2|Ogerpon-Hearthflame, L50, F|\n|poke|p2|Iron Hands, L50|\n|teampreview|4\n|showteam|p1|Calyrex-Shadow||FocusSash|AsOneSpectrier|AstralBarrage,Protect,Imprison,TrickRoom||||||50|,,,,,Ghost]Rillaboom||AssaultVest|GrassySurge|WoodHammer,GrassyGlide,Uturn,FakeOut|||M|||50|,,,,,Fire]Urshifu-Rapid-Strike||ChoiceScarf|UnseenFist|SurgingStrikes,CloseCombat,AquaJet,Uturn|||M|||50|,,,,,Water]Baxcalibur||ClearAmulet|ThermalExchange|GlaiveRush,IceShard,Protect,DragonDance|||F|||50|,,,,,Dragon]Umbreon||Leftovers|InnerFocus|FoulPlay,Snarl,Protect,Taunt|||M|||50|,,,,,Poison]Flutter Mane||FairyFeather|Protosynthesis|Moonblast,DazzlingGleam,IcyWind,Protect||||||50|,,,,,Fairy\n|showteam|p2|Venusaur||LifeOrb|Chlorophyll|SleepPowder,WeatherBall,SludgeBomb,SolarBeam|||M|||50|,,,,,Fire]Koraidon||ClearAmulet|OrichalcumPulse|CloseCombat,FlareBlitz,SwordsDance,Protect||||||50|,,,,,Fire]Jumpluff||CovertCloak|Chlorophyll|StrengthSap,RagePowder,Tailwind,Encore|||F|||50|,,,,,Dark]Thundurus||FocusSash|Prankster|SunnyDay,ThunderWave,VoltSwitch,Protect|||M|||50|,,,,,Ghost]Ogerpon-Hearthflame||HearthflameMask|MoldBreaker|FocusEnergy,IvyCudgel,WoodHammer,SpikyShield|||F|||50|,,,,,Fire]Iron Hands||AssaultVest|QuarkDrive|FakeOut,DrainPunch,HeavySlam,WildCharge||||||50|,,,,,Water\n|c|\u2606DeStef2003|That Caly set is wild\n|c|\u2606DAMPJuice|ik :)\n|inactive|Battle timer is ON: inactive players will automatically lose when time's up. (requested by DAMPJuice)\n|\n|t:|1743244375\n|start\n|switch|p1a: Rillaboom|Rillaboom, L50, M|100/100\n|switch|p1b: Flutter Mane|Flutter Mane, L50|100/100\n|switch|p2a: Thundurus|Thundurus, L50, M|100/100\n|switch|p2b: Iron Hands|Iron Hands, L50|100/100\n|-fieldstart|move: Grassy Terrain|[from] ability: Grassy Surge|[of] p1a: Rillaboom\n|turn|1\n|\n|t:|1743244400\n|move|p1a: Rillaboom|Fake Out|p2b: Iron Hands\n|-damage|p2b: Iron Hands|91/100\n|move|p2a: Thundurus|Thunder Wave|p1b: Flutter Mane\n|-status|p1b: Flutter Mane|par\n|move|p1b: Flutter Mane|Moonblast|p2a: Thundurus\n|-damage|p2a: Thundurus|42/100\n|-unboost|p2a: Thundurus|spa|1\n|cant|p2b: Iron Hands|flinch\n|\n|-heal|p2b: Iron Hands|97/100|[from] Grassy Terrain\n|upkeep\n|turn|2\n|\n|t:|1743244417\n|move|p2a: Thundurus|Thunder Wave|p1a: Rillaboom|[miss]\n|-miss|p2a: Thundurus|p1a: Rillaboom\n|move|p1a: Rillaboom|Wood Hammer|p2b: Iron Hands\n|-damage|p2b: Iron Hands|45/100\n|-damage|p1a: Rillaboom|81/100|[from] Recoil\n|cant|p1b: Flutter Mane|par\n|move|p2b: Iron Hands|Heavy Slam|p1b: Flutter Mane\n|-supereffective|p1b: Flutter Mane\n|-damage|p1b: Flutter Mane|0 fnt\n|faint|p1b: Flutter Mane\n|-end|p1b: Flutter Mane|Protosynthesis|[silent]\n|\n|-heal|p1a: Rillaboom|86/100|[from] Grassy Terrain\n|-heal|p2b: Iron Hands|51/100|[from] Grassy Terrain\n|upkeep\n|\n|t:|1743244429\n|switch|p1b: Baxcalibur|Baxcalibur, L50, F|100/100\n|turn|3\n|\n|t:|1743244439\n|move|p1b: Baxcalibur|Ice Shard|p2a: Thundurus\n|-supereffective|p2a: Thundurus\n|-damage|p2a: Thundurus|0 fnt\n|faint|p2a: Thundurus\n|move|p1a: Rillaboom|Wood Hammer|p2b: Iron Hands\n|-damage|p2b: Iron Hands|0 fnt\n|faint|p2b: Iron Hands\n|-end|p2b: Iron Hands|Quark Drive|[silent]\n|-damage|p1a: Rillaboom|67/100|[from] Recoil\n|\n|-heal|p1a: Rillaboom|73/100|[from] Grassy Terrain\n|upkeep\n|\n|t:|1743244450\n|switch|p2a: Koraidon|Koraidon, L50|100/100\n|switch|p2b: Ogerpon|Ogerpon-Hearthflame, L50, F|100/100\n|-weather|SunnyDay|[from] ability: Orichalcum Pulse|[of] p2a: Koraidon\n|-activate|p2a: Koraidon|Orichalcum Pulse|[source]\n|-ability|p2b: Ogerpon|Mold Breaker\n|turn|4\n|\n|t:|1743244473\n|-terastallize|p1b: Baxcalibur|Dragon\n|move|p2a: Koraidon|Swords Dance|p2a: Koraidon\n|-boost|p2a: Koraidon|atk|2\n|move|p2b: Ogerpon|Focus Energy|p2b: Ogerpon\n|-start|p2b: Ogerpon|move: Focus Energy\n|move|p1b: Baxcalibur|Glaive Rush|p2a: Koraidon\n|-supereffective|p2a: Koraidon\n|-damage|p2a: Koraidon|0 fnt\n|-singlemove|p1b: Baxcalibur|Glaive Rush|[silent]\n|faint|p2a: Koraidon\n|move|p1a: Rillaboom|U-turn|p2b: Ogerpon\n|-damage|p2b: Ogerpon|68/100\n|\n|t:|1743244480\n|switch|p1a: Calyrex|Calyrex-Shadow, L50|100/100|[from] U-turn\n|-ability|p1a: Calyrex|As One\n|-ability|p1a: Calyrex|Unnerve\n|\n|-weather|SunnyDay|[upkeep]\n|-heal|p2b: Ogerpon|73/100|[from] Grassy Terrain\n|upkeep\n|turn|5\n|\n|t:|1743244491\n|move|p1b: Baxcalibur|Ice Shard|p2b: Ogerpon\n|-damage|p2b: Ogerpon|44/100\n|move|p1a: Calyrex|Astral Barrage|p2b: Ogerpon\n|-damage|p2b: Ogerpon|0 fnt\n|faint|p2b: Ogerpon\n|\n|win|DAMPJuice\n||DeStef2003 is ready for game 2.\n||DAMPJuice is ready for game 2.\n|uhtml|next|Next: <a href=\"/battle-gen9vgc2025reggbo3-2330522239\"><strong>Game 2 of 3</strong></a>\n|l|\u2606DAMPJuice\n|player|p1|\n|l|\u2606DeStef2003\n|player|p2|\n", "uploadtime": 1743244805, "views": 5, "formatid": "gen9vgc2025reggbo3", "rating": null, "private": 0, "password": null}