{"id": "gen9vgc2025reggbo3-2330513951", "format": "[Gen 9] VGC 2025 Reg G (Bo3)", "players": ["Mario5x", "Tanganyiko"], "log": "|j|\u2606Mario5x\n|j|\u2606Tanganyiko\n|html|<table width=\"100%\"><tr><td align=\"left\">Mario5x</td><td align=\"right\">Tanganyiko</tr><tr><td align=\"left\"><i class=\"fa fa-circle-o\"></i> <i class=\"fa fa-circle-o\"></i> </td><td align=\"right\"><i class=\"fa fa-circle-o\"></i> <i class=\"fa fa-circle-o\"></i> </tr></table>\n|uhtml|bestof|<h2><strong>Game 1</strong> of <a href=\"/game-bestof3-gen9vgc2025reggbo3-2330513949\">a best-of-3</a></h2>\n|t:|1743242945\n|gametype|doubles\n|player|p1|Mario5x|1|1239\n|player|p2|Tanganyiko|101|1160\n|teamsize|p1|6\n|teamsize|p2|6\n|gen|9\n|tier|[Gen 9] VGC 2025 Reg G (Bo3)\n|rated|\n|rule|Species Clause: Limit one of each Pok\u00e9mon\n|rule|Item Clause: Limit 1 of each item\n|clearpoke\n|poke|p1|Weezing-Galar, L50, F|\n|poke|p1|Maushold, L50|\n|poke|p1|Dondozo, L50, M|\n|poke|p1|Tatsugiri, L50, M|\n|poke|p1|Iron Hands, L50|\n|poke|p1|Calyrex-Shadow, L50|\n|poke|p2|Zacian-*, L50|\n|poke|p2|Flutter Mane, L50|\n|poke|p2|Urshifu-*, L50, M|\n|poke|p2|Pelipper, L50, F|\n|poke|p2|Incineroar, L50, F|\n|poke|p2|Hydrapple, L50, M|\n|teampreview|4\n|showteam|p1|Weezing-Galar||CovertCloak|NeutralizingGas|StrangeSteam,PoisonGas,ToxicSpikes,Protect|||F|||50|,,,,,Grass]Maushold||RockyHelmet|FriendGuard|Feint,HelpingHand,FollowMe,Protect||||||50|,,,,,Grass]Dondozo||Leftovers|Unaware|WaveCrash,Earthquake,Protect,OrderUp|||M|||50|,,,,,Grass]Tatsugiri||FocusSash|Commander|DracoMeteor,MuddyWater,HelpingHand,Protect|||M|||50|,,,,,Stellar]Iron Hands||AssaultVest|QuarkDrive|FakeOut,CloseCombat,DrainPunch,WildCharge||||||50|,,,,,Fire]Calyrex-Shadow||ChoiceScarf|AsOneSpectrier|AstralBarrage,Psychic,ShadowBall,PollenPuff||||||50|,,,,,Ghost\n|showteam|p2|Zacian-Crowned||RustedSword|IntrepidSword|Protect,PlayRough,behemothblade,CloseCombat||||||50|,,,,,Grass]Flutter Mane||BoosterEnergy|Protosynthesis|Protect,IcyWind,Moonblast,ShadowBall||||||50|,,,,,Fairy]Urshifu-Rapid-Strike||ChoiceScarf|UnseenFist|Coaching,SurgingStrikes,Uturn,CloseCombat|||M|||50|,,,,,Water]Pelipper||FocusSash|Drizzle|Tailwind,WideGuard,WeatherBall,Hurricane|||F|||50|,,,,,Water]Incineroar||SitrusBerry|Intimidate|Protect,FakeOut,FlareBlitz,PartingShot|||F|||50|,,,,,Ghost]Hydrapple||AssaultVest|SupersweetSyrup|SyrupBomb,PollenPuff,TeraBlast,FickleBeam|||M|||50|,,,,,Steel\n|inactive|Battle timer is ON: inactive players will automatically lose when time's up. (requested by Mario5x)\n|inactive|Tanganyiko has 60 seconds left.\n|\n|t:|1743243046\n|start\n|switch|p1a: Calyrex|Calyrex-Shadow, L50|100/100\n|switch|p1b: Maushold|Maushold, L50|100/100\n|switch|p2a: Flutter Mane|Flutter Mane, L50|100/100\n|switch|p2b: Pelipper|Pelipper, L50, F|100/100\n|-ability|p1a: Calyrex|As One\n|-ability|p1a: Calyrex|Unnerve\n|-weather|RainDance|[from] ability: Drizzle|[of] p2b: Pelipper\n|-enditem|p2a: Flutter Mane|Booster Energy\n|-activate|p2a: Flutter Mane|ability: Protosynthesis|[fromitem]\n|-start|p2a: Flutter Mane|protosynthesisspe\n|turn|1\n|inactive|Mario5x has 30 seconds left.\n|inactive|Mario5x has 20 seconds left.\n|inactive|Tanganyiko has 30 seconds left.\n|inactive|Mario5x has 15 seconds left.\n|inactive|Mario5x has 10 seconds left.\n|inactive|Tanganyiko has 20 seconds left.\n|inactive|Mario5x has 5 seconds left.\n|inactive|Tanganyiko has 15 seconds left.\n|\n|t:|1743243112\n|-terastallize|p1a: Calyrex|Ghost\n|move|p2a: Flutter Mane|Protect|p2a: Flutter Mane\n|-singleturn|p2a: Flutter Mane|Protect\n|move|p1b: Maushold|Feint|p2b: Pelipper\n|-damage|p2b: Pelipper|92/100\n|move|p1a: Calyrex|Astral Barrage|p2b: Pelipper|[spread] p2b\n|-activate|p2a: Flutter Mane|move: Protect\n|-damage|p2b: Pelipper|0 fnt\n|faint|p2b: Pelipper\n|-ability|p1a: Calyrex|Grim Neigh|boost\n|-boost|p1a: Calyrex|spa|1\n|\n|-weather|RainDance|[upkeep]\n|upkeep\n|\n|t:|1743243125\n|switch|p2b: Incineroar|Incineroar, L50, F|100/100\n|-ability|p2b: Incineroar|Intimidate|boost\n|-unboost|p1a: Calyrex|atk|1\n|-unboost|p1b: Maushold|atk|1\n|turn|2\n|\n|t:|1743243131\n|move|p2b: Incineroar|Fake Out|p1b: Maushold\n|-damage|p1b: Maushold|91/100\n|-damage|p2b: Incineroar|84/100|[from] item: Rocky Helmet|[of] p1b: Maushold\n|cant|p1b: Maushold|flinch\n|move|p2a: Flutter Mane|Icy Wind|p1b: Maushold|[spread] p1a,p1b\n|-damage|p1a: Calyrex|92/100\n|-damage|p1b: Maushold|76/100\n|-unboost|p1a: Calyrex|spe|1\n|-unboost|p1b: Maushold|spe|1\n|move|p1a: Calyrex|Astral Barrage|p2a: Flutter Mane|[spread] p2a,p2b\n|-supereffective|p2a: Flutter Mane\n|-crit|p2a: Flutter Mane\n|-resisted|p2b: Incineroar\n|-damage|p2a: Flutter Mane|0 fnt\n|-damage|p2b: Incineroar|39/100\n|faint|p2a: Flutter Mane\n|-end|p2a: Flutter Mane|Protosynthesis|[silent]\n|-ability|p1a: Calyrex|Grim Neigh|boost\n|-boost|p1a: Calyrex|spa|1\n|\n|-weather|RainDance|[upkeep]\n|upkeep\n|\n|t:|1743243144\n|switch|p2a: Zacian|Zacian-Crowned, L50|100/100\n|-ability|p2a: Zacian|Intrepid Sword|boost\n|-boost|p2a: Zacian|atk|1\n|turn|3\n|\n|t:|1743243158\n|move|p1b: Maushold|Follow Me|p1b: Maushold\n|-singleturn|p1b: Maushold|move: Follow Me\n|move|p2a: Zacian|Behemoth Blade|p1b: Maushold\n|-damage|p1b: Maushold|0 fnt\n|-damage|p2a: Zacian|84/100|[from] item: Rocky Helmet|[of] p1b: Maushold\n|faint|p1b: Maushold\n|move|p1a: Calyrex|Astral Barrage|p2a: Zacian|[spread] p2a,p2b\n|-resisted|p2b: Incineroar\n|-damage|p2a: Zacian|0 fnt\n|-damage|p2b: Incineroar|0 fnt\n|faint|p2a: Zacian\n|faint|p2b: Incineroar\n|\n|win|Mario5x\n||Tanganyiko is ready for game 2.\n|inactive|Mario5x has 30 seconds to confirm battle start!\n||Mario5x is ready for game 2.\n|uhtml|next|Next: <a href=\"/battle-gen9vgc2025reggbo3-2330515128\"><strong>Game 2 of 3</strong></a>\n|l|\u2606Mario5x\n|player|p1|\n", "uploadtime": 1743243422, "views": 5, "formatid": "gen9vgc2025reggbo3", "rating": null, "private": 0, "password": null}