{"id": "gen9vgc2025reggbo3-2330540721", "format": "[Gen 9] VGC 2025 Reg G (Bo3)", "players": ["BundleUpItsCold", "Pepitolopalote"], "log": "|j|\u2606BundleUpItsCold\n|j|\u2606Pepitolopalote\n|html|<table width=\"100%\"><tr><td align=\"left\">BundleUpItsCold</td><td align=\"right\">Pepitolopalote</tr><tr><td align=\"left\"><i class=\"fa fa-circle-o\"></i> <i class=\"fa fa-circle-o\"></i> </td><td align=\"right\"><i class=\"fa fa-circle-o\"></i> <i class=\"fa fa-circle-o\"></i> </tr></table>\n|uhtml|bestof|<h2><strong>Game 1</strong> of <a href=\"/game-bestof3-gen9vgc2025reggbo3-2330540720\">a best-of-3</a></h2>\n|t:|1743247782\n|gametype|doubles\n|player|p1|BundleUpItsCold|shauntal|1508\n|player|p2|Pepitolopalote|hiker-gen4|1402\n|teamsize|p1|6\n|teamsize|p2|6\n|gen|9\n|tier|[Gen 9] VGC 2025 Reg G (Bo3)\n|rated|\n|rule|Species Clause: Limit one of each Pok\u00e9mon\n|rule|Item Clause: Limit 1 of each item\n|clearpoke\n|poke|p1|Miraidon, L50|\n|poke|p1|Iron Bundle, L50|\n|poke|p1|Ursaluna, L50, F|\n|poke|p1|Farigiraf, L50, M|\n|poke|p1|Ogerpon-Hearthflame, L50, F|\n|poke|p1|Incineroar, L50, M|\n|poke|p2|Miraidon, L50|\n|poke|p2|Iron Hands, L50|\n|poke|p2|Farigiraf, L50, M|\n|poke|p2|Urshifu-*, L50, M|\n|poke|p2|Whimsicott, L50, F|\n|poke|p2|Ogerpon-Hearthflame, L50, F|\n|teampreview|4\n|showteam|p1|Miraidon||ChoiceSpecs|HadronEngine|VoltSwitch,DracoMeteor,DazzlingGleam,ElectroDrift||||||50|,,,,,Fairy]Iron Bundle||FocusSash|QuarkDrive|IcyWind,FreezeDry,Encore,Protect||||||50|,,,,,Ghost]Ursaluna||FlameOrb|Guts|HeadlongRush,Facade,Substitute,Protect|||F|||50|,,,,,Water]Farigiraf||ElectricSeed|ArmorTail|Psychic,TrickRoom,HelpingHand,FoulPlay|||M|||50|,,,,,Water]Ogerpon-Hearthflame||HearthflameMask|MoldBreaker|IvyCudgel,WoodHammer,FollowMe,SpikyShield|||F|||50|,,,,,Fire]Incineroar||AssaultVest|Intimidate|FakeOut,KnockOff,FlareBlitz,Uturn|||M|||50|,,,,,Water\n|showteam|p2|Miraidon||ChoiceSpecs|HadronEngine|ElectroDrift,DracoMeteor,DazzlingGleam,VoltSwitch||||||50|,,,,,Fairy]Iron Hands||AssaultVest|QuarkDrive|FakeOut,DrainPunch,HeavySlam,LowKick||||||50|,,,,,Water]Farigiraf||ElectricSeed|ArmorTail|Psychic,FoulPlay,TrickRoom,HelpingHand|||M|||50|,,,,,Water]Urshifu-Rapid-Strike||MysticWater|UnseenFist|SurgingStrikes,CloseCombat,Taunt,Detect|||M|||50|,,,,,Grass]Whimsicott||CovertCloak|Prankster|Moonblast,Tailwind,Encore,LightScreen|||F|||50|,,,,,Dark]Ogerpon-Hearthflame||HearthflameMask|MoldBreaker|IvyCudgel,FollowMe,SpikyShield,FocusEnergy|||F|||50|,,,,,Fire\n|\n|t:|1743247833\n|start\n|switch|p1a: Ogerpon|Ogerpon-Hearthflame, L50, F|100/100\n|switch|p1b: Ursaluna|Ursaluna, L50, F, shiny|100/100\n|switch|p2a: Whimsicott|Whimsicott, L50, F|100/100\n|switch|p2b: Miraidon|Miraidon, L50|100/100\n|-fieldstart|move: Electric Terrain|[from] ability: Hadron Engine|[of] p2b: Miraidon\n|-ability|p1a: Ogerpon|Mold Breaker\n|turn|1\n|inactive|Battle timer is ON: inactive players will automatically lose when time's up. (requested by Pepitolopalote)\n|\n|t:|1743247851\n|move|p1a: Ogerpon|Spiky Shield|p1a: Ogerpon\n|-singleturn|p1a: Ogerpon|move: Protect\n|move|p2a: Whimsicott|Tailwind|p2a: Whimsicott\n|-sidestart|p2: Pepitolopalote|move: Tailwind\n|move|p2b: Miraidon|Draco Meteor|p1a: Ogerpon\n|-activate|p1a: Ogerpon|move: Protect\n|move|p1b: Ursaluna|Headlong Rush|p2b: Miraidon\n|-supereffective|p2b: Miraidon\n|-damage|p2b: Miraidon|0 fnt\n|-unboost|p1b: Ursaluna|def|1\n|-unboost|p1b: Ursaluna|spd|1\n|faint|p2b: Miraidon\n|\n|-status|p1b: Ursaluna|brn|[from] item: Flame Orb\n|upkeep\n|\n|t:|1743247858\n|switch|p2b: Urshifu|Urshifu-Rapid-Strike, L50, M|100/100\n|turn|2\n|\n|t:|1743247872\n|switch|p2a: Ogerpon|Ogerpon-Hearthflame, L50, F|100/100\n|-ability|p2a: Ogerpon|Mold Breaker\n|move|p1a: Ogerpon|Follow Me|p1a: Ogerpon\n|-singleturn|p1a: Ogerpon|move: Follow Me\n|move|p2b: Urshifu|Surging Strikes|p1a: Ogerpon\n|-crit|p1a: Ogerpon\n|-damage|p1a: Ogerpon|78/100\n|-crit|p1a: Ogerpon\n|-damage|p1a: Ogerpon|51/100\n|-crit|p1a: Ogerpon\n|-damage|p1a: Ogerpon|24/100\n|-hitcount|p1a: Ogerpon|3\n|move|p1b: Ursaluna|Facade|p2a: Ogerpon\n|-damage|p2a: Ogerpon|0 fnt\n|faint|p2a: Ogerpon\n|\n|-damage|p1b: Ursaluna|95/100 brn|[from] brn\n|upkeep\n|\n|t:|1743247874\n|switch|p2a: Whimsicott|Whimsicott, L50, F|100/100\n|turn|3\n|\n|t:|1743247884\n|move|p1a: Ogerpon|Follow Me|p1a: Ogerpon\n|-singleturn|p1a: Ogerpon|move: Follow Me\n|move|p2a: Whimsicott|Moonblast|p1a: Ogerpon\n|-resisted|p1a: Ogerpon\n|-damage|p1a: Ogerpon|11/100\n|move|p2b: Urshifu|Surging Strikes|p1a: Ogerpon\n|-crit|p1a: Ogerpon\n|-damage|p1a: Ogerpon|0 fnt\n|faint|p1a: Ogerpon\n|-hitcount|p1: Ogerpon|1\n|move|p1b: Ursaluna|Facade|p2a: Whimsicott\n|-damage|p2a: Whimsicott|0 fnt\n|faint|p2a: Whimsicott\n|\n|-damage|p1b: Ursaluna|89/100 brn|[from] brn\n|upkeep\n|\n|t:|1743247892\n|switch|p1a: Miraidon|Miraidon, L50|100/100\n|-activate|p1a: Miraidon|ability: Hadron Engine\n|turn|4\n|\n|t:|1743247895\n|move|p2b: Urshifu|Surging Strikes|p1b: Ursaluna\n|-supereffective|p1b: Ursaluna\n|-crit|p1b: Ursaluna\n|-damage|p1b: Ursaluna|29/100 brn\n|-supereffective|p1b: Ursaluna\n|-crit|p1b: Ursaluna\n|-damage|p1b: Ursaluna|0 fnt\n|faint|p1b: Ursaluna\n|-hitcount|p1: Ursaluna|2\n|move|p1a: Miraidon|Electro Drift|p2b: Urshifu\n|-supereffective|p2b: Urshifu\n|-damage|p2b: Urshifu|0 fnt\n|faint|p2b: Urshifu\n|\n|win|BundleUpItsCold\n||Pepitolopalote is ready for game 2.\n||BundleUpItsCold is ready for game 2.\n|uhtml|next|Next: <a href=\"/battle-gen9vgc2025reggbo3-2330541413\"><strong>Game 2 of 3</strong></a>\n|l|\u2606BundleUpItsCold\n|player|p1|\n|l|\u2606Pepitolopalote\n|player|p2|\n", "uploadtime": 1743248263, "views": 5, "formatid": "gen9vgc2025reggbo3", "rating": null, "private": 0, "password": null}