{"id": "gen9vgc2025reggbo3-2330465527", "format": "[Gen 9] VGC 2025 Reg G (Bo3)", "players": ["TRICKROOMHARD", "carrot123456789"], "log": "|j|\u2606TRICKROOMHARD\n|j|\u2606carrot123456789\n|html|<table width=\"100%\"><tr><td align=\"left\">TRICKROOMHARD</td><td align=\"right\">carrot123456789</tr><tr><td align=\"left\"><i class=\"fa fa-circle-o\"></i> <i class=\"fa fa-circle-o\"></i> </td><td align=\"right\"><i class=\"fa fa-circle-o\"></i> <i class=\"fa fa-circle-o\"></i> </tr></table>\n|uhtml|bestof|<h2><strong>Game 1</strong> of <a href=\"/game-bestof3-gen9vgc2025reggbo3-2330465526\">a best-of-3</a></h2>\n|t:|1743232732\n|gametype|doubles\n|player|p1|TRICKROOMHARD|morty|1245\n|player|p2|carrot123456789|dawn|1190\n|teamsize|p1|6\n|teamsize|p2|6\n|gen|9\n|tier|[Gen 9] VGC 2025 Reg G (Bo3)\n|rated|\n|rule|Species Clause: Limit one of each Pok\u00e9mon\n|rule|Item Clause: Limit 1 of each item\n|clearpoke\n|poke|p1|Calyrex-Ice, L50|\n|poke|p1|Alcremie, L50, F|\n|poke|p1|Ogerpon-Hearthflame, L50, F|\n|poke|p1|Ursaluna-Bloodmoon, L50, M|\n|poke|p1|Indeedee-F, L50, F|\n|poke|p1|Iron Hands, L50|\n|poke|p2|Kyogre, L50|\n|poke|p2|Tornadus, L50, M|\n|poke|p2|Farigiraf, L50, F|\n|poke|p2|Landorus, L50, M|\n|poke|p2|Urshifu-*, L50, M|\n|poke|p2|Incineroar, L50, M|\n|teampreview|4\n|showteam|p1|Calyrex-Ice||ClearAmulet|AsOneGlastrier|GlacialLance,HighHorsepower,Protect,TrickRoom||||||50|,,,,,Fire]Alcremie||RockyHelmet|SweetVeil|Decorate,AlluringVoice,HelpingHand,Protect|||F|||50|,,,,,Steel]Ogerpon-Hearthflame||HearthflameMask|MoldBreaker|IvyCudgel,WoodHammer,SpikyShield,FollowMe|||F|||50|,,,,,Fire]Ursaluna-Bloodmoon||LifeOrb|MindsEye|BloodMoon,HyperVoice,EarthPower,Protect|||M|||50|,,,,,Ghost]Indeedee-F||SafetyGoggles|PsychicSurge|AlluringVoice,TrickRoom,HelpingHand,FollowMe|||F|||50|,,,,,Fairy]Iron Hands||AssaultVest|QuarkDrive|FakeOut,WildCharge,LowKick,HeavySlam||||||50|,,,,,Bug\n|showteam|p2|Kyogre||ChoiceSpecs|Drizzle|WaterSpout,OriginPulse,HydroPump,Thunder||||||50|,,,,,Water]Tornadus||CovertCloak|Prankster|BleakwindStorm,Tailwind,Taunt,Protect|||M|||50|,,,,,Flying]Farigiraf||SitrusBerry|ArmorTail|HelpingHand,TrickRoom,Psychic,FoulPlay|||F|||50|,,,,,Normal]Landorus||LifeOrb|SheerForce|EarthPower,SandsearStorm,SludgeBomb,Protect|||M|||50|,,,,,Poison]Urshifu-Rapid-Strike||ChoiceScarf|UnseenFist|SurgingStrikes,CloseCombat,Uturn,IceSpinner|||M|||50|,,,,,Water]Incineroar||SafetyGoggles|Intimidate|KnockOff,PartingShot,FakeOut,HelpingHand|||M|||50|,,,,,Fire\n|inactive|Battle timer is ON: inactive players will automatically lose when time's up. (requested by carrot123456789)\n|inactive|TRICKROOMHARD also wants the timer to be on.\n|inactive|TRICKROOMHARD has 60 seconds left.\n|inactive|carrot123456789 has 60 seconds left.\n|\n|t:|1743232769\n|start\n|switch|p1a: Calyrex|Calyrex-Ice, L50|100/100\n|switch|p1b: Iron Hands|Iron Hands, L50|100/100\n|switch|p2a: Kyogre|Kyogre, L50|100/100\n|switch|p2b: Incineroar|Incineroar, L50, M|100/100\n|-ability|p1a: Calyrex|As One\n|-ability|p1a: Calyrex|Unnerve\n|-weather|RainDance|[from] ability: Drizzle|[of] p2a: Kyogre\n|-ability|p2b: Incineroar|Intimidate|boost\n|-fail|p1a: Calyrex|unboost|[from] item: Clear Amulet|[of] p1a: Calyrex\n|-unboost|p1b: Iron Hands|atk|1\n|turn|1\n|\n|t:|1743232786\n|-terastallize|p2a: Kyogre|Water\n|move|p2b: Incineroar|Fake Out|p1b: Iron Hands\n|-damage|p1b: Iron Hands|93/100\n|move|p2a: Kyogre|Water Spout|p1b: Iron Hands|[spread] p1a,p1b\n|-damage|p1a: Calyrex|0 fnt\n|-damage|p1b: Iron Hands|0 fnt\n|faint|p1a: Calyrex\n|faint|p1b: Iron Hands\n|-end|p1b: Iron Hands|Quark Drive|[silent]\n|\n|-weather|RainDance|[upkeep]\n|upkeep\n|\n|t:|1743232790\n|switch|p1a: Alcremie|Alcremie, L50, F|100/100\n|switch|p1b: Ursaluna|Ursaluna-Bloodmoon, L50, M|100/100\n|turn|2\n|-message|TRICKROOMHARD forfeited.\n|\n|win|carrot123456789\n|l|\u2606TRICKROOMHARD\n|player|p1|\n||TRICKROOMHARD is ready for game 2.\n||carrot123456789 is ready for game 2.\n|uhtml|next|Next: <a href=\"/battle-gen9vgc2025reggbo3-2330465818\"><strong>Game 2 of 3</strong></a>\n|l|\u2606carrot123456789\n|player|p2|\n", "uploadtime": 1743233001, "views": 5, "formatid": "gen9vgc2025reggbo3", "rating": null, "private": 0, "password": null}