{"id": "gen9vgc2025reggbo3-2330426245", "format": "[Gen 9] VGC 2025 Reg G (Bo3)", "players": ["MoonEnthusiast", "We_Love_The_Gong"], "log": "|j|\u2606MoonEnthusiast\n|j|\u2606We_Love_The_Gong\n|html|<table width=\"100%\"><tr><td align=\"left\">MoonEnthusiast</td><td align=\"right\">We_Love_The_Gong</tr><tr><td align=\"left\"><i class=\"fa fa-circle-o\"></i> <i class=\"fa fa-circle-o\"></i> </td><td align=\"right\"><i class=\"fa fa-circle-o\"></i> <i class=\"fa fa-circle-o\"></i> </tr></table>\n|uhtml|bestof|<h2><strong>Game 1</strong> of <a href=\"/game-bestof3-gen9vgc2025reggbo3-2330426244\">a best-of-3</a></h2>\n|t:|1743225346\n|gametype|doubles\n|player|p1|MoonEnthusiast|2|1345\n|player|p2|We_Love_The_Gong|169|1412\n|teamsize|p1|6\n|teamsize|p2|6\n|gen|9\n|tier|[Gen 9] VGC 2025 Reg G (Bo3)\n|rated|\n|rule|Species Clause: Limit one of each Pok\u00e9mon\n|rule|Item Clause: Limit 1 of each item\n|clearpoke\n|poke|p1|Terapagos, L50, M|\n|poke|p1|Whimsicott, L50, F|\n|poke|p1|Ogerpon-Hearthflame, L50, F|\n|poke|p1|Walking Wake, L50|\n|poke|p1|Landorus, L50, M|\n|poke|p1|Chien-Pao, L50|\n|poke|p2|Weezing-Galar, L50, M|\n|poke|p2|Dondozo, L50, M|\n|poke|p2|Tatsugiri-Droopy, L50, F|\n|poke|p2|Calyrex-Shadow, L50|\n|poke|p2|Chien-Pao, L50|\n|poke|p2|Urshifu-*, L50, F|\n|teampreview|4\n|showteam|p1|Terapagos||ChoiceSpecs|TeraShift|TeraStarstorm,HyperBeam,EarthPower,DarkPulse|||M|||50|,,,,,Stellar]Whimsicott||MentalHerb|Prankster|Protect,Moonblast,Tailwind,Encore|||F|||50|,,,,,Fairy]Ogerpon-Hearthflame||HearthflameMask|MoldBreaker|SpikyShield,IvyCudgel,HornLeech,FollowMe|||F|||50|,,,,,Fire]Walking Wake||BoosterEnergy|Protosynthesis|Protect,HydroSteam,DragonPulse,Flamethrower||||||50|,,,,,Steel]Landorus||LifeOrb|SheerForce|Protect,EarthPower,SandsearStorm,SludgeBomb|||M|||50|,,,,,Water]Chien-Pao||FocusSash|SwordofRuin|Protect,IcicleCrash,SuckerPunch,SacredSword||||||50|,,,,,Stellar\n|showteam|p2|Weezing-Galar||CovertCloak|NeutralizingGas|DazzlingGleam,PoisonGas,ToxicSpikes,Protect|||M|||50|,,,,,Water]Dondozo||Leftovers|Unaware|WaveCrash,OrderUp,BodyPress,Protect|||M|||50|,,,,,Grass]Tatsugiri-Droopy||SafetyGoggles|Commander|MuddyWater,DracoMeteor,HelpingHand,Protect|||F|||50|,,,,,Stellar]Calyrex-Shadow||FocusSash|AsOneSpectrier|AstralBarrage,Psyshock,Substitute,Protect||||||50|,,,,,Normal]Chien-Pao||LifeOrb|SwordofRuin|IceSpinner,Crunch,SuckerPunch,Protect||||||50|,,,,,Stellar]Urshifu-Rapid-Strike||ChoiceScarf|UnseenFist|SurgingStrikes,AquaJet,CloseCombat,Uturn|||F|||50|,,,,,Water\n|inactive|Battle timer is ON: inactive players will automatically lose when time's up. (requested by MoonEnthusiast)\n|inactive|MoonEnthusiast has 60 seconds left.\n|\n|t:|1743225387\n|start\n|switch|p1a: Terapagos|Terapagos, L50, M|100/100\n|switch|p1b: Landorus|Landorus, L50, M|100/100\n|switch|p2a: Weezing|Weezing-Galar, L50, M|100/100\n|switch|p2b: Chien-Pao|Chien-Pao, L50|100/100\n|-activate|p1a: Terapagos|ability: Tera Shift\n|detailschange|p1a: Terapagos|Terapagos-Terastal, L50, M\n|-heal|p1a: Terapagos|100/100|[silent]\n|-ability|p2a: Weezing|Neutralizing Gas\n|turn|1\n|\n|t:|1743225408\n|move|p1b: Landorus|Protect|p1b: Landorus\n|-singleturn|p1b: Landorus|Protect\n|move|p2b: Chien-Pao|Ice Spinner|p1b: Landorus\n|-activate|p1b: Landorus|move: Protect\n|move|p1a: Terapagos|Tera Starstorm|p2b: Chien-Pao\n|-damage|p2b: Chien-Pao|0 fnt\n|faint|p2b: Chien-Pao\n|move|p2a: Weezing|Poison Gas|p1b: Landorus|[spread] p1a\n|-activate|p1b: Landorus|move: Protect\n|-status|p1a: Terapagos|psn\n|\n|-damage|p1a: Terapagos|88/100 psn|[from] psn\n|upkeep\n|\n|t:|1743225423\n|switch|p2b: Dondozo|Dondozo, L50, M|100/100\n|turn|2\n|\n|t:|1743225434\n|switch|p1a: Whimsicott|Whimsicott, L50, F|100/100\n|-end|p2a: Weezing|ability: Neutralizing Gas\n|switch|p2a: Tatsugiri|Tatsugiri-Droopy, L50, F|100/100\n|-activate|p2a: Tatsugiri|ability: Commander|[of] p2b: Dondozo\n|-boost|p2b: Dondozo|atk|2\n|-boost|p2b: Dondozo|spa|2\n|-boost|p2b: Dondozo|spe|2\n|-boost|p2b: Dondozo|def|2\n|-boost|p2b: Dondozo|spd|2\n|move|p1b: Landorus|Earth Power|p2b: Dondozo\n|-damage|p2b: Dondozo|71/100\n|move|p2b: Dondozo|Body Press|p1a: Whimsicott\n|-resisted|p1a: Whimsicott\n|-damage|p1a: Whimsicott|69/100\n|\n|-heal|p2b: Dondozo|77/100|[from] item: Leftovers\n|upkeep\n|turn|3\n|\n|t:|1743225457\n|move|p1a: Whimsicott|Encore|p2b: Dondozo\n|-start|p2b: Dondozo|Encore\n|move|p1b: Landorus|Earth Power|p2b: Dondozo\n|-damage|p2b: Dondozo|48/100\n|move|p2b: Dondozo|Body Press|p1b: Landorus\n|-resisted|p1b: Landorus\n|-damage|p1b: Landorus|69/100\n|\n|-heal|p2b: Dondozo|54/100|[from] item: Leftovers\n|upkeep\n|turn|4\n|\n|t:|1743225466\n|move|p1b: Landorus|Earth Power|p2b: Dondozo\n|-damage|p2b: Dondozo|20/100\n|move|p1a: Whimsicott|Moonblast|p2b: Dondozo\n|-damage|p2b: Dondozo|8/100\n|move|p2b: Dondozo|Body Press|p1a: Whimsicott\n|-resisted|p1a: Whimsicott\n|-damage|p1a: Whimsicott|37/100\n|\n|-heal|p2b: Dondozo|14/100|[from] item: Leftovers\n|upkeep\n|turn|5\n|-message|We_Love_The_Gong forfeited.\n|\n|win|MoonEnthusiast\n||We_Love_The_Gong is ready for game 2.\n||MoonEnthusiast is ready for game 2.\n|uhtml|next|Next: <a href=\"/battle-gen9vgc2025reggbo3-2330427008\"><strong>Game 2 of 3</strong></a>\n|l|\u2606MoonEnthusiast\n|player|p1|\n|l|\u2606We_Love_The_Gong\n|player|p2|\n", "uploadtime": 1743225655, "views": 5, "formatid": "gen9vgc2025reggbo3", "rating": null, "private": 0, "password": null}