{"id": "gen9vgc2025reggbo3-2330447899", "format": "[Gen 9] VGC 2025 Reg G (Bo3)", "players": ["BreadPudding248", "RamenOuO"], "log": "|j|\u2606BreadPudding248\n|j|\u2606RamenOuO\n|html|<table width=\"100%\"><tr><td align=\"left\">BreadPudding248</td><td align=\"right\">RamenOuO</tr><tr><td align=\"left\"><i class=\"fa fa-circle\"></i> <i class=\"fa fa-circle-o\"></i> </td><td align=\"right\"><i class=\"fa fa-circle-o\"></i> <i class=\"fa fa-circle-o\"></i> </tr></table>\n|uhtml|bestof|<h2><strong>Game 2</strong> of <a href=\"/game-bestof3-gen9vgc2025reggbo3-2330447197\">a best-of-3</a></h2>\n|t:|1743229202\n|gametype|doubles\n|player|p1|BreadPudding248|collector|1462\n|player|p2|RamenOuO|iono|1402\n|teamsize|p1|6\n|teamsize|p2|6\n|gen|9\n|tier|[Gen 9] VGC 2025 Reg G (Bo3)\n|rated|\n|rule|Species Clause: Limit one of each Pok\u00e9mon\n|rule|Item Clause: Limit 1 of each item\n|clearpoke\n|poke|p1|Miraidon, L50|\n|poke|p1|Whimsicott, L50, F|\n|poke|p1|Ogerpon-Hearthflame, L50, F|\n|poke|p1|Urshifu-*, L50, F|\n|poke|p1|Iron Hands, L50|\n|poke|p1|Farigiraf, L50, M|\n|poke|p2|Calyrex-Shadow, L50|\n|poke|p2|Clefairy, L50, F|\n|poke|p2|Incineroar, L50, F|\n|poke|p2|Rillaboom, L50, F|\n|poke|p2|Urshifu-*, L50, F|\n|poke|p2|Pelipper, L50, F|\n|teampreview|4\n|showteam|p1|Miraidon||ChoiceSpecs|HadronEngine|ElectroDrift,VoltSwitch,DazzlingGleam,DracoMeteor||||||50|,,,,,Fairy]Whimsicott||FocusSash|Prankster|Moonblast,Tailwind,LightScreen,Encore|||F|||50|,,,,,Ghost]Ogerpon-Hearthflame||HearthflameMask|MoldBreaker|IvyCudgel,FocusEnergy,FollowMe,SpikyShield|||F|||50|,,,,,Fire]Urshifu-Rapid-Strike||MysticWater|UnseenFist|SurgingStrikes,AquaJet,Detect,Taunt|||F|||50|,,,,,Water]Iron Hands||AssaultVest|QuarkDrive|DrainPunch,LowKick,FakeOut,HeavySlam||||||50|,,,,,Water]Farigiraf||ElectricSeed|ArmorTail|Psychic,FoulPlay,TrickRoom,HelpingHand|||M|||50|,,,,,Water\n|showteam|p2|Calyrex-Shadow||LifeOrb|AsOneSpectrier|AstralBarrage,GigaDrain,NastyPlot,Protect||||||50|,,,,,Grass]Clefairy||Eviolite|FriendGuard|FollowMe,HelpingHand,AfterYou,ThunderWave|||F|||50|,,,,,Steel]Incineroar||SitrusBerry|Intimidate|KnockOff,PartingShot,HelpingHand,FakeOut|||F|||50|,,,,,Grass]Rillaboom||AssaultVest|GrassySurge|WoodHammer,GrassyGlide,Uturn,FakeOut|||F|||50|,,,,,Steel]Urshifu-Rapid-Strike||ChoiceScarf|UnseenFist|CloseCombat,SurgingStrikes,Uturn,RockSlide|||F|||50|,,,,,Steel]Pelipper||FocusSash|Drizzle|WeatherBall,Hurricane,Tailwind,WideGuard|||F|||50|,,,,,Ghost\n|inactive|Battle timer is ON: inactive players will automatically lose when time's up. (requested by RamenOuO)\n|inactive|BreadPudding248 also wants the timer to be on.\n|inactive|RamenOuO has 60 seconds left.\n|\n|t:|1743229238\n|start\n|switch|p1a: Whimsicott|Whimsicott, L50, F|100/100\n|switch|p1b: Miraidon|Miraidon, L50|100/100\n|switch|p2a: \u857e\u51a0\u738b|Calyrex-Shadow, L50|100/100\n|switch|p2b: \u71be\u7130\u5486\u54ee\u864e|Incineroar, L50, F, shiny|100/100\n|-ability|p2a: \u857e\u51a0\u738b|As One\n|-ability|p2a: \u857e\u51a0\u738b|Unnerve\n|-fieldstart|move: Electric Terrain|[from] ability: Hadron Engine|[of] p1b: Miraidon\n|-ability|p2b: \u71be\u7130\u5486\u54ee\u864e|Intimidate|boost\n|-unboost|p1a: Whimsicott|atk|1\n|-unboost|p1b: Miraidon|atk|1\n|turn|1\n|inactive|BreadPudding248 has 30 seconds left.\n|inactive|BreadPudding248 has 20 seconds left.\n|\n|t:|1743229276\n|switch|p2b: \u8f5f\u64c2\u91d1\u525b\u7329|Rillaboom, L50, F, shiny|100/100\n|-fieldstart|move: Grassy Terrain|[from] ability: Grassy Surge|[of] p2b: \u8f5f\u64c2\u91d1\u525b\u7329\n|move|p1a: Whimsicott|Light Screen|p1a: Whimsicott\n|-sidestart|p1: BreadPudding248|move: Light Screen\n|move|p2a: \u857e\u51a0\u738b|Astral Barrage|p1b: Miraidon|[spread] p1a,p1b\n|-damage|p1a: Whimsicott|45/100\n|-damage|p1b: Miraidon|63/100\n|-damage|p2a: \u857e\u51a0\u738b|91/100|[from] item: Life Orb\n|move|p1b: Miraidon|Draco Meteor|p2a: \u857e\u51a0\u738b\n|-damage|p2a: \u857e\u51a0\u738b|0 fnt\n|-unboost|p1b: Miraidon|spa|2\n|faint|p2a: \u857e\u51a0\u738b\n|\n|-heal|p1a: Whimsicott|51/100|[from] Grassy Terrain\n|-heal|p1b: Miraidon|69/100|[from] Grassy Terrain\n|upkeep\n|\n|t:|1743229291\n|switch|p2a: \u71be\u7130\u5486\u54ee\u864e|Incineroar, L50, F, shiny|100/100\n|-ability|p2a: \u71be\u7130\u5486\u54ee\u864e|Intimidate|boost\n|-unboost|p1a: Whimsicott|atk|1\n|-unboost|p1b: Miraidon|atk|1\n|turn|2\n|\n|t:|1743229302\n|switch|p1b: Ogerpon|Ogerpon-Hearthflame, L50, F|100/100\n|-ability|p1b: Ogerpon|Mold Breaker\n|move|p2a: \u71be\u7130\u5486\u54ee\u864e|Helping Hand|p2b: \u8f5f\u64c2\u91d1\u525b\u7329\n|-singleturn|p2b: \u8f5f\u64c2\u91d1\u525b\u7329|Helping Hand|[of] p2a: \u71be\u7130\u5486\u54ee\u864e\n|move|p1a: Whimsicott|Tailwind|p1a: Whimsicott\n|-sidestart|p1: BreadPudding248|move: Tailwind\n|move|p2b: \u8f5f\u64c2\u91d1\u525b\u7329|Wood Hammer|p1a: Whimsicott\n|-resisted|p1a: Whimsicott\n|-damage|p1a: Whimsicott|0 fnt\n|faint|p1a: Whimsicott\n|-damage|p2b: \u8f5f\u64c2\u91d1\u525b\u7329|85/100|[from] Recoil\n|\n|-heal|p2b: \u8f5f\u64c2\u91d1\u525b\u7329|91/100|[from] Grassy Terrain\n|upkeep\n|-message|RamenOuO forfeited.\n|\n|win|BreadPudding248\n|raw|BreadPudding248's rating: 1462 &rarr; <strong>1479</strong><br />(+17 for winning)\n|raw|RamenOuO's rating: 1402 &rarr; <strong>1385</strong><br />(-17 for losing)\n|l|\u2606RamenOuO\n|player|p2|\n", "uploadtime": 1743229736, "views": 8, "formatid": "gen9vgc2025reggbo3", "rating": 1385, "private": 0, "password": null}