{"id": "gen9vgc2025reggbo3-2330487234", "format": "[Gen 9] VGC 2025 Reg G (Bo3)", "players": ["mason9283", "HAVEATYOU"], "log": "|j|\u2606mason9283\n|j|\u2606HAVEATYOU\n|html|<table width=\"100%\"><tr><td align=\"left\">mason9283</td><td align=\"right\">HAVEATYOU</tr><tr><td align=\"left\"><i class=\"fa fa-circle-o\"></i> <i class=\"fa fa-circle-o\"></i> </td><td align=\"right\"><i class=\"fa fa-circle-o\"></i> <i class=\"fa fa-circle\"></i> </tr></table>\n|uhtml|bestof|<h2><strong>Game 2</strong> of <a href=\"/game-bestof3-gen9vgc2025reggbo3-2330485970\">a best-of-3</a></h2>\n|t:|1743237458\n|gametype|doubles\n|player|p1|mason9283|gentleman-gen4|1110\n|player|p2|HAVEATYOU|hilbert|1090\n|teamsize|p1|6\n|teamsize|p2|6\n|gen|9\n|tier|[Gen 9] VGC 2025 Reg G (Bo3)\n|rated|\n|rule|Species Clause: Limit one of each Pok\u00e9mon\n|rule|Item Clause: Limit 1 of each item\n|clearpoke\n|poke|p1|Tornadus, L50, M|\n|poke|p1|Kyogre, L50|\n|poke|p1|Amoonguss, L50, M|\n|poke|p1|Armarouge, L50, F|\n|poke|p1|Indeedee-F, L50, F|\n|poke|p1|Thundurus-Therian, L50, M|\n|poke|p2|Incineroar, L50, M|\n|poke|p2|Calyrex-Shadow, L50|\n|poke|p2|Urshifu-*, L50, M|\n|poke|p2|Rillaboom, L50, M|\n|poke|p2|Farigiraf, L50, F|\n|poke|p2|Raging Bolt, L50|\n|teampreview|4\n|showteam|p1|Tornadus||CovertCloak|Prankster|Tailwind,Taunt,Protect,BleakwindStorm|||M|||50|,,,,,Dark]Kyogre||ChoiceScarf|Drizzle|WaterSpout,IceBeam,OriginPulse,Thunder||||||50|,,,,,Grass]Amoonguss||Leftovers|Regenerator|SludgeBomb,Spore,PollenPuff,Protect|||M|||50|,,,,,Water]Armarouge||WeaknessPolicy|FlashFire|ArmorCannon,ExpandingForce,EnergyBall,Protect|||F|||50|,,,,,Fire]Indeedee-F||PsychicSeed|PsychicSurge|FollowMe,DazzlingGleam,HelpingHand,TrickRoom|||F|||50|,,,,,Psychic]Thundurus-Therian||LifeOrb|VoltAbsorb|WildboltStorm,DarkPulse,NastyPlot,Protect|||M|||50|,,,,,Electric\n|showteam|p2|Incineroar||SafetyGoggles|Intimidate|FakeOut,KnockOff,PartingShot,HelpingHand|||M|||50|,,,,,Ghost]Calyrex-Shadow||CovertCloak|AsOneSpectrier|AstralBarrage,NastyPlot,Protect,Psyshock||||||50|,,,,,Grass]Urshifu-Rapid-Strike||FocusSash|UnseenFist|AquaJet,SurgingStrikes,Detect,CloseCombat|||M|||50|,,,,,Stellar]Rillaboom||AssaultVest|GrassySurge|Uturn,WoodHammer,GrassyGlide,FakeOut|||M|||50|,,,,,Fire]Farigiraf||ThroatSpray|ArmorTail|Protect,HelpingHand,HyperVoice,TrickRoom|||F|||50|,,,,,Grass]Raging Bolt||BoosterEnergy|Protosynthesis|Thunderclap,Protect,Thunderbolt,DragonPulse||||||50|,,,,,Fairy\n|inactive|Battle timer is ON: inactive players will automatically lose when time's up. (requested by HAVEATYOU)\n|\n|t:|1743237479\n|start\n|switch|p1a: Tornadus|Tornadus, L50, M|100/100\n|switch|p1b: Thundurus|Thundurus-Therian, L50, M, shiny|100/100\n|switch|p2a: Calyrex|Calyrex-Shadow, L50|100/100\n|switch|p2b: Incineroar|Incineroar, L50, M|100/100\n|-ability|p2a: Calyrex|As One\n|-ability|p2a: Calyrex|Unnerve\n|-ability|p2b: Incineroar|Intimidate|boost\n|-unboost|p1a: Tornadus|atk|1\n|-unboost|p1b: Thundurus|atk|1\n|turn|1\n|\n|t:|1743237498\n|switch|p1b: Indeedee|Indeedee-F, L50, F|100/100\n|-fieldstart|move: Psychic Terrain|[from] ability: Psychic Surge|[of] p1b: Indeedee\n|-enditem|p1b: Indeedee|Psychic Seed\n|-boost|p1b: Indeedee|spd|1|[from] item: Psychic Seed\n|move|p1a: Tornadus|Taunt|p2a: Calyrex\n|-activate|p2a: Calyrex|move: Psychic Terrain\n|move|p2a: Calyrex|Nasty Plot|p2a: Calyrex\n|-boost|p2a: Calyrex|spa|2\n|move|p2b: Incineroar|Parting Shot|p1a: Tornadus\n|-unboost|p1a: Tornadus|atk|1\n|-unboost|p1a: Tornadus|spa|1\n|\n|t:|1743237510\n|switch|p2b: Rillaboom|Rillaboom, L50, M|100/100|[from] Parting Shot\n|-fieldstart|move: Grassy Terrain|[from] ability: Grassy Surge|[of] p2b: Rillaboom\n|\n|upkeep\n|turn|2\n|-message|mason9283 forfeited.\n|\n|win|HAVEATYOU\n|raw|mason9283's rating: 1110 &rarr; <strong>1084</strong><br />(-26 for losing)\n|raw|HAVEATYOU's rating: 1090 &rarr; <strong>1118</strong><br />(+28 for winning)\n|l|\u2606mason9283\n|player|p1|\n|l|\u2606HAVEATYOU\n|player|p2|\n", "uploadtime": 1743237892, "views": 6, "formatid": "gen9vgc2025reggbo3", "rating": 1084, "private": 0, "password": null}