{"id": "gen9vgc2025reggbo3-2330467748", "format": "[Gen 9] VGC 2025 Reg G (Bo3)", "players": ["exinmianVGC", "caidaf"], "log": "|j|\u2606exinmianVGC\n|j|\u2606caidaf\n|html|<table width=\"100%\"><tr><td align=\"left\">exinmianVGC</td><td align=\"right\">caidaf</tr><tr><td align=\"left\"><i class=\"fa fa-circle-o\"></i> <i class=\"fa fa-circle-o\"></i> </td><td align=\"right\"><i class=\"fa fa-circle-o\"></i> <i class=\"fa fa-circle-o\"></i> </tr></table>\n|uhtml|bestof|<h2><strong>Game 1</strong> of <a href=\"/game-bestof3-gen9vgc2025reggbo3-2330467747\">a best-of-3</a></h2>\n|t:|1743233188\n|gametype|doubles\n|player|p1|exinmianVGC|265|1182\n|player|p2|caidaf|1|1074\n|teamsize|p1|6\n|teamsize|p2|6\n|gen|9\n|tier|[Gen 9] VGC 2025 Reg G (Bo3)\n|rated|\n|rule|Species Clause: Limit one of each Pok\u00e9mon\n|rule|Item Clause: Limit 1 of each item\n|clearpoke\n|poke|p1|Miraidon, L50|\n|poke|p1|Whimsicott, L50, M|\n|poke|p1|Urshifu-*, L50, M|\n|poke|p1|Ogerpon-Hearthflame, L50, F|\n|poke|p1|Farigiraf, L50, F|\n|poke|p1|Iron Hands, L50|\n|poke|p2|Amoonguss, L50, M|\n|poke|p2|Gholdengo, L50|\n|poke|p2|Ursaluna, L50, F|\n|poke|p2|Incineroar, L50, F|\n|poke|p2|Porygon2, L50|\n|poke|p2|Flamigo, L50, M|\n|teampreview|4\n|showteam|p1|Miraidon||ChoiceSpecs|HadronEngine|ElectroDrift,DracoMeteor,VoltSwitch,DazzlingGleam||||||50|,,,,,Fairy]Whimsicott||CovertCloak|Prankster|Moonblast,Tailwind,LightScreen,Encore|||M|||50|,,,,,Dark]Urshifu-Rapid-Strike||FocusSash|UnseenFist|SurgingStrikes,CloseCombat,AquaJet,Protect|||M|||50|,,,,,Stellar]Ogerpon-Hearthflame||HearthflameMask|MoldBreaker|IvyCudgel,WoodHammer,FollowMe,SpikyShield|||F|||50|,,,,,Fire]Farigiraf||ElectricSeed|ArmorTail|FoulPlay,PsychicNoise,TrickRoom,HelpingHand|||F|||50|,,,,,Water]Iron Hands||AssaultVest|QuarkDrive|DrainPunch,LowKick,WildCharge,FakeOut||||||50|,,,,,Bug\n|showteam|p2|Amoonguss||MentalHerb|Regenerator|Spore,PollenPuff,SludgeBomb,RagePowder|||M|||50|,,,,,Fire]Gholdengo||LifeOrb|GoodasGold|MakeItRain,SleepTalk,NastyPlot,ShadowBall||||||50|,,,,,Dragon]Ursaluna||FlameOrb|Guts|Facade,HeadlongRush,Protect,Earthquake|||F|||50|,,,,,Ghost]Incineroar||SafetyGoggles|Intimidate|KnockOff,PartingShot,FlareBlitz,FakeOut|||F|||50|,,,,,Grass]Porygon2||Eviolite|Download|IceBeam,TrickRoom,TeraBlast,Recover||||||50|,,,,,Normal]Flamigo||FocusSash|Scrappy|CloseCombat,BraveBird,Detect,WideGuard|||M|||50|,,,,,Flying\n|inactive|Battle timer is ON: inactive players will automatically lose when time's up. (requested by exinmianVGC)\n|\n|t:|1743233264\n|start\n|switch|p1a: Miraidon|Miraidon, L50|100/100\n|switch|p1b: Ogerpon|Ogerpon-Hearthflame, L50, F|100/100\n|switch|p2a: Porygon2|Porygon2, L50|100/100\n|switch|p2b: Amoonguss|Amoonguss, L50, M|100/100\n|-fieldstart|move: Electric Terrain|[from] ability: Hadron Engine|[of] p1a: Miraidon\n|-ability|p1b: Ogerpon|Mold Breaker\n|-ability|p2a: Porygon2|Download|boost\n|-boost|p2a: Porygon2|atk|1\n|turn|1\n|inactive|exinmianVGC has 30 seconds left.\n|inactive|caidaf has 30 seconds left.\n|inactive|caidaf has 20 seconds left.\n|\n|t:|1743233302\n|move|p2b: Amoonguss|Rage Powder|p2b: Amoonguss\n|-singleturn|p2b: Amoonguss|move: Rage Powder\n|move|p1a: Miraidon|Volt Switch|p2b: Amoonguss\n|-resisted|p2b: Amoonguss\n|-damage|p2b: Amoonguss|53/100\n|\n|t:|1743233307\n|switch|p1a: Iron Hands|Iron Hands, L50|100/100|[from] Volt Switch\n|-activate|p1a: Iron Hands|ability: Quark Drive\n|-start|p1a: Iron Hands|quarkdriveatk\n|move|p1b: Ogerpon|Ivy Cudgel|p2b: Amoonguss|[anim] Ivy Cudgel Fire\n|-supereffective|p2b: Amoonguss\n|-damage|p2b: Amoonguss|0 fnt\n|faint|p2b: Amoonguss\n|move|p2a: Porygon2|Ice Beam|p1a: Iron Hands\n|-damage|p1a: Iron Hands|90/100\n|\n|upkeep\n|\n|t:|1743233325\n|switch|p2b: Gholdengo|Gholdengo, L50|100/100\n|turn|2\n|inactive|caidaf has 30 seconds left.\n|\n|t:|1743233355\n|-terastallize|p1b: Ogerpon|Fire\n|detailschange|p1b: Ogerpon|Ogerpon-Hearthflame-Tera, L50, F, tera:Fire\n|-ability|p1b: Ogerpon|Embody Aspect (Hearthflame)|boost\n|-boost|p1b: Ogerpon|atk|1\n|-terastallize|p2a: Porygon2|Normal\n|move|p1a: Iron Hands|Fake Out|p2a: Porygon2\n|-damage|p2a: Porygon2|87/100\n|move|p1b: Ogerpon|Ivy Cudgel|p2b: Gholdengo|[anim] Ivy Cudgel Fire\n|-supereffective|p2b: Gholdengo\n|-damage|p2b: Gholdengo|0 fnt\n|faint|p2b: Gholdengo\n|cant|p2a: Porygon2|flinch\n|\n|upkeep\n|l|\u2606caidaf\n|inactive|caidaf disconnected and has a minute to reconnect!\n|player|p2|\n|inactive|caidaf has 30 seconds left.\n|inactive|caidaf has 20 seconds left.\n|inactive|caidaf has 15 seconds left.\n|inactive|caidaf has 10 seconds left.\n|inactive|caidaf has 5 seconds left.\n|-message|caidaf lost due to inactivity.\n|\n|win|exinmianVGC\n||exinmianVGC is ready for game 2.\n|inactive|caidaf has 15 seconds to reconnect!\n|inactive|caidaf has 5 seconds to reconnect!\n|raw|exinmianVGC's rating: 1182 &rarr; <strong>1199</strong><br />(+17 for winning)\n|raw|caidaf's rating: 1074 &rarr; <strong>1059</strong><br />(-15 for losing)\n|l|\u2606exinmianVGC\n|player|p1|\n", "uploadtime": 1743233707, "views": 6, "formatid": "gen9vgc2025reggbo3", "rating": 1059, "private": 0, "password": null}