{"id": "gen9vgc2025reggbo3-2330491660", "format": "[Gen 9] VGC 2025 Reg G (Bo3)", "players": ["H21rryB", "zCRISx"], "log": "|j|\u2606H21rryB\n|j|\u2606zCRISx\n|html|<table width=\"100%\"><tr><td align=\"left\">H21rryB</td><td align=\"right\">zCRISx</tr><tr><td align=\"left\"><i class=\"fa fa-circle-o\"></i> <i class=\"fa fa-circle-o\"></i> </td><td align=\"right\"><i class=\"fa fa-circle-o\"></i> <i class=\"fa fa-circle-o\"></i> </tr></table>\n|uhtml|bestof|<h2><strong>Game 1</strong> of <a href=\"/game-bestof3-gen9vgc2025reggbo3-2330491659\">a best-of-3</a></h2>\n|t:|1743238434\n|gametype|doubles\n|player|p1|H21rryB|2|1140\n|player|p2|zCRISx|169|1026\n|teamsize|p1|6\n|teamsize|p2|6\n|gen|9\n|tier|[Gen 9] VGC 2025 Reg G (Bo3)\n|rated|\n|rule|Species Clause: Limit one of each Pok\u00e9mon\n|rule|Item Clause: Limit 1 of each item\n|clearpoke\n|poke|p1|Calyrex-Shadow, L50|\n|poke|p1|Indeedee-F, L50, F|\n|poke|p1|Smeargle, L50, M|\n|poke|p1|Tornadus, L50, M|\n|poke|p1|Urshifu-*, L50, M|\n|poke|p1|Chien-Pao, L50|\n|poke|p2|Calyrex-Ice, L50|\n|poke|p2|Indeedee-F, L50, F|\n|poke|p2|Flutter Mane, L50|\n|poke|p2|Garchomp, L50, M|\n|poke|p2|Urshifu-*, L50, M|\n|poke|p2|Wigglytuff, L50, M|\n|teampreview|4\n|showteam|p1|Calyrex-Shadow||LifeOrb|AsOneSpectrier|AstralBarrage,NastyPlot,Protect,GigaDrain||||||50|,,,,,Grass]Indeedee-F||RockyHelmet|PsychicSurge|FollowMe,HelpingHand,TrickRoom,DazzlingGleam|||F|||50|,,,,,Ghost]Smeargle||FocusSash|Moody|WideGuard,Spore,FakeOut,FollowMe|||M|||50|,,,,,Ghost]Tornadus||CovertCloak|Prankster|Taunt,BleakwindStorm,Tailwind,RainDance|||M|||50|,,,,,Dark]Urshifu-Rapid-Strike||MysticWater|UnseenFist|AquaJet,SurgingStrikes,CloseCombat,Detect|||M|||50|,,,,,Water]Chien-Pao||SafetyGoggles|SwordofRuin|Haze,IceSpinner,SuckerPunch,SacredSword||||||50|,,,,,Fighting\n|showteam|p2|Calyrex-Ice||Leftovers|AsOneGlastrier|GlacialLance,Protect,SwordsDance,GigaDrain||||||50|,,,,,Ice]Indeedee-F||FocusSash|OwnTempo|HealPulse,FollowMe,HelpingHand,TrickRoom|||F|||50|,,,,,Psychic]Flutter Mane||BoosterEnergy|Protosynthesis|ShadowBall,Moonblast,HyperBeam,Protect||||||50|,,,,,Ghost]Garchomp||DragonFang|SandVeil|Protect,DracoMeteor,Flamethrower,BrickBreak|||M|||50|,,,,,Dragon]Urshifu-Rapid-Strike||FistPlate|UnseenFist|SurgingStrikes,Protect,DrainPunch,IronHead|||M|||50|,,,,,Dark]Wigglytuff||FairyFeather|CuteCharm|HealPulse,HelpingHand,Protect,DazzlingGleam|||M|||50|,,,,,Normal\n|inactive|Battle timer is ON: inactive players will automatically lose when time's up. (requested by H21rryB)\n|\n|t:|1743238492\n|start\n|switch|p1a: Calyrex|Calyrex-Shadow, L50|100/100\n|switch|p1b: Indeedee|Indeedee-F, L50, F, shiny|100/100\n|switch|p2a: Calyrex|Calyrex-Ice, L50|100/100\n|switch|p2b: Indeedee|Indeedee-F, L50, F|100/100\n|-ability|p1a: Calyrex|As One\n|-ability|p1a: Calyrex|Unnerve\n|-ability|p2a: Calyrex|As One\n|-ability|p2a: Calyrex|Unnerve\n|-fieldstart|move: Psychic Terrain|[from] ability: Psychic Surge|[of] p1b: Indeedee\n|turn|1\n|inactive|zCRISx has 30 seconds left.\n|\n|t:|1743238519\n|move|p1a: Calyrex|Astral Barrage|p2a: Calyrex|[spread] p2a\n|-immune|p2b: Indeedee\n|-supereffective|p2a: Calyrex\n|-crit|p2a: Calyrex\n|-damage|p2a: Calyrex|0 fnt\n|faint|p2a: Calyrex\n|-ability|p1a: Calyrex|Grim Neigh|boost\n|-boost|p1a: Calyrex|spa|1\n|-damage|p1a: Calyrex|91/100|[from] item: Life Orb\n|move|p2b: Indeedee|Trick Room|p2b: Indeedee\n|-fieldstart|move: Trick Room|[of] p2b: Indeedee\n|move|p1b: Indeedee|Trick Room|p1b: Indeedee\n|-fieldend|move: Trick Room\n|\n|upkeep\n|inactive|zCRISx has 30 seconds left.\n|-message|zCRISx forfeited.\n|\n|win|H21rryB\n|l|\u2606zCRISx\n|player|p2|\n||H21rryB is ready for game 2.\n|raw|H21rryB's rating: 1140 &rarr; <strong>1157</strong><br />(+17 for winning)\n|raw|zCRISx's rating: 1026 &rarr; <strong>1017</strong><br />(-9 for losing)\n|l|\u2606H21rryB\n|player|p1|\n", "uploadtime": 1743238859, "views": 6, "formatid": "gen9vgc2025reggbo3", "rating": 1017, "private": 0, "password": null}