{"id": "gen9vgc2025reggbo3-2330451215", "format": "[Gen 9] VGC 2025 Reg G (Bo3)", "players": ["arce3108", "conejomalo mot"], "log": "|j|\u2606arce3108\n|j|\u2606conejomalo mot\n|html|<table width=\"100%\"><tr><td align=\"left\">arce3108</td><td align=\"right\">conejomalo mot</tr><tr><td align=\"left\"><i class=\"fa fa-circle\"></i> <i class=\"fa fa-circle-o\"></i> </td><td align=\"right\"><i class=\"fa fa-circle-o\"></i> <i class=\"fa fa-circle-o\"></i> </tr></table>\n|uhtml|bestof|<h2><strong>Game 2</strong> of <a href=\"/game-bestof3-gen9vgc2025reggbo3-2330448848\">a best-of-3</a></h2>\n|t:|1743229844\n|gametype|doubles\n|player|p1|arce3108|265|\n|player|p2|conejomalo mot|roxie|\n|teamsize|p1|6\n|teamsize|p2|6\n|gen|9\n|tier|[Gen 9] VGC 2025 Reg G (Bo3)\n|rule|Species Clause: Limit one of each Pok\u00e9mon\n|rule|Item Clause: Limit 1 of each item\n|clearpoke\n|poke|p1|Garchomp, L50, F|\n|poke|p1|Volcarona, L50, M|\n|poke|p1|Calyrex-Shadow, L50|\n|poke|p1|Urshifu-*, L50, M|\n|poke|p1|Indeedee-F, L50, F|\n|poke|p1|Whimsicott, L50, M|\n|poke|p2|Noivern, L50, M|\n|poke|p2|Miraidon, L50|\n|poke|p2|Landorus, L50, M|\n|poke|p2|Farigiraf, L50, F|\n|poke|p2|Iron Hands, L50|\n|poke|p2|Ogerpon-Wellspring, L50, F|\n|teampreview|4\n|showteam|p1|Garchomp||FocusSash|RoughSkin|DragonClaw,SwordsDance,StompingTantrum,RockSlide|||F|||50|,,,,,Dragon]Volcarona||LifeOrb|FlameBody|QuiverDance,FieryDance,WillOWisp,BugBuzz|||M|||50|,,,,,Bug]Calyrex-Shadow||ChoiceSpecs|AsOneSpectrier|AstralBarrage,DrainingKiss,ExpandingForce,ShadowBall||||||50|,,,,,Psychic]Urshifu-Rapid-Strike||ChoiceScarf|UnseenFist|SurgingStrikes,CloseCombat,AquaJet,Uturn|||M|||50|,,,,,Fighting]Indeedee-F||MentalHerb|PsychicSurge|HealPulse,HelpingHand,TrickRoom,FollowMe|||F|||50|,,,,,Psychic]Whimsicott||CovertCloak|Prankster|Moonblast,Encore,Tailwind,Protect|||M|||50|,,,,,Grass\n|showteam|p2|Noivern||FocusSash|Telepathy|AirSlash,SuperFang,Tailwind,Protect|||M|||50|,,,,,Dark]Miraidon||ChoiceSpecs|HadronEngine|VoltSwitch,ElectroDrift,Discharge,DazzlingGleam||||||50|,,,,,Fairy]Landorus||LifeOrb|SheerForce|SandsearStorm,SludgeBomb,EarthPower,Protect|||M|||50|,,,,,Poison]Farigiraf||ElectricSeed|ArmorTail|FoulPlay,PsychicNoise,TrickRoom,HelpingHand|||F|||50|,,,,,Water]Iron Hands||AssaultVest|QuarkDrive|FakeOut,DrainPunch,WildCharge,LowKick||||||50|,,,,,Bug]Ogerpon-Wellspring||WellspringMask|WaterAbsorb|IvyCudgel,WoodHammer,FollowMe,SpikyShield|||F|||50|,,,,,Water\n|\n|t:|1743229910\n|start\n|switch|p1a: Indeedee|Indeedee-F, L50, F|100/100\n|switch|p1b: Calyrex|Calyrex-Shadow, L50|100/100\n|switch|p2a: Noivern|Noivern, L50, M|100/100\n|switch|p2b: Landorus|Landorus, L50, M|100/100\n|-ability|p1b: Calyrex|As One\n|-ability|p1b: Calyrex|Unnerve\n|-fieldstart|move: Psychic Terrain|[from] ability: Psychic Surge|[of] p1a: Indeedee\n|turn|1\n|\n|t:|1743229975\n|move|p1a: Indeedee|Helping Hand|p1b: Calyrex\n|-singleturn|p1b: Calyrex|Helping Hand|[of] p1a: Indeedee\n|move|p2b: Landorus|Protect|p2b: Landorus\n|-singleturn|p2b: Landorus|Protect\n|move|p1b: Calyrex|Draining Kiss|p2a: Noivern\n|-supereffective|p2a: Noivern\n|-enditem|p2a: Noivern|Focus Sash\n|-damage|p2a: Noivern|1/100\n|move|p2a: Noivern|Tailwind|p2a: Noivern\n|-sidestart|p2: conejomalo mot|move: Tailwind\n|\n|upkeep\n|turn|2\n|\n|t:|1743229999\n|move|p1a: Indeedee|Follow Me|p1a: Indeedee\n|-singleturn|p1a: Indeedee|move: Follow Me\n|move|p2a: Noivern|Air Slash|p1a: Indeedee\n|-damage|p1a: Indeedee|84/100\n|move|p2b: Landorus|Sandsear Storm|p1a: Indeedee|[spread] p1a\n|-miss|p2b: Landorus|p1b: Calyrex\n|-damage|p1a: Indeedee|41/100\n|move|p1b: Calyrex|Draining Kiss|p2a: Noivern\n|-supereffective|p2a: Noivern\n|-damage|p2a: Noivern|0 fnt\n|faint|p2a: Noivern\n|-ability|p1b: Calyrex|Grim Neigh|boost\n|-boost|p1b: Calyrex|spa|1\n|\n|upkeep\n|\n|t:|1743230014\n|switch|p2a: Miraidon|Miraidon, L50|100/100\n|-fieldstart|move: Electric Terrain|[from] ability: Hadron Engine|[of] p2a: Miraidon\n|turn|3\n|\n|t:|1743230030\n|move|p1a: Indeedee|Helping Hand|p1b: Calyrex\n|-singleturn|p1b: Calyrex|Helping Hand|[of] p1a: Indeedee\n|move|p2a: Miraidon|Volt Switch|p1b: Calyrex\n|-damage|p1b: Calyrex|0 fnt\n|faint|p1b: Calyrex\n|\n|t:|1743230035\n|switch|p2a: Iron Hands|Iron Hands, L50|100/100|[from] Volt Switch\n|-activate|p2a: Iron Hands|ability: Quark Drive\n|-start|p2a: Iron Hands|quarkdriveatk\n|move|p2b: Landorus|Sandsear Storm|p1a: Indeedee\n|-damage|p1a: Indeedee|0 fnt\n|faint|p1a: Indeedee\n|\n|upkeep\n|\n|t:|1743230045\n|switch|p1b: Volcarona|Volcarona, L50, M|100/100\n|switch|p1a: Urshifu|Urshifu-Rapid-Strike, L50, M|100/100\n|turn|4\n|\n|t:|1743230079\n|move|p2a: Iron Hands|Fake Out|p1a: Urshifu\n|-damage|p1a: Urshifu|80/100\n|move|p2b: Landorus|Sandsear Storm|p1b: Volcarona|[spread] p1a,p1b\n|-damage|p1a: Urshifu|0 fnt\n|-damage|p1b: Volcarona|41/100\n|faint|p1a: Urshifu\n|move|p1b: Volcarona|Will-O-Wisp|p2a: Iron Hands\n|-status|p2a: Iron Hands|brn\n|\n|-damage|p2a: Iron Hands|95/100 brn|[from] brn\n|-sideend|p2: conejomalo mot|move: Tailwind\n|upkeep\n|turn|5\n|\n|t:|1743230110\n|move|p2b: Landorus|Earth Power|p1b: Volcarona\n|-damage|p1b: Volcarona|0 fnt\n|faint|p1b: Volcarona\n|\n|win|conejomalo mot\n||conejomalo mot is ready for game 3.\n||arce3108 is ready for game 3.\n|uhtml|next|Next: <a href=\"/battle-gen9vgc2025reggbo3-2330452589\"><strong>Game 3 of 3</strong></a>\n|l|\u2606arce3108\n|player|p1|\n|l|\u2606conejomalo mot\n|player|p2|\n", "uploadtime": 1743230459, "views": 5, "formatid": "gen9vgc2025reggbo3", "rating": null, "private": 0, "password": null}