{"id": "gen9vgc2025reggbo3-2330493196", "format": "[Gen 9] VGC 2025 Reg G (Bo3)", "players": ["Chaki_Chak", "jakeieboy"], "log": "|j|\u2606Chaki_Chak\n|j|\u2606jakeieboy\n|html|<table width=\"100%\"><tr><td align=\"left\">Chaki_Chak</td><td align=\"right\">jakeieboy</tr><tr><td align=\"left\"><i class=\"fa fa-circle\"></i> <i class=\"fa fa-circle-o\"></i> </td><td align=\"right\"><i class=\"fa fa-circle-o\"></i> <i class=\"fa fa-circle\"></i> </tr></table>\n|uhtml|bestof|<h2><strong>Game 3</strong> of <a href=\"/game-bestof3-gen9vgc2025reggbo3-2330491141\">a best-of-3</a></h2>\n|t:|1743238764\n|gametype|doubles\n|player|p1|Chaki_Chak|n|1055\n|player|p2|jakeieboy|169|1022\n|teamsize|p1|6\n|teamsize|p2|6\n|gen|9\n|tier|[Gen 9] VGC 2025 Reg G (Bo3)\n|rated|\n|rule|Species Clause: Limit one of each Pok\u00e9mon\n|rule|Item Clause: Limit 1 of each item\n|clearpoke\n|poke|p1|Serperior, L50, M|\n|poke|p1|Garganacl, L50, F|\n|poke|p1|Skeledirge, L50, M|\n|poke|p1|Empoleon, L50, M|\n|poke|p1|Dragapult, L50, F|\n|poke|p1|Grimmsnarl, L50, M|\n|poke|p2|Kyurem-White, L50|\n|poke|p2|Ninetales-Alola, L50, F|\n|poke|p2|Sandslash-Alola, L50, F|\n|poke|p2|Tornadus, L50, M|\n|poke|p2|Urshifu-*, L50, F|\n|poke|p2|Regieleki, L50|\n|teampreview|4\n|showteam|p1|Serperior||FocusSash|Contrary|LeafStorm,Glare,TeraBlast,Synthesis|||M|||50|,,,,,Water]Garganacl||RockyHelmet|PurifyingSalt|BodyPress,StoneEdge,RockSlide,Protect|||F|||50|,,,,,Rock]Skeledirge||AssaultVest|Blaze|TorchSong,AlluringVoice,EarthPower,ShadowBall|||M|||50|,,,,,Fairy]Empoleon||Leftovers|Competitive|FlashCannon,Blizzard,AquaJet,Protect|||M|||50|,,,,,Steel]Dragapult||ExpertBelt|Infiltrator|ShadowBall,DracoMeteor,Uturn,Protect|||F|||50|,,,,,Dragon]Grimmsnarl||LightClay|Prankster|LightScreen,Reflect,SuckerPunch,PlayRough|||M|||50|,,,,,Dark\n|showteam|p2|Kyurem-White||PowerHerb|Turboblaze|FusionFlare,IceBurn,Protect,Blizzard||||||50|,,,,,Steel]Ninetales-Alola||FocusSash|SnowWarning|Protect,AuroraVeil,DazzlingGleam,Blizzard|||F|||50|,,,,,Ice]Sandslash-Alola||Leftovers|SlushRush|IronHead,Earthquake,Blizzard,Protect|||F|||50|,,,,,Ice]Tornadus||CovertCloak|Prankster|Tailwind,KnockOff,Acrobatics,Taunt|||M|||50|,,,,,Poison]Urshifu||BlackGlasses|UnseenFist|WickedBlow,SuckerPunch,CloseCombat,Detect|||F|||50|,,,,,Fighting]Regieleki||Magnet|Transistor|Thunder,ThunderWave,ExtremeSpeed,Protect||||||50|,,,,,Electric\n|\n|t:|1743238788\n|start\n|switch|p1a: Grimmsnarl|Grimmsnarl, L50, M|100/100\n|switch|p1b: Skeledirge|Skeledirge, L50, M|100/100\n|switch|p2a: Urshifu|Urshifu, L50, F|100/100\n|switch|p2b: Tornadus|Tornadus, L50, M|100/100\n|turn|1\n|\n|t:|1743238809\n|-terastallize|p1b: Skeledirge|Fairy\n|move|p2a: Urshifu|Sucker Punch|p1b: Skeledirge\n|-resisted|p1b: Skeledirge\n|-damage|p1b: Skeledirge|83/100\n|move|p2b: Tornadus|Taunt|p1a: Grimmsnarl\n|-hint|Since gen 7, Dark is immune to Prankster moves.\n|-immune|p1a: Grimmsnarl\n|move|p1a: Grimmsnarl|Reflect|p1a: Grimmsnarl\n|-sidestart|p1: Chaki_Chak|Reflect\n|move|p1b: Skeledirge|Torch Song|p2b: Tornadus\n|-damage|p2b: Tornadus|46/100\n|-boost|p1b: Skeledirge|spa|1\n|\n|upkeep\n|turn|2\n|\n|t:|1743238835\n|move|p2b: Tornadus|Tailwind|p2b: Tornadus\n|-sidestart|p2: jakeieboy|move: Tailwind\n|move|p1a: Grimmsnarl|Light Screen|p1a: Grimmsnarl\n|-sidestart|p1: Chaki_Chak|move: Light Screen\n|move|p2a: Urshifu|Close Combat|p1a: Grimmsnarl\n|-damage|p1a: Grimmsnarl|50/100\n|-unboost|p2a: Urshifu|def|1\n|-unboost|p2a: Urshifu|spd|1\n|move|p1b: Skeledirge|Alluring Voice|p2a: Urshifu\n|-supereffective|p2a: Urshifu\n|-damage|p2a: Urshifu|0 fnt\n|faint|p2a: Urshifu\n|\n|upkeep\n|\n|t:|1743238844\n|switch|p2a: Kyurem|Kyurem-White, L50|100/100\n|-ability|p2a: Kyurem|Turboblaze\n|turn|3\n|\n|t:|1743238863\n|move|p2a: Kyurem|Ice Burn||[still]\n|-prepare|p2a: Kyurem|Ice Burn\n|-enditem|p2a: Kyurem|Power Herb\n|-anim|p2a: Kyurem|Ice Burn|p1b: Skeledirge\n|-damage|p1b: Skeledirge|46/100\n|move|p2b: Tornadus|Acrobatics|p1b: Skeledirge\n|-crit|p1b: Skeledirge\n|-damage|p1b: Skeledirge|19/100\n|move|p1b: Skeledirge|Alluring Voice|p2a: Kyurem\n|-supereffective|p2a: Kyurem\n|-crit|p2a: Kyurem\n|-damage|p2a: Kyurem|0 fnt\n|faint|p2a: Kyurem\n|move|p1a: Grimmsnarl|Play Rough|p2b: Tornadus\n|-damage|p2b: Tornadus|0 fnt\n|faint|p2b: Tornadus\n|\n|upkeep\n|\n|t:|1743238914\n|switch|p2b: Sandslash|Sandslash-Alola, L50, F|100/100\n|turn|4\n|inactive|Battle timer is ON: inactive players will automatically lose when time's up. (requested by Chaki_Chak)\n|\n|t:|1743238931\n|move|p1a: Grimmsnarl|Sucker Punch|p2b: Sandslash\n|-damage|p2b: Sandslash|68/100\n|move|p2b: Sandslash|Iron Head|p1b: Skeledirge\n|-supereffective|p1b: Skeledirge\n|-damage|p1b: Skeledirge|0 fnt\n|faint|p1b: Skeledirge\n|\n|-heal|p2b: Sandslash|74/100|[from] item: Leftovers\n|upkeep\n|\n|t:|1743238942\n|switch|p1b: VINS|Serperior, L50, M|100/100\n|turn|5\n|\n|t:|1743238952\n|move|p1a: Grimmsnarl|Sucker Punch|p2b: Sandslash\n|-damage|p2b: Sandslash|42/100\n|move|p2b: Sandslash|Iron Head|p1a: Grimmsnarl\n|-supereffective|p1a: Grimmsnarl\n|-damage|p1a: Grimmsnarl|0 fnt\n|faint|p1a: Grimmsnarl\n|move|p1b: VINS|Leaf Storm|p2b: Sandslash\n|-resisted|p2b: Sandslash\n|-damage|p2b: Sandslash|6/100\n|-boost|p1b: VINS|spa|2\n|\n|-heal|p2b: Sandslash|12/100|[from] item: Leftovers\n|-sideend|p2: jakeieboy|move: Tailwind\n|upkeep\n|\n|t:|1743238963\n|switch|p1a: Natera|Empoleon, L50, M|100/100\n|turn|6\n|\n|t:|1743238974\n|-terastallize|p2b: Sandslash|Ice\n|move|p1a: Natera|Aqua Jet|p2b: Sandslash\n|-crit|p2b: Sandslash\n|-damage|p2b: Sandslash|0 fnt\n|faint|p2b: Sandslash\n|\n|win|Chaki_Chak\n|raw|Chaki_Chak's rating: 1055 &rarr; <strong>1084</strong><br />(+29 for winning)\n|raw|jakeieboy's rating: 1022 &rarr; <strong>1010</strong><br />(-12 for losing)\n|l|\u2606jakeieboy\n|player|p2|\n|l|\u2606Chaki_Chak\n|player|p1|\n", "uploadtime": 1743239274, "views": 6, "formatid": "gen9vgc2025reggbo3", "rating": 1010, "private": 0, "password": null}