{"id": "gen9vgc2025reggbo3-2330453153", "format": "[Gen 9] VGC 2025 Reg G (Bo3)", "players": ["starbreeze12", "freshveggies2"], "log": "|j|\u2606starbreeze12\n|j|\u2606freshveggies2\n|html|<table width=\"100%\"><tr><td align=\"left\">starbreeze12</td><td align=\"right\">freshveggies2</tr><tr><td align=\"left\"><i class=\"fa fa-circle\"></i> <i class=\"fa fa-circle-o\"></i> </td><td align=\"right\"><i class=\"fa fa-circle-o\"></i> <i class=\"fa fa-circle\"></i> </tr></table>\n|uhtml|bestof|<h2><strong>Game 3</strong> of <a href=\"/game-bestof3-gen9vgc2025reggbo3-2330450802\">a best-of-3</a></h2>\n|t:|1743230233\n|gametype|doubles\n|player|p1|starbreeze12|170|\n|player|p2|freshveggies2|101|\n|teamsize|p1|6\n|teamsize|p2|6\n|gen|9\n|tier|[Gen 9] VGC 2025 Reg G (Bo3)\n|rule|Species Clause: Limit one of each Pok\u00e9mon\n|rule|Item Clause: Limit 1 of each item\n|clearpoke\n|poke|p1|Inkay, L50, F|\n|poke|p1|Maschiff, L50, F|\n|poke|p1|Glimmet, L50, F|\n|poke|p1|Ducklett, L50, M|\n|poke|p1|Aipom, L50, F|\n|poke|p1|Chimchar, L50, F|\n|poke|p2|Corphish, L50, M|\n|poke|p2|Oddish, L50, F|\n|poke|p2|Dratini, L50, F|\n|poke|p2|Sandile, L50, F|\n|poke|p2|Bronzor, L50|\n|poke|p2|Bergmite, L50, M|\n|teampreview|4\n|showteam|p1|Inkay||SitrusBerry|Contrary|KnockOff,Superpower,PsychoCut,Protect|||F|||50|,,,,,Fighting]Maschiff||Eviolite|Intimidate|ScaryFace,JawLock,HelpingHand,FakeTears|||F|||50|,,,,,Dark]Glimmet||PowerHerb|Corrosion|MeteorBeam,SludgeWave,Protect,DazzlingGleam|||F|||50|,,,,,Flying]Ducklett||WacanBerry|BigPecks|Tailwind,IcyWind,Hurricane,Protect|||M|||50|,,,,,Water]Aipom||LifeOrb|SkillLink|FakeOut,KnockOff,Uturn,FurySwipes|||F|||50|,,,,,Normal]Chimchar||ClearAmulet|Blaze|FakeOut,FlareBlitz,Uturn,WillOWisp|||F|||50|,,,,,Fire\n|showteam|p2|Corphish||MysticWater|Adaptability|SwordsDance,Protect,Crabhammer,AquaJet|||M|||50|,,,,,Water]Oddish||LifeOrb|Chlorophyll|SludgeBomb,GigaDrain,Moonblast,Protect|||F|||50|,,,,,Fairy]Dratini||ChoiceBand|ShedSkin|ExtremeSpeed,Outrage,AquaTail,IronHead|||F|||50|,,,,,Normal]Sandile||FocusSash|Intimidate|Earthquake,Protect,Taunt,Crunch|||F|||50|,,,,,Stellar]Bronzor||Eviolite|Levitate|RainDance,Hypnosis,Gravity,TrickRoom||||||50|,,,,,Dark]Bergmite||LoadedDice|Sturdy|Recover,RockSlide,IcicleSpear,Protect|||M|||50|,,,,,Fire\n|\n|t:|1743230293\n|start\n|switch|p1a: Aipom|Aipom, L50, F|100/100\n|switch|p1b: Ducklett|Ducklett, L50, M|100/100\n|switch|p2a: Bronzor|Bronzor, L50|100/100\n|switch|p2b: Oddish|Oddish, L50, F|100/100\n|turn|1\n|\n|t:|1743230314\n|move|p2b: Oddish|Protect|p2b: Oddish\n|-singleturn|p2b: Oddish|Protect\n|move|p1a: Aipom|Fury Swipes|p2b: Oddish\n|-activate|p2b: Oddish|move: Protect\n|move|p1b: Ducklett|Hurricane|p2b: Oddish\n|-activate|p2b: Oddish|move: Protect\n|move|p2a: Bronzor|Trick Room|p2a: Bronzor\n|-fieldstart|move: Trick Room|[of] p2a: Bronzor\n|\n|upkeep\n|turn|2\n|\n|t:|1743230333\n|-terastallize|p2b: Oddish|Fairy\n|move|p2a: Bronzor|Gravity|p2a: Bronzor\n|-fieldstart|move: Gravity\n|move|p2b: Oddish|Moonblast|p1a: Aipom\n|-damage|p1a: Aipom|0 fnt\n|faint|p1a: Aipom\n|-damage|p2b: Oddish|91/100|[from] item: Life Orb\n|move|p1b: Ducklett|Hurricane|p2b: Oddish\n|-damage|p2b: Oddish|54/100\n|-start|p2b: Oddish|confusion\n|\n|upkeep\n|\n|t:|1743230340\n|switch|p1a: Inkay|Inkay, L50, F|100/100\n|turn|3\n|\n|t:|1743230366\n|switch|p2b: Corphish|Corphish, L50, M|100/100\n|move|p1a: Inkay|Protect|p1a: Inkay\n|-singleturn|p1a: Inkay|Protect\n|move|p2a: Bronzor|Hypnosis|p1a: Inkay\n|-activate|p1a: Inkay|move: Protect\n|move|p1b: Ducklett|Hurricane|p2b: Corphish\n|-damage|p2b: Corphish|50/100\n|\n|upkeep\n|turn|4\n|\n|t:|1743230384\n|move|p1a: Inkay|Protect||[still]\n|-fail|p1a: Inkay\n|move|p2a: Bronzor|Hypnosis|p1b: Ducklett\n|-status|p1b: Ducklett|slp|[from] move: Hypnosis\n|move|p2b: Corphish|Crabhammer|p1a: Inkay\n|-damage|p1a: Inkay|0 fnt\n|faint|p1a: Inkay\n|cant|p1b: Ducklett|slp\n|\n|upkeep\n|\n|t:|1743230388\n|switch|p1a: Glimmet|Glimmet, L50, F|100/100\n|turn|5\n|c|\u2606starbreeze12|gg\n|\n|t:|1743230403\n|move|p1a: Glimmet|Protect|p1a: Glimmet\n|-singleturn|p1a: Glimmet|Protect\n|cant|p1b: Ducklett|slp\n|move|p2a: Bronzor|Hypnosis|p1a: Glimmet\n|-activate|p1a: Glimmet|move: Protect\n|move|p2b: Corphish|Crabhammer|p1b: Ducklett\n|-resisted|p1b: Ducklett\n|-crit|p1b: Ducklett\n|-damage|p1b: Ducklett|12/100 slp\n|\n|-fieldend|move: Trick Room\n|upkeep\n|turn|6\n|\n|t:|1743230427\n|move|p2b: Corphish|Aqua Jet|p1b: Ducklett\n|-resisted|p1b: Ducklett\n|-damage|p1b: Ducklett|0 fnt\n|faint|p1b: Ducklett\n|move|p1a: Glimmet|Meteor Beam||[still]\n|-prepare|p1a: Glimmet|Meteor Beam\n|-boost|p1a: Glimmet|spa|1\n|-enditem|p1a: Glimmet|Power Herb\n|-anim|p1a: Glimmet|Meteor Beam|p2b: Corphish\n|-damage|p2b: Corphish|0 fnt\n|faint|p2b: Corphish\n|move|p2a: Bronzor|Hypnosis|p1a: Glimmet\n|-status|p1a: Glimmet|slp|[from] move: Hypnosis\n|\n|-fieldend|move: Gravity\n|upkeep\n|\n|t:|1743230435\n|switch|p2b: Dratini|Dratini, L50, F|100/100\n|turn|7\n|\n|t:|1743230442\n|-terastallize|p1a: Glimmet|Flying\n|cant|p1a: Glimmet|slp\n|move|p2b: Dratini|Outrage|p1a: Glimmet\n|-damage|p1a: Glimmet|0 fnt\n|faint|p1a: Glimmet\n|\n|win|freshveggies2\n|c|\u2606freshveggies2|gg\n|c|\u2606starbreeze12|gg\n|l|\u2606starbreeze12\n|player|p1|\n", "uploadtime": 1743230513, "views": 25, "formatid": "gen9vgc2025reggbo3", "rating": null, "private": 0, "password": null}