{"id": "gen9vgc2025reggbo3-2330541612", "format": "[Gen 9] VGC 2025 Reg G (Bo3)", "players": ["Bobbo1", "Bobbo2"], "log": "|j|\u2606Bobbo1\n|j|\u2606Bobbo2\n|html|<table width=\"100%\"><tr><td align=\"left\">Bobbo1</td><td align=\"right\">Bobbo2</tr><tr><td align=\"left\"><i class=\"fa fa-circle-o\"></i> <i class=\"fa fa-circle-o\"></i> </td><td align=\"right\"><i class=\"fa fa-circle-o\"></i> <i class=\"fa fa-circle-o\"></i> </tr></table>\n|uhtml|bestof|<h2><strong>Game 1</strong> of <a href=\"/game-bestof3-gen9vgc2025reggbo3-2330541611\">a best-of-3</a></h2>\n|t:|1743247934\n|gametype|doubles\n|player|p1|Bobbo1|ghetsis|\n|player|p2|Bobbo2|rood|\n|teamsize|p1|6\n|teamsize|p2|6\n|gen|9\n|tier|[Gen 9] VGC 2025 Reg G (Bo3)\n|rule|Species Clause: Limit one of each Pok\u00e9mon\n|rule|Item Clause: Limit 1 of each item\n|clearpoke\n|poke|p1|Duraludon, L50, F|\n|poke|p1|Mimikyu, L50, M|\n|poke|p1|Quilava, L50, M|\n|poke|p1|Pawmot, L50, M|\n|poke|p1|Poliwrath, L50, F|\n|poke|p1|Raichu-Alola, L50, M|\n|poke|p2|Haunter, L50, F|\n|poke|p2|Pawmot, L50, M|\n|poke|p2|Morpeko, L50, M|\n|poke|p2|Ivysaur, L50, M|\n|poke|p2|Skarmory, L50, M|\n|poke|p2|Duraludon, L50, M|\n|teampreview|4\n|showteam|p1|Duraludon||AssaultVest|Stalwart|DracoMeteor,FlashCannon,Thunderbolt,DragonPulse|||F|||50|,,,,,Ghost]Mimikyu||RockyHelmet|Disguise|TrickRoom,WillOWisp,PlayRough,Protect|||M|||50|,,,,,Dragon]Quilava||Eviolite|FlashFire|SunnyDay,Eruption,Protect,WillOWisp|||M|||50|,,,,,Grass]Pawmot||CovertCloak|VoltAbsorb|SunnyDay,DoubleShock,CloseCombat,Protect|||M|||50|,,,,,Electric]Poliwrath||SitrusBerry|WaterAbsorb|BellyDrum,DrainPunch,Liquidation,Protect|||F|||50|,,,,,Grass]Raichu-Alola||ChoiceScarf|SurgeSurfer|Surf,Psychic,Electroweb,Discharge|||M|||50|,,,,,Water\n|showteam|p2|Haunter||ChoiceScarf|Levitate|RainDance,Hex,WillOWisp,Trick|||F|||50|,,,,,Electric]Pawmot||ChoiceBand|IronFist|MachPunch,IcePunch,DoubleShock,CloseCombat|||M|||50|,,,,,Electric]Morpeko||Leftovers|HungerSwitch|Outrage,Protect,Substitute,AuraWheel|||M|||50|,,,,,Dragon]Ivysaur||Eviolite|Chlorophyll|GigaDrain,SludgeBomb,Protect,SleepPowder|||M|||50|,,,,,Dragon]Skarmory||RockyHelmet|Sturdy|Tailwind,BraveBird,IronHead,Protect|||M|||50|,,,,,Water]Duraludon||SitrusBerry|Stalwart|Protect,Thunderbolt,DragonPulse,TeraBlast|||M|||50|,,,,,Ground\n|\n|t:|1743247970\n|start\n|switch|p1a: Mimikyu|Mimikyu, L50, M|100/100\n|switch|p1b: Pawmot|Pawmot, L50, M|100/100\n|switch|p2a: 1000000m|Duraludon, L50, M|100/100\n|switch|p2b: Mini Zorro|Haunter, L50, F|100/100\n|turn|1\n|\n|t:|1743248005\n|-terastallize|p2a: 1000000m|Ground\n|move|p2b: Mini Zorro|Trick|p1a: Mimikyu\n|-activate|p2b: Mini Zorro|move: Trick|[of] p1a: Mimikyu\n|-item|p1a: Mimikyu|Choice Scarf|[from] move: Trick\n|-item|p2b: Mini Zorro|Rocky Helmet|[from] move: Trick\n|move|p1b: Pawmot|Close Combat|p2a: 1000000m\n|-damage|p2a: 1000000m|41/100\n|-unboost|p1b: Pawmot|def|1\n|-unboost|p1b: Pawmot|spd|1\n|-enditem|p2a: 1000000m|Sitrus Berry|[eat]\n|-heal|p2a: 1000000m|66/100|[from] item: Sitrus Berry\n|move|p2a: 1000000m|Tera Blast|p1b: Pawmot|[anim] Tera Blast Ground\n|-supereffective|p1b: Pawmot\n|-damage|p1b: Pawmot|0 fnt\n|faint|p1b: Pawmot\n|move|p1a: Mimikyu|Trick Room|p1a: Mimikyu\n|-fieldstart|move: Trick Room|[of] p1a: Mimikyu\n|\n|upkeep\n|\n|t:|1743248020\n|switch|p1b: Quilava|Quilava, L50, M, shiny|100/100\n|turn|2\n|\n|t:|1743248033\n|switch|p1a: Duraludon|Duraludon, L50, F|100/100\n|move|p1b: Quilava|Eruption|p2a: 1000000m|[spread] p2a,p2b\n|-damage|p2a: 1000000m|0 fnt\n|-damage|p2b: Mini Zorro|0 fnt\n|faint|p2a: 1000000m\n|faint|p2b: Mini Zorro\n|\n|upkeep\n|\n|t:|1743248042\n|switch|p2b: Mach fist boost|Pawmot, L50, M|100/100\n|switch|p2a: Gro\u017ane?|Ivysaur, L50, M|100/100\n|turn|3\n|\n|t:|1743248056\n|move|p2a: Gro\u017ane?|Sleep Powder|p1b: Quilava\n|-status|p1b: Quilava|slp|[from] move: Sleep Powder\n|move|p1a: Duraludon|Draco Meteor|p2b: Mach fist boost\n|-damage|p2b: Mach fist boost|0 fnt\n|-unboost|p1a: Duraludon|spa|2\n|faint|p2b: Mach fist boost\n|cant|p1b: Quilava|slp\n|\n|upkeep\n|turn|4\n|\n|t:|1743248080\n|move|p2a: Gro\u017ane?|Sludge Bomb|p1b: Quilava\n|-damage|p1b: Quilava|64/100 slp\n|move|p1a: Duraludon|Draco Meteor|p2a: Gro\u017ane?\n|-damage|p2a: Gro\u017ane?|72/100\n|-unboost|p1a: Duraludon|spa|2\n|cant|p1b: Quilava|slp\n|\n|upkeep\n|turn|5\n|\n|t:|1743248090\n|move|p2a: Gro\u017ane?|Sludge Bomb|p1b: Quilava\n|-damage|p1b: Quilava|25/100 slp\n|move|p1a: Duraludon|Draco Meteor|p2a: Gro\u017ane?\n|-damage|p2a: Gro\u017ane?|51/100\n|-unboost|p1a: Duraludon|spa|2\n|-curestatus|p1b: Quilava|slp|[msg]\n|move|p1b: Quilava|Eruption|p2a: Gro\u017ane?\n|-supereffective|p2a: Gro\u017ane?\n|-damage|p2a: Gro\u017ane?|23/100\n|\n|-fieldend|move: Trick Room\n|upkeep\n|turn|6\n|\n|t:|1743248103\n|move|p2a: Gro\u017ane?|Protect|p2a: Gro\u017ane?\n|-singleturn|p2a: Gro\u017ane?|Protect\n|move|p1b: Quilava|Eruption|p2a: Gro\u017ane?\n|-activate|p2a: Gro\u017ane?|move: Protect\n|move|p1a: Duraludon|Draco Meteor|p2a: Gro\u017ane?\n|-activate|p2a: Gro\u017ane?|move: Protect\n|\n|upkeep\n|turn|7\n|\n|t:|1743248115\n|move|p1b: Quilava|Eruption|p2a: Gro\u017ane?\n|-supereffective|p2a: Gro\u017ane?\n|-damage|p2a: Gro\u017ane?|0 fnt\n|faint|p2a: Gro\u017ane?\n|\n|win|Bobbo1\n||Bobbo2 is ready for game 2.\n||Bobbo2 is ready for game 2.\n|l|\u2606Bobbo1\n|player|p1|\n|inactive|Bobbo1 has 30 seconds to confirm battle start!\n||Bobbo1 is ready for game 2.\n|uhtml|next|Next: <a href=\"/battle-gen9vgc2025reggbo3-2330542729\"><strong>Game 2 of 3</strong></a>\n|l|\u2606Bobbo2\n|player|p2|\n", "uploadtime": 1743248263, "views": 5, "formatid": "gen9vgc2025reggbo3", "rating": null, "private": 0, "password": null}