{"id": "gen9vgc2025reggbo3-2330466115", "format": "[Gen 9] VGC 2025 Reg G (Bo3)", "players": ["0000oooo0000", "Natsumasuku"], "log": "|j|\u26060000oooo0000\n|j|\u2606Natsumasuku\n|html|<table width=\"100%\"><tr><td align=\"left\">0000oooo0000</td><td align=\"right\">Natsumasuku</tr><tr><td align=\"left\"><i class=\"fa fa-circle-o\"></i> <i class=\"fa fa-circle-o\"></i> </td><td align=\"right\"><i class=\"fa fa-circle-o\"></i> <i class=\"fa fa-circle-o\"></i> </tr></table>\n|uhtml|bestof|<h2><strong>Game 1</strong> of <a href=\"/game-bestof3-gen9vgc2025reggbo3-2330466114\">a best-of-3</a></h2>\n|t:|1743232850\n|gametype|doubles\n|player|p1|0000oooo0000|giovanni|\n|player|p2|Natsumasuku|cynthia-gen4|\n|teamsize|p1|6\n|teamsize|p2|6\n|gen|9\n|tier|[Gen 9] VGC 2025 Reg G (Bo3)\n|rule|Species Clause: Limit one of each Pok\u00e9mon\n|rule|Item Clause: Limit 1 of each item\n|clearpoke\n|poke|p1|Urshifu-*, L50, F|\n|poke|p1|Ambipom, L50, F|\n|poke|p1|Tyranitar, L50, M|\n|poke|p1|Houndstone, L50, M|\n|poke|p1|Heatran, L50, M|\n|poke|p1|Sandaconda, L50, M|\n|poke|p2|Calyrex-Shadow, L50|\n|poke|p2|Indeedee-F, L50, F|\n|poke|p2|Incineroar, L50, F|\n|poke|p2|Sinistcha, L50|\n|poke|p2|Basculegion, L50, M|\n|poke|p2|Fezandipiti, L50, M|\n|teampreview|4\n|showteam|p1|Urshifu-Rapid-Strike||ChoiceScarf|UnseenFist|SurgingStrikes,AquaJet,CloseCombat,Uturn|||F|||50|,,,,,Fighting]Ambipom||ProtectivePads|Technician|FakeOut,UpperHand,KnockOff,TripleAxel|||F|||50|,,,,,Normal]Tyranitar||WeaknessPolicy|SandStream|Crunch,RockSlide,ThunderWave,Avalanche|||M|||50|,,,,,Dark]Houndstone||AssaultVest|SandRush|PhantomForce,PlayRough,ShadowSneak,StompingTantrum|||M|||50|,,,,,Fairy]Heatran||AirBalloon|FlashFire|WillOWisp,MagmaStorm,Taunt,Sandstorm|||M|||50|,,,,,Fire]Sandaconda||BrightPowder|SandVeil|BodyPress,IronDefense,Glare,Minimize|||M|||50|,,,,,Steel\n|showteam|p2|Calyrex-Shadow||FocusSash|AsOneSpectrier|AstralBarrage,ExpandingForce,NastyPlot,Protect||||||50|,,,,,Dark]Indeedee-F||PsychicSeed|PsychicSurge|FollowMe,FakeOut,HelpingHand,DazzlingGleam|||F|||50|,,,,,Fairy]Incineroar||AssaultVest|Intimidate|FakeOut,FlareBlitz,KnockOff,Uturn|||F|||50|,,,,,Grass]Sinistcha||SitrusBerry|Hospitality|MatchaGotcha,ShadowBall,RagePowder,StunSpore||||||50|,,,,,Water]Basculegion||MysticWater|Adaptability|AquaJet,FlipTurn,WaveCrash,Crunch|||M|||50|,,,,,Water]Fezandipiti||HeavyDutyBoots|ToxicChain|PlayRough,Uturn,Roost,BeatUp|||M|||50|,,,,,Dark\n|inactive|Battle timer is ON: inactive players will automatically lose when time's up. (requested by 0000oooo0000)\n|\n|t:|1743232869\n|start\n|switch|p1a: Heatran|Heatran, L50, M|100/100\n|switch|p1b: Sandaconda|Sandaconda, L50, M|100/100\n|switch|p2a: Calyrex|Calyrex-Shadow, L50|100/100\n|switch|p2b: Indeedee|Indeedee-F, L50, F, shiny|100/100\n|-ability|p2a: Calyrex|As One\n|-ability|p2a: Calyrex|Unnerve\n|-fieldstart|move: Psychic Terrain|[from] ability: Psychic Surge|[of] p2b: Indeedee\n|-enditem|p2b: Indeedee|Psychic Seed\n|-boost|p2b: Indeedee|spd|1|[from] item: Psychic Seed\n|-item|p1a: Heatran|Air Balloon\n|turn|1\n|\n|t:|1743232894\n|move|p2b: Indeedee|Helping Hand|p2a: Calyrex\n|-singleturn|p2a: Calyrex|Helping Hand|[of] p2b: Indeedee\n|move|p2a: Calyrex|Astral Barrage|p1b: Sandaconda|[spread] p1a,p1b\n|-damage|p1a: Heatran|55/100\n|-damage|p1b: Sandaconda|0 fnt\n|-enditem|p1a: Heatran|Air Balloon\n|faint|p1b: Sandaconda\n|-ability|p2a: Calyrex|Grim Neigh|boost\n|-boost|p2a: Calyrex|spa|1\n|move|p1a: Heatran|Sandstorm|p1a: Heatran\n|-weather|Sandstorm\n|\n|-weather|Sandstorm|[upkeep]\n|-damage|p2a: Calyrex|94/100|[from] Sandstorm\n|-damage|p2b: Indeedee|94/100|[from] Sandstorm\n|upkeep\n|\n|t:|1743232904\n|switch|p1b: Urshifu|Urshifu-Rapid-Strike, L50, F|100/100\n|turn|2\n|\n|t:|1743232913\n|move|p2b: Indeedee|Follow Me|p2b: Indeedee\n|-singleturn|p2b: Indeedee|move: Follow Me\n|move|p1b: Urshifu|Surging Strikes|p2b: Indeedee\n|-crit|p2b: Indeedee\n|-damage|p2b: Indeedee|73/100\n|-crit|p2b: Indeedee\n|-damage|p2b: Indeedee|55/100\n|-crit|p2b: Indeedee\n|-damage|p2b: Indeedee|34/100\n|-hitcount|p2b: Indeedee|3\n|move|p2a: Calyrex|Astral Barrage|p1b: Urshifu|[spread] p1a,p1b\n|-damage|p1a: Heatran|7/100\n|-damage|p1b: Urshifu|0 fnt\n|faint|p1b: Urshifu\n|-ability|p2a: Calyrex|Grim Neigh|boost\n|-boost|p2a: Calyrex|spa|1\n|move|p1a: Heatran|Magma Storm|p2b: Indeedee\n|-damage|p2b: Indeedee|6/100\n|-activate|p2b: Indeedee|move: Magma Storm|[of] p1a: Heatran\n|\n|-weather|Sandstorm|[upkeep]\n|-damage|p2a: Calyrex|88/100|[from] Sandstorm\n|-damage|p2b: Indeedee|0 fnt|[from] Sandstorm\n|faint|p2b: Indeedee\n|upkeep\n|\n|t:|1743232934\n|switch|p1b: Ambipom|Ambipom, L50, F, shiny|100/100\n|switch|p2b: Sinistcha|Sinistcha, L50, shiny|100/100\n|-heal|p2a: Calyrex|100/100|[from] ability: Hospitality|[of] p2b: Sinistcha\n|turn|3\n|\n|t:|1743232958\n|-terastallize|p2a: Calyrex|Dark\n|move|p2b: Sinistcha|Rage Powder|p2b: Sinistcha\n|-singleturn|p2b: Sinistcha|move: Rage Powder\n|move|p2a: Calyrex|Expanding Force|p1b: Ambipom|[spread] p1a,p1b\n|-resisted|p1a: Heatran\n|-damage|p1a: Heatran|0 fnt\n|-damage|p1b: Ambipom|0 fnt\n|faint|p1a: Heatran\n|faint|p1b: Ambipom\n|\n|win|Natsumasuku\n||0000oooo0000 is ready for game 2.\n||Natsumasuku is ready for game 2.\n|uhtml|next|Next: <a href=\"/battle-gen9vgc2025reggbo3-2330466658\"><strong>Game 2 of 3</strong></a>\n|l|\u26060000oooo0000\n|player|p1|\n|l|\u2606Natsumasuku\n|player|p2|\n", "uploadtime": 1743233284, "views": 5, "formatid": "gen9vgc2025reggbo3", "rating": null, "private": 0, "password": null}