{"id": "gen9vgc2025reggbo3-2330482138", "format": "[Gen 9] VGC 2025 Reg G (Bo3)", "players": ["mason9283", "Jwwt"], "log": "|j|\u2606mason9283\n|j|\u2606Jwwt\n|html|<table width=\"100%\"><tr><td align=\"left\">mason9283</td><td align=\"right\">Jwwt</tr><tr><td align=\"left\"><i class=\"fa fa-circle-o\"></i> <i class=\"fa fa-circle-o\"></i> </td><td align=\"right\"><i class=\"fa fa-circle-o\"></i> <i class=\"fa fa-circle-o\"></i> </tr></table>\n|uhtml|bestof|<h2><strong>Game 1</strong> of <a href=\"/game-bestof3-gen9vgc2025reggbo3-2330482136\">a best-of-3</a></h2>\n|t:|1743236320\n|gametype|doubles\n|player|p1|mason9283|gentleman-gen4|1130\n|player|p2|Jwwt|waitress-gen4|1194\n|teamsize|p1|6\n|teamsize|p2|6\n|gen|9\n|tier|[Gen 9] VGC 2025 Reg G (Bo3)\n|rated|\n|rule|Species Clause: Limit one of each Pok\u00e9mon\n|rule|Item Clause: Limit 1 of each item\n|clearpoke\n|poke|p1|Tornadus, L50, M|\n|poke|p1|Kyogre, L50|\n|poke|p1|Amoonguss, L50, M|\n|poke|p1|Armarouge, L50, F|\n|poke|p1|Indeedee-F, L50, F|\n|poke|p1|Regieleki, L50|\n|poke|p2|Calyrex-Ice, L50|\n|poke|p2|Indeedee-F, L50, F|\n|poke|p2|Torkoal, L50, F|\n|poke|p2|Ursaluna, L50, F|\n|poke|p2|Sunflora, L50, M|\n|poke|p2|Amoonguss, L50, M|\n|teampreview|4\n|showteam|p1|Tornadus||CovertCloak|Prankster|Tailwind,Taunt,Protect,BleakwindStorm|||M|||50|,,,,,Dark]Kyogre||ChoiceScarf|Drizzle|WaterSpout,IceBeam,OriginPulse,Thunder||||||50|,,,,,Grass]Amoonguss||SitrusBerry|Regenerator|SludgeBomb,Spore,PollenPuff,Protect|||M|||50|,,,,,Water]Armarouge||LifeOrb|FlashFire|ArmorCannon,ExpandingForce,EnergyBall,Protect|||F|||50|,,,,,Fire]Indeedee-F||PsychicSeed|PsychicSurge|FollowMe,DazzlingGleam,HelpingHand,TrickRoom|||F|||50|,,,,,Psychic]Regieleki||FocusSash|Transistor|Thunder,VoltSwitch,TeraBlast,Protect||||||50|,,,,,Ice\n|showteam|p2|Calyrex-Ice||ClearAmulet|AsOneGlastrier|TrickRoom,HighHorsepower,GlacialLance,Protect||||||50|,,,,,Fairy]Indeedee-F||PsychicSeed|PsychicSurge|Psychic,TrickRoom,HelpingHand,FollowMe|||F|||50|,,,,,Grass]Torkoal||ChoiceSpecs|Drought|Eruption,Flamethrower,ScorchingSands,SolarBeam|||F|||50|,,,,,Fire]Ursaluna||FlameOrb|Guts|Facade,HeadlongRush,Protect,NightSlash|||F|||50|,,,,,Normal]Sunflora||LifeOrb|SolarPower|DazzlingGleam,GigaDrain,SludgeBomb,Protect|||M|||50|,,,,,Fairy]Amoonguss||CovertCloak|Regenerator|Spore,RagePowder,PollenPuff,SludgeBomb|||M|||50|,,,,,Water\n|inactive|Battle timer is ON: inactive players will automatically lose when time's up. (requested by mason9283)\n|\n|t:|1743236349\n|start\n|switch|p1a: Kyogre|Kyogre, L50|100/100\n|switch|p1b: Tornadus|Tornadus, L50, M|100/100\n|switch|p2a: Torkoal|Torkoal, L50, F|100/100\n|switch|p2b: Indeedee|Indeedee-F, L50, F|100/100\n|-weather|RainDance|[from] ability: Drizzle|[of] p1a: Kyogre\n|-fieldstart|move: Psychic Terrain|[from] ability: Psychic Surge|[of] p2b: Indeedee\n|-enditem|p2b: Indeedee|Psychic Seed\n|-boost|p2b: Indeedee|spd|1|[from] item: Psychic Seed\n|-weather|SunnyDay|[from] ability: Drought|[of] p2a: Torkoal\n|turn|1\n|inactive|mason9283 has 30 seconds left.\n|inactive|Jwwt has 30 seconds left.\n|\n|t:|1743236376\n|switch|p2a: Calyrex|Calyrex-Ice, L50|100/100\n|-ability|p2a: Calyrex|As One\n|-ability|p2a: Calyrex|Unnerve\n|move|p1a: Kyogre|Water Spout|p2a: Calyrex|[spread] p2a,p2b\n|-damage|p2a: Calyrex|77/100\n|-damage|p2b: Indeedee|78/100\n|move|p1b: Tornadus|Bleakwind Storm|p2b: Indeedee|[spread] p2b\n|-miss|p1b: Tornadus|p2a: Calyrex\n|-damage|p2b: Indeedee|58/100\n|move|p2b: Indeedee|Trick Room|p2b: Indeedee\n|-fieldstart|move: Trick Room|[of] p2b: Indeedee\n|\n|-weather|SunnyDay|[upkeep]\n|upkeep\n|turn|2\n|inactive|Jwwt has 30 seconds left.\n|\n|t:|1743236411\n|switch|p1a: Indeedee|Indeedee-F, L50, F|100/100\n|-enditem|p1a: Indeedee|Psychic Seed\n|-boost|p1a: Indeedee|spd|1|[from] item: Psychic Seed\n|move|p2b: Indeedee|Helping Hand|p2a: Calyrex\n|-singleturn|p2a: Calyrex|Helping Hand|[of] p2b: Indeedee\n|move|p1b: Tornadus|Protect|p1b: Tornadus\n|-singleturn|p1b: Tornadus|Protect\n|move|p2a: Calyrex|Glacial Lance|p1b: Tornadus|[spread] p1a\n|-activate|p1b: Tornadus|move: Protect\n|-damage|p1a: Indeedee|0 fnt\n|faint|p1a: Indeedee\n|-ability|p2a: Calyrex|Chilling Neigh|boost\n|-boost|p2a: Calyrex|atk|1\n|\n|-weather|SunnyDay|[upkeep]\n|upkeep\n|\n|t:|1743236419\n|switch|p1a: Armarouge|Armarouge, L50, F, shiny|100/100\n|turn|3\n|\n|t:|1743236444\n|switch|p1b: Kyogre|Kyogre, L50|100/100\n|-weather|RainDance|[from] ability: Drizzle|[of] p1b: Kyogre\n|-terastallize|p2a: Calyrex|Fairy\n|move|p2a: Calyrex|High Horsepower|p1a: Armarouge\n|-supereffective|p1a: Armarouge\n|-crit|p1a: Armarouge\n|-damage|p1a: Armarouge|0 fnt\n|faint|p1a: Armarouge\n|-ability|p2a: Calyrex|Chilling Neigh|boost\n|-boost|p2a: Calyrex|atk|1\n|move|p2b: Indeedee|Psychic|p1b: Kyogre\n|-damage|p1b: Kyogre|70/100\n|\n|-weather|RainDance|[upkeep]\n|upkeep\n|\n|t:|1743236456\n|switch|p1a: Tornadus|Tornadus, L50, M|100/100\n|turn|4\n|\n|t:|1743236471\n|move|p2b: Indeedee|Helping Hand|p2a: Calyrex\n|-singleturn|p2a: Calyrex|Helping Hand|[of] p2b: Indeedee\n|move|p1a: Tornadus|Protect|p1a: Tornadus\n|-singleturn|p1a: Tornadus|Protect\n|move|p2a: Calyrex|Glacial Lance|p1b: Kyogre|[spread] p1b\n|-activate|p1a: Tornadus|move: Protect\n|-resisted|p1b: Kyogre\n|-damage|p1b: Kyogre|0 fnt\n|faint|p1b: Kyogre\n|-ability|p2a: Calyrex|Chilling Neigh|boost\n|-boost|p2a: Calyrex|atk|1\n|\n|-weather|RainDance|[upkeep]\n|upkeep\n|turn|5\n|inactive|Jwwt has 30 seconds left.\n|\n|t:|1743236503\n|-terastallize|p1a: Tornadus|Dark\n|move|p2a: Calyrex|Glacial Lance|p1a: Tornadus\n|-crit|p1a: Tornadus\n|-damage|p1a: Tornadus|0 fnt\n|faint|p1a: Tornadus\n|\n|win|Jwwt\n||Jwwt is ready for game 2.\n|inactive|mason9283 has 30 seconds to confirm battle start!\n||mason9283 is ready for game 2.\n|uhtml|next|Next: <a href=\"/battle-gen9vgc2025reggbo3-2330483021\"><strong>Game 2 of 3</strong></a>\n", "uploadtime": 1743236785, "views": 5, "formatid": "gen9vgc2025reggbo3", "rating": null, "private": 0, "password": null}