{"id": "gen9vgc2025reggbo3-2330422905", "format": "[Gen 9] VGC 2025 Reg G (Bo3)", "players": ["dricano", "crsiplemnos"], "log": "|j|\u2606dricano\n|j|\u2606crsiplemnos\n|html|<table width=\"100%\"><tr><td align=\"left\">dricano</td><td align=\"right\">crsiplemnos</tr><tr><td align=\"left\"><i class=\"fa fa-circle-o\"></i> <i class=\"fa fa-circle-o\"></i> </td><td align=\"right\"><i class=\"fa fa-circle-o\"></i> <i class=\"fa fa-circle-o\"></i> </tr></table>\n|uhtml|bestof|<h2><strong>Game 1</strong> of <a href=\"/game-bestof3-gen9vgc2025reggbo3-2330422904\">a best-of-3</a></h2>\n|t:|1743224803\n|gametype|doubles\n|player|p1|dricano|nate|1240\n|player|p2|crsiplemnos|2|1149\n|teamsize|p1|6\n|teamsize|p2|6\n|gen|9\n|tier|[Gen 9] VGC 2025 Reg G (Bo3)\n|rated|\n|rule|Species Clause: Limit one of each Pok\u00e9mon\n|rule|Item Clause: Limit 1 of each item\n|clearpoke\n|poke|p1|Koraidon, L50|\n|poke|p1|Raging Bolt, L50|\n|poke|p1|Flutter Mane, L50|\n|poke|p1|Chi-Yu, L50|\n|poke|p1|Whimsicott, L50, M|\n|poke|p1|Torkoal, L50, M|\n|poke|p2|Miraidon, L50|\n|poke|p2|Ogerpon-Hearthflame, L50, F|\n|poke|p2|Urshifu-*, L50, F|\n|poke|p2|Iron Hands, L50|\n|poke|p2|Whimsicott, L50, F|\n|poke|p2|Farigiraf, L50, M|\n|teampreview|4\n|showteam|p1|Koraidon||ClearAmulet|OrichalcumPulse|FlareBlitz,CollisionCourse,HelpingHand,Protect||||||50|,,,,,Fire]Raging Bolt||AssaultVest|Protosynthesis|VoltSwitch,DracoMeteor,Thunderbolt,Thunderclap||||||50|,,,,,Electric]Flutter Mane||ChoiceSpecs|Protosynthesis|DazzlingGleam,Moonblast,ShadowBall,IcyWind||||||50|,,,,,Fairy]Chi-Yu||ChoiceScarf|BeadsofRuin|HeatWave,Overheat,DarkPulse,Snarl||||||50|,,,,,Ghost]Whimsicott||FocusSash|Prankster|Tailwind,Moonblast,Encore,MistyTerrain|||M|||50|,,,,,Ghost]Torkoal||Charcoal|Drought|Eruption,WeatherBall,HelpingHand,Protect|||M|||50|,,,,,Fire\n|showteam|p2|Miraidon||ChoiceSpecs|HadronEngine|ElectroDrift,DracoMeteor,DazzlingGleam,VoltSwitch||||||50|,,,,,Fairy]Ogerpon-Hearthflame||HearthflameMask|MoldBreaker|SpikyShield,IvyCudgel,WoodHammer,FollowMe|||F|||50|,,,,,Fire]Urshifu-Rapid-Strike||FocusSash|UnseenFist|Detect,SurgingStrikes,CloseCombat,AquaJet|||F|||50|,,,,,Water]Iron Hands||AssaultVest|QuarkDrive|DrainPunch,WildCharge,FakeOut,LowKick||||||50|,,,,,Bug]Whimsicott||CovertCloak|Prankster|Moonblast,Encore,LightScreen,Tailwind|||F|||50|,,,,,Dark]Farigiraf||ElectricSeed|ArmorTail|PsychicNoise,FoulPlay,HelpingHand,TrickRoom|||M|||50|,,,,,Water\n|\n|t:|1743224857\n|start\n|switch|p1a: Flutter Mane|Flutter Mane, L50|100/100\n|switch|p1b: Whimsicott|Whimsicott, L50, M|100/100\n|switch|p2a: Miraidon|Miraidon, L50|100/100\n|switch|p2b: Iron Hands|Iron Hands, L50|100/100\n|-fieldstart|move: Electric Terrain|[from] ability: Hadron Engine|[of] p2a: Miraidon\n|-activate|p2b: Iron Hands|ability: Quark Drive\n|-start|p2b: Iron Hands|quarkdriveatk\n|turn|1\n|\n|t:|1743224890\n|-terastallize|p1b: Whimsicott|Ghost\n|move|p2b: Iron Hands|Fake Out|p1b: Whimsicott\n|-immune|p1b: Whimsicott\n|move|p1b: Whimsicott|Misty Terrain|p1b: Whimsicott\n|-fieldstart|move: Misty Terrain\n|-end|p2b: Iron Hands|Quark Drive\n|move|p1a: Flutter Mane|Dazzling Gleam|p2b: Iron Hands|[spread] p2a,p2b\n|-supereffective|p2a: Miraidon\n|-supereffective|p2b: Iron Hands\n|-damage|p2a: Miraidon|22/100\n|-damage|p2b: Iron Hands|40/100\n|move|p2a: Miraidon|Volt Switch|p1b: Whimsicott\n|-damage|p1b: Whimsicott|12/100\n|\n|t:|1743224912\n|switch|p2a: Whimsicott|Whimsicott, L50, F|100/100|[from] Volt Switch\n|\n|upkeep\n|turn|2\n|\n|t:|1743224951\n|move|p1b: Whimsicott|Tailwind|p1b: Whimsicott\n|-sidestart|p1: dricano|move: Tailwind\n|move|p2a: Whimsicott|Light Screen|p2a: Whimsicott\n|-sidestart|p2: crsiplemnos|move: Light Screen\n|move|p1a: Flutter Mane|Dazzling Gleam|p2b: Iron Hands|[spread] p2a,p2b\n|-supereffective|p2b: Iron Hands\n|-damage|p2a: Whimsicott|62/100\n|-damage|p2b: Iron Hands|0 fnt\n|faint|p2b: Iron Hands\n|-end|p2b: Iron Hands|Quark Drive|[silent]\n|\n|upkeep\n|\n|t:|1743224961\n|switch|p2b: Miraidon|Miraidon, L50|22/100\n|-fieldstart|move: Electric Terrain|[from] ability: Hadron Engine|[of] p2b: Miraidon\n|turn|3\n|\n|t:|1743224983\n|-terastallize|p2b: Miraidon|Fairy\n|move|p1b: Whimsicott|Encore|p2a: Whimsicott\n|-start|p2a: Whimsicott|Encore\n|move|p2a: Whimsicott|Light Screen||[still]\n|-fail|p2a: Whimsicott\n|move|p1a: Flutter Mane|Dazzling Gleam|p2a: Whimsicott|[spread] p2a,p2b\n|-crit|p2b: Miraidon\n|-damage|p2a: Whimsicott|16/100\n|-damage|p2b: Miraidon|0 fnt\n|faint|p2b: Miraidon\n|\n|upkeep\n|\n|t:|1743224994\n|switch|p2b: Urshifu|Urshifu-Rapid-Strike, L50, F|100/100\n|turn|4\n|\n|t:|1743225019\n|move|p2b: Urshifu|Aqua Jet|p1b: Whimsicott\n|-damage|p1b: Whimsicott|0 fnt\n|faint|p1b: Whimsicott\n|move|p2a: Whimsicott|Light Screen||[still]\n|-fail|p2a: Whimsicott\n|move|p1a: Flutter Mane|Dazzling Gleam|p2b: Urshifu|[spread] p2a,p2b\n|-supereffective|p2b: Urshifu\n|-damage|p2a: Whimsicott|0 fnt\n|-enditem|p2b: Urshifu|Focus Sash\n|-damage|p2b: Urshifu|1/100\n|faint|p2a: Whimsicott\n|\n|upkeep\n|\n|t:|1743225034\n|switch|p1b: Chi-Yu|Chi-Yu, L50|100/100\n|-ability|p1b: Chi-Yu|Beads of Ruin\n|turn|5\n|\n|t:|1743225042\n|move|p2b: Urshifu|Aqua Jet|p1b: Chi-Yu\n|-supereffective|p1b: Chi-Yu\n|-damage|p1b: Chi-Yu|36/100\n|move|p1b: Chi-Yu|Dark Pulse|p2b: Urshifu\n|-resisted|p2b: Urshifu\n|-damage|p2b: Urshifu|0 fnt\n|faint|p2b: Urshifu\n|\n|win|dricano\n||dricano is ready for game 2.\n|inactive|crsiplemnos has 30 seconds to confirm battle start!\n||crsiplemnos is ready for game 2.\n|uhtml|next|Next: <a href=\"/battle-gen9vgc2025reggbo3-2330424471\"><strong>Game 2 of 3</strong></a>\n|l|\u2606crsiplemnos\n|player|p2|\n", "uploadtime": 1743225384, "views": 11, "formatid": "gen9vgc2025reggbo3", "rating": null, "private": 0, "password": null}