{"id": "gen9vgc2025reggbo3-2330466232", "format": "[Gen 9] VGC 2025 Reg G (Bo3)", "players": ["wnfR", "giggleshytter"], "log": "|j|\u2606wnfR\n|j|\u2606giggleshytter\n|html|<table width=\"100%\"><tr><td align=\"left\">wnfR</td><td align=\"right\">giggleshytter</tr><tr><td align=\"left\"><i class=\"fa fa-circle\"></i> <i class=\"fa fa-circle-o\"></i> </td><td align=\"right\"><i class=\"fa fa-circle-o\"></i> <i class=\"fa fa-circle-o\"></i> </tr></table>\n|uhtml|bestof|<h2><strong>Game 2</strong> of <a href=\"/game-bestof3-gen9vgc2025reggbo3-2330464915\">a best-of-3</a></h2>\n|t:|1743232875\n|gametype|doubles\n|player|p1|wnfR|102|1122\n|player|p2|giggleshytter|101|1047\n|teamsize|p1|6\n|teamsize|p2|6\n|gen|9\n|tier|[Gen 9] VGC 2025 Reg G (Bo3)\n|rated|\n|rule|Species Clause: Limit one of each Pok\u00e9mon\n|rule|Item Clause: Limit 1 of each item\n|clearpoke\n|poke|p1|Gastrodon-East, L50, F|\n|poke|p1|Calyrex-Shadow, L50|\n|poke|p1|Indeedee-F, L50, F|\n|poke|p1|Ursaluna-Bloodmoon, L50, M|\n|poke|p1|Tornadus, L50, M|\n|poke|p1|Urshifu-*, L50, F|\n|poke|p2|Ursaluna, L50, M|\n|poke|p2|Cresselia, L50, F|\n|poke|p2|Kyogre, L50|\n|poke|p2|Whimsicott, L50, F|\n|poke|p2|Urshifu-*, L50, F|\n|poke|p2|Amoonguss, L50, M|\n|teampreview|4\n|showteam|p1|Gastrodon-East||RindoBerry|StormDrain|IceBeam,EarthPower,Protect,ClearSmog|||F|||50|,,,,,Fairy]Calyrex-Shadow||FocusSash|AsOneSpectrier|AstralBarrage,ExpandingForce,NastyPlot,Protect||||||50|,,,,,Ghost]Indeedee-F||MentalHerb|PsychicSurge|TrickRoom,FollowMe,Protect,Psyshock|||F|||50|,,,,,Steel]Ursaluna-Bloodmoon||PsychicSeed|MindsEye|BloodMoon,EarthPower,HyperVoice,Protect|||M|||50|,,,,,Grass]Tornadus||AbilityShield|Prankster|Tailwind,BleakwindStorm,Taunt,SunnyDay|||M|||50|,,,,,Dark]Urshifu||LifeOrb|UnseenFist|CloseCombat,WickedBlow,SwordsDance,Protect|||F|||50|,,,,,Fighting\n|showteam|p2|Ursaluna||FlameOrb|Guts|Facade,Protect,Earthquake,HeadlongRush|||M|||50|,,,,,Normal]Cresselia||CovertCloak|Levitate|HelpingHand,TrickRoom,AllySwitch,LunarBlessing|||F|||50|,,,,,Steel]Kyogre||ChoiceSpecs|Drizzle|OriginPulse,WaterSpout,Protect,IceBeam||||||50|,,,,,Water]Whimsicott||FocusSash|Prankster|TrickRoom,Encore,Tailwind,HelpingHand|||F|||50|,,,,,Grass]Urshifu||ChoiceBand|UnseenFist|WickedBlow,Uturn,CloseCombat,SuckerPunch|||F|||50|,,,,,Fighting]Amoonguss||Leftovers|Regenerator|Spore,RagePowder,Toxic,Protect|||M|||50|,,,,,Grass\n|c|\u2606wnfR|Glhf\n|inactive|Battle timer is ON: inactive players will automatically lose when time's up. (requested by giggleshytter)\n|c|\u2606giggleshytter|glhf\n|\n|t:|1743232902\n|start\n|switch|p1a: Gastrodon|Gastrodon-East, L50, F|100/100\n|switch|p1b: Urshifu|Urshifu, L50, F|100/100\n|switch|p2a: Annoying mf|Cresselia, L50, F, shiny|100/100\n|switch|p2b: Quacker Wacker|Ursaluna, L50, M, shiny|100/100\n|turn|1\n|\n|t:|1743232921\n|-terastallize|p2a: Annoying mf|Steel\n|move|p2b: Quacker Wacker|Protect|p2b: Quacker Wacker\n|-singleturn|p2b: Quacker Wacker|Protect\n|move|p1b: Urshifu|Wicked Blow|p2a: Annoying mf\n|-crit|p2a: Annoying mf\n|-damage|p2a: Annoying mf|40/100\n|-damage|p1b: Urshifu|91/100|[from] item: Life Orb\n|move|p1a: Gastrodon|Ice Beam|p2b: Quacker Wacker\n|-activate|p2b: Quacker Wacker|move: Protect\n|move|p2a: Annoying mf|Trick Room|p2a: Annoying mf\n|-fieldstart|move: Trick Room|[of] p2a: Annoying mf\n|\n|-status|p2b: Quacker Wacker|brn|[from] item: Flame Orb\n|upkeep\n|turn|2\n|\n|t:|1743232940\n|move|p2a: Annoying mf|Helping Hand|p2b: Quacker Wacker\n|-singleturn|p2b: Quacker Wacker|Helping Hand|[of] p2a: Annoying mf\n|move|p1a: Gastrodon|Ice Beam|p2b: Quacker Wacker\n|-supereffective|p2b: Quacker Wacker\n|-damage|p2b: Quacker Wacker|50/100 brn\n|move|p2b: Quacker Wacker|Earthquake|p1a: Gastrodon|[spread] p1a,p1b\n|-immune|p2a: Annoying mf|[from] ability: Levitate\n|-damage|p1a: Gastrodon|0 fnt\n|-damage|p1b: Urshifu|8/100\n|faint|p1a: Gastrodon\n|move|p1b: Urshifu|Wicked Blow|p2a: Annoying mf\n|-crit|p2a: Annoying mf\n|-damage|p2a: Annoying mf|0 fnt\n|faint|p2a: Annoying mf\n|-damage|p1b: Urshifu|0 fnt|[from] item: Life Orb\n|faint|p1b: Urshifu\n|\n|-damage|p2b: Quacker Wacker|44/100 brn|[from] brn\n|upkeep\n|\n|t:|1743232956\n|switch|p1a: Calyrex|Calyrex-Shadow, L50|100/100\n|switch|p1b: Indeedee|Indeedee-F, L50, F|100/100\n|switch|p2a: I Boom|Kyogre, L50, shiny|100/100\n|-ability|p1a: Calyrex|As One\n|-ability|p1a: Calyrex|Unnerve\n|-fieldstart|move: Psychic Terrain|[from] ability: Psychic Surge|[of] p1b: Indeedee\n|-weather|RainDance|[from] ability: Drizzle|[of] p2a: I Boom\n|turn|3\n|\n|t:|1743232970\n|move|p1b: Indeedee|Protect|p1b: Indeedee\n|-singleturn|p1b: Indeedee|Protect\n|move|p1a: Calyrex|Protect|p1a: Calyrex\n|-singleturn|p1a: Calyrex|Protect\n|move|p2b: Quacker Wacker|Headlong Rush|p1a: Calyrex\n|-activate|p1a: Calyrex|move: Protect\n|move|p2a: I Boom|Water Spout|p1b: Indeedee|[spread] \n|-activate|p1a: Calyrex|move: Protect\n|-activate|p1b: Indeedee|move: Protect\n|\n|-weather|RainDance|[upkeep]\n|-damage|p2b: Quacker Wacker|38/100 brn|[from] brn\n|upkeep\n|turn|4\n|\n|t:|1743232995\n|move|p2b: Quacker Wacker|Headlong Rush|p1a: Calyrex\n|-enditem|p1a: Calyrex|Focus Sash\n|-damage|p1a: Calyrex|1/100\n|-unboost|p2b: Quacker Wacker|def|1\n|-unboost|p2b: Quacker Wacker|spd|1\n|move|p1b: Indeedee|Psyshock|p2a: I Boom\n|-damage|p2a: I Boom|68/100\n|move|p2a: I Boom|Water Spout|p1b: Indeedee|[spread] p1a,p1b\n|-crit|p1b: Indeedee\n|-damage|p1a: Calyrex|0 fnt\n|-damage|p1b: Indeedee|0 fnt\n|faint|p1a: Calyrex\n|faint|p1b: Indeedee\n|\n|win|giggleshytter\n|inactive|wnfR has 30 seconds to confirm battle start!\n|inactive|giggleshytter has 30 seconds to confirm battle start!\n||giggleshytter is ready for game 3.\n||wnfR is ready for game 3.\n|uhtml|next|Next: <a href=\"/battle-gen9vgc2025reggbo3-2330466859\"><strong>Game 3 of 3</strong></a>\n|l|\u2606giggleshytter\n|player|p2|\n|l|\u2606wnfR\n|player|p1|\n", "uploadtime": 1743233284, "views": 5, "formatid": "gen9vgc2025reggbo3", "rating": null, "private": 0, "password": null}