{"id": "gen9vgc2025reggbo3-2330525824", "format": "[Gen 9] VGC 2025 Reg G (Bo3)", "players": ["Bogging", "Basura2U"], "log": "|j|\u2606Bogging\n|j|\u2606Basura2U\n|html|<table width=\"100%\"><tr><td align=\"left\">Bogging</td><td align=\"right\">Basura2U</tr><tr><td align=\"left\"><i class=\"fa fa-circle\"></i> <i class=\"fa fa-circle-o\"></i> </td><td align=\"right\"><i class=\"fa fa-circle-o\"></i> <i class=\"fa fa-circle-o\"></i> </tr></table>\n|uhtml|bestof|<h2><strong>Game 2</strong> of <a href=\"/game-bestof3-gen9vgc2025reggbo3-2330524556\">a best-of-3</a></h2>\n|t:|1743245137\n|gametype|doubles\n|player|p1|Bogging|bugcatcher-gen4dp|1567\n|player|p2|Basura2U|lucas|1418\n|teamsize|p1|6\n|teamsize|p2|6\n|gen|9\n|tier|[Gen 9] VGC 2025 Reg G (Bo3)\n|rated|\n|rule|Species Clause: Limit one of each Pok\u00e9mon\n|rule|Item Clause: Limit 1 of each item\n|clearpoke\n|poke|p1|Calyrex-Shadow, L50|\n|poke|p1|Incineroar, L50, F|\n|poke|p1|Urshifu-*, L50, F|\n|poke|p1|Indeedee-F, L50, F|\n|poke|p1|Raging Bolt, L50|\n|poke|p1|Amoonguss, L50, M|\n|poke|p2|Calyrex-Shadow, L50|\n|poke|p2|Indeedee-F, L50, F|\n|poke|p2|Urshifu-*, L50, F|\n|poke|p2|Raging Bolt, L50|\n|poke|p2|Amoonguss, L50, M|\n|poke|p2|Hitmontop, L50, M|\n|teampreview|4\n|showteam|p1|Calyrex-Shadow||CovertCloak|AsOneSpectrier|AstralBarrage,DrainingKiss,CalmMind,Protect||||||50|,,,,,Fairy]Incineroar||SafetyGoggles|Intimidate|FakeOut,KnockOff,PartingShot,Taunt|||F|||50|,,,,,Ghost]Urshifu-Rapid-Strike||FocusSash|UnseenFist|SurgingStrikes,CloseCombat,Detect,Taunt|||F|||50|,,,,,Water]Indeedee-F||PsychicSeed|PsychicSurge|Psychic,HelpingHand,FollowMe,HealPulse|||F|||50|,,,,,Fairy]Raging Bolt||AssaultVest|Protosynthesis|VoltSwitch,Thunderclap,DragonPulse,Snarl||||||50|,,,,,Water]Amoonguss||RockyHelmet|Regenerator|Spore,RagePowder,PollenPuff,Protect|||M|||50|,,,,,Water\n|showteam|p2|Calyrex-Shadow||FocusSash|AsOneSpectrier|AstralBarrage,ExpandingForce,PollenPuff,Protect||||||50|,,,,,Psychic]Indeedee-F||PsychicSeed|PsychicSurge|HelpingHand,FollowMe,DazzlingGleam,TrickRoom|||F|||50|,,,,,Fairy]Urshifu-Rapid-Strike||ChoiceScarf|UnseenFist|AquaJet,SurgingStrikes,CloseCombat,Uturn|||F|||50|,,,,,Water]Raging Bolt||AssaultVest|Protosynthesis|Thunderclap,Thunderbolt,Snarl,DracoMeteor||||||50|,,,,,Grass]Amoonguss||RockyHelmet|Regenerator|ClearSmog,PollenPuff,Spore,RagePowder|||M|||50|,,,,,Dark]Hitmontop||ClearAmulet|Technician|WideGuard,Feint,TripleAxel,CloseCombat|||M|||50|,,,,,Ghost\n|\n|t:|1743245202\n|start\n|switch|p1a: Calyrex|Calyrex-Shadow, L50|100/100\n|switch|p1b: Raging Bolt|Raging Bolt, L50|100/100\n|switch|p2a: Hitmontop|Hitmontop, L50, M|100/100\n|switch|p2b: Calyrex|Calyrex-Shadow, L50|100/100\n|-ability|p2b: Calyrex|As One\n|-ability|p2b: Calyrex|Unnerve\n|-ability|p1a: Calyrex|As One\n|-ability|p1a: Calyrex|Unnerve\n|turn|1\n|inactive|Battle timer is ON: inactive players will automatically lose when time's up. (requested by Basura2U)\n|\n|t:|1743245226\n|-terastallize|p1a: Calyrex|Fairy\n|move|p2b: Calyrex|Astral Barrage|p1a: Calyrex|[spread] p1a,p1b\n|-damage|p1a: Calyrex|46/100\n|-damage|p1b: Raging Bolt|65/100\n|move|p1a: Calyrex|Draining Kiss|p2a: Hitmontop\n|-supereffective|p2a: Hitmontop\n|-damage|p2a: Hitmontop|4/100\n|-heal|p1a: Calyrex|97/100|[from] drain|[of] p2a: Hitmontop\n|move|p2a: Hitmontop|Triple Axel|p1b: Raging Bolt\n|-supereffective|p1b: Raging Bolt\n|-damage|p1b: Raging Bolt|52/100\n|-supereffective|p1b: Raging Bolt\n|-damage|p1b: Raging Bolt|23/100\n|-supereffective|p1b: Raging Bolt\n|-damage|p1b: Raging Bolt|0 fnt\n|faint|p1b: Raging Bolt\n|-end|p1b: Raging Bolt|Protosynthesis|[silent]\n|-hitcount|p1: Raging Bolt|3\n|\n|upkeep\n|\n|t:|1743245240\n|switch|p1b: Creativity|Incineroar, L50, F|100/100\n|-ability|p1b: Creativity|Intimidate|boost\n|-fail|p2a: Hitmontop|unboost|[from] item: Clear Amulet|[of] p2a: Hitmontop\n|-unboost|p2b: Calyrex|atk|1\n|turn|2\n|inactive|Basura2U has 30 seconds left.\n|inactive|Bogging has 30 seconds left.\n|\n|t:|1743245279\n|switch|p2a: Indeedee|Indeedee-F, L50, F|100/100\n|-fieldstart|move: Psychic Terrain|[from] ability: Psychic Surge|[of] p2a: Indeedee\n|-enditem|p2a: Indeedee|Psychic Seed\n|-boost|p2a: Indeedee|spd|1|[from] item: Psychic Seed\n|-terastallize|p2b: Calyrex|Psychic\n|move|p2b: Calyrex|Expanding Force|p1a: Calyrex|[spread] p1a\n|-immune|p1b: Creativity\n|-damage|p1a: Calyrex|8/100\n|move|p1a: Calyrex|Draining Kiss|p2a: Indeedee\n|-damage|p2a: Indeedee|76/100\n|-heal|p1a: Calyrex|24/100|[from] drain|[of] p2a: Indeedee\n|move|p1b: Creativity|Parting Shot|p2b: Calyrex\n|-unboost|p2b: Calyrex|atk|1\n|-unboost|p2b: Calyrex|spa|1\n|\n|t:|1743245285\n|switch|p1b: SurelyThisLives|Amoonguss, L50, M|100/100|[from] Parting Shot\n|\n|upkeep\n|turn|3\n|\n|t:|1743245300\n|switch|p2a: Urshifu|Urshifu-Rapid-Strike, L50, F|100/100\n|switch|p1b: Creativity|Incineroar, L50, F|100/100\n|-ability|p1b: Creativity|Intimidate|boost\n|-unboost|p2a: Urshifu|atk|1\n|-unboost|p2b: Calyrex|atk|1\n|move|p1a: Calyrex|Protect|p1a: Calyrex\n|-singleturn|p1a: Calyrex|Protect\n|move|p2b: Calyrex|Expanding Force|p1b: Creativity|[spread] \n|-activate|p1a: Calyrex|move: Protect\n|-immune|p1b: Creativity\n|\n|upkeep\n|turn|4\n|-message|Bogging forfeited.\n|\n|win|Basura2U\n|l|\u2606Bogging\n|player|p1|\n||Bogging is ready for game 3.\n||Basura2U is ready for game 3.\n|uhtml|next|Next: <a href=\"/battle-gen9vgc2025reggbo3-2330526804\"><strong>Game 3 of 3</strong></a>\n", "uploadtime": 1743245496, "views": 6, "formatid": "gen9vgc2025reggbo3", "rating": null, "private": 0, "password": null}