{"id": "gen9vgc2025reggbo3-2330450315", "format": "[Gen 9] VGC 2025 Reg G (Bo3)", "players": ["Pie1224", "bongbong97"], "log": "|j|\u2606Pie1224\n|j|\u2606bongbong97\n|html|<table width=\"100%\"><tr><td align=\"left\">Pie1224</td><td align=\"right\">bongbong97</tr><tr><td align=\"left\"><i class=\"fa fa-circle\"></i> <i class=\"fa fa-circle-o\"></i> </td><td align=\"right\"><i class=\"fa fa-circle-o\"></i> <i class=\"fa fa-circle-o\"></i> </tr></table>\n|uhtml|bestof|<h2><strong>Game 2</strong> of <a href=\"/game-bestof3-gen9vgc2025reggbo3-2330448470\">a best-of-3</a></h2>\n|t:|1743229674\n|gametype|doubles\n|player|p1|Pie1224|2|1191\n|player|p2|bongbong97|bruno|1173\n|teamsize|p1|6\n|teamsize|p2|6\n|gen|9\n|tier|[Gen 9] VGC 2025 Reg G (Bo3)\n|rated|\n|rule|Species Clause: Limit one of each Pok\u00e9mon\n|rule|Item Clause: Limit 1 of each item\n|clearpoke\n|poke|p1|Miraidon, L50|\n|poke|p1|Whimsicott, L50, M|\n|poke|p1|Ogerpon-Hearthflame, L50, F|\n|poke|p1|Farigiraf, L50, F|\n|poke|p1|Iron Hands, L50|\n|poke|p1|Urshifu-*, L50, F|\n|poke|p2|Miraidon, L50|\n|poke|p2|Whimsicott, L50, M|\n|poke|p2|Urshifu-*, L50, M|\n|poke|p2|Ogerpon-Hearthflame, L50, F|\n|poke|p2|Farigiraf, L50, M|\n|poke|p2|Iron Hands, L50|\n|teampreview|4\n|showteam|p1|Miraidon||ChoiceSpecs|HadronEngine|ElectroDrift,VoltSwitch,DazzlingGleam,DracoMeteor||||||50|,,,,,Fairy]Whimsicott||CovertCloak|Prankster|Moonblast,Encore,Tailwind,LightScreen|||M|||50|,,,,,Dark]Ogerpon-Hearthflame||HearthflameMask|MoldBreaker|IvyCudgel,PowerWhip,SpikyShield,FollowMe|||F|||50|,,,,,Fire]Farigiraf||ElectricSeed|ArmorTail|PsychicNoise,FoulPlay,HelpingHand,TrickRoom|||F|||50|,,,,,Water]Iron Hands||AssaultVest|QuarkDrive|FakeOut,DrainPunch,WildCharge,VoltSwitch||||||50|,,,,,Bug]Urshifu-Rapid-Strike||FocusSash|UnseenFist|SurgingStrikes,AquaJet,CloseCombat,Detect|||F|||50|,,,,,Fighting\n|showteam|p2|Miraidon||ChoiceSpecs|HadronEngine|ElectroDrift,DracoMeteor,VoltSwitch,DazzlingGleam||||||50|,,,,,Fairy]Whimsicott||CovertCloak|Prankster|Moonblast,Tailwind,LightScreen,Encore|||M|||50|,,,,,Dark]Urshifu-Rapid-Strike||FocusSash|UnseenFist|SurgingStrikes,CloseCombat,AquaJet,Protect|||M|||50|,,,,,Stellar]Ogerpon-Hearthflame||HearthflameMask|MoldBreaker|IvyCudgel,WoodHammer,FollowMe,SpikyShield|||F|||50|,,,,,Fire]Farigiraf||ElectricSeed|ArmorTail|FoulPlay,PsychicNoise,TrickRoom,HelpingHand|||M|||50|,,,,,Water]Iron Hands||AssaultVest|QuarkDrive|DrainPunch,LowKick,WildCharge,FakeOut||||||50|,,,,,Bug\n|\n|t:|1743229699\n|start\n|switch|p1a: Whimsicott|Whimsicott, L50, M|100/100\n|switch|p1b: Ogerpon|Ogerpon-Hearthflame, L50, F|100/100\n|switch|p2a: Urshifu|Urshifu-Rapid-Strike, L50, M|100/100\n|switch|p2b: Whimsicott|Whimsicott, L50, M|100/100\n|-ability|p1b: Ogerpon|Mold Breaker\n|turn|1\n|\n|t:|1743229724\n|move|p2b: Whimsicott|Tailwind|p2b: Whimsicott\n|-sidestart|p2: bongbong97|move: Tailwind\n|move|p2a: Urshifu|Close Combat|p1a: Whimsicott\n|-resisted|p1a: Whimsicott\n|-damage|p1a: Whimsicott|58/100\n|-unboost|p2a: Urshifu|def|1\n|-unboost|p2a: Urshifu|spd|1\n|move|p1a: Whimsicott|Moonblast|p2a: Urshifu\n|-supereffective|p2a: Urshifu\n|-enditem|p2a: Urshifu|Focus Sash\n|-damage|p2a: Urshifu|1/100\n|move|p1b: Ogerpon|Ivy Cudgel|p2b: Whimsicott|[anim] Ivy Cudgel Fire\n|-supereffective|p2b: Whimsicott\n|-damage|p2b: Whimsicott|0 fnt\n|faint|p2b: Whimsicott\n|\n|upkeep\n|\n|t:|1743229740\n|switch|p2b: Miraidon|Miraidon, L50|100/100\n|-fieldstart|move: Electric Terrain|[from] ability: Hadron Engine|[of] p2b: Miraidon\n|turn|2\n|\n|t:|1743229757\n|move|p1a: Whimsicott|Tailwind|p1a: Whimsicott\n|-sidestart|p1: Pie1224|move: Tailwind\n|move|p2b: Miraidon|Electro Drift|p1a: Whimsicott\n|-resisted|p1a: Whimsicott\n|-damage|p1a: Whimsicott|0 fnt\n|faint|p1a: Whimsicott\n|move|p1b: Ogerpon|Ivy Cudgel|p2a: Urshifu|[anim] Ivy Cudgel Fire\n|-resisted|p2a: Urshifu\n|-damage|p2a: Urshifu|0 fnt\n|faint|p2a: Urshifu\n|\n|upkeep\n|\n|t:|1743229767\n|switch|p1a: Iron Hands|Iron Hands, L50|100/100\n|switch|p2a: Ogerpon|Ogerpon-Hearthflame, L50, F|100/100\n|-ability|p2a: Ogerpon|Mold Breaker\n|-activate|p1a: Iron Hands|ability: Quark Drive\n|-start|p1a: Iron Hands|quarkdriveatk\n|turn|3\n|\n|t:|1743229780\n|-terastallize|p2a: Ogerpon|Fire\n|detailschange|p2a: Ogerpon|Ogerpon-Hearthflame-Tera, L50, F, tera:Fire\n|-ability|p2a: Ogerpon|Embody Aspect (Hearthflame)|boost\n|-boost|p2a: Ogerpon|atk|1\n|move|p1a: Iron Hands|Fake Out|p2b: Miraidon\n|-damage|p2b: Miraidon|82/100\n|cant|p2b: Miraidon|flinch\n|move|p2a: Ogerpon|Ivy Cudgel|p1b: Ogerpon|[anim] Ivy Cudgel Fire\n|-damage|p1b: Ogerpon|0 fnt\n|faint|p1b: Ogerpon\n|\n|upkeep\n|\n|t:|1743229790\n|switch|p1b: Miraidon|Miraidon, L50|100/100\n|-activate|p1b: Miraidon|ability: Hadron Engine\n|turn|4\n|\n|t:|1743229802\n|-terastallize|p1b: Miraidon|Fairy\n|move|p1b: Miraidon|Electro Drift|p2a: Ogerpon\n|-damage|p2a: Ogerpon|0 fnt\n|faint|p2a: Ogerpon\n|move|p2b: Miraidon|Electro Drift|p1b: Miraidon\n|-damage|p1b: Miraidon|0 fnt\n|faint|p1b: Miraidon\n|move|p1a: Iron Hands|Drain Punch|p2b: Miraidon\n|-damage|p2b: Miraidon|27/100\n|\n|-sideend|p2: bongbong97|move: Tailwind\n|upkeep\n|turn|5\n|\n|t:|1743229821\n|move|p2b: Miraidon|Electro Drift|p1a: Iron Hands\n|-resisted|p1a: Iron Hands\n|-damage|p1a: Iron Hands|62/100\n|move|p1a: Iron Hands|Drain Punch|p2b: Miraidon\n|-damage|p2b: Miraidon|0 fnt\n|-heal|p1a: Iron Hands|72/100|[from] drain|[of] p2b: Miraidon\n|faint|p2b: Miraidon\n|\n|win|Pie1224\n|raw|Pie1224's rating: 1191 &rarr; <strong>1215</strong><br />(+24 for winning)\n|raw|bongbong97's rating: 1173 &rarr; <strong>1149</strong><br />(-24 for losing)\n|l|\u2606bongbong97\n|player|p2|\n", "uploadtime": 1743229882, "views": 7, "formatid": "gen9vgc2025reggbo3", "rating": 1149, "private": 0, "password": null}