{"id": "gen9vgc2025reggbo3-2330418909", "format": "[Gen 9] VGC 2025 Reg G (Bo3)", "players": ["Snacqk", "kk1pper1314"], "log": "|j|\u2606Snacqk\n|j|\u2606kk1pper1314\n|html|<table width=\"100%\"><tr><td align=\"left\">Snacqk</td><td align=\"right\">kk1pper1314</tr><tr><td align=\"left\"><i class=\"fa fa-circle\"></i> <i class=\"fa fa-circle-o\"></i> </td><td align=\"right\"><i class=\"fa fa-circle-o\"></i> <i class=\"fa fa-circle-o\"></i> </tr></table>\n|uhtml|bestof|<h2><strong>Game 2</strong> of <a href=\"/game-bestof3-gen9vgc2025reggbo3-2330417676\">a best-of-3</a></h2>\n|t:|1743224164\n|gametype|doubles\n|player|p1|Snacqk|170|1395\n|player|p2|kk1pper1314|steven|1300\n|teamsize|p1|6\n|teamsize|p2|6\n|gen|9\n|tier|[Gen 9] VGC 2025 Reg G (Bo3)\n|rated|\n|rule|Species Clause: Limit one of each Pok\u00e9mon\n|rule|Item Clause: Limit 1 of each item\n|clearpoke\n|poke|p1|Rayquaza, L50|\n|poke|p1|Chien-Pao, L50|\n|poke|p1|Rillaboom, L50, M|\n|poke|p1|Incineroar, L50, F|\n|poke|p1|Gholdengo, L50|\n|poke|p1|Urshifu-*, L50, M|\n|poke|p2|Kyogre, L50|\n|poke|p2|Urshifu-*, L50, M|\n|poke|p2|Amoonguss, L50, M|\n|poke|p2|Indeedee-F, L50, F|\n|poke|p2|Landorus, L50, M|\n|poke|p2|Incineroar, L50, M|\n|teampreview|4\n|showteam|p1|Rayquaza||ClearAmulet|AirLock|SwordsDance,Protect,ExtremeSpeed,DragonAscent||||||50|,,,,,Normal]Chien-Pao||FocusSash|SwordofRuin|SuckerPunch,IcicleCrash,Crunch,Protect||||||50|,,,,,Ghost]Rillaboom||AssaultVest|GrassySurge|FakeOut,GrassyGlide,WoodHammer,Uturn|||M|||50|,,,,,Fire]Incineroar||SitrusBerry|Intimidate|FakeOut,PartingShot,KnockOff,WillOWisp|||F|||50|,,,,,Grass]Gholdengo||MetalCoat|GoodasGold|MakeItRain,ShadowBall,NastyPlot,Protect||||||50|,,,,,Steel]Urshifu-Rapid-Strike||ChoiceScarf|UnseenFist|SurgingStrikes,AquaJet,CloseCombat,Uturn|||M|||50|,,,,,Water\n|showteam|p2|Kyogre||AssaultVest|Drizzle|WaterSpout,OriginPulse,IceBeam,Thunder||||||50|,,,,,Grass]Urshifu-Rapid-Strike||ChoiceScarf|UnseenFist|SurgingStrikes,CloseCombat,Uturn,IceSpinner|||M|||50|,,,,,Grass]Amoonguss||RockyHelmet|Regenerator|ClearSmog,Protect,Spore,RagePowder|||M|||50|,,,,,Dark]Indeedee-F||SafetyGoggles|PsychicSurge|Psychic,FollowMe,TrickRoom,HelpingHand|||F|||50|,,,,,Fairy]Landorus||LifeOrb|SheerForce|SandsearStorm,EarthPower,SludgeBomb,Protect|||M|||50|,,,,,Water]Incineroar||SitrusBerry|Intimidate|WillOWisp,KnockOff,PartingShot,FakeOut|||M|||50|,,,,,Ghost\n|inactive|Battle timer is ON: inactive players will automatically lose when time's up. (requested by kk1pper1314)\n|inactive|kk1pper1314 has 60 seconds left.\n|\n|t:|1743224207\n|start\n|switch|p1a: Rillaboom|Rillaboom, L50, M|100/100\n|switch|p1b: Chien-Pao|Chien-Pao, L50|100/100\n|switch|p2a: Incineroar|Incineroar, L50, M|100/100\n|switch|p2b: Urshifu|Urshifu-Rapid-Strike, L50, M|100/100\n|-ability|p1b: Chien-Pao|Sword of Ruin\n|-fieldstart|move: Grassy Terrain|[from] ability: Grassy Surge|[of] p1a: Rillaboom\n|-ability|p2a: Incineroar|Intimidate|boost\n|-unboost|p1a: Rillaboom|atk|1\n|-unboost|p1b: Chien-Pao|atk|1\n|turn|1\n|\n|t:|1743224237\n|switch|p1b: Urshifu|Urshifu-Rapid-Strike, L50, M|100/100\n|switch|p2a: Indeedee|Indeedee-F, L50, F|100/100\n|-fieldstart|move: Psychic Terrain|[from] ability: Psychic Surge|[of] p2a: Indeedee\n|move|p1a: Rillaboom|Fake Out|p2a: Indeedee\n|-activate|p2a: Indeedee|move: Psychic Terrain\n|move|p2b: Urshifu|U-turn|p1a: Rillaboom\n|-supereffective|p1a: Rillaboom\n|-damage|p1a: Rillaboom|51/100\n|\n|t:|1743224256\n|switch|p2b: Kyogre|Kyogre, L50|100/100|[from] U-turn\n|-weather|RainDance|[from] ability: Drizzle|[of] p2b: Kyogre\n|\n|-weather|RainDance|[upkeep]\n|upkeep\n|turn|2\n|inactive|Snacqk has 30 seconds left.\n|\n|t:|1743224282\n|switch|p2a: Urshifu|Urshifu-Rapid-Strike, L50, M|100/100\n|move|p1b: Urshifu|Surging Strikes|p2b: Kyogre\n|-resisted|p2b: Kyogre\n|-crit|p2b: Kyogre\n|-damage|p2b: Kyogre|85/100\n|-resisted|p2b: Kyogre\n|-crit|p2b: Kyogre\n|-damage|p2b: Kyogre|70/100\n|-resisted|p2b: Kyogre\n|-crit|p2b: Kyogre\n|-damage|p2b: Kyogre|55/100\n|-hitcount|p2b: Kyogre|3\n|move|p2b: Kyogre|Thunder|p1b: Urshifu\n|-supereffective|p1b: Urshifu\n|-damage|p1b: Urshifu|0 fnt\n|faint|p1b: Urshifu\n|move|p1a: Rillaboom|U-turn|p2b: Kyogre\n|-damage|p2b: Kyogre|39/100\n|\n|t:|1743224300\n|switch|p1a: Rayquaza|Rayquaza, L50, shiny|100/100|[from] U-turn\n|-ability|p1a: Rayquaza|Air Lock\n|\n|-weather|RainDance|[upkeep]\n|upkeep\n|\n|t:|1743224304\n|switch|p1b: Chien-Pao|Chien-Pao, L50|100/100\n|-ability|p1b: Chien-Pao|Sword of Ruin\n|turn|3\n|\n|t:|1743224321\n|switch|p2b: Indeedee|Indeedee-F, L50, F|100/100\n|move|p2a: Urshifu|Ice Spinner|p1a: Rayquaza\n|-supereffective|p1a: Rayquaza\n|-damage|p1a: Rayquaza|0 fnt\n|-fieldend|move: Psychic Terrain\n|faint|p1a: Rayquaza\n|move|p1b: Chien-Pao|Crunch|p2b: Indeedee\n|-supereffective|p2b: Indeedee\n|-damage|p2b: Indeedee|2/100\n|\n|-weather|RainDance|[upkeep]\n|upkeep\n|\n|t:|1743224330\n|switch|p1a: Rillaboom|Rillaboom, L50, M|51/100\n|-fieldstart|move: Grassy Terrain|[from] ability: Grassy Surge|[of] p1a: Rillaboom\n|turn|4\n|inactive|Snacqk has 30 seconds left.\n|-message|Snacqk forfeited.\n|\n|win|kk1pper1314\n|l|\u2606Snacqk\n|player|p1|\n||Snacqk is ready for game 3.\n|inactive|kk1pper1314 has 30 seconds to confirm battle start!\n|inactive|kk1pper1314 has 20 seconds to confirm battle start!\n||kk1pper1314 is ready for game 3.\n|uhtml|next|Next: <a href=\"/battle-gen9vgc2025reggbo3-2330420268\"><strong>Game 3 of 3</strong></a>\n|l|\u2606kk1pper1314\n|player|p2|\n", "uploadtime": 1743224524, "views": 5, "formatid": "gen9vgc2025reggbo3", "rating": null, "private": 0, "password": null}