{"id": "gen9vgc2025reggbo3-2330450704", "format": "[Gen 9] VGC 2025 Reg G (Bo3)", "players": ["miku snow", "Maxdeese98"], "log": "|j|\u2606miku snow\n|j|\u2606Maxdeese98\n|html|<table width=\"100%\"><tr><td align=\"left\">miku snow</td><td align=\"right\">Maxdeese98</tr><tr><td align=\"left\"><i class=\"fa fa-circle-o\"></i> <i class=\"fa fa-circle-o\"></i> </td><td align=\"right\"><i class=\"fa fa-circle-o\"></i> <i class=\"fa fa-circle-o\"></i> </tr></table>\n|uhtml|bestof|<h2><strong>Game 1</strong> of <a href=\"/game-bestof3-gen9vgc2025reggbo3-2330450703\">a best-of-3</a></h2>\n|t:|1743229750\n|gametype|doubles\n|player|p1|miku snow|iris-gen5bw2|1119\n|player|p2|Maxdeese98|170|1275\n|teamsize|p1|6\n|teamsize|p2|6\n|gen|9\n|tier|[Gen 9] VGC 2025 Reg G (Bo3)\n|rated|\n|rule|Species Clause: Limit one of each Pok\u00e9mon\n|rule|Item Clause: Limit 1 of each item\n|clearpoke\n|poke|p1|Calyrex-Shadow, L50|\n|poke|p1|Wo-Chien, L50|\n|poke|p1|Raging Bolt, L50|\n|poke|p1|Smeargle, L50, F|\n|poke|p1|Whimsicott, L50, M|\n|poke|p1|Urshifu-*, L50, M|\n|poke|p2|Pikachu, L50, F|\n|poke|p2|Koraidon, L50|\n|poke|p2|Flutter Mane, L50|\n|poke|p2|Incineroar, L50, M|\n|poke|p2|Walking Wake, L50|\n|poke|p2|Ogerpon-Cornerstone, L50, F|\n|teampreview|4\n|showteam|p1|Calyrex-Shadow||LifeOrb|AsOneSpectrier|AstralBarrage,DrainingKiss,NastyPlot,Protect||||||50|,,,,,Fairy]Wo-Chien||AssaultVest|TabletsofRuin|FoulPlay,Snarl,PollenPuff,Ruination||||||50|,,,,,Poison]Raging Bolt||BoosterEnergy|Protosynthesis|Thunderbolt,DragonPulse,Thunderclap,Protect||||||50|,,,,,Fairy]Smeargle||FocusSash|Moody|FakeOut,Spore,FollowMe,WideGuard|||F|||50|,,,,,Ghost]Whimsicott||CovertCloak|Prankster|Moonblast,Encore,Tailwind,HelpingHand|||M|||50|,,,,,Water]Urshifu-Rapid-Strike||ChoiceBand|UnseenFist|SurgingStrikes,AquaJet,Uturn,CloseCombat|||M|||50|,,,,,Water\n|showteam|p2|Pikachu||LightBall|LightningRod|FakeOut,VoltTackle,PlayRough,Protect|||F|||50|,,,,,Fairy]Koraidon||LifeOrb|OrichalcumPulse|CollisionCourse,FlareBlitz,FlameCharge,Protect||||||50|,,,,,Fire]Flutter Mane||FocusSash|Protosynthesis|Moonblast,IcyWind,ShadowBall,Protect||||||50|,,,,,Normal]Incineroar||SafetyGoggles|Intimidate|KnockOff,WillOWisp,FakeOut,PartingShot|||M|||50|,,,,,Ghost]Walking Wake||ChoiceSpecs|Protosynthesis|HydroSteam,DracoMeteor,Flamethrower,Snarl||||||50|,,,,,Water]Ogerpon-Cornerstone||CornerstoneMask|Sturdy|IvyCudgel,PowerWhip,SpikyShield,FollowMe|||F|||50|,,,,,Rock\n|inactive|Battle timer is ON: inactive players will automatically lose when time's up. (requested by Maxdeese98)\n|\n|t:|1743229798\n|start\n|switch|p1a: Yuri Duck|Calyrex-Shadow, L50|100/100\n|switch|p1b: Miku|Smeargle, L50, F, shiny|100/100\n|switch|p2a: Koraidon|Koraidon, L50|100/100\n|switch|p2b: Flutter Mane|Flutter Mane, L50|100/100\n|-ability|p1a: Yuri Duck|As One\n|-ability|p1a: Yuri Duck|Unnerve\n|-weather|SunnyDay|[from] ability: Orichalcum Pulse|[of] p2a: Koraidon\n|-activate|p2b: Flutter Mane|ability: Protosynthesis\n|-start|p2b: Flutter Mane|protosynthesisspe\n|-activate|p2a: Koraidon|Orichalcum Pulse|[source]\n|turn|1\n|inactive|miku snow has 30 seconds left.\n|\n|t:|1743229828\n|-terastallize|p1a: Yuri Duck|Fairy\n|move|p2a: Koraidon|Protect|p2a: Koraidon\n|-singleturn|p2a: Koraidon|Protect\n|move|p1b: Miku|Fake Out|p2b: Flutter Mane\n|-immune|p2b: Flutter Mane\n|move|p2b: Flutter Mane|Icy Wind|p1a: Yuri Duck|[spread] p1a,p1b\n|-damage|p1a: Yuri Duck|88/100\n|-damage|p1b: Miku|69/100\n|-unboost|p1a: Yuri Duck|spe|1\n|-unboost|p1b: Miku|spe|1\n|move|p1a: Yuri Duck|Draining Kiss|p2a: Koraidon\n|-activate|p2a: Koraidon|move: Protect\n|\n|-weather|SunnyDay|[upkeep]\n|-ability|p1b: Miku|Moody|boost\n|-boost|p1b: Miku|spe|2\n|-unboost|p1b: Miku|atk|1\n|upkeep\n|turn|2\n|\n|t:|1743229852\n|switch|p1a: Giraffe 17|Raging Bolt, L50|100/100\n|-activate|p1a: Giraffe 17|ability: Protosynthesis\n|-start|p1a: Giraffe 17|protosynthesisspa\n|-terastallize|p2a: Koraidon|Fire\n|move|p2b: Flutter Mane|Moonblast|p1b: Miku\n|-damage|p1b: Miku|0 fnt\n|faint|p1b: Miku\n|move|p2a: Koraidon|Flare Blitz|p1a: Giraffe 17\n|-resisted|p1a: Giraffe 17\n|-damage|p1a: Giraffe 17|31/100\n|-status|p1a: Giraffe 17|brn\n|-damage|p2a: Koraidon|72/100|[from] Recoil\n|-damage|p2a: Koraidon|62/100|[from] item: Life Orb\n|\n|-weather|SunnyDay|[upkeep]\n|-damage|p1a: Giraffe 17|25/100 brn|[from] brn\n|upkeep\n|-message|miku snow forfeited.\n|\n|win|Maxdeese98\n||miku snow is ready for game 2.\n||Maxdeese98 is ready for game 2.\n|uhtml|next|Next: <a href=\"/battle-gen9vgc2025reggbo3-2330451313\"><strong>Game 2 of 3</strong></a>\n", "uploadtime": 1743230177, "views": 5, "formatid": "gen9vgc2025reggbo3", "rating": null, "private": 0, "password": null}