{"id": "gen9vgc2025reggbo3-2330418675", "format": "[Gen 9] VGC 2025 Reg G (Bo3)", "players": ["tanningproblems", "oranges8306624"], "log": "|j|\u2606tanningproblems\n|j|\u2606oranges8306624\n|html|<table width=\"100%\"><tr><td align=\"left\">tanningproblems</td><td align=\"right\">oranges8306624</tr><tr><td align=\"left\"><i class=\"fa fa-circle-o\"></i> <i class=\"fa fa-circle-o\"></i> </td><td align=\"right\"><i class=\"fa fa-circle-o\"></i> <i class=\"fa fa-circle\"></i> </tr></table>\n|uhtml|bestof|<h2><strong>Game 2</strong> of <a href=\"/game-bestof3-gen9vgc2025reggbo3-2330417556\">a best-of-3</a></h2>\n|t:|1743224127\n|gametype|doubles\n|player|p1|tanningproblems|psychicf-gen4|1087\n|player|p2|oranges8306624|102|1049\n|teamsize|p1|5\n|teamsize|p2|6\n|gen|9\n|tier|[Gen 9] VGC 2025 Reg G (Bo3)\n|rated|\n|rule|Species Clause: Limit one of each Pok\u00e9mon\n|rule|Item Clause: Limit 1 of each item\n|clearpoke\n|poke|p1|Sableye, L50, M|\n|poke|p1|Groudon, L50|\n|poke|p1|Chandelure, L50, F|\n|poke|p1|Raging Bolt, L50|\n|poke|p1|Gallade, L50, M|\n|poke|p2|Kyogre, L50|\n|poke|p2|Cresselia, L50, F|\n|poke|p2|Arcanine, L50, M|\n|poke|p2|Farigiraf, L50, F|\n|poke|p2|Whimsicott, L50, F|\n|poke|p2|Zapdos-Galar, L50|\n|teampreview|4\n|showteam|p1|Sableye||EjectButton|Prankster|DazzlingGleam,ShadowBall,Imprison,Gravity|||M|||50|,,,,,Dark]Groudon||HeatRock|Drought|PrecipiceBlades,LavaPlume,SwordsDance,Protect||||||50|,,,,,Ground]Chandelure||FlamePlate|FlashFire|HeatWave,ShadowBall,TrickRoom,Protect|||F|||50|,,,,,Normal]Raging Bolt||AssaultVest|Protosynthesis|Thunder,Thunderclap,DragonPulse,DracoMeteor||||||50|,,,,,Electric]Gallade||ClearAmulet|Sharpness|PsychoCut,SacredSword,SolarBlade,WideGuard|||M|||50|,,,,,Psychic\n|showteam|p2|Kyogre||MysticWater|Drizzle|WaterSpout,OriginPulse,Thunder,Protect||||||50|,,,,,Grass]Cresselia||AguavBerry|Levitate|HelpingHand,LunarBlessing,IcyWind,Protect|||F|||50|,,,,,Psychic]Arcanine||Charcoal|Intimidate|FlareBlitz,PlayRough,ExtremeSpeed,Protect|||M|||50|,,,,,Steel]Farigiraf||ThroatSpray|ArmorTail|HyperVoice,FoulPlay,ShadowBall,Protect|||F|||50|,,,,,Normal]Whimsicott||FocusSash|Prankster|Tailwind,Moonblast,Taunt,Protect|||F|||50|,,,,,Steel]Zapdos-Galar||CovertCloak|Defiant|Uturn,BraveBird,ThunderousKick,Protect||||||50|,,,,,Fighting\n|c|\u2606tanningproblems|i forgot it wasnt sun so i used solar blade\n|\n|t:|1743224158\n|start\n|switch|p1a: Sableye|Sableye, L50, M|100/100\n|switch|p1b: Chandelure|Chandelure, L50, F, shiny|100/100\n|switch|p2a: Arcanine|Arcanine, L50, M|100/100\n|switch|p2b: Zapdos|Zapdos-Galar, L50|100/100\n|-ability|p2a: Arcanine|Intimidate|boost\n|-unboost|p1a: Sableye|atk|1\n|-unboost|p1b: Chandelure|atk|1\n|turn|1\n|inactive|Battle timer is ON: inactive players will automatically lose when time's up. (requested by tanningproblems)\n|\n|t:|1743224186\n|move|p1a: Sableye|Gravity|p1a: Sableye\n|-fieldstart|move: Gravity\n|move|p2a: Arcanine|Play Rough|p1a: Sableye\n|-supereffective|p1a: Sableye\n|-damage|p1a: Sableye|22/100\n|-enditem|p1a: Sableye|Eject Button\n|\n|t:|1743224191\n|switch|p1a: Groudon|Groudon, L50|100/100\n|-weather|SunnyDay|[from] ability: Drought|[of] p1a: Groudon\n|move|p2b: Zapdos|Brave Bird|p1b: Chandelure\n|-damage|p1b: Chandelure|28/100\n|-damage|p2b: Zapdos|79/100|[from] Recoil\n|move|p1b: Chandelure|Trick Room|p1b: Chandelure\n|-fieldstart|move: Trick Room|[of] p1b: Chandelure\n|\n|-weather|SunnyDay|[upkeep]\n|upkeep\n|turn|2\n|\n|t:|1743224214\n|move|p2a: Arcanine|Extreme Speed|p1a: Groudon\n|-damage|p1a: Groudon|85/100\n|move|p1b: Chandelure|Heat Wave|p2a: Arcanine|[spread] p2a,p2b\n|-resisted|p2a: Arcanine\n|-crit|p2a: Arcanine\n|-damage|p2a: Arcanine|22/100\n|-damage|p2b: Zapdos|5/100\n|move|p1a: Groudon|Swords Dance|p1a: Groudon\n|-boost|p1a: Groudon|atk|2\n|move|p2b: Zapdos|Thunderous Kick|p1a: Groudon\n|-damage|p1a: Groudon|53/100\n|-unboost|p1a: Groudon|def|1\n|\n|-weather|SunnyDay|[upkeep]\n|upkeep\n|turn|3\n|\n|t:|1743224236\n|move|p2a: Arcanine|Extreme Speed|p1a: Groudon\n|-damage|p1a: Groudon|30/100\n|move|p1b: Chandelure|Heat Wave|p2a: Arcanine|[spread] p2a,p2b\n|-resisted|p2a: Arcanine\n|-crit|p2b: Zapdos\n|-damage|p2a: Arcanine|0 fnt\n|-damage|p2b: Zapdos|0 fnt\n|faint|p2a: Arcanine\n|faint|p2b: Zapdos\n|move|p1a: Groudon|Precipice Blades|p2: Arcanine|[notarget]\n|-fail|p1a: Groudon\n|\n|-weather|SunnyDay|[upkeep]\n|upkeep\n|\n|t:|1743224240\n|switch|p2b: Cresselia|Cresselia, L50, F|100/100\n|switch|p2a: Kyogre|Kyogre, L50|100/100\n|-weather|RainDance|[from] ability: Drizzle|[of] p2a: Kyogre\n|turn|4\n|\n|t:|1743224257\n|move|p2a: Kyogre|Protect|p2a: Kyogre\n|-singleturn|p2a: Kyogre|Protect\n|move|p1b: Chandelure|Shadow Ball|p2a: Kyogre\n|-activate|p2a: Kyogre|move: Protect\n|move|p1a: Groudon|Precipice Blades|p2a: Kyogre|[spread] p2b\n|-activate|p2a: Kyogre|move: Protect\n|-damage|p2b: Cresselia|18/100\n|-enditem|p2b: Cresselia|Aguav Berry|[eat]\n|-heal|p2b: Cresselia|51/100|[from] item: Aguav Berry\n|move|p2b: Cresselia|Icy Wind|p1a: Groudon|[spread] p1a,p1b\n|-supereffective|p1a: Groudon\n|-resisted|p1b: Chandelure\n|-damage|p1a: Groudon|16/100\n|-damage|p1b: Chandelure|24/100\n|-unboost|p1a: Groudon|spe|1\n|-unboost|p1b: Chandelure|spe|1\n|\n|-weather|RainDance|[upkeep]\n|upkeep\n|turn|5\n|inactive|oranges8306624 has 30 seconds left.\n|\n|t:|1743224283\n|move|p1b: Chandelure|Shadow Ball|p2a: Kyogre\n|-damage|p2a: Kyogre|64/100\n|-unboost|p2a: Kyogre|spd|1\n|move|p1a: Groudon|Precipice Blades|p2b: Cresselia|[spread] p2a,p2b\n|-damage|p2a: Kyogre|0 fnt\n|-damage|p2b: Cresselia|0 fnt\n|faint|p2a: Kyogre\n|faint|p2b: Cresselia\n|\n|win|tanningproblems\n||tanningproblems is ready for game 3.\n|l|\u2606oranges8306624\n|player|p2|\n||oranges8306624 is ready for game 3.\n|uhtml|next|Next: <a href=\"/battle-gen9vgc2025reggbo3-2330419727\"><strong>Game 3 of 3</strong></a>\n", "uploadtime": 1743224524, "views": 5, "formatid": "gen9vgc2025reggbo3", "rating": null, "private": 0, "password": null}