{"id": "gen9vgc2025reggbo3-2330432039", "format": "[Gen 9] VGC 2025 Reg G (Bo3)", "players": ["AMaizad97", "useless0o0"], "log": "|j|\u2606AMaizad97\n|j|\u2606useless0o0\n|html|<table width=\"100%\"><tr><td align=\"left\">AMaizad97</td><td align=\"right\">useless0o0</tr><tr><td align=\"left\"><i class=\"fa fa-circle-o\"></i> <i class=\"fa fa-circle-o\"></i> </td><td align=\"right\"><i class=\"fa fa-circle-o\"></i> <i class=\"fa fa-circle-o\"></i> </tr></table>\n|uhtml|bestof|<h2><strong>Game 1</strong> of <a href=\"/game-bestof3-gen9vgc2025reggbo3-2330432038\">a best-of-3</a></h2>\n|t:|1743226322\n|gametype|doubles\n|player|p1|AMaizad97|1|1120\n|player|p2|useless0o0|266|1123\n|teamsize|p1|6\n|teamsize|p2|6\n|gen|9\n|tier|[Gen 9] VGC 2025 Reg G (Bo3)\n|rated|\n|rule|Species Clause: Limit one of each Pok\u00e9mon\n|rule|Item Clause: Limit 1 of each item\n|clearpoke\n|poke|p1|Raging Bolt, L50|\n|poke|p1|Koraidon, L50|\n|poke|p1|Flutter Mane, L50|\n|poke|p1|Rillaboom, L50, M|\n|poke|p1|Gouging Fire, L50|\n|poke|p1|Amoonguss, L50, F|\n|poke|p2|Flutter Mane, L50|\n|poke|p2|Koraidon, L50|\n|poke|p2|Amoonguss, L50, M|\n|poke|p2|Incineroar, L50, M|\n|poke|p2|Gothitelle, L50, F|\n|poke|p2|Scream Tail, L50|\n|teampreview|4\n|showteam|p1|Raging Bolt||LifeOrb|Protosynthesis|Protect,DragonPulse,Thunderclap,Thunderbolt||||||50|,,,,,Electric]Koraidon||ClearAmulet|OrichalcumPulse|CloseCombat,FlameCharge,DragonClaw,Protect||||||50|,,,,,Fire]Flutter Mane||FocusSash|Protosynthesis|Protect,Spite,ShadowBall,DazzlingGleam||||||50|,,,,,Fairy]Rillaboom||AssaultVest|GrassySurge|FakeOut,GrassyGlide,KnockOff,Uturn|||M|||50|,,,,,Fire]Gouging Fire||BoosterEnergy|Protosynthesis|FlareBlitz,BurningBulwark,BreakingSwipe,StompingTantrum||||||50|,,,,,Fairy]Amoonguss||RockyHelmet|Regenerator|Spore,RagePowder,PollenPuff,FoulPlay|||F|||50|,,,,,Dark\n|showteam|p2|Flutter Mane||FocusSash|Protosynthesis|Protect,IcyWind,Moonblast,ShadowBall||||||50|,,,,,Normal]Koraidon||LifeOrb|OrichalcumPulse|Protect,FlameCharge,CloseCombat,FlareBlitz||||||50|,,,,,Fire]Amoonguss||MentalHerb|Regenerator|Protect,RagePowder,SludgeBomb,Spore|||M|||50|,,,,,Dark]Incineroar||SafetyGoggles|Intimidate|Protect,FlareBlitz,FakeOut,PartingShot|||M|||50|,,,,,Bug]Gothitelle||Leftovers|ShadowTag|Protect,Psychic,FakeOut,Taunt|||F|||50|,,,,,Water]Scream Tail||BoosterEnergy|Protosynthesis|Protect,Encore,Disable,PerishSong||||||50|,,,,,Dark\n|inactive|Battle timer is ON: inactive players will automatically lose when time's up. (requested by useless0o0)\n|inactive|AMaizad97 has 60 seconds left.\n|\n|t:|1743226370\n|start\n|switch|p1a: Amoonguss|Amoonguss, L50, F|100/100\n|switch|p1b: Rillaboom|Rillaboom, L50, M|100/100\n|switch|p2a: Bike (sun)|Koraidon, L50|100/100\n|switch|p2b: Incineroar|Incineroar, L50, M|100/100\n|-weather|SunnyDay|[from] ability: Orichalcum Pulse|[of] p2a: Bike (sun)\n|-activate|p2a: Bike (sun)|Orichalcum Pulse|[source]\n|-fieldstart|move: Grassy Terrain|[from] ability: Grassy Surge|[of] p1b: Rillaboom\n|-ability|p2b: Incineroar|Intimidate|boost\n|-unboost|p1a: Amoonguss|atk|1\n|-unboost|p1b: Rillaboom|atk|1\n|turn|1\n|inactive|AMaizad97 has 30 seconds left.\n|inactive|useless0o0 has 30 seconds left.\n|inactive|AMaizad97 has 20 seconds left.\n|inactive|useless0o0 has 20 seconds left.\n|inactive|useless0o0 has 15 seconds left.\n|\n|t:|1743226412\n|switch|p1a: Koraidon|Koraidon, L50|100/100\n|-activate|p1a: Koraidon|ability: Orichalcum Pulse\n|move|p2a: Bike (sun)|Protect|p2a: Bike (sun)\n|-singleturn|p2a: Bike (sun)|Protect\n|move|p1b: Rillaboom|Fake Out|p2a: Bike (sun)\n|-activate|p2a: Bike (sun)|move: Protect\n|move|p2b: Incineroar|Flare Blitz|p1b: Rillaboom\n|-supereffective|p1b: Rillaboom\n|-damage|p1b: Rillaboom|0 fnt\n|faint|p1b: Rillaboom\n|-damage|p2b: Incineroar|72/100|[from] Recoil\n|\n|-weather|SunnyDay|[upkeep]\n|-heal|p2b: Incineroar|78/100|[from] Grassy Terrain\n|upkeep\n|inactive|AMaizad97 has 30 seconds left.\n|\n|t:|1743226443\n|switch|p1b: Gouging Fire|Gouging Fire, L50|100/100\n|-activate|p1b: Gouging Fire|ability: Protosynthesis\n|-start|p1b: Gouging Fire|protosynthesisatk\n|turn|2\n|\n|t:|1743226467\n|-terastallize|p2a: Bike (sun)|Fire\n|move|p1a: Koraidon|Protect|p1a: Koraidon\n|-singleturn|p1a: Koraidon|Protect\n|move|p1b: Gouging Fire|Burning Bulwark|p1b: Gouging Fire\n|-singleturn|p1b: Gouging Fire|move: Protect\n|move|p2a: Bike (sun)|Close Combat|p1a: Koraidon\n|-activate|p1a: Koraidon|move: Protect\n|move|p2b: Incineroar|Parting Shot|p1b: Gouging Fire\n|-unboost|p1b: Gouging Fire|atk|1\n|-unboost|p1b: Gouging Fire|spa|1\n|\n|t:|1743226483\n|switch|p2b: Wolfy gone|Scream Tail, L50, shiny|100/100|[from] Parting Shot\n|-activate|p2b: Wolfy gone|ability: Protosynthesis\n|-start|p2b: Wolfy gone|protosynthesisspe\n|\n|-weather|SunnyDay|[upkeep]\n|upkeep\n|turn|3\n|\n|t:|1743226494\n|move|p2b: Wolfy gone|Encore|p1a: Koraidon\n|-start|p1a: Koraidon|Encore\n|move|p2a: Bike (sun)|Close Combat|p1b: Gouging Fire\n|-damage|p1b: Gouging Fire|3/100\n|-unboost|p2a: Bike (sun)|def|1\n|-unboost|p2a: Bike (sun)|spd|1\n|-damage|p2a: Bike (sun)|91/100|[from] item: Life Orb\n|move|p1a: Koraidon|Protect||[still]\n|-fail|p1a: Koraidon\n|move|p1b: Gouging Fire|Breaking Swipe|p2a: Bike (sun)|[spread] p2a\n|-immune|p2b: Wolfy gone\n|-crit|p2a: Bike (sun)\n|-damage|p2a: Bike (sun)|34/100\n|-unboost|p2a: Bike (sun)|atk|1\n|\n|-weather|SunnyDay|[upkeep]\n|-heal|p2a: Bike (sun)|40/100|[from] Grassy Terrain\n|-heal|p1b: Gouging Fire|9/100|[from] Grassy Terrain\n|upkeep\n|turn|4\n|-message|AMaizad97 forfeited.\n|\n|win|useless0o0\n|l|\u2606AMaizad97\n|player|p1|\n||useless0o0 is ready for game 2.\n||AMaizad97 is ready for game 2.\n|uhtml|next|Next: <a href=\"/battle-gen9vgc2025reggbo3-2330433140\"><strong>Game 2 of 3</strong></a>\n|l|\u2606useless0o0\n|player|p2|\n", "uploadtime": 1743226786, "views": 5, "formatid": "gen9vgc2025reggbo3", "rating": null, "private": 0, "password": null}