{"id": "gen9vgc2025reggbo3-2330418653", "format": "[Gen 9] VGC 2025 Reg G (Bo3)", "players": ["taijem", "MaeveAscella"], "log": "|j|\u2606taijem\n|j|\u2606MaeveAscella\n|html|<table width=\"100%\"><tr><td align=\"left\">taijem</td><td align=\"right\">MaeveAscella</tr><tr><td align=\"left\"><i class=\"fa fa-circle-o\"></i> <i class=\"fa fa-circle-o\"></i> </td><td align=\"right\"><i class=\"fa fa-circle-o\"></i> <i class=\"fa fa-circle-o\"></i> </tr></table>\n|uhtml|bestof|<h2><strong>Game 1</strong> of <a href=\"/game-bestof3-gen9vgc2025reggbo3-2330418652\">a best-of-3</a></h2>\n|t:|1743224124\n|gametype|doubles\n|player|p1|taijem|102|1040\n|player|p2|MaeveAscella|rosa|1054\n|teamsize|p1|6\n|teamsize|p2|6\n|gen|9\n|tier|[Gen 9] VGC 2025 Reg G (Bo3)\n|rated|\n|rule|Species Clause: Limit one of each Pok\u00e9mon\n|rule|Item Clause: Limit 1 of each item\n|clearpoke\n|poke|p1|Lunala, L50|\n|poke|p1|Indeedee-F, L50, F|\n|poke|p1|Landorus, L50, M|\n|poke|p1|Ogerpon-Hearthflame, L50, F|\n|poke|p1|Urshifu-*, L50, F|\n|poke|p1|Roaring Moon, L50|\n|poke|p2|Metagross, L50|\n|poke|p2|Urshifu-*, L50, F|\n|poke|p2|Flutter Mane, L50|\n|poke|p2|Groudon, L50|\n|poke|p2|Ogerpon-Wellspring, L50, F|\n|poke|p2|Tornadus, L50, M|\n|teampreview|4\n|showteam|p1|Lunala||PowerHerb|ShadowShield|ExpandingForce,MeteorBeam,MoongeistBeam,TrickRoom||||||50|,,,,,Water]Indeedee-F||RockyHelmet|PsychicSurge|AlluringVoice,FollowMe,TrickRoom,HelpingHand|||F|||50|,,,,,Fairy]Landorus||LifeOrb|SandForce|EarthPower,SludgeBomb,Protect,SandsearStorm|||M|||50|,,,,,Poison]Ogerpon-Hearthflame||HearthflameMask|MoldBreaker|IvyCudgel,WoodHammer,SpikyShield,FollowMe|||F|||50|,,,,,Fire]Urshifu-Rapid-Strike||FocusSash|UnseenFist|SurgingStrikes,Detect,CloseCombat,Taunt|||F|||50|,,,,,Stellar]Roaring Moon||BoosterEnergy|Protosynthesis|Tailwind,Acrobatics,KnockOff,Protect||||||50|,,,,,Flying\n|showteam|p2|Metagross||NormalGem|ClearBody|Explosion,BulletPunch,HeavySlam,Protect||||||50|,,,,,Normal]Urshifu||LifeOrb|UnseenFist|CloseCombat,WickedBlow,Detect,Uturn|||F|||50|,,,,,Ghost]Flutter Mane||FocusSash|Protosynthesis|Moonblast,Protect,ShadowBall,DazzlingGleam||||||50|,,,,,Ghost]Groudon||AssaultVest|Drought|PrecipiceBlades,Earthquake,HeatCrash,RockSlide||||||50|,,,,,Fire]Ogerpon-Wellspring||WellspringMask|WaterAbsorb|FollowMe,IvyCudgel,HornLeech,SpikyShield|||F|||50|,,,,,Water]Tornadus||CovertCloak|Prankster|Tailwind,Substitute,BleakwindStorm,IcyWind|||M|||50|,,,,,Flying\n|\n|t:|1743224173\n|start\n|switch|p1a: Lunala|Lunala, L50, shiny|100/100\n|switch|p1b: Indeedee|Indeedee-F, L50, F|100/100\n|switch|p2a: Metagross|Metagross, L50|100/100\n|switch|p2b: Urshifu|Urshifu, L50, F|100/100\n|-fieldstart|move: Psychic Terrain|[from] ability: Psychic Surge|[of] p1b: Indeedee\n|turn|1\n|\n|t:|1743224197\n|switch|p1a: Landorus|Landorus, L50, M|100/100\n|switch|p1b: Ogerpon|Ogerpon-Hearthflame, L50, F|100/100\n|-ability|p1b: Ogerpon|Mold Breaker\n|-terastallize|p2a: Metagross|Normal\n|move|p2b: Urshifu|U-turn|p1b: Ogerpon\n|-damage|p1b: Ogerpon|70/100\n|-damage|p2b: Urshifu|91/100|[from] item: Life Orb\n|\n|t:|1743224212\n|switch|p2b: Flutter Mane|Flutter Mane, L50|100/100|[from] U-turn\n|move|p2a: Metagross|Heavy Slam|p1b: Ogerpon\n|-resisted|p1b: Ogerpon\n|-damage|p1b: Ogerpon|42/100\n|\n|upkeep\n|turn|2\n|\n|t:|1743224239\n|switch|p2a: Groudon|Groudon, L50|100/100\n|-weather|SunnyDay|[from] ability: Drought|[of] p2a: Groudon\n|-activate|p2b: Flutter Mane|ability: Protosynthesis\n|-start|p2b: Flutter Mane|protosynthesisspe\n|move|p1b: Ogerpon|Spiky Shield|p1b: Ogerpon\n|-singleturn|p1b: Ogerpon|move: Protect\n|move|p1a: Landorus|Protect|p1a: Landorus\n|-singleturn|p1a: Landorus|Protect\n|move|p2b: Flutter Mane|Moonblast|p1a: Landorus\n|-activate|p1a: Landorus|move: Protect\n|\n|-weather|SunnyDay|[upkeep]\n|upkeep\n|turn|3\n|\n|t:|1743224267\n|-terastallize|p1b: Ogerpon|Fire\n|detailschange|p1b: Ogerpon|Ogerpon-Hearthflame-Tera, L50, F, tera:Fire\n|-ability|p1b: Ogerpon|Embody Aspect (Hearthflame)|boost\n|-boost|p1b: Ogerpon|atk|1\n|move|p2b: Flutter Mane|Moonblast|p1a: Landorus\n|-damage|p1a: Landorus|52/100\n|move|p1b: Ogerpon|Ivy Cudgel|p2a: Groudon|[anim] Ivy Cudgel Fire\n|-damage|p2a: Groudon|6/100\n|move|p2a: Groudon|Rock Slide|p1b: Ogerpon|[spread] p1a,p1b\n|-crit|p1a: Landorus\n|-supereffective|p1b: Ogerpon\n|-damage|p1a: Landorus|14/100\n|-damage|p1b: Ogerpon|0 fnt\n|faint|p1b: Ogerpon\n|cant|p1a: Landorus|flinch\n|\n|-weather|SunnyDay|[upkeep]\n|upkeep\n|-message|taijem forfeited.\n|\n|win|MaeveAscella\n|l|\u2606taijem\n|player|p1|\n||taijem is ready for game 2.\n||MaeveAscella is ready for game 2.\n|uhtml|next|Next: <a href=\"/battle-gen9vgc2025reggbo3-2330419709\"><strong>Game 2 of 3</strong></a>\n", "uploadtime": 1743224524, "views": 5, "formatid": "gen9vgc2025reggbo3", "rating": null, "private": 0, "password": null}