{"id": "gen9vgc2025reggbo3-2330536541", "format": "[Gen 9] VGC 2025 Reg G (Bo3)", "players": ["ppyyy", "VYNCHIO"], "log": "|j|\u2606ppyyy\n|j|\u2606VYNCHIO\n|html|<table width=\"100%\"><tr><td align=\"left\">ppyyy</td><td align=\"right\">VYNCHIO</tr><tr><td align=\"left\"><i class=\"fa fa-circle\"></i> <i class=\"fa fa-circle-o\"></i> </td><td align=\"right\"><i class=\"fa fa-circle-o\"></i> <i class=\"fa fa-circle-o\"></i> </tr></table>\n|uhtml|bestof|<h2><strong>Game 2</strong> of <a href=\"/game-bestof3-gen9vgc2025reggbo3-2330535223\">a best-of-3</a></h2>\n|t:|1743247067\n|gametype|doubles\n|player|p1|ppyyy|miku-water|\n|player|p2|VYNCHIO|zinnia-masters|\n|teamsize|p1|6\n|teamsize|p2|6\n|gen|9\n|tier|[Gen 9] VGC 2025 Reg G (Bo3)\n|rule|Species Clause: Limit one of each Pok\u00e9mon\n|rule|Item Clause: Limit 1 of each item\n|clearpoke\n|poke|p1|Pelipper, L50, M|\n|poke|p1|Calyrex-Shadow, L50|\n|poke|p1|Miraidon, L50|\n|poke|p1|Urshifu-*, L50, M|\n|poke|p1|Farigiraf, L50, F|\n|poke|p1|Incineroar, L50, M|\n|poke|p2|Calyrex-Ice, L50|\n|poke|p2|Kyogre, L50|\n|poke|p2|Roaring Moon, L50|\n|poke|p2|Ogerpon-Wellspring, L50, F|\n|poke|p2|Raging Bolt, L50|\n|poke|p2|Indeedee-F, L50, F|\n|teampreview|4\n|showteam|p1|Pelipper||CovertCloak|Drizzle|WeatherBall,Hurricane,Protect,WideGuard|||M|||50|,,,,,Grass]Calyrex-Shadow||FocusSash|AsOneSpectrier|AstralBarrage,Psychic,WillOWisp,Protect||||||50|,,,,,Ghost]Miraidon||ChoiceSpecs|HadronEngine|ElectroDrift,DracoMeteor,VoltSwitch,DazzlingGleam||||||50|,,,,,Fairy]Urshifu-Rapid-Strike||ChoiceScarf|UnseenFist|SurgingStrikes,CloseCombat,Uturn,AquaJet|||M|||50|,,,,,Ghost]Farigiraf||ThroatSpray|ArmorTail|TrickRoom,Psychic,HyperVoice,Protect|||F|||50|,,,,,Grass]Incineroar||RockyHelmet|Intimidate|WillOWisp,FakeOut,KnockOff,PartingShot|||M|||50|,,,,,Water\n|showteam|p2|Calyrex-Ice||ClearAmulet|AsOneGlastrier|GlacialLance,HighHorsepower,Protect,TrickRoom||||||50|,,,,,Grass]Kyogre||MysticWater|Drizzle|WaterSpout,OriginPulse,IceBeam,Protect||||||50|,,,,,Water]Roaring Moon||BoosterEnergy|Protosynthesis|KnockOff,Acrobatics,Protect,Tailwind||||||50|,,,,,Poison]Ogerpon-Wellspring||WellspringMask|WaterAbsorb|IvyCudgel,HornLeech,SpikyShield,FollowMe|||F|||50|,,,,,Water]Raging Bolt||AssaultVest|Protosynthesis|Snarl,Thunderclap,Thunderbolt,DracoMeteor||||||50|,,,,,Electric]Indeedee-F||PsychicSeed|PsychicSurge|Psychic,HelpingHand,TrickRoom,FollowMe|||F|||50|,,,,,Grass\n|\n|t:|1743247091\n|start\n|switch|p1a: Incineroar|Incineroar, L50, M|100/100\n|switch|p1b: Urshifu|Urshifu-Rapid-Strike, L50, M|100/100\n|switch|p2a: VYNCHIOCOSO|Indeedee-F, L50, F, shiny|100/100\n|switch|p2b: Kyogre|Kyogre, L50, shiny|100/100\n|-weather|RainDance|[from] ability: Drizzle|[of] p2b: Kyogre\n|-fieldstart|move: Psychic Terrain|[from] ability: Psychic Surge|[of] p2a: VYNCHIOCOSO\n|-enditem|p2a: VYNCHIOCOSO|Psychic Seed\n|-boost|p2a: VYNCHIOCOSO|spd|1|[from] item: Psychic Seed\n|-ability|p1a: Incineroar|Intimidate|boost\n|-unboost|p2a: VYNCHIOCOSO|atk|1\n|-unboost|p2b: Kyogre|atk|1\n|turn|1\n|\n|t:|1743247112\n|-terastallize|p2b: Kyogre|Water\n|-terastallize|p1a: Incineroar|Water\n|move|p2a: VYNCHIOCOSO|Follow Me|p2a: VYNCHIOCOSO\n|-singleturn|p2a: VYNCHIOCOSO|move: Follow Me\n|move|p1b: Urshifu|Surging Strikes|p2a: VYNCHIOCOSO\n|-crit|p2a: VYNCHIOCOSO\n|-damage|p2a: VYNCHIOCOSO|67/100\n|-crit|p2a: VYNCHIOCOSO\n|-damage|p2a: VYNCHIOCOSO|37/100\n|-crit|p2a: VYNCHIOCOSO\n|-damage|p2a: VYNCHIOCOSO|3/100\n|-hitcount|p2a: VYNCHIOCOSO|3\n|move|p2b: Kyogre|Water Spout|p1a: Incineroar|[spread] p1a,p1b\n|-resisted|p1a: Incineroar\n|-resisted|p1b: Urshifu\n|-crit|p1b: Urshifu\n|-damage|p1a: Incineroar|32/100\n|-damage|p1b: Urshifu|0 fnt\n|faint|p1b: Urshifu\n|move|p1a: Incineroar|Knock Off|p2a: VYNCHIOCOSO\n|-supereffective|p2a: VYNCHIOCOSO\n|-damage|p2a: VYNCHIOCOSO|0 fnt\n|faint|p2a: VYNCHIOCOSO\n|\n|-weather|RainDance|[upkeep]\n|upkeep\n|c|\u2606VYNCHIO|Uhhh\n|\n|t:|1743247142\n|switch|p1b: Calyrex|Calyrex-Shadow, L50|100/100\n|switch|p2a: KAIYOUNG|Ogerpon-Wellspring, L50, F|100/100\n|-ability|p1b: Calyrex|As One\n|-ability|p1b: Calyrex|Unnerve\n|turn|2\n|c|\u2606VYNCHIO|Insane\n|\n|t:|1743247180\n|move|p1b: Calyrex|Protect|p1b: Calyrex\n|-singleturn|p1b: Calyrex|Protect\n|move|p2a: KAIYOUNG|Ivy Cudgel|p1b: Calyrex|[anim] Ivy Cudgel Water\n|-activate|p1b: Calyrex|move: Protect\n|move|p2b: Kyogre|Origin Pulse|p1b: Calyrex|[spread] p1a\n|-activate|p1b: Calyrex|move: Protect\n|-resisted|p1a: Incineroar\n|-damage|p1a: Incineroar|0 fnt\n|faint|p1a: Incineroar\n|\n|-weather|RainDance|[upkeep]\n|upkeep\n|\n|t:|1743247182\n|switch|p1a: Miraidon|Miraidon, L50|100/100\n|-fieldstart|move: Electric Terrain|[from] ability: Hadron Engine|[of] p1a: Miraidon\n|turn|3\n|\n|t:|1743247205\n|move|p2a: KAIYOUNG|Spiky Shield|p2a: KAIYOUNG\n|-singleturn|p2a: KAIYOUNG|move: Protect\n|move|p2b: Kyogre|Protect|p2b: Kyogre\n|-singleturn|p2b: Kyogre|Protect\n|move|p1b: Calyrex|Astral Barrage|p2b: Kyogre|[spread] \n|-activate|p2a: KAIYOUNG|move: Protect\n|-activate|p2b: Kyogre|move: Protect\n|move|p1a: Miraidon|Electro Drift|p2b: Kyogre\n|-activate|p2b: Kyogre|move: Protect\n|\n|-weather|RainDance|[upkeep]\n|upkeep\n|turn|4\n|\n|t:|1743247221\n|move|p1b: Calyrex|Protect|p1b: Calyrex\n|-singleturn|p1b: Calyrex|Protect\n|move|p2a: KAIYOUNG|Follow Me|p2a: KAIYOUNG\n|-singleturn|p2a: KAIYOUNG|move: Follow Me\n|move|p1a: Miraidon|Electro Drift|p2a: KAIYOUNG\n|-damage|p2a: KAIYOUNG|0 fnt\n|faint|p2a: KAIYOUNG\n|move|p2b: Kyogre|Origin Pulse|p1b: Calyrex|[spread] \n|-activate|p1b: Calyrex|move: Protect\n|-miss|p2b: Kyogre|p1a: Miraidon\n|\n|-weather|RainDance|[upkeep]\n|upkeep\n|c|\u2606VYNCHIO|Gg\n|\n|t:|1743247226\n|switch|p2a: LET'S GO LIQUID|Calyrex-Ice, L50|100/100\n|-ability|p2a: LET'S GO LIQUID|As One\n|-ability|p2a: LET'S GO LIQUID|Unnerve\n|turn|5\n|-message|VYNCHIO forfeited.\n|\n|win|ppyyy\n|l|\u2606VYNCHIO\n|player|p2|\n|c|\u2606ppyyy|gg\n", "uploadtime": 1743247235, "views": 13, "formatid": "gen9vgc2025reggbo3", "rating": null, "private": 0, "password": null}