{"id": "gen9vgc2025reggbo3-2330416484", "format": "[Gen 9] VGC 2025 Reg G (Bo3)", "players": ["Pie1224", "Ocpuddin"], "log": "|j|\u2606Pie1224\n|j|\u2606Ocpuddin\n|html|<table width=\"100%\"><tr><td align=\"left\">Pie1224</td><td align=\"right\">Ocpuddin</tr><tr><td align=\"left\"><i class=\"fa fa-circle-o\"></i> <i class=\"fa fa-circle-o\"></i> </td><td align=\"right\"><i class=\"fa fa-circle-o\"></i> <i class=\"fa fa-circle-o\"></i> </tr></table>\n|uhtml|bestof|<h2><strong>Game 1</strong> of <a href=\"/game-bestof3-gen9vgc2025reggbo3-2330416483\">a best-of-3</a></h2>\n|t:|1743223784\n|gametype|doubles\n|player|p1|Pie1224|2|1148\n|player|p2|Ocpuddin|pryce|1157\n|teamsize|p1|6\n|teamsize|p2|6\n|gen|9\n|tier|[Gen 9] VGC 2025 Reg G (Bo3)\n|rated|\n|rule|Species Clause: Limit one of each Pok\u00e9mon\n|rule|Item Clause: Limit 1 of each item\n|clearpoke\n|poke|p1|Miraidon, L50|\n|poke|p1|Whimsicott, L50, F|\n|poke|p1|Ogerpon-Hearthflame, L50, F|\n|poke|p1|Farigiraf, L50, M|\n|poke|p1|Iron Hands, L50|\n|poke|p1|Urshifu-*, L50, F|\n|poke|p2|Articuno, L50|\n|poke|p2|Froslass, L50, F|\n|poke|p2|Raichu, L50, M|\n|poke|p2|Ninetales-Alola, L50, M|\n|poke|p2|Cetitan, L50, M|\n|poke|p2|Avalugg, L50, M|\n|teampreview|4\n|showteam|p1|Miraidon||ChoiceSpecs|HadronEngine|ElectroDrift,VoltSwitch,DazzlingGleam,DracoMeteor||||||50|,,,,,Fairy]Whimsicott||CovertCloak|Prankster|Moonblast,Encore,Tailwind,LightScreen|||F|||50|,,,,,Dark]Ogerpon-Hearthflame||HearthflameMask|MoldBreaker|IvyCudgel,PowerWhip,SpikyShield,FollowMe|||F|||50|,,,,,Fire]Farigiraf||ElectricSeed|ArmorTail|PsychicNoise,FoulPlay,HelpingHand,TrickRoom|||M|||50|,,,,,Water]Iron Hands||AssaultVest|QuarkDrive|FakeOut,DrainPunch,WildCharge,VoltSwitch||||||50|,,,,,Bug]Urshifu-Rapid-Strike||FocusSash|UnseenFist|SurgingStrikes,AquaJet,CloseCombat,Detect|||F|||50|,,,,,Fighting\n|showteam|p2|Articuno||NeverMeltIce|SnowCloak|Tailwind,FreezeDry,Blizzard,SheerCold||||||50|,,,,,Ice]Froslass||SafetyGoggles|CursedBody|Snowscape,AuroraVeil,Haze,FrostBreath|||F|||50|,,,,,Ghost]Raichu||AirBalloon|LightningRod|Encore,HelpingHand,FakeOut,Thunderbolt|||M|||50|,,,,,Electric]Ninetales-Alola||CovertCloak|SnowWarning|Snowscape,AuroraVeil,FakeTears,IcyWind|||M|||50|,,,,,Fairy]Cetitan||ChoiceBand|SlushRush|KnockOff,IceSpinner,PlayRough,Earthquake|||M|||50|,,,,,Ice]Avalugg||ShellBell|IceBody|WideGuard,Avalanche,BodyPress,Crunch|||M|||50|,,,,,Fighting\n|\n|t:|1743223845\n|start\n|switch|p1a: Ogerpon|Ogerpon-Hearthflame, L50, F|100/100\n|switch|p1b: Iron Hands|Iron Hands, L50|100/100\n|switch|p2a: Snowflake|Ninetales-Alola, L50, M, shiny|100/100\n|switch|p2b: Suede|Articuno, L50, shiny|100/100\n|-weather|Snowscape|[from] ability: Snow Warning|[of] p2a: Snowflake\n|-ability|p1a: Ogerpon|Mold Breaker\n|turn|1\n|\n|t:|1743223877\n|switch|p2a: Thor|Raichu, L50, M, shiny|100/100\n|-item|p2a: Thor|Air Balloon\n|-terastallize|p1a: Ogerpon|Fire\n|detailschange|p1a: Ogerpon|Ogerpon-Hearthflame-Tera, L50, F, tera:Fire\n|-ability|p1a: Ogerpon|Embody Aspect (Hearthflame)|boost\n|-boost|p1a: Ogerpon|atk|1\n|move|p1b: Iron Hands|Fake Out|p2a: Thor\n|-damage|p2a: Thor|78/100\n|-enditem|p2a: Thor|Air Balloon\n|move|p1a: Ogerpon|Ivy Cudgel|p2a: Thor|[anim] Ivy Cudgel Fire\n|-damage|p2a: Thor|0 fnt\n|faint|p2a: Thor\n|move|p2b: Suede|Tailwind|p2b: Suede\n|-sidestart|p2: Ocpuddin|move: Tailwind\n|\n|-weather|Snowscape|[upkeep]\n|upkeep\n|\n|t:|1743223898\n|switch|p2a: Bomb|Cetitan, L50, M, shiny|100/100\n|turn|2\n|\n|t:|1743223911\n|move|p2a: Bomb|Earthquake|p1a: Ogerpon|[spread] p1a,p1b\n|-immune|p2b: Suede\n|-supereffective|p1a: Ogerpon\n|-supereffective|p1b: Iron Hands\n|-damage|p1a: Ogerpon|21/100\n|-damage|p1b: Iron Hands|54/100\n|move|p2b: Suede|Blizzard|p1b: Iron Hands|[spread] p1a,p1b\n|-resisted|p1a: Ogerpon\n|-damage|p1a: Ogerpon|0 fnt\n|-damage|p1b: Iron Hands|34/100\n|faint|p1a: Ogerpon\n|move|p1b: Iron Hands|Wild Charge|p2b: Suede\n|-supereffective|p2b: Suede\n|-crit|p2b: Suede\n|-damage|p2b: Suede|0 fnt\n|faint|p2b: Suede\n|-damage|p1b: Iron Hands|17/100|[from] Recoil\n|\n|-weather|Snowscape|[upkeep]\n|upkeep\n|\n|t:|1743223928\n|switch|p1a: Whimsicott|Whimsicott, L50, F|100/100\n|switch|p2b: Snowflake|Ninetales-Alola, L50, M, shiny|100/100\n|turn|3\n|\n|t:|1743223948\n|-terastallize|p2a: Bomb|Ice\n|move|p1a: Whimsicott|Tailwind|p1a: Whimsicott\n|-sidestart|p1: Pie1224|move: Tailwind\n|move|p2a: Bomb|Earthquake|p1b: Iron Hands|[spread] p2b,p1a,p1b\n|-resisted|p1a: Whimsicott\n|-supereffective|p1b: Iron Hands\n|-damage|p2b: Snowflake|75/100\n|-damage|p1a: Whimsicott|77/100\n|-damage|p1b: Iron Hands|0 fnt\n|faint|p1b: Iron Hands\n|-end|p1b: Iron Hands|Quark Drive|[silent]\n|move|p2b: Snowflake|Icy Wind|p1a: Whimsicott\n|-supereffective|p1a: Whimsicott\n|-damage|p1a: Whimsicott|37/100\n|\n|-weather|Snowscape|[upkeep]\n|upkeep\n|\n|t:|1743223959\n|switch|p1b: Miraidon|Miraidon, L50|100/100\n|-fieldstart|move: Electric Terrain|[from] ability: Hadron Engine|[of] p1b: Miraidon\n|turn|4\n|\n|t:|1743223976\n|move|p1a: Whimsicott|Light Screen|p1a: Whimsicott\n|-sidestart|p1: Pie1224|move: Light Screen\n|move|p2a: Bomb|Earthquake|p1b: Miraidon|[spread] p2b,p1a,p1b\n|-resisted|p1a: Whimsicott\n|-supereffective|p1b: Miraidon\n|-crit|p1b: Miraidon\n|-damage|p2b: Snowflake|48/100\n|-damage|p1a: Whimsicott|14/100\n|-damage|p1b: Miraidon|0 fnt\n|faint|p1b: Miraidon\n|move|p2b: Snowflake|Icy Wind|p1a: Whimsicott\n|-supereffective|p1a: Whimsicott\n|-damage|p1a: Whimsicott|0 fnt\n|faint|p1a: Whimsicott\n|\n|win|Ocpuddin\n||Pie1224 is ready for game 2.\n|inactive|Ocpuddin has 30 seconds to confirm battle start!\n||Ocpuddin is ready for game 2.\n|uhtml|next|Next: <a href=\"/battle-gen9vgc2025reggbo3-2330417840\"><strong>Game 2 of 3</strong></a>\n", "uploadtime": 1743224241, "views": 5, "formatid": "gen9vgc2025reggbo3", "rating": null, "private": 0, "password": null}