{"id": "gen9vgc2025reggbo3-2330410387", "format": "[Gen 9] VGC 2025 Reg G (Bo3)", "players": ["CalebXD786", "Firelionpr"], "log": "|j|\u2606CalebXD786\n|j|\u2606Firelionpr\n|html|<table width=\"100%\"><tr><td align=\"left\">CalebXD786</td><td align=\"right\">Firelionpr</tr><tr><td align=\"left\"><i class=\"fa fa-circle-o\"></i> <i class=\"fa fa-circle-o\"></i> </td><td align=\"right\"><i class=\"fa fa-circle-o\"></i> <i class=\"fa fa-circle-o\"></i> </tr></table>\n|uhtml|bestof|<h2><strong>Game 1</strong> of <a href=\"/game-bestof3-gen9vgc2025reggbo3-2330410386\">a best-of-3</a></h2>\n|t:|1743222837\n|gametype|doubles\n|player|p1|CalebXD786|1|1208\n|player|p2|Firelionpr|ghetsis|1196\n|teamsize|p1|6\n|teamsize|p2|6\n|gen|9\n|tier|[Gen 9] VGC 2025 Reg G (Bo3)\n|rated|\n|rule|Species Clause: Limit one of each Pok\u00e9mon\n|rule|Item Clause: Limit 1 of each item\n|clearpoke\n|poke|p1|Calyrex-Ice, L50|\n|poke|p1|Indeedee-F, L50, F|\n|poke|p1|Hatterene, L50, F|\n|poke|p1|Smeargle, L50, F|\n|poke|p1|Gallade, L50, M|\n|poke|p1|Torkoal, L50, M|\n|poke|p2|Zacian-*, L50|\n|poke|p2|Gouging Fire, L50|\n|poke|p2|Rillaboom, L50, M|\n|poke|p2|Urshifu-*, L50, M|\n|poke|p2|Tornadus, L50, M|\n|poke|p2|Zapdos-Galar, L50|\n|teampreview|4\n|showteam|p1|Calyrex-Ice||ClearAmulet|AsOneGlastrier|GlacialLance,TrickRoom,Imprison,HighHorsepower||||||50|,,,,,Fairy]Indeedee-F||SafetyGoggles|PsychicSurge|FollowMe,HelpingHand,DazzlingGleam,TrickRoom|||F|||50|,,,,,Fairy]Hatterene||LifeOrb|MagicBounce|Psychic,DazzlingGleam,ExpandingForce,TrickRoom|||F|||50|,,,,,Psychic]Smeargle||FocusSash|Moody|Spore,FollowMe,Decorate,WideGuard|||F|||50|,,,,,Ghost]Gallade||PsychicSeed|Sharpness|WideGuard,PsychoCut,SacredSword,TrickRoom|||M|||50|,,,,,Fire]Torkoal||ChoiceSpecs|Drought|WeatherBall,Eruption,HeatWave,EarthPower|||M|||50|,,,,,Fire\n|showteam|p2|Zacian-Crowned||RustedSword|IntrepidSword|behemothblade,PlayRough,Howl,Protect||||||50|,,,,,Fairy]Gouging Fire||BoosterEnergy|Protosynthesis|FlareBlitz,DragonClaw,Howl,BurningBulwark||||||50|,,,,,Fairy]Rillaboom||AssaultVest|GrassySurge|WoodHammer,GrassyGlide,FakeOut,HighHorsepower|||M|||50|,,,,,Fire]Urshifu-Rapid-Strike||ChoiceScarf|UnseenFist|SurgingStrikes,CloseCombat,AquaJet,Uturn|||M|||50|,,,,,Water]Tornadus||CovertCloak|Prankster|BleakwindStorm,RainDance,Tailwind,Protect|||M|||50|,,,,,Steel]Zapdos-Galar||FocusSash|Defiant|DrillPeck,CloseCombat,Tailwind,Detect||||||50|,,,,,Stellar\n|inactive|Battle timer is ON: inactive players will automatically lose when time's up. (requested by CalebXD786)\n|inactive|Firelionpr has 60 seconds left.\n|\n|t:|1743222882\n|start\n|switch|p1a: Smeargle|Smeargle, L50, F|100/100\n|switch|p1b: Calyrex|Calyrex-Ice, L50|100/100\n|switch|p2a: Zacian|Zacian-Crowned, L50|100/100\n|switch|p2b: Zapdos|Zapdos-Galar, L50|100/100\n|-ability|p1b: Calyrex|As One\n|-ability|p1b: Calyrex|Unnerve\n|-ability|p2a: Zacian|Intrepid Sword|boost\n|-boost|p2a: Zacian|atk|1\n|turn|1\n|\n|t:|1743222904\n|move|p1a: Smeargle|Follow Me|p1a: Smeargle\n|-singleturn|p1a: Smeargle|move: Follow Me\n|move|p2a: Zacian|Behemoth Blade|p1a: Smeargle\n|-enditem|p1a: Smeargle|Focus Sash\n|-damage|p1a: Smeargle|1/100\n|move|p2b: Zapdos|Drill Peck|p1a: Smeargle\n|-damage|p1a: Smeargle|0 fnt\n|faint|p1a: Smeargle\n|move|p1b: Calyrex|Trick Room|p1b: Calyrex\n|-fieldstart|move: Trick Room|[of] p1b: Calyrex\n|\n|upkeep\n|\n|t:|1743222914\n|switch|p1a: Hatterene|Hatterene, L50, F|100/100\n|turn|2\n|inactive|Firelionpr has 30 seconds left.\n|inactive|Firelionpr has 20 seconds left.\n|inactive|Firelionpr has 15 seconds left.\n|inactive|Firelionpr has 10 seconds left.\n|inactive|Firelionpr has 5 seconds left.\n|\n|t:|1743222966\n|switch|p1b: Indeedee|Indeedee-F, L50, F|100/100\n|-fieldstart|move: Psychic Terrain|[from] ability: Psychic Surge|[of] p1b: Indeedee\n|-terastallize|p1a: Hatterene|Psychic\n|move|p2b: Zapdos|Detect|p2b: Zapdos\n|-singleturn|p2b: Zapdos|Protect\n|move|p1a: Hatterene|Expanding Force|p2a: Zacian|[spread] p2a\n|-activate|p2b: Zapdos|move: Protect\n|-resisted|p2a: Zacian\n|-damage|p2a: Zacian|49/100\n|-damage|p1a: Hatterene|91/100|[from] item: Life Orb\n|move|p2a: Zacian|Behemoth Blade|p1a: Hatterene\n|-damage|p1a: Hatterene|8/100\n|\n|upkeep\n|turn|3\n|inactive|Firelionpr has 30 seconds left.\n|inactive|Firelionpr has 20 seconds left.\n|\n|t:|1743223003\n|switch|p2b: Rillaboom|Rillaboom, L50, M, shiny|100/100\n|-fieldstart|move: Grassy Terrain|[from] ability: Grassy Surge|[of] p2b: Rillaboom\n|move|p1b: Indeedee|Follow Me|p1b: Indeedee\n|-singleturn|p1b: Indeedee|move: Follow Me\n|move|p1a: Hatterene|Expanding Force|p2b: Rillaboom\n|-damage|p2b: Rillaboom|38/100\n|-damage|p1a: Hatterene|0 fnt|[from] item: Life Orb\n|faint|p1a: Hatterene\n|move|p2a: Zacian|Behemoth Blade|p1b: Indeedee\n|-damage|p1b: Indeedee|24/100\n|\n|-heal|p1b: Indeedee|30/100|[from] Grassy Terrain\n|-heal|p2b: Rillaboom|44/100|[from] Grassy Terrain\n|-heal|p2a: Zacian|55/100|[from] Grassy Terrain\n|upkeep\n|\n|t:|1743223015\n|switch|p1a: Calyrex|Calyrex-Ice, L50|100/100\n|-ability|p1a: Calyrex|As One\n|-ability|p1a: Calyrex|Unnerve\n|turn|4\n|-message|CalebXD786 forfeited.\n|raw|CalebXD786's rating: 1208 &rarr; <strong>1182</strong><br />(-26 for losing)\n|raw|Firelionpr's rating: 1196 &rarr; <strong>1222</strong><br />(+26 for winning)\n|\n|win|Firelionpr\n|l|\u2606CalebXD786\n|player|p1|\n|l|\u2606Firelionpr\n|player|p2|\n", "uploadtime": 1743223253, "views": 6, "formatid": "gen9vgc2025reggbo3", "rating": 1182, "private": 0, "password": null}