{"id": "gen9vgc2025reggbo3-2330538723", "format": "[Gen 9] VGC 2025 Reg G (Bo3)", "players": ["tmart282", "littlepotato13"], "log": "|j|\u2606tmart282\n|j|\u2606littlepotato13\n|html|<table width=\"100%\"><tr><td align=\"left\">tmart282</td><td align=\"right\">littlepotato13</tr><tr><td align=\"left\"><i class=\"fa fa-circle\"></i> <i class=\"fa fa-circle-o\"></i> </td><td align=\"right\"><i class=\"fa fa-circle-o\"></i> <i class=\"fa fa-circle-o\"></i> </tr></table>\n|uhtml|bestof|<h2><strong>Game 2</strong> of <a href=\"/game-bestof3-gen9vgc2025reggbo3-2330537832\">a best-of-3</a></h2>\n|t:|1743247445\n|gametype|doubles\n|player|p1|tmart282|101|1066\n|player|p2|littlepotato13|101|1124\n|teamsize|p1|6\n|teamsize|p2|6\n|gen|9\n|tier|[Gen 9] VGC 2025 Reg G (Bo3)\n|rated|\n|rule|Species Clause: Limit one of each Pok\u00e9mon\n|rule|Item Clause: Limit 1 of each item\n|clearpoke\n|poke|p1|Calyrex-Ice, L50|\n|poke|p1|Indeedee-F, L50, F|\n|poke|p1|Incineroar, L50, M|\n|poke|p1|Copperajah, L50, F|\n|poke|p1|Farigiraf, L50, F|\n|poke|p1|Tornadus, L50, M|\n|poke|p2|Miraidon, L50|\n|poke|p2|Whimsicott, L50, F|\n|poke|p2|Urshifu-*, L50, M|\n|poke|p2|Ogerpon-Hearthflame, L50, F|\n|poke|p2|Farigiraf, L50, M|\n|poke|p2|Iron Hands, L50|\n|teampreview|4\n|showteam|p1|Calyrex-Ice||ClearAmulet|AsOneGlastrier|TrickRoom,GlacialLance,Protect,DrainingKiss||||||50|,,,,,Fairy]Indeedee-F||TerrainExtender|PsychicSurge|TrickRoom,Protect,DazzlingGleam,HealPulse|||F|||50|,,,,,Fairy]Incineroar||CovertCloak|Intimidate|FakeOut,KnockOff,FlareBlitz,PartingShot|||M|||50|,,,,,Fire]Copperajah||LifeOrb|SheerForce|FlashCannon,IronDefense,SteelBeam,Protect|||F|||50|,,,,,Steel]Farigiraf||ThroatSpray|ArmorTail|HyperVoice,DazzlingGleam,Protect,ExpandingForce|||F|||50|,,,,,Normal]Tornadus||FocusSash|Prankster|Taunt,BleakwindStorm,Protect,TeraBlast|||M|||50|,,,,,Ground\n|showteam|p2|Miraidon||ChoiceSpecs|HadronEngine|ElectroDrift,DracoMeteor,VoltSwitch,DazzlingGleam||||||50|,,,,,Fairy]Whimsicott||CovertCloak|Prankster|Moonblast,Tailwind,SunnyDay,Encore|||F|||50|,,,,,Dark]Urshifu-Rapid-Strike||FocusSash|UnseenFist|SurgingStrikes,CloseCombat,AquaJet,Protect|||M|||50|,,,,,Stellar]Ogerpon-Hearthflame||HearthflameMask|MoldBreaker|IvyCudgel,WoodHammer,FollowMe,SpikyShield|||F|||50|,,,,,Fire]Farigiraf||ElectricSeed|ArmorTail|FoulPlay,Psychic,TrickRoom,HelpingHand|||M|||50|,,,,,Water]Iron Hands||AssaultVest|QuarkDrive|DrainPunch,CloseCombat,WildCharge,FakeOut||||||50|,,,,,Bug\n|inactive|Battle timer is ON: inactive players will automatically lose when time's up. (requested by littlepotato13)\n|inactive|tmart282 also wants the timer to be on.\n|\n|t:|1743247460\n|start\n|switch|p1a: Calyrex|Calyrex-Ice, L50|100/100\n|switch|p1b: Indeedee|Indeedee-F, L50, F|100/100\n|switch|p2a: Urshifu|Urshifu-Rapid-Strike, L50, M|100/100\n|switch|p2b: Ogerpon|Ogerpon-Hearthflame, L50, F|100/100\n|-ability|p1a: Calyrex|As One\n|-ability|p1a: Calyrex|Unnerve\n|-ability|p2b: Ogerpon|Mold Breaker\n|-fieldstart|move: Psychic Terrain|[from] ability: Psychic Surge|[of] p1b: Indeedee\n|turn|1\n|\n|t:|1743247478\n|-terastallize|p2b: Ogerpon|Fire\n|detailschange|p2b: Ogerpon|Ogerpon-Hearthflame-Tera, L50, F, tera:Fire\n|-ability|p2b: Ogerpon|Embody Aspect (Hearthflame)|boost\n|-boost|p2b: Ogerpon|atk|1\n|move|p1b: Indeedee|Protect|p1b: Indeedee\n|-singleturn|p1b: Indeedee|Protect\n|move|p2b: Ogerpon|Ivy Cudgel|p1a: Calyrex|[anim] Ivy Cudgel Fire\n|-supereffective|p1a: Calyrex\n|-damage|p1a: Calyrex|0 fnt\n|faint|p1a: Calyrex\n|move|p2a: Urshifu|Close Combat|p1b: Indeedee\n|-damage|p1b: Indeedee|3/100\n|-unboost|p2a: Urshifu|def|1\n|-unboost|p2a: Urshifu|spd|1\n|\n|upkeep\n|\n|t:|1743247488\n|switch|p1a: Incineroar|Incineroar, L50, M|100/100\n|-ability|p1a: Incineroar|Intimidate|boost\n|-unboost|p2a: Urshifu|atk|1\n|-unboost|p2b: Ogerpon|atk|1\n|turn|2\n|\n|t:|1743247509\n|move|p2b: Ogerpon|Ivy Cudgel|p1b: Indeedee|[anim] Ivy Cudgel Fire\n|-damage|p1b: Indeedee|0 fnt\n|faint|p1b: Indeedee\n|move|p2a: Urshifu|Surging Strikes|p1a: Incineroar\n|-supereffective|p1a: Incineroar\n|-crit|p1a: Incineroar\n|-damage|p1a: Incineroar|53/100\n|-supereffective|p1a: Incineroar\n|-crit|p1a: Incineroar\n|-damage|p1a: Incineroar|7/100\n|-supereffective|p1a: Incineroar\n|-crit|p1a: Incineroar\n|-damage|p1a: Incineroar|0 fnt\n|faint|p1a: Incineroar\n|-hitcount|p1: Incineroar|3\n|\n|upkeep\n|-message|tmart282 forfeited.\n|\n|win|littlepotato13\n|l|\u2606tmart282\n|player|p1|\n||littlepotato13 is ready for game 3.\n||tmart282 is ready for game 3.\n|uhtml|next|Next: <a href=\"/battle-gen9vgc2025reggbo3-2330539159\"><strong>Game 3 of 3</strong></a>\n|l|\u2606littlepotato13\n|player|p2|\n", "uploadtime": 1743247710, "views": 7, "formatid": "gen9vgc2025reggbo3", "rating": null, "private": 0, "password": null}