{"id": "gen9vgc2025reggbo3-2330498083", "format": "[Gen 9] VGC 2025 Reg G (Bo3)", "players": ["alexit93", "Lyco Just Testing"], "log": "|j|\u2606alexit93\n|j|\u2606Lyco Just Testing\n|html|<table width=\"100%\"><tr><td align=\"left\">alexit93</td><td align=\"right\">Lyco Just Testing</tr><tr><td align=\"left\"><i class=\"fa fa-circle-o\"></i> <i class=\"fa fa-circle-o\"></i> </td><td align=\"right\"><i class=\"fa fa-circle-o\"></i> <i class=\"fa fa-circle-o\"></i> </tr></table>\n|uhtml|bestof|<h2><strong>Game 1</strong> of <a href=\"/game-bestof3-gen9vgc2025reggbo3-2330498082\">a best-of-3</a></h2>\n|t:|1743239779\n|gametype|doubles\n|player|p1|alexit93|lucas-gen4pt|1229\n|player|p2|Lyco Just Testing|ballguy|1266\n|teamsize|p1|6\n|teamsize|p2|6\n|gen|9\n|tier|[Gen 9] VGC 2025 Reg G (Bo3)\n|rated|\n|rule|Species Clause: Limit one of each Pok\u00e9mon\n|rule|Item Clause: Limit 1 of each item\n|clearpoke\n|poke|p1|Zamazenta-*, L50|\n|poke|p1|Porygon2, L50|\n|poke|p1|Ursaluna-Bloodmoon, L50, M|\n|poke|p1|Amoonguss, L50, M|\n|poke|p1|Incineroar, L50, M|\n|poke|p1|Chien-Pao, L50|\n|poke|p2|Koraidon, L50|\n|poke|p2|Brute Bonnet, L50|\n|poke|p2|Flutter Mane, L50|\n|poke|p2|Incineroar, L50, F|\n|poke|p2|Raging Bolt, L50|\n|poke|p2|Heatran, L50, M|\n|teampreview|4\n|showteam|p1|Zamazenta-Crowned||RustedShield|DauntlessShield|BodyPress,behemothbash,WideGuard,Protect||||||50|,,,,,Dragon]Porygon2||Eviolite|Download|IceBeam,TeraBlast,Recover,TrickRoom||||||50|,,,,,Ghost]Ursaluna-Bloodmoon||LifeOrb|MindsEye|BloodMoon,EarthPower,HyperVoice,Protect|||M|||50|,,,,,Normal]Amoonguss||SitrusBerry|Regenerator|ClearSmog,Spore,RagePowder,Protect|||M|||50|,,,,,Water]Incineroar||SafetyGoggles|Intimidate|FakeOut,KnockOff,PartingShot,WillOWisp|||M|||50|,,,,,Ghost]Chien-Pao||FocusSash|SwordofRuin|IceSpinner,ThroatChop,SuckerPunch,Protect||||||50|,,,,,Ghost\n|showteam|p2|Koraidon||LifeOrb|OrichalcumPulse|FlameCharge,CloseCombat,FlareBlitz,Protect||||||50|,,,,,Fire]Brute Bonnet||CovertCloak|Protosynthesis|Spore,RagePowder,SuckerPunch,SeedBomb||||||50|,,,,,Water]Flutter Mane||FocusSash|Protosynthesis|DazzlingGleam,Moonblast,IcyWind,Protect||||||50|,,,,,Fairy]Incineroar||SafetyGoggles|Intimidate|PartingShot,FakeOut,FlareBlitz,KnockOff|||F|||50|,,,,,Ghost]Raging Bolt||AssaultVest|Protosynthesis|Snarl,Thunderclap,Thunderbolt,DracoMeteor||||||50|,,,,,Fairy]Heatran||ZoomLens|FlashFire|MagmaStorm,HeavySlam,Substitute,Protect|||M|||50|,,,,,Fairy\n|inactive|Battle timer is ON: inactive players will automatically lose when time's up. (requested by Lyco Just Testing)\n|inactive|Lyco Just Testing has 60 seconds left.\n|\n|t:|1743239827\n|start\n|switch|p1a: CryptoDuck|Porygon2, L50|100/100\n|switch|p1b: Valor|Incineroar, L50, M|100/100\n|switch|p2a: Brute Bonnet|Brute Bonnet, L50|100/100\n|switch|p2b: Koraidon|Koraidon, L50|100/100\n|-weather|SunnyDay|[from] ability: Orichalcum Pulse|[of] p2b: Koraidon\n|-activate|p2a: Brute Bonnet|ability: Protosynthesis\n|-start|p2a: Brute Bonnet|protosynthesisdef\n|-activate|p2b: Koraidon|Orichalcum Pulse|[source]\n|-ability|p1b: Valor|Intimidate|boost\n|-unboost|p2a: Brute Bonnet|atk|1\n|-unboost|p2b: Koraidon|atk|1\n|-ability|p1a: CryptoDuck|Download|boost\n|-boost|p1a: CryptoDuck|spa|1\n|turn|1\n|inactive|alexit93 has 30 seconds left.\n|inactive|Lyco Just Testing has 30 seconds left.\n|\n|t:|1743239858\n|-terastallize|p1a: CryptoDuck|Ghost\n|move|p2b: Koraidon|Protect|p2b: Koraidon\n|-singleturn|p2b: Koraidon|Protect\n|move|p1b: Valor|Fake Out|p2a: Brute Bonnet\n|-crit|p2a: Brute Bonnet\n|-damage|p2a: Brute Bonnet|92/100\n|move|p2a: Brute Bonnet|Spore|p1a: CryptoDuck\n|-status|p1a: CryptoDuck|slp|[from] move: Spore\n|cant|p1a: CryptoDuck|slp\n|\n|-weather|SunnyDay|[upkeep]\n|upkeep\n|turn|2\n|inactive|Lyco Just Testing has 30 seconds left.\n|\n|t:|1743239883\n|-end|p2a: Brute Bonnet|Protosynthesis|[silent]\n|switch|p2a: Heatran|Heatran, L50, M|100/100\n|move|p2b: Koraidon|Close Combat|p1b: Valor\n|-supereffective|p1b: Valor\n|-damage|p1b: Valor|0 fnt\n|-unboost|p2b: Koraidon|def|1\n|-unboost|p2b: Koraidon|spd|1\n|faint|p1b: Valor\n|-damage|p2b: Koraidon|91/100|[from] item: Life Orb\n|cant|p1a: CryptoDuck|slp\n|\n|-weather|SunnyDay|[upkeep]\n|upkeep\n|\n|t:|1743239893\n|switch|p1b: skoll|Zamazenta-Crowned, L50, shiny|100/100\n|-ability|p1b: skoll|Dauntless Shield|boost\n|-boost|p1b: skoll|def|1\n|turn|3\n|\n|t:|1743239916\n|-terastallize|p2a: Heatran|Fairy\n|move|p1b: skoll|Protect|p1b: skoll\n|-singleturn|p1b: skoll|Protect\n|move|p2b: Koraidon|Flare Blitz|p1a: CryptoDuck\n|-damage|p1a: CryptoDuck|55/100 slp\n|-damage|p2b: Koraidon|74/100|[from] Recoil\n|-damage|p2b: Koraidon|65/100|[from] item: Life Orb\n|move|p2a: Heatran|Substitute|p2a: Heatran\n|-start|p2a: Heatran|Substitute\n|-damage|p2a: Heatran|76/100\n|cant|p1a: CryptoDuck|slp\n|\n|-weather|SunnyDay|[upkeep]\n|upkeep\n|turn|4\n|-message|alexit93 forfeited.\n|\n|win|Lyco Just Testing\n|l|\u2606alexit93\n|player|p1|\n||Lyco Just Testing is ready for game 2.\n||alexit93 is ready for game 2.\n|uhtml|next|Next: <a href=\"/battle-gen9vgc2025reggbo3-2330498784\"><strong>Game 2 of 3</strong></a>\n|l|\u2606Lyco Just Testing\n|player|p2|\n", "uploadtime": 1743239924, "views": 19, "formatid": "gen9vgc2025reggbo3", "rating": null, "private": 0, "password": null}