{"id": "gen9vgc2025reggbo3-2330467150", "format": "[Gen 9] VGC 2025 Reg G (Bo3)", "players": ["TRICKROOMHARD", "kwankwan"], "log": "|j|\u2606TRICKROOMHARD\n|j|\u2606kwankwan\n|html|<table width=\"100%\"><tr><td align=\"left\">TRICKROOMHARD</td><td align=\"right\">kwankwan</tr><tr><td align=\"left\"><i class=\"fa fa-circle-o\"></i> <i class=\"fa fa-circle-o\"></i> </td><td align=\"right\"><i class=\"fa fa-circle-o\"></i> <i class=\"fa fa-circle-o\"></i> </tr></table>\n|uhtml|bestof|<h2><strong>Game 1</strong> of <a href=\"/game-bestof3-gen9vgc2025reggbo3-2330467149\">a best-of-3</a></h2>\n|t:|1743233067\n|gametype|doubles\n|player|p1|TRICKROOMHARD|morty|1199\n|player|p2|kwankwan|265|1352\n|teamsize|p1|6\n|teamsize|p2|6\n|gen|9\n|tier|[Gen 9] VGC 2025 Reg G (Bo3)\n|rated|\n|rule|Species Clause: Limit one of each Pok\u00e9mon\n|rule|Item Clause: Limit 1 of each item\n|clearpoke\n|poke|p1|Calyrex-Ice, L50|\n|poke|p1|Alcremie, L50, F|\n|poke|p1|Ogerpon-Hearthflame, L50, F|\n|poke|p1|Ursaluna-Bloodmoon, L50, M|\n|poke|p1|Indeedee-F, L50, F|\n|poke|p1|Iron Hands, L50|\n|poke|p2|Calyrex-Ice, L50|\n|poke|p2|Amoonguss, L50, M|\n|poke|p2|Incineroar, L50, M|\n|poke|p2|Raging Bolt, L50|\n|poke|p2|Landorus, L50, M|\n|poke|p2|Urshifu-*, L50, M|\n|teampreview|4\n|showteam|p1|Calyrex-Ice||ClearAmulet|AsOneGlastrier|GlacialLance,HighHorsepower,Protect,TrickRoom||||||50|,,,,,Fire]Alcremie||RockyHelmet|SweetVeil|Decorate,AlluringVoice,HelpingHand,Protect|||F|||50|,,,,,Steel]Ogerpon-Hearthflame||HearthflameMask|MoldBreaker|IvyCudgel,WoodHammer,SpikyShield,FollowMe|||F|||50|,,,,,Fire]Ursaluna-Bloodmoon||LifeOrb|MindsEye|BloodMoon,HyperVoice,EarthPower,Protect|||M|||50|,,,,,Ghost]Indeedee-F||SafetyGoggles|PsychicSurge|AlluringVoice,TrickRoom,HelpingHand,FollowMe|||F|||50|,,,,,Fairy]Iron Hands||AssaultVest|QuarkDrive|FakeOut,WildCharge,LowKick,HeavySlam||||||50|,,,,,Bug\n|showteam|p2|Calyrex-Ice||ClearAmulet|AsOneGlastrier|GlacialLance,HighHorsepower,TrickRoom,Protect||||||50|,,,,,Water]Amoonguss||CovertCloak|Regenerator|Spore,RagePowder,PollenPuff,ClearSmog|||M|||50|,,,,,Water]Incineroar||SafetyGoggles|Intimidate|KnockOff,WillOWisp,PartingShot,FakeOut|||M|||50|,,,,,Ghost]Raging Bolt||AssaultVest|Protosynthesis|Thunderclap,Thunderbolt,DracoMeteor,Snarl||||||50|,,,,,Fairy]Landorus||ChoiceScarf|SheerForce|EarthPower,SandsearStorm,SludgeBomb,Uturn|||M|||50|,,,,,Ghost]Urshifu-Rapid-Strike||MysticWater|UnseenFist|SurgingStrikes,AquaJet,Taunt,Detect|||M|||50|,,,,,Water\n|inactive|Battle timer is ON: inactive players will automatically lose when time's up. (requested by TRICKROOMHARD)\n|inactive|kwankwan has 60 seconds left.\n|inactive|kwankwan has 30 seconds left.\n|\n|t:|1743233134\n|start\n|switch|p1a: Calyrex|Calyrex-Ice, L50|100/100\n|switch|p1b: Alcremie|Alcremie, L50, F|100/100\n|switch|p2a: Calyrex|Calyrex-Ice, L50|100/100\n|switch|p2b: Urshifu|Urshifu-Rapid-Strike, L50, M|100/100\n|-ability|p2a: Calyrex|As One\n|-ability|p2a: Calyrex|Unnerve\n|-ability|p1a: Calyrex|As One\n|-ability|p1a: Calyrex|Unnerve\n|turn|1\n|inactive|kwankwan has 30 seconds left.\n|\n|t:|1743233162\n|move|p2b: Urshifu|Taunt|p1b: Alcremie\n|-start|p1b: Alcremie|move: Taunt\n|cant|p1b: Alcremie|move: Taunt|Decorate\n|move|p2a: Calyrex|Glacial Lance|p1b: Alcremie|[spread] p1a,p1b\n|-resisted|p1a: Calyrex\n|-damage|p1a: Calyrex|83/100\n|-damage|p1b: Alcremie|49/100\n|move|p1a: Calyrex|High Horsepower|p2b: Urshifu\n|-damage|p2b: Urshifu|66/100\n|\n|upkeep\n|turn|2\n|inactive|TRICKROOMHARD has 30 seconds left.\n|\n|t:|1743233193\n|-terastallize|p2b: Urshifu|Water\n|move|p2b: Urshifu|Surging Strikes|p1a: Calyrex\n|-crit|p1a: Calyrex\n|-damage|p1a: Calyrex|61/100\n|-crit|p1a: Calyrex\n|-damage|p1a: Calyrex|41/100\n|-crit|p1a: Calyrex\n|-damage|p1a: Calyrex|21/100\n|-hitcount|p1a: Calyrex|3\n|move|p1b: Alcremie|Alluring Voice|p2b: Urshifu\n|-damage|p2b: Urshifu|34/100\n|move|p2a: Calyrex|Glacial Lance|p1a: Calyrex|[spread] p1a,p1b\n|-resisted|p1a: Calyrex\n|-damage|p1a: Calyrex|3/100\n|-damage|p1b: Alcremie|0 fnt\n|faint|p1b: Alcremie\n|-ability|p2a: Calyrex|Chilling Neigh|boost\n|-boost|p2a: Calyrex|atk|1\n|move|p1a: Calyrex|Glacial Lance|p2a: Calyrex|[spread] p2a,p2b\n|-resisted|p2a: Calyrex\n|-resisted|p2b: Urshifu\n|-damage|p2a: Calyrex|82/100\n|-damage|p2b: Urshifu|7/100\n|\n|upkeep\n|\n|t:|1743233195\n|switch|p1b: Indeedee|Indeedee-F, L50, F|100/100\n|-fieldstart|move: Psychic Terrain|[from] ability: Psychic Surge|[of] p1b: Indeedee\n|turn|3\n|-message|TRICKROOMHARD forfeited.\n|raw|TRICKROOMHARD's rating: 1199 &rarr; <strong>1184</strong><br />(-15 for losing)\n|raw|kwankwan's rating: 1352 &rarr; <strong>1364</strong><br />(+12 for winning)\n|\n|win|kwankwan\n|l|\u2606TRICKROOMHARD\n|player|p1|\n", "uploadtime": 1743233209, "views": 12, "formatid": "gen9vgc2025reggbo3", "rating": 1184, "private": 0, "password": null}