{"id": "gen9vgc2025reggbo3-2330485637", "format": "[Gen 9] VGC 2025 Reg G (Bo3)", "players": ["povfpoif8ypiv", "VigsenGaming"], "log": "|j|\u2606povfpoif8ypiv\n|j|\u2606VigsenGaming\n|html|<table width=\"100%\"><tr><td align=\"left\">povfpoif8ypiv</td><td align=\"right\">VigsenGaming</tr><tr><td align=\"left\"><i class=\"fa fa-circle-o\"></i> <i class=\"fa fa-circle-o\"></i> </td><td align=\"right\"><i class=\"fa fa-circle-o\"></i> <i class=\"fa fa-circle\"></i> </tr></table>\n|uhtml|bestof|<h2><strong>Game 2</strong> of <a href=\"/game-bestof3-gen9vgc2025reggbo3-2330483592\">a best-of-3</a></h2>\n|t:|1743237093\n|gametype|doubles\n|player|p1|povfpoif8ypiv|102|1114\n|player|p2|VigsenGaming|266|1231\n|teamsize|p1|6\n|teamsize|p2|6\n|gen|9\n|tier|[Gen 9] VGC 2025 Reg G (Bo3)\n|rated|\n|rule|Species Clause: Limit one of each Pok\u00e9mon\n|rule|Item Clause: Limit 1 of each item\n|clearpoke\n|poke|p1|Urshifu-*, L50, F|\n|poke|p1|Oranguru, L50, F|\n|poke|p1|Rillaboom, L50, F|\n|poke|p1|Brute Bonnet, L50|\n|poke|p1|Groudon, L50|\n|poke|p1|Flutter Mane, L50|\n|poke|p2|Calyrex-Shadow, L50|\n|poke|p2|Chi-Yu, L50|\n|poke|p2|Rillaboom, L50, M|\n|poke|p2|Urshifu-*, L50, F|\n|poke|p2|Tornadus, L50, M|\n|poke|p2|Raichu, L50, F|\n|teampreview|4\n|showteam|p1|Urshifu-Rapid-Strike||FocusSash|UnseenFist|CloseCombat,SurgingStrikes,Detect,HelpingHand|||F|||50|,,,,,Water]Oranguru||ChoiceBand|Symbiosis|Gravity,Trailblaze,Trick,Instruct|||F|||50|,,,,,Dark]Rillaboom||AssaultVest|GrassySurge|FakeOut,GrassyGlide,SolarBlade,Uturn|||F|||50|,,,,,Rock]Brute Bonnet||BoosterEnergy|Protosynthesis|PollenPuff,RagePowder,MegaDrain,Spore||||||50|,,,,,Poison]Groudon||WeaknessPolicy|Drought|PrecipiceBlades,RockSlide,Facade,DragonClaw||||||50|,,,,,Ground]Flutter Mane||ChoiceScarf|Protosynthesis|DazzlingGleam,ShadowBall,Protect,IcyWind||||||50|,,,,,Ghost\n|showteam|p2|Calyrex-Shadow||LifeOrb|AsOneSpectrier|AstralBarrage,Psyshock,Protect,DrainingKiss||||||50|,,,,,Ghost]Chi-Yu||ChoiceScarf|BeadsofRuin|Overheat,DarkPulse,Snarl,HeatWave||||||50|,,,,,Grass]Rillaboom||MiracleSeed|GrassySurge|FakeOut,WoodHammer,GrassyGlide,Protect|||M|||50|,,,,,Grass]Urshifu-Rapid-Strike||FocusSash|UnseenFist|SurgingStrikes,CloseCombat,AquaJet,Detect|||F|||50|,,,,,Water]Tornadus||CovertCloak|Prankster|BleakwindStorm,Taunt,Tailwind,RainDance|||M|||50|,,,,,Dark]Raichu||AssaultVest|LightningRod|FakeOut,Nuzzle,Feint,Endeavor|||F|||50|,,,,,Steel\n|l|\u2606VigsenGaming\n|player|p2|\n|inactive|Battle timer is ON: inactive players will automatically lose when time's up. (requested by povfpoif8ypiv)\n|inactive|povfpoif8ypiv has 60 seconds left.\n|inactive|VigsenGaming has 30 seconds to reconnect!\n|inactive|VigsenGaming has 20 seconds to reconnect!\n|inactive|VigsenGaming has 15 seconds to reconnect!\n|inactive|VigsenGaming has 10 seconds to reconnect!\n|inactive|VigsenGaming has 5 seconds to reconnect!\n|inactive|povfpoif8ypiv has 30 seconds left.\n|-message|VigsenGaming lost due to inactivity.\n|\n|win|povfpoif8ypiv\n|raw|povfpoif8ypiv's rating: 1131 &rarr; <strong>1163</strong><br />(+32 for winning)\n|raw|VigsenGaming's rating: 1231 &rarr; <strong>1199</strong><br />(-32 for losing)\n", "uploadtime": 1743238859, "views": 7, "formatid": "gen9vgc2025reggbo3", "rating": 1163, "private": 0, "password": null}