{"id": "gen9vgc2025reggbo3-2330418486", "format": "[Gen 9] VGC 2025 Reg G (Bo3)", "players": ["Just a Minus", "ProtectPartingShot"], "log": "|j|\u2606Just a Minus\n|j|\u2606ProtectPartingShot\n|html|<table width=\"100%\"><tr><td align=\"left\">Just a Minus</td><td align=\"right\">ProtectPartingShot</tr><tr><td align=\"left\"><i class=\"fa fa-circle-o\"></i> <i class=\"fa fa-circle-o\"></i> </td><td align=\"right\"><i class=\"fa fa-circle-o\"></i> <i class=\"fa fa-circle-o\"></i> </tr></table>\n|uhtml|bestof|<h2><strong>Game 1</strong> of <a href=\"/game-bestof3-gen9vgc2025reggbo3-2330418485\">a best-of-3</a></h2>\n|t:|1743224096\n|gametype|doubles\n|player|p1|Just a Minus|cynthia-masters3|1414\n|player|p2|ProtectPartingShot|iris|1572\n|teamsize|p1|6\n|teamsize|p2|6\n|gen|9\n|tier|[Gen 9] VGC 2025 Reg G (Bo3)\n|rated|\n|rule|Species Clause: Limit one of each Pok\u00e9mon\n|rule|Item Clause: Limit 1 of each item\n|clearpoke\n|poke|p1|Miraidon, L50|\n|poke|p1|Farigiraf, L50, M|\n|poke|p1|Iron Hands, L50|\n|poke|p1|Ogerpon-Wellspring, L50, F|\n|poke|p1|Iron Bundle, L50|\n|poke|p1|Incineroar, L50, F|\n|poke|p2|Koraidon, L50|\n|poke|p2|Flutter Mane, L50|\n|poke|p2|Ogerpon-Cornerstone, L50, F|\n|poke|p2|Gholdengo, L50|\n|poke|p2|Incineroar, L50, F|\n|poke|p2|Raging Bolt, L50|\n|teampreview|4\n|showteam|p1|Miraidon||ChoiceSpecs|HadronEngine|ElectroDrift,VoltSwitch,DazzlingGleam,DracoMeteor||||||50|,,,,,Fairy]Farigiraf||ElectricSeed|ArmorTail|TrickRoom,PsychicNoise,HelpingHand,FoulPlay|||M|||50|,,,,,Water]Iron Hands||AssaultVest|QuarkDrive|LowKick,DrainPunch,HeavySlam,FakeOut||||||50|,,,,,Bug]Ogerpon-Wellspring||WellspringMask|WaterAbsorb|FollowMe,SpikyShield,IvyCudgel,Taunt|||F|||50|,,,,,Water]Iron Bundle||FocusSash|QuarkDrive|Protect,FreezeDry,IcyWind,Encore||||||50|,,,,,Ghost]Incineroar||RockyHelmet|Intimidate|KnockOff,WillOWisp,PartingShot,FakeOut|||F|||50|,,,,,Ghost\n|showteam|p2|Koraidon||LifeOrb|OrichalcumPulse|CloseCombat,FlareBlitz,FlameCharge,Protect||||||50|,,,,,Fire]Flutter Mane||FocusSash|Protosynthesis|Moonblast,ShadowBall,IcyWind,Protect||||||50|,,,,,Stellar]Ogerpon-Cornerstone||CornerstoneMask|Sturdy|IvyCudgel,Taunt,FollowMe,SpikyShield|||F|||50|,,,,,Rock]Gholdengo||MetalCoat|GoodasGold|MakeItRain,ShadowBall,NastyPlot,Protect||||||50|,,,,,Normal]Incineroar||SafetyGoggles|Intimidate|FakeOut,FlareBlitz,KnockOff,PartingShot|||F|||50|,,,,,Grass]Raging Bolt||AssaultVest|Protosynthesis|Thunderclap,DracoMeteor,VoltSwitch,Thunderbolt||||||50|,,,,,Water\n|inactive|Battle timer is ON: inactive players will automatically lose when time's up. (requested by Just a Minus)\n|c|\u2606Just a Minus|>_>\n|c|\u2606Just a Minus|didnt i just play u ?\n|inactive|Just a Minus has 60 seconds left.\n|\n|t:|1743224129\n|start\n|switch|p1a: Miraidon|Miraidon, L50|100/100\n|switch|p1b: Iron Bundle|Iron Bundle, L50|100/100\n|switch|p2a: Koraidon|Koraidon, L50|100/100\n|switch|p2b: Incineroar|Incineroar, L50, F|100/100\n|-fieldstart|move: Electric Terrain|[from] ability: Hadron Engine|[of] p1a: Miraidon\n|-activate|p1b: Iron Bundle|ability: Quark Drive\n|-start|p1b: Iron Bundle|quarkdrivespe\n|-weather|SunnyDay|[from] ability: Orichalcum Pulse|[of] p2a: Koraidon\n|-activate|p2a: Koraidon|Orichalcum Pulse|[source]\n|-ability|p2b: Incineroar|Intimidate|boost\n|-unboost|p1a: Miraidon|atk|1\n|-unboost|p1b: Iron Bundle|atk|1\n|turn|1\n|\n|t:|1743224144\n|switch|p1a: Incineroar|Incineroar, L50, F|100/100\n|-ability|p1a: Incineroar|Intimidate|boost\n|-unboost|p2a: Koraidon|atk|1\n|-unboost|p2b: Incineroar|atk|1\n|-terastallize|p2a: Koraidon|Fire\n|move|p1b: Iron Bundle|Protect|p1b: Iron Bundle\n|-singleturn|p1b: Iron Bundle|Protect\n|move|p2b: Incineroar|Fake Out|p1a: Incineroar\n|-damage|p1a: Incineroar|93/100\n|-damage|p2b: Incineroar|84/100|[from] item: Rocky Helmet|[of] p1a: Incineroar\n|move|p2a: Koraidon|Close Combat|p1a: Incineroar\n|-supereffective|p1a: Incineroar\n|-damage|p1a: Incineroar|0 fnt\n|-unboost|p2a: Koraidon|def|1\n|-unboost|p2a: Koraidon|spd|1\n|-damage|p2a: Koraidon|84/100|[from] item: Rocky Helmet|[of] p1a: Incineroar\n|faint|p1a: Incineroar\n|-damage|p2a: Koraidon|74/100|[from] item: Life Orb\n|\n|-weather|SunnyDay|[upkeep]\n|upkeep\n|\n|t:|1743224163\n|switch|p1a: Miraidon|Miraidon, L50|100/100\n|-activate|p1a: Miraidon|ability: Hadron Engine\n|turn|2\n|\n|t:|1743224177\n|switch|p2b: Ogerpon|Ogerpon-Cornerstone, L50, F|100/100\n|move|p2a: Koraidon|Protect|p2a: Koraidon\n|-singleturn|p2a: Koraidon|Protect\n|move|p1b: Iron Bundle|Freeze-Dry|p2b: Ogerpon\n|-supereffective|p2b: Ogerpon\n|-damage|p2b: Ogerpon|19/100\n|move|p1a: Miraidon|Electro Drift|p2a: Koraidon\n|-activate|p2a: Koraidon|move: Protect\n|\n|-weather|SunnyDay|[upkeep]\n|upkeep\n|turn|3\n|inactive|ProtectPartingShot has 30 seconds left.\n|inactive|ProtectPartingShot has 20 seconds left.\n|\n|t:|1743224215\n|move|p2b: Ogerpon|Follow Me|p2b: Ogerpon\n|-singleturn|p2b: Ogerpon|move: Follow Me\n|move|p1b: Iron Bundle|Freeze-Dry|p2b: Ogerpon\n|-supereffective|p2b: Ogerpon\n|-damage|p2b: Ogerpon|0 fnt\n|faint|p2b: Ogerpon\n|move|p1a: Miraidon|Electro Drift|p2a: Koraidon\n|-damage|p2a: Koraidon|0 fnt\n|faint|p2a: Koraidon\n|\n|-weather|SunnyDay|[upkeep]\n|upkeep\n|-message|ProtectPartingShot forfeited.\n|\n|win|Just a Minus\n||ProtectPartingShot is ready for game 2.\n||Just a Minus is ready for game 2.\n|uhtml|next|Next: <a href=\"/battle-gen9vgc2025reggbo3-2330419270\"><strong>Game 2 of 3</strong></a>\n", "uploadtime": 1743224524, "views": 5, "formatid": "gen9vgc2025reggbo3", "rating": null, "private": 0, "password": null}