{"id": "gen9vgc2025reggbo3-2330423114", "format": "[Gen 9] VGC 2025 Reg G (Bo3)", "players": ["loponite", "MrsKeishah"], "log": "|j|\u2606loponite\n|j|\u2606MrsKeishah\n|html|<table width=\"100%\"><tr><td align=\"left\">loponite</td><td align=\"right\">MrsKeishah</tr><tr><td align=\"left\"><i class=\"fa fa-circle-o\"></i> <i class=\"fa fa-circle-o\"></i> </td><td align=\"right\"><i class=\"fa fa-circle-o\"></i> <i class=\"fa fa-circle-o\"></i> </tr></table>\n|uhtml|bestof|<h2><strong>Game 1</strong> of <a href=\"/game-bestof3-gen9vgc2025reggbo3-2330423113\">a best-of-3</a></h2>\n|t:|1743224836\n|gametype|doubles\n|player|p1|loponite|cynthia-gen4|1063\n|player|p2|MrsKeishah|lenora|1130\n|teamsize|p1|6\n|teamsize|p2|6\n|gen|9\n|tier|[Gen 9] VGC 2025 Reg G (Bo3)\n|rated|\n|rule|Species Clause: Limit one of each Pok\u00e9mon\n|rule|Item Clause: Limit 1 of each item\n|clearpoke\n|poke|p1|Clefable, L50, F|\n|poke|p1|Torkoal, L50, M|\n|poke|p1|Cresselia, L50, F|\n|poke|p1|Amoonguss, L50, F|\n|poke|p1|Reuniclus, L50, M|\n|poke|p1|Necrozma-Dawn-Wings, L50|\n|poke|p2|Chesnaught, L50, F|\n|poke|p2|Eternatus, L50|\n|poke|p2|Grimmsnarl, L50, M|\n|poke|p2|Urshifu-*, L50, M|\n|poke|p2|Amoonguss, L50, F|\n|poke|p2|Heatran, L50, F|\n|teampreview|4\n|showteam|p1|Clefable||CovertCloak|MagicGuard|BatonPass,CosmicPower,FollowMe,Moonblast|||F|||50|,,,,,Fairy]Torkoal||ChoiceSpecs|WhiteSmoke|Eruption|||M|||50|,,,,,Fire]Cresselia||Leftovers|Levitate|Reflect,LightScreen,Moonblast,PsychUp|||F|||50|,,,,,Psychic]Amoonguss||BlackSludge|EffectSpore|Toxic,RagePowder,Spore,PollenPuff|||F|||50|,,,,,Grass]Reuniclus||FocusSash|MagicGuard|TrickRoom,AllySwitch,AcidArmor,Psybeam|||M|||50|,,,,,Psychic]Necrozma-Dawn-Wings||WeaknessPolicy|PrismArmor|StoredPower,MorningSun,BrickBreak,MoongeistBeam||||||50|,,,,,Psychic\n|showteam|p2|Chesnaught||ClearAmulet|Bulletproof|WoodHammer,DrainPunch,WideGuard,SpikyShield|||F|||50|,,,,,Grass]Eternatus||LifeOrb|Pressure|SludgeWave,SludgeBomb,DynamaxCannon,Protect||||||50|,,,,,Poison]Grimmsnarl||LightClay|Prankster|LightScreen,Reflect,ThunderWave,SpiritBreak|||M|||50|,,,,,Ghost]Urshifu-Rapid-Strike||FocusSash|UnseenFist|SurgingStrikes,CloseCombat,AquaJet,Protect|||M|||50|,,,,,Water]Amoonguss||RockyHelmet|Regenerator|Spore,PollenPuff,RagePowder,Protect|||F|||50|,,,,,Dark]Heatran||SafetyGoggles|FlashFire|WillOWisp,HeatWave,HeavySlam,Protect|||F|||50|,,,,,Bug\n|\n|t:|1743224876\n|start\n|switch|p1a: Reuniclus|Reuniclus, L50, M, shiny|100/100\n|switch|p1b: Clefable|Clefable, L50, F|100/100\n|switch|p2a: Eternatus|Eternatus, L50|100/100\n|switch|p2b: Heatran|Heatran, L50, F|100/100\n|-ability|p2a: Eternatus|Pressure\n|turn|1\n|inactive|Battle timer is ON: inactive players will automatically lose when time's up. (requested by MrsKeishah)\n|\n|t:|1743224892\n|move|p2a: Eternatus|Sludge Wave|p1a: Reuniclus|[spread] p1a,p1b\n|-immune|p2b: Heatran\n|-supereffective|p1b: Clefable\n|-damage|p1a: Reuniclus|54/100\n|-damage|p1b: Clefable|0 fnt\n|faint|p1b: Clefable\n|-damage|p2a: Eternatus|90/100|[from] item: Life Orb\n|move|p2b: Heatran|Heat Wave|p1a: Reuniclus\n|-damage|p1a: Reuniclus|16/100\n|-status|p1a: Reuniclus|brn\n|move|p1a: Reuniclus|Trick Room|p1a: Reuniclus\n|-fieldstart|move: Trick Room|[of] p1a: Reuniclus\n|\n|upkeep\n|\n|t:|1743224906\n|switch|p1b: Cresselia|Cresselia, L50, F|100/100\n|turn|2\n|\n|t:|1743224924\n|switch|p2a: Grimmsnarl|Grimmsnarl, L50, M|100/100\n|move|p1a: Reuniclus|Psybeam|p2b: Heatran\n|-resisted|p2b: Heatran\n|-damage|p2b: Heatran|90/100\n|move|p2b: Heatran|Heat Wave|p1a: Reuniclus|[spread] p1b\n|-miss|p2b: Heatran|p1a: Reuniclus\n|-damage|p1b: Cresselia|75/100\n|-status|p1b: Cresselia|brn\n|move|p1b: Cresselia|Light Screen|p1b: Cresselia\n|-sidestart|p1: loponite|move: Light Screen\n|\n|-heal|p1b: Cresselia|82/100 brn|[from] item: Leftovers\n|-damage|p1b: Cresselia|75/100 brn|[from] brn\n|upkeep\n|turn|3\n|\n|t:|1743224943\n|move|p1a: Reuniclus|Ally Switch|p1a: Reuniclus\n|swap|p1a: Reuniclus|1|[from] move: Ally Switch\n|move|p2a: Grimmsnarl|Light Screen|p2a: Grimmsnarl\n|-sidestart|p2: MrsKeishah|move: Light Screen\n|move|p2b: Heatran|Heat Wave|p1b: Reuniclus|[spread] p1a,p1b\n|-damage|p1a: Cresselia|60/100 brn\n|-damage|p1b: Reuniclus|0 fnt\n|faint|p1b: Reuniclus\n|move|p1a: Cresselia|Light Screen||[still]\n|-fail|p1a: Cresselia\n|\n|-heal|p1a: Cresselia|66/100 brn|[from] item: Leftovers\n|-damage|p1a: Cresselia|60/100 brn|[from] brn\n|upkeep\n|\n|t:|1743224947\n|switch|p1b: Necrozma|Necrozma-Dawn-Wings, L50|100/100\n|turn|4\n|inactive|loponite has 30 seconds left.\n|\n|t:|1743224977\n|move|p1b: Necrozma|Moongeist Beam|p2b: Heatran\n|-damage|p2b: Heatran|55/100\n|move|p2b: Heatran|Heat Wave|p1b: Necrozma|[spread] p1b\n|-miss|p2b: Heatran|p1a: Cresselia\n|-damage|p1b: Necrozma|83/100\n|move|p1a: Cresselia|Moonblast|p2b: Heatran\n|-resisted|p2b: Heatran\n|-damage|p2b: Heatran|53/100\n|move|p2a: Grimmsnarl|Spirit Break|p1b: Necrozma\n|-damage|p1b: Necrozma|56/100\n|-unboost|p1b: Necrozma|spa|1\n|\n|-heal|p1a: Cresselia|66/100 brn|[from] item: Leftovers\n|-damage|p1a: Cresselia|60/100 brn|[from] brn\n|upkeep\n|turn|5\n|inactive|loponite has 30 seconds left.\n|inactive|MrsKeishah has 30 seconds left.\n|inactive|loponite has 20 seconds left.\n|-message|loponite forfeited.\n|raw|loponite's rating: 1063 &rarr; <strong>1047</strong><br />(-16 for losing)\n|raw|MrsKeishah's rating: 1130 &rarr; <strong>1150</strong><br />(+20 for winning)\n|\n|win|MrsKeishah\n|l|\u2606loponite\n|player|p1|\n", "uploadtime": 1743225372, "views": 6, "formatid": "gen9vgc2025reggbo3", "rating": 1047, "private": 0, "password": null}