{"id": "gen9vgc2025reggbo3-2330519132", "format": "[Gen 9] VGC 2025 Reg G (Bo3)", "players": ["wofley gickl", "ChrisMarrSmells"], "log": "|j|\u2606wofley gickl\n|j|\u2606ChrisMarrSmells\n|html|<table width=\"100%\"><tr><td align=\"left\">wofley gickl</td><td align=\"right\">ChrisMarrSmells</tr><tr><td align=\"left\"><i class=\"fa fa-circle-o\"></i> <i class=\"fa fa-circle-o\"></i> </td><td align=\"right\"><i class=\"fa fa-circle-o\"></i> <i class=\"fa fa-circle\"></i> </tr></table>\n|uhtml|bestof|<h2><strong>Game 2</strong> of <a href=\"/game-bestof3-gen9vgc2025reggbo3-2330518351\">a best-of-3</a></h2>\n|t:|1743243927\n|gametype|doubles\n|player|p1|wofley gickl|ninjaboy|\n|player|p2|ChrisMarrSmells|harlequin|\n|teamsize|p1|6\n|teamsize|p2|6\n|gen|9\n|tier|[Gen 9] VGC 2025 Reg G (Bo3)\n|rule|Species Clause: Limit one of each Pok\u00e9mon\n|rule|Item Clause: Limit 1 of each item\n|clearpoke\n|poke|p1|Noctowl, L50, M|\n|poke|p1|Kyogre, L50|\n|poke|p1|Landorus, L50, M|\n|poke|p1|Farigiraf, L50, M|\n|poke|p1|Iron Hands, L50|\n|poke|p1|Amoonguss, L50, M|\n|poke|p2|Dragapult, L50, M|\n|poke|p2|Iron Bundle, L50|\n|poke|p2|Whimsicott, L50, F|\n|poke|p2|Miraidon, L50|\n|poke|p2|Ogerpon-Hearthflame, L50, F|\n|poke|p2|Iron Hands, L50|\n|teampreview|4\n|showteam|p1|Noctowl||CovertCloak|TintedLens|Hurricane,Tailwind,SkillSwap,Haze|||M|||50|,,,,,Steel]Kyogre||MysticWater|Drizzle|WaterSpout,OriginPulse,IceBeam,Protect||||||50|,,,,,Water]Landorus||LifeOrb|SheerForce|EarthPower,SandsearStorm,SludgeBomb,Protect|||M|||50|,,,,,Poison]Farigiraf||RoomService|ArmorTail|Psychic,FoulPlay,TrickRoom,HelpingHand|||M|||50|,,,,,Water]Iron Hands||AssaultVest|QuarkDrive|DrainPunch,LowKick,WildCharge,FakeOut||||||50|,,,,,Grass]Amoonguss||RockyHelmet|Regenerator|Spore,RagePowder,PollenPuff,Protect|||M|||50|,,,,,Electric\n|showteam|p2|Dragapult||ChoiceBand|ClearBody|DragonDarts,TeraBlast,SuckerPunch,Uturn|||M|||50|,,,,,Ghost]Iron Bundle||BoosterEnergy|QuarkDrive|IcyWind,HydroPump,FreezeDry,Protect||||||50|,,,,,Ghost]Whimsicott||FocusSash|Prankster|Tailwind,Moonblast,Encore,Endeavor|||F|||50|,,,,,Ghost]Miraidon||ChoiceSpecs|HadronEngine|VoltSwitch,ElectroDrift,DracoMeteor,DazzlingGleam||||||50|,,,,,Fairy]Ogerpon-Hearthflame||HearthflameMask|MoldBreaker|IvyCudgel,WoodHammer,FollowMe,SpikyShield|||F|||50|,,,,,Fire]Iron Hands||AssaultVest|QuarkDrive|DrainPunch,WildCharge,LowKick,FakeOut||||||50|,,,,,Bug\n|\n|t:|1743243942\n|start\n|switch|p1a: Iron Hands|Iron Hands, L50|100/100\n|switch|p1b: Farigiraf|Farigiraf, L50, M|100/100\n|switch|p2a: Iron Bundle|Iron Bundle, L50|100/100\n|switch|p2b: Dragapult|Dragapult, L50, M|100/100\n|-enditem|p2a: Iron Bundle|Booster Energy\n|-activate|p2a: Iron Bundle|ability: Quark Drive|[fromitem]\n|-start|p2a: Iron Bundle|quarkdrivespe\n|turn|1\n|\n|t:|1743243958\n|-terastallize|p2a: Iron Bundle|Ghost\n|move|p2a: Iron Bundle|Hydro Pump|p1b: Farigiraf|[miss]\n|-miss|p2a: Iron Bundle|p1b: Farigiraf\n|move|p2b: Dragapult|U-turn|p1b: Farigiraf\n|-supereffective|p1b: Farigiraf\n|-damage|p1b: Farigiraf|47/100\n|\n|t:|1743243967\n|switch|p2b: Ogerpon|Ogerpon-Hearthflame, L50, F|100/100|[from] U-turn\n|-ability|p2b: Ogerpon|Mold Breaker\n|move|p1a: Iron Hands|Wild Charge|p2a: Iron Bundle\n|-crit|p2a: Iron Bundle\n|-damage|p2a: Iron Bundle|0 fnt\n|faint|p2a: Iron Bundle\n|-end|p2a: Iron Bundle|Quark Drive|[silent]\n|-damage|p1a: Iron Hands|88/100|[from] Recoil\n|move|p1b: Farigiraf|Trick Room|p1b: Farigiraf\n|-fieldstart|move: Trick Room|[of] p1b: Farigiraf\n|-enditem|p1b: Farigiraf|Room Service\n|-unboost|p1b: Farigiraf|spe|1|[from] item: Room Service\n|\n|upkeep\n|\n|t:|1743243979\n|switch|p2a: Miraidon|Miraidon, L50|100/100\n|-fieldstart|move: Electric Terrain|[from] ability: Hadron Engine|[of] p2a: Miraidon\n|-activate|p1a: Iron Hands|ability: Quark Drive\n|-start|p1a: Iron Hands|quarkdriveatk\n|turn|2\n|\n|t:|1743243988\n|move|p1b: Farigiraf|Helping Hand|p1a: Iron Hands\n|-singleturn|p1a: Iron Hands|Helping Hand|[of] p1b: Farigiraf\n|move|p2b: Ogerpon|Follow Me|p2b: Ogerpon\n|-singleturn|p2b: Ogerpon|move: Follow Me\n|move|p1a: Iron Hands|Low Kick|p2b: Ogerpon\n|-crit|p2b: Ogerpon\n|-damage|p2b: Ogerpon|0 fnt\n|faint|p2b: Ogerpon\n|move|p2a: Miraidon|Dazzling Gleam|p1b: Farigiraf|[spread] p1a,p1b\n|-supereffective|p1a: Iron Hands\n|-damage|p1a: Iron Hands|34/100\n|-damage|p1b: Farigiraf|4/100\n|\n|upkeep\n|\n|t:|1743243999\n|switch|p2b: Dragapult|Dragapult, L50, M|100/100\n|turn|3\n|\n|t:|1743244005\n|-terastallize|p1a: Iron Hands|Grass\n|move|p1b: Farigiraf|Foul Play|p2b: Dragapult\n|-supereffective|p2b: Dragapult\n|-damage|p2b: Dragapult|0 fnt\n|faint|p2b: Dragapult\n|move|p1a: Iron Hands|Drain Punch|p2a: Miraidon\n|-damage|p2a: Miraidon|35/100\n|-heal|p1a: Iron Hands|56/100|[from] drain|[of] p2a: Miraidon\n|move|p2a: Miraidon|Dazzling Gleam|p1b: Farigiraf|[spread] p1a,p1b\n|-damage|p1a: Iron Hands|32/100\n|-damage|p1b: Farigiraf|0 fnt\n|faint|p1b: Farigiraf\n|\n|upkeep\n|\n|t:|1743244014\n|switch|p1b: Kyogre|Kyogre, L50|100/100\n|-weather|RainDance|[from] ability: Drizzle|[of] p1b: Kyogre\n|turn|4\n|-message|ChrisMarrSmells forfeited.\n|\n|win|wofley gickl\n|l|\u2606ChrisMarrSmells\n|player|p2|\n|j|\u2606ChrisMarrSmells\n|player|p2|ChrisMarrSmells|harlequin|\n||wofley gickl is ready for game 3.\n||ChrisMarrSmells is ready for game 3.\n|uhtml|next|Next: <a href=\"/battle-gen9vgc2025reggbo3-2330519759\"><strong>Game 3 of 3</strong></a>\n|l|\u2606wofley gickl\n|player|p1|\n|l|\u2606ChrisMarrSmells\n|player|p2|\n", "uploadtime": 1743244390, "views": 5, "formatid": "gen9vgc2025reggbo3", "rating": null, "private": 0, "password": null}