{"id": "gen9vgc2025reggbo3-2330436024", "format": "[Gen 9] VGC 2025 Reg G (Bo3)", "players": ["sjwjjwiw", "tmart282"], "log": "|j|\u2606sjwjjwiw\n|j|\u2606tmart282\n|html|<table width=\"100%\"><tr><td align=\"left\">sjwjjwiw</td><td align=\"right\">tmart282</tr><tr><td align=\"left\"><i class=\"fa fa-circle-o\"></i> <i class=\"fa fa-circle-o\"></i> </td><td align=\"right\"><i class=\"fa fa-circle-o\"></i> <i class=\"fa fa-circle-o\"></i> </tr></table>\n|uhtml|bestof|<h2><strong>Game 1</strong> of <a href=\"/game-bestof3-gen9vgc2025reggbo3-2330436023\">a best-of-3</a></h2>\n|t:|1743227008\n|gametype|doubles\n|player|p1|sjwjjwiw|fisherman-gen4|1074\n|player|p2|tmart282|170|1048\n|teamsize|p1|6\n|teamsize|p2|6\n|gen|9\n|tier|[Gen 9] VGC 2025 Reg G (Bo3)\n|rated|\n|rule|Species Clause: Limit one of each Pok\u00e9mon\n|rule|Item Clause: Limit 1 of each item\n|clearpoke\n|poke|p1|Whimsicott, L50, F|\n|poke|p1|Sableye, L50, F|\n|poke|p1|Annihilape, L50, F|\n|poke|p1|Chi-Yu, L50|\n|poke|p1|Calyrex-Shadow, L50|\n|poke|p1|Smeargle, L50, M|\n|poke|p2|Incineroar, L50, M|\n|poke|p2|Flutter Mane, L50|\n|poke|p2|Farigiraf, L50, F|\n|poke|p2|Miraidon, L50|\n|poke|p2|Rillaboom, L50, M|\n|poke|p2|Copperajah, L50, M|\n|teampreview|4\n|showteam|p1|Whimsicott||CovertCloak|Prankster|SunnyDay,Moonblast,BeatUp,Tailwind|||F|||50|,,,,,Dark]Sableye||EjectPack|Prankster|FakeOut,SkillSwap,FoulPlay,ThunderWave|||F|||50|,,,,,Water]Annihilape||AssaultVest|Defiant|Facade,FinalGambit,RageFist,DrainPunch|||F|||50|,,,,,Normal]Chi-Yu||ChoiceSpecs|BeadsofRuin|DarkPulse,Flamethrower,HeatWave,Overheat||||||50|,,,,,Fire]Calyrex-Shadow||FocusSash|AsOneSpectrier|StoredPower,Protect,AstralBarrage,PollenPuff||||||50|,,,,,Ghost]Smeargle||MentalHerb|Moody|BurningBulwark,Instruct,Spore,Decorate|||M|||50|,,,,,Dark\n|showteam|p2|Incineroar||CovertCloak|Intimidate|FakeOut,PartingShot,FlareBlitz,KnockOff|||M|||50|,,,,,Grass]Flutter Mane||BoosterEnergy|Protosynthesis|Moonblast,IcyWind,ShadowBall,Protect||||||50|,,,,,Fairy]Farigiraf||ThroatSpray|ArmorTail|DazzlingGleam,HyperVoice,Protect,ThunderWave|||F|||50|,,,,,Fairy]Miraidon||ChoiceSpecs|HadronEngine|VoltSwitch,DazzlingGleam,Discharge,FlashCannon||||||50|,,,,,Electric]Rillaboom||AssaultVest|Overgrow|FakeOut,WoodHammer,DrumBeating,Uturn|||M|||50|,,,,,Grass]Copperajah||LifeOrb|SheerForce|FlashCannon,Protect,SteelBeam,Superpower|||M|||50|,,,,,Fighting\n|inactive|Battle timer is ON: inactive players will automatically lose when time's up. (requested by sjwjjwiw)\n|inactive|tmart282 also wants the timer to be on.\n|\n|t:|1743227035\n|start\n|switch|p1a: Whimsicott|Whimsicott, L50, F|100/100\n|switch|p1b: Annihilape|Annihilape, L50, F|100/100\n|switch|p2a: Incineroar|Incineroar, L50, M|100/100\n|switch|p2b: Flutter Mane|Flutter Mane, L50|100/100\n|-ability|p2a: Incineroar|Intimidate|boost\n|-unboost|p1a: Whimsicott|atk|1\n|-unboost|p1b: Annihilape|atk|1\n|-ability|p1b: Annihilape|Defiant|boost\n|-boost|p1b: Annihilape|atk|2\n|-enditem|p2b: Flutter Mane|Booster Energy\n|-activate|p2b: Flutter Mane|ability: Protosynthesis|[fromitem]\n|-start|p2b: Flutter Mane|protosynthesisspe\n|turn|1\n|inactive|tmart282 has 30 seconds left.\n|\n|t:|1743227061\n|-terastallize|p2b: Flutter Mane|Fairy\n|-terastallize|p1b: Annihilape|Normal\n|move|p2b: Flutter Mane|Moonblast|p1b: Annihilape\n|-damage|p1b: Annihilape|58/100\n|move|p1a: Whimsicott|Beat Up|p1b: Annihilape\n|-damage|p1b: Annihilape|57/100\n|-damage|p1b: Annihilape|56/100\n|-damage|p1b: Annihilape|55/100\n|-damage|p1b: Annihilape|53/100\n|-hitcount|p1b: Annihilape|4\n|move|p1b: Annihilape|Rage Fist|p2b: Flutter Mane\n|-crit|p2b: Flutter Mane\n|-damage|p2b: Flutter Mane|0 fnt\n|faint|p2b: Flutter Mane\n|-end|p2b: Flutter Mane|Protosynthesis|[silent]\n|move|p2a: Incineroar|Flare Blitz|p1a: Whimsicott\n|-supereffective|p1a: Whimsicott\n|-damage|p1a: Whimsicott|0 fnt\n|faint|p1a: Whimsicott\n|-damage|p2a: Incineroar|73/100|[from] Recoil\n|\n|upkeep\n|\n|t:|1743227078\n|switch|p2b: Miraidon|Miraidon, L50|100/100\n|switch|p1a: Calyrex|Calyrex-Shadow, L50|100/100\n|-ability|p1a: Calyrex|As One\n|-ability|p1a: Calyrex|Unnerve\n|-fieldstart|move: Electric Terrain|[from] ability: Hadron Engine|[of] p2b: Miraidon\n|turn|2\n|\n|t:|1743227094\n|move|p1a: Calyrex|Pollen Puff|p1b: Annihilape\n|-heal|p1b: Annihilape|100/100\n|move|p2b: Miraidon|Volt Switch|p1b: Annihilape\n|-damage|p1b: Annihilape|45/100\n|\n|t:|1743227102\n|switch|p2b: Copperajah|Copperajah, L50, M|100/100|[from] Volt Switch\n|move|p1b: Annihilape|Rage Fist|p2b: Copperajah\n|-damage|p2b: Copperajah|0 fnt\n|faint|p2b: Copperajah\n|move|p2a: Incineroar|Knock Off|p1a: Calyrex\n|-supereffective|p1a: Calyrex\n|-enditem|p1a: Calyrex|Focus Sash\n|-damage|p1a: Calyrex|1/100\n|\n|upkeep\n|\n|t:|1743227108\n|switch|p2b: Miraidon|Miraidon, L50|100/100\n|-activate|p2b: Miraidon|ability: Hadron Engine\n|turn|3\n|\n|t:|1743227127\n|move|p1a: Calyrex|Pollen Puff|p1b: Annihilape\n|-heal|p1b: Annihilape|95/100\n|move|p2b: Miraidon|Discharge|p1b: Annihilape|[spread] p2a,p1a,p1b\n|-damage|p2a: Incineroar|0 fnt\n|-damage|p1a: Calyrex|0 fnt\n|-damage|p1b: Annihilape|40/100\n|faint|p2a: Incineroar\n|faint|p1a: Calyrex\n|move|p1b: Annihilape|Rage Fist|p2b: Miraidon\n|-crit|p2b: Miraidon\n|-damage|p2b: Miraidon|0 fnt\n|faint|p2b: Miraidon\n|\n|win|sjwjjwiw\n|l|\u2606sjwjjwiw\n|player|p1|\n||tmart282 is ready for game 2.\n||sjwjjwiw is ready for game 2.\n|uhtml|next|Next: <a href=\"/battle-gen9vgc2025reggbo3-2330436750\"><strong>Game 2 of 3</strong></a>\n|l|\u2606tmart282\n|player|p2|\n", "uploadtime": 1743227493, "views": 5, "formatid": "gen9vgc2025reggbo3", "rating": null, "private": 0, "password": null}