{"id": "gen9vgc2025reggbo3-2330453674", "format": "[Gen 9] VGC 2025 Reg G (Bo3)", "players": ["i was stargazing", "Cheesey027"], "log": "|j|\u2606i was stargazing\n|j|\u2606Cheesey027\n|html|<table width=\"100%\"><tr><td align=\"left\">i was stargazing</td><td align=\"right\">Cheesey027</tr><tr><td align=\"left\"><i class=\"fa fa-circle-o\"></i> <i class=\"fa fa-circle-o\"></i> </td><td align=\"right\"><i class=\"fa fa-circle-o\"></i> <i class=\"fa fa-circle-o\"></i> </tr></table>\n|uhtml|bestof|<h2><strong>Game 1</strong> of <a href=\"/game-bestof3-gen9vgc2025reggbo3-2330453673\">a best-of-3</a></h2>\n|t:|1743230333\n|gametype|doubles\n|player|p1|i was stargazing|lady|1108\n|player|p2|Cheesey027|sailor|1201\n|teamsize|p1|6\n|teamsize|p2|6\n|gen|9\n|tier|[Gen 9] VGC 2025 Reg G (Bo3)\n|rated|\n|rule|Species Clause: Limit one of each Pok\u00e9mon\n|rule|Item Clause: Limit 1 of each item\n|clearpoke\n|poke|p1|Zacian-*, L50|\n|poke|p1|Whimsicott, L50, M|\n|poke|p1|Landorus, L50, M|\n|poke|p1|Chien-Pao, L50|\n|poke|p1|Incineroar, L50, F|\n|poke|p1|Urshifu-*, L50, M|\n|poke|p2|Kyogre, L50|\n|poke|p2|Rhydon, L50, M|\n|poke|p2|Araquanid, L50, F|\n|poke|p2|Tornadus, L50, M|\n|poke|p2|Chien-Pao, L50|\n|poke|p2|Sneasler, L50, F|\n|teampreview|4\n|showteam|p1|Zacian-Crowned||RustedSword|IntrepidSword|behemothblade,PlayRough,SwordsDance,Protect||||||50|,,,,,Water]Whimsicott||CovertCloak|Prankster|Moonblast,Tailwind,Taunt,Encore|||M|||50|,,,,,Dark]Landorus||LifeOrb|SheerForce|EarthPower,SludgeBomb,SandsearStorm,Protect|||M|||50|,,,,,Poison]Chien-Pao||FocusSash|SwordofRuin|SuckerPunch,IceSpinner,SwordsDance,Protect||||||50|,,,,,Ghost]Incineroar||SafetyGoggles|Intimidate|KnockOff,PartingShot,HelpingHand,FakeOut|||F|||50|,,,,,Ghost]Urshifu-Rapid-Strike||ChoiceScarf|UnseenFist|CloseCombat,SurgingStrikes,AquaJet,Uturn|||M|||50|,,,,,Water\n|showteam|p2|Kyogre||Leftovers|Drizzle|OriginPulse,IceBeam,Thunder,CalmMind||||||50|,,,,,Ghost]Rhydon||Eviolite|LightningRod|RockSlide,HighHorsepower,Protect,HeavySlam|||M|||50|,,,,,Fairy]Araquanid||SafetyGoggles|WaterBubble|LeechLife,Entrainment,WideGuard,Liquidation|||F|||50|,,,,,Grass]Tornadus||CovertCloak|Prankster|Tailwind,IcyWind,Swagger,BleakwindStorm|||M|||50|,,,,,Ground]Chien-Pao||FocusSash|SwordofRuin|SacredSword,IceSpinner,SuckerPunch,Protect||||||50|,,,,,Ghost]Sneasler||MirrorHerb|Unburden|Acrobatics,DireClaw,Protect,CloseCombat|||F|||50|,,,,,Flying\n|inactive|Battle timer is ON: inactive players will automatically lose when time's up. (requested by Cheesey027)\n|\n|t:|1743230364\n|start\n|switch|p1a: Chien-Pao|Chien-Pao, L50|100/100\n|switch|p1b: Incineroar|Incineroar, L50, F|100/100\n|switch|p2a: Kyogre|Kyogre, L50|100/100\n|switch|p2b: Tornadus|Tornadus, L50, M|100/100\n|-ability|p1a: Chien-Pao|Sword of Ruin\n|-weather|RainDance|[from] ability: Drizzle|[of] p2a: Kyogre\n|-ability|p1b: Incineroar|Intimidate|boost\n|-unboost|p2a: Kyogre|atk|1\n|-unboost|p2b: Tornadus|atk|1\n|turn|1\n|\n|t:|1743230373\n|switch|p2b: Araquanid|Araquanid, L50, F|100/100\n|move|p1b: Incineroar|Fake Out|p2a: Kyogre\n|-crit|p2a: Kyogre\n|-damage|p2a: Kyogre|81/100\n|move|p1a: Chien-Pao|Ice Spinner|p2b: Araquanid\n|-resisted|p2b: Araquanid\n|-damage|p2b: Araquanid|75/100\n|cant|p2a: Kyogre|flinch\n|\n|-weather|RainDance|[upkeep]\n|-heal|p2a: Kyogre|87/100|[from] item: Leftovers\n|upkeep\n|turn|2\n|\n|t:|1743230387\n|move|p1b: Incineroar|Helping Hand|p1a: Chien-Pao\n|-singleturn|p1a: Chien-Pao|Helping Hand|[of] p1b: Incineroar\n|move|p1a: Chien-Pao|Sucker Punch|p2a: Kyogre\n|-damage|p2a: Kyogre|21/100\n|move|p2a: Kyogre|Origin Pulse|p1b: Incineroar|[spread] p1b\n|-miss|p2a: Kyogre|p1a: Chien-Pao\n|-supereffective|p1b: Incineroar\n|-crit|p1b: Incineroar\n|-damage|p1b: Incineroar|0 fnt\n|faint|p1b: Incineroar\n|move|p2b: Araquanid|Leech Life|p1a: Chien-Pao\n|-supereffective|p1a: Chien-Pao\n|-damage|p1a: Chien-Pao|35/100\n|-heal|p2b: Araquanid|100/100|[from] drain|[of] p1a: Chien-Pao\n|\n|-weather|RainDance|[upkeep]\n|-heal|p2a: Kyogre|27/100|[from] item: Leftovers\n|upkeep\n|\n|t:|1743230395\n|switch|p1b: Landorus|Landorus, L50, M|100/100\n|turn|3\n|\n|t:|1743230418\n|switch|p2a: Tornadus|Tornadus, L50, M|100/100\n|move|p1a: Chien-Pao|Sucker Punch||[still]\n|-fail|p1a: Chien-Pao\n|move|p1b: Landorus|Earth Power|p2b: Araquanid\n|-resisted|p2b: Araquanid\n|-damage|p2b: Araquanid|74/100\n|move|p2b: Araquanid|Liquidation|p1b: Landorus\n|-supereffective|p1b: Landorus\n|-damage|p1b: Landorus|0 fnt\n|faint|p1b: Landorus\n|\n|-weather|RainDance|[upkeep]\n|upkeep\n|\n|t:|1743230420\n|switch|p1b: Zacian|Zacian-Crowned, L50|100/100\n|-ability|p1b: Zacian|Intrepid Sword|boost\n|-boost|p1b: Zacian|atk|1\n|turn|4\n|\n|t:|1743230439\n|move|p2a: Tornadus|Tailwind|p2a: Tornadus\n|-sidestart|p2: Cheesey027|move: Tailwind\n|move|p1b: Zacian|Play Rough|p2b: Araquanid\n|-crit|p2b: Araquanid\n|-damage|p2b: Araquanid|0 fnt\n|faint|p2b: Araquanid\n|move|p1a: Chien-Pao|Ice Spinner|p2a: Tornadus\n|-supereffective|p2a: Tornadus\n|-damage|p2a: Tornadus|0 fnt\n|faint|p2a: Tornadus\n|\n|-weather|RainDance|[upkeep]\n|upkeep\n|\n|t:|1743230445\n|switch|p2a: Sneasler|Sneasler, L50, F|100/100\n|switch|p2b: Kyogre|Kyogre, L50|27/100\n|turn|5\n|\n|t:|1743230465\n|-terastallize|p1b: Zacian|Water\n|move|p1a: Chien-Pao|Sucker Punch|p2b: Kyogre\n|-damage|p2b: Kyogre|0 fnt\n|faint|p2b: Kyogre\n|move|p2a: Sneasler|Close Combat|p1b: Zacian\n|-damage|p1b: Zacian|22/100\n|-unboost|p2a: Sneasler|def|1\n|-unboost|p2a: Sneasler|spd|1\n|move|p1b: Zacian|Play Rough|p2a: Sneasler\n|-crit|p2a: Sneasler\n|-damage|p2a: Sneasler|0 fnt\n|faint|p2a: Sneasler\n|\n|win|i was stargazing\n||Cheesey027 is ready for game 2.\n|inactive|i was stargazing has 30 seconds to confirm battle start!\n||i was stargazing is ready for game 2.\n|uhtml|next|Next: <a href=\"/battle-gen9vgc2025reggbo3-2330454372\"><strong>Game 2 of 3</strong></a>\n|l|\u2606i was stargazing\n|player|p1|\n", "uploadtime": 1743230741, "views": 7, "formatid": "gen9vgc2025reggbo3", "rating": null, "private": 0, "password": null}