{"id": "gen9vgc2025reggbo3-2330450986", "format": "[Gen 9] VGC 2025 Reg G (Bo3)", "players": ["Calisscrewed", "Makubiku"], "log": "|j|\u2606Calisscrewed\n|j|\u2606Makubiku\n|html|<table width=\"100%\"><tr><td align=\"left\">Calisscrewed</td><td align=\"right\">Makubiku</tr><tr><td align=\"left\"><i class=\"fa fa-circle-o\"></i> <i class=\"fa fa-circle-o\"></i> </td><td align=\"right\"><i class=\"fa fa-circle-o\"></i> <i class=\"fa fa-circle-o\"></i> </tr></table>\n|uhtml|bestof|<h2><strong>Game 1</strong> of <a href=\"/game-bestof3-gen9vgc2025reggbo3-2330450985\">a best-of-3</a></h2>\n|t:|1743229801\n|gametype|doubles\n|player|p1|Calisscrewed|102|1261\n|player|p2|Makubiku|101|1290\n|teamsize|p1|5\n|teamsize|p2|6\n|gen|9\n|tier|[Gen 9] VGC 2025 Reg G (Bo3)\n|rated|\n|rule|Species Clause: Limit one of each Pok\u00e9mon\n|rule|Item Clause: Limit 1 of each item\n|clearpoke\n|poke|p1|Sableye, L50, F|\n|poke|p1|Kyogre, L50|\n|poke|p1|Landorus, L50, M|\n|poke|p1|Archaludon, L50, M|\n|poke|p1|Whimsicott, L50, F|\n|poke|p2|Terapagos, L50, M|\n|poke|p2|Smeargle, L50, M|\n|poke|p2|Scizor, L50, M|\n|poke|p2|Muk-Alola, L50, F|\n|poke|p2|Annihilape, L50, M|\n|poke|p2|Farigiraf, L50, F|\n|teampreview|4\n|showteam|p1|Sableye||IronBall|Prankster|Trick,Gravity,FoulPlay,PainSplit|||F|||50|,,,,,Steel]Kyogre||ChoiceScarf|Drizzle|OriginPulse,IceBeam,Thunder,HydroPump||||||50|,,,,,Water]Landorus||LifeOrb|SheerForce|SandsearStorm,EarthPower,SludgeBomb,Protect|||M|||50|,,,,,Poison]Archaludon||AssaultVest|Stamina|BodyPress,ElectroShot,DracoMeteor,FlashCannon|||M|||50|,,,,,Steel]Whimsicott||CovertCloak|Prankster|Encore,Tailwind,BeatUp,Moonblast|||F|||50|,,,,,Grass\n|showteam|p2|Terapagos||ChoiceSpecs|TeraShift|TeraStarstorm,HyperBeam,EarthPower,SleepTalk|||M|||50|,,,,,Stellar]Smeargle||FocusSash|Moody|Spore,Decorate,FollowMe,FakeOut|||M|||50|,,,,,Grass]Scizor||CovertCloak|Technician|BulletPunch,SwordsDance,Tailwind,DualWingbeat|||M|||50|,,,,,Stellar]Muk-Alola||Leftovers|PowerofAlchemy|Minimize,DrainPunch,Toxic,Protect|||F|||50|,,,,,Grass]Annihilape||ChoiceScarf|Defiant|FinalGambit,RageFist,Coaching,Curse|||M|||50|,,,,,Ghost]Farigiraf||ThroatSpray|ArmorTail|HyperVoice,Psyshock,PsychUp,TrickRoom|||F|||50|,,,,,Stellar\n|inactive|Battle timer is ON: inactive players will automatically lose when time's up. (requested by Makubiku)\n|\n|t:|1743229832\n|start\n|switch|p1a: Sableye|Sableye, L50, F|100/100\n|switch|p1b: Archaludon|Archaludon, L50, M|100/100\n|switch|p2a: Terapagos|Terapagos, L50, M|100/100\n|switch|p2b: Smeargle|Smeargle, L50, M|100/100\n|-activate|p2a: Terapagos|ability: Tera Shift\n|detailschange|p2a: Terapagos|Terapagos-Terastal, L50, M\n|-heal|p2a: Terapagos|100/100|[silent]\n|turn|1\n|\n|t:|1743229857\n|-terastallize|p2a: Terapagos|Stellar\n|detailschange|p2a: Terapagos|Terapagos-Stellar, L50, M, tera:Stellar\n|-heal|p2a: Terapagos|100/100|[silent]\n|move|p1a: Sableye|Trick|p2a: Terapagos\n|-activate|p1a: Sableye|move: Trick|[of] p2a: Terapagos\n|-item|p2a: Terapagos|Iron Ball|[from] move: Trick\n|-item|p1a: Sableye|Choice Specs|[from] move: Trick\n|move|p2b: Smeargle|Decorate|p2a: Terapagos\n|-boost|p2a: Terapagos|atk|2\n|-boost|p2a: Terapagos|spa|2\n|move|p1b: Archaludon|Body Press|p2b: Smeargle\n|-supereffective|p2b: Smeargle\n|-enditem|p2b: Smeargle|Focus Sash\n|-damage|p2b: Smeargle|1/100\n|move|p2a: Terapagos|Tera Starstorm|p1a: Sableye|[spread] p1a,p1b\n|-damage|p1a: Sableye|14/100\n|-damage|p1b: Archaludon|43/100\n|-ability|p1b: Archaludon|Stamina|boost\n|-boost|p1b: Archaludon|def|1\n|\n|-ability|p2b: Smeargle|Moody|boost\n|-boost|p2b: Smeargle|spa|2\n|-unboost|p2b: Smeargle|spe|1\n|upkeep\n|turn|2\n|inactive|Calisscrewed has 30 seconds left.\n|inactive|Makubiku has 30 seconds left.\n|\n|t:|1743229885\n|move|p1a: Sableye|Gravity|p1a: Sableye\n|-fieldstart|move: Gravity\n|move|p1b: Archaludon|Body Press|p2a: Terapagos\n|-supereffective|p2a: Terapagos\n|-damage|p2a: Terapagos|62/100\n|move|p2b: Smeargle|Decorate|p2a: Terapagos\n|-boost|p2a: Terapagos|atk|2\n|-boost|p2a: Terapagos|spa|2\n|move|p2a: Terapagos|Tera Starstorm|p1b: Archaludon|[spread] p1a,p1b\n|-damage|p1a: Sableye|0 fnt\n|-damage|p1b: Archaludon|0 fnt\n|faint|p1a: Sableye\n|faint|p1b: Archaludon\n|\n|-ability|p2b: Smeargle|Moody|boost\n|-boost|p2b: Smeargle|atk|2\n|-unboost|p2b: Smeargle|spa|1\n|upkeep\n|\n|t:|1743229893\n|switch|p1b: Landorus|Landorus, L50, M|100/100\n|switch|p1a: Kyogre|Kyogre, L50|100/100\n|-weather|RainDance|[from] ability: Drizzle|[of] p1a: Kyogre\n|turn|3\n|\n|t:|1743229911\n|-terastallize|p1a: Kyogre|Water\n|move|p1a: Kyogre|Origin Pulse|p2b: Smeargle|[spread] p2a,p2b\n|-damage|p2a: Terapagos|0 fnt\n|-damage|p2b: Smeargle|0 fnt\n|faint|p2a: Terapagos\n|faint|p2b: Smeargle\n|move|p1b: Landorus|Sandsear Storm|p2: Terapagos|[notarget]\n|-fail|p1b: Landorus\n|\n|-weather|RainDance|[upkeep]\n|upkeep\n|\n|t:|1743229913\n|switch|p2b: Annihilape|Annihilape, L50, M|100/100\n|switch|p2a: Farigiraf|Farigiraf, L50, F|100/100\n|turn|4\n|\n|t:|1743229932\n|move|p2b: Annihilape|Final Gambit|p1a: Kyogre\n|-damage|p1a: Kyogre|0 fnt\n|faint|p2b: Annihilape\n|faint|p1a: Kyogre\n|move|p1b: Landorus|Sandsear Storm|p2a: Farigiraf\n|-damage|p2a: Farigiraf|14/100\n|move|p2a: Farigiraf|Trick Room|p2a: Farigiraf\n|-fieldstart|move: Trick Room|[of] p2a: Farigiraf\n|\n|-weather|RainDance|[upkeep]\n|upkeep\n|turn|5\n|\n|t:|1743229948\n|move|p2a: Farigiraf|Hyper Voice|p1b: Landorus\n|-damage|p1b: Landorus|39/100\n|-enditem|p2a: Farigiraf|Throat Spray\n|-boost|p2a: Farigiraf|spa|1|[from] item: Throat Spray\n|move|p1b: Landorus|Sandsear Storm|p2a: Farigiraf\n|-damage|p2a: Farigiraf|0 fnt\n|faint|p2a: Farigiraf\n|\n|win|Calisscrewed\n||Calisscrewed is ready for game 2.\n||Makubiku is ready for game 2.\n|uhtml|next|Next: <a href=\"/battle-gen9vgc2025reggbo3-2330451761\"><strong>Game 2 of 3</strong></a>\n", "uploadtime": 1743230318, "views": 5, "formatid": "gen9vgc2025reggbo3", "rating": null, "private": 0, "password": null}