{"id": "gen9vgc2025reggbo3-2330500168", "format": "[Gen 9] VGC 2025 Reg G (Bo3)", "players": ["NemoAK", "sirwilliamssb"], "log": "|j|\u2606NemoAK\n|j|\u2606sirwilliamssb\n|html|<table width=\"100%\"><tr><td align=\"left\">NemoAK</td><td align=\"right\">sirwilliamssb</tr><tr><td align=\"left\"><i class=\"fa fa-circle-o\"></i> <i class=\"fa fa-circle-o\"></i> </td><td align=\"right\"><i class=\"fa fa-circle-o\"></i> <i class=\"fa fa-circle-o\"></i> </tr></table>\n|uhtml|bestof|<h2><strong>Game 1</strong> of <a href=\"/game-bestof3-gen9vgc2025reggbo3-2330500166\">a best-of-3</a></h2>\n|t:|1743240211\n|gametype|doubles\n|player|p1|NemoAK|101|1321\n|player|p2|sirwilliamssb|biker-gen4|1424\n|teamsize|p1|6\n|teamsize|p2|6\n|gen|9\n|tier|[Gen 9] VGC 2025 Reg G (Bo3)\n|rated|\n|rule|Species Clause: Limit one of each Pok\u00e9mon\n|rule|Item Clause: Limit 1 of each item\n|clearpoke\n|poke|p1|Kyogre, L50|\n|poke|p1|Tornadus, L50, M|\n|poke|p1|Chien-Pao, L50|\n|poke|p1|Garchomp, L50, M|\n|poke|p1|Incineroar, L50, M|\n|poke|p1|Farigiraf, L50, M|\n|poke|p2|Miraidon, L50|\n|poke|p2|Ogerpon-Hearthflame, L50, F|\n|poke|p2|Urshifu-*, L50, F|\n|poke|p2|Farigiraf, L50, M|\n|poke|p2|Whimsicott, L50, F|\n|poke|p2|Iron Hands, L50|\n|teampreview|4\n|showteam|p1|Kyogre||ChoiceScarf|Drizzle|WaterSpout,OriginPulse,IceBeam,Thunder||||||50|,,,,,Water]Tornadus||CovertCloak|Prankster|BleakwindStorm,Tailwind,Taunt,Protect|||M|||50|,,,,,Dark]Chien-Pao||FocusSash|SwordofRuin|IceSpinner,SuckerPunch,SacredSword,Protect||||||50|,,,,,Ghost]Garchomp||ClearAmulet|RoughSkin|Earthquake,ScaleShot,Protect,StompingTantrum|||M|||50|,,,,,Ground]Incineroar||SafetyGoggles|Intimidate|WillOWisp,FakeOut,PartingShot,KnockOff|||M|||50|,,,,,Ghost]Farigiraf||SitrusBerry|ArmorTail|HelpingHand,TrickRoom,Imprison,HyperVoice|||M|||50|,,,,,Fairy\n|showteam|p2|Miraidon||ChoiceSpecs|HadronEngine|ElectroDrift,DracoMeteor,VoltSwitch,DazzlingGleam||||||50|,,,,,Fairy]Ogerpon-Hearthflame||HearthflameMask|MoldBreaker|IvyCudgel,WoodHammer,FollowMe,SpikyShield|||F|||50|,,,,,Fire]Urshifu-Rapid-Strike||FocusSash|UnseenFist|SurgingStrikes,CloseCombat,AquaJet,Detect|||F|||50|,,,,,Water]Farigiraf||ElectricSeed|ArmorTail|Psychic,FoulPlay,TrickRoom,HelpingHand|||M|||50|,,,,,Water]Whimsicott||CovertCloak|Prankster|Moonblast,Encore,Tailwind,LightScreen|||F|||50|,,,,,Dark]Iron Hands||AssaultVest|QuarkDrive|DrainPunch,LowKick,HeavySlam,FakeOut||||||50|,,,,,Bug\n|inactive|Battle timer is ON: inactive players will automatically lose when time's up. (requested by NemoAK)\n|inactive|sirwilliamssb has 60 seconds left.\n|inactive|sirwilliamssb has 30 seconds left.\n|inactive|sirwilliamssb has 20 seconds left.\n|\n|t:|1743240296\n|start\n|switch|p1a: Tornadus|Tornadus, L50, M|100/100\n|switch|p1b: Chien-Pao|Chien-Pao, L50|100/100\n|switch|p2a: Iron Hands|Iron Hands, L50|100/100\n|switch|p2b: Farigiraf|Farigiraf, L50, M|100/100\n|-ability|p1b: Chien-Pao|Sword of Ruin\n|turn|1\n|inactive|sirwilliamssb has 30 seconds left.\n|\n|t:|1743240324\n|switch|p2b: Urshifu|Urshifu-Rapid-Strike, L50, F|100/100\n|move|p1b: Chien-Pao|Ice Spinner|p2b: Urshifu\n|-resisted|p2b: Urshifu\n|-damage|p2b: Urshifu|71/100\n|move|p1a: Tornadus|Bleakwind Storm|p2b: Urshifu|[spread] p2a,p2b\n|-supereffective|p2b: Urshifu\n|-damage|p2a: Iron Hands|83/100\n|-damage|p2b: Urshifu|0 fnt\n|faint|p2b: Urshifu\n|move|p2a: Iron Hands|Heavy Slam|p1a: Tornadus\n|-damage|p1a: Tornadus|21/100\n|\n|upkeep\n|\n|t:|1743240337\n|switch|p2b: Miraidon|Miraidon, L50|100/100\n|-fieldstart|move: Electric Terrain|[from] ability: Hadron Engine|[of] p2b: Miraidon\n|-activate|p2a: Iron Hands|ability: Quark Drive\n|-start|p2a: Iron Hands|quarkdriveatk\n|turn|2\n|\n|t:|1743240350\n|-terastallize|p2b: Miraidon|Fairy\n|move|p1a: Tornadus|Tailwind|p1a: Tornadus\n|-sidestart|p1: NemoAK|move: Tailwind\n|move|p1b: Chien-Pao|Ice Spinner|p2b: Miraidon\n|-damage|p2b: Miraidon|47/100\n|-fieldend|move: Electric Terrain\n|-end|p2a: Iron Hands|Quark Drive\n|move|p2b: Miraidon|Volt Switch|p1b: Chien-Pao\n|-enditem|p1b: Chien-Pao|Focus Sash\n|-damage|p1b: Chien-Pao|1/100\n|\n|t:|1743240361\n|switch|p2b: Farigiraf|Farigiraf, L50, M|100/100|[from] Volt Switch\n|move|p2a: Iron Hands|Drain Punch|p1b: Chien-Pao\n|-supereffective|p1b: Chien-Pao\n|-damage|p1b: Chien-Pao|0 fnt\n|-heal|p2a: Iron Hands|83/100|[from] drain|[of] p1b: Chien-Pao\n|faint|p1b: Chien-Pao\n|\n|upkeep\n|\n|t:|1743240371\n|switch|p1b: Kyogre|Kyogre, L50|100/100\n|-weather|RainDance|[from] ability: Drizzle|[of] p1b: Kyogre\n|turn|3\n|\n|t:|1743240382\n|-terastallize|p1b: Kyogre|Water\n|move|p1b: Kyogre|Water Spout|p2a: Iron Hands|[spread] p2a,p2b\n|-damage|p2a: Iron Hands|16/100\n|-damage|p2b: Farigiraf|0 fnt\n|faint|p2b: Farigiraf\n|move|p1a: Tornadus|Bleakwind Storm|p2a: Iron Hands\n|-damage|p2a: Iron Hands|0 fnt\n|faint|p2a: Iron Hands\n|-end|p2a: Iron Hands|Quark Drive|[silent]\n|\n|-weather|RainDance|[upkeep]\n|upkeep\n|\n|t:|1743240395\n|switch|p2b: Miraidon|Miraidon, L50, tera:Fairy|47/100\n|-fieldstart|move: Electric Terrain|[from] ability: Hadron Engine|[of] p2b: Miraidon\n|turn|4\n|\n|t:|1743240404\n|move|p1b: Kyogre|Water Spout|p2b: Miraidon\n|-damage|p2b: Miraidon|0 fnt\n|faint|p2b: Miraidon\n|\n|win|NemoAK\n||NemoAK is ready for game 2.\n|inactive|sirwilliamssb has 30 seconds to confirm battle start!\n||sirwilliamssb is ready for game 2.\n|uhtml|next|Next: <a href=\"/battle-gen9vgc2025reggbo3-2330501179\"><strong>Game 2 of 3</strong></a>\n", "uploadtime": 1743240795, "views": 5, "formatid": "gen9vgc2025reggbo3", "rating": null, "private": 0, "password": null}