{"id": "gen9vgc2025reggbo3-2330467230", "format": "[Gen 9] VGC 2025 Reg G (Bo3)", "players": ["Canned Furs", "quy1001"], "log": "|j|\u2606Canned Furs\n|j|\u2606quy1001\n|html|<table width=\"100%\"><tr><td align=\"left\">Canned Furs</td><td align=\"right\">quy1001</tr><tr><td align=\"left\"><i class=\"fa fa-circle-o\"></i> <i class=\"fa fa-circle-o\"></i> </td><td align=\"right\"><i class=\"fa fa-circle-o\"></i> <i class=\"fa fa-circle-o\"></i> </tr></table>\n|uhtml|bestof|<h2><strong>Game 1</strong> of <a href=\"/game-bestof3-gen9vgc2025reggbo3-2330467229\">a best-of-3</a></h2>\n|t:|1743233084\n|gametype|doubles\n|player|p1|Canned Furs|wulfric|1080\n|player|p2|quy1001|nate|1115\n|teamsize|p1|6\n|teamsize|p2|6\n|gen|9\n|tier|[Gen 9] VGC 2025 Reg G (Bo3)\n|rated|\n|rule|Species Clause: Limit one of each Pok\u00e9mon\n|rule|Item Clause: Limit 1 of each item\n|clearpoke\n|poke|p1|Reshiram, L50|\n|poke|p1|Whimsicott, L50, F|\n|poke|p1|Ninetales, L50, M|\n|poke|p1|Farigiraf, L50, F|\n|poke|p1|Rillaboom, L50, F|\n|poke|p1|Flutter Mane, L50|\n|poke|p2|Grimmsnarl, L50, M|\n|poke|p2|Ogerpon-Cornerstone, L50, F|\n|poke|p2|Calyrex-Ice, L50|\n|poke|p2|Raging Bolt, L50|\n|poke|p2|Urshifu-*, L50, M|\n|poke|p2|Landorus, L50, M|\n|teampreview|4\n|showteam|p1|Reshiram||ChoiceSpecs|Turboblaze|HeatWave,DracoMeteor,BlueFlare,EarthPower||||||50|,,,,,Ghost]Whimsicott||CovertCloak|Prankster|Tailwind,SunnyDay,FakeTears,LightScreen|||F|||50|,,,,,Dark]Ninetales||EjectPack|Drought|Safeguard,HelpingHand,Overheat,Protect|||M|||50|,,,,,Grass]Farigiraf||SafetyGoggles|ArmorTail|Uproar,TrickRoom,BatonPass,Protect|||F|||50|,,,,,Fairy]Rillaboom||AssaultVest|GrassySurge|FakeOut,Uturn,GrassyGlide,WoodHammer|||F|||50|,,,,,Grass]Flutter Mane||BoosterEnergy|Protosynthesis|Moonblast,DazzlingGleam,IcyWind,Protect||||||50|,,,,,Fairy\n|showteam|p2|Grimmsnarl||LightClay|Prankster|SpiritBreak,Reflect,LightScreen,ThunderWave|||M|||50|,,,,,Ghost]Ogerpon-Cornerstone||CornerstoneMask|Sturdy|IvyCudgel,WoodHammer,FollowMe,SpikyShield|||F|||50|,,,,,Rock]Calyrex-Ice||ClearAmulet|AsOneGlastrier|GlacialLance,HighHorsepower,TrickRoom,Protect||||||50|,,,,,Fire]Raging Bolt||AssaultVest|Protosynthesis|Electroweb,Thunderbolt,DracoMeteor,Thunderclap||||||50|,,,,,Electric]Urshifu-Rapid-Strike||MysticWater|UnseenFist|SurgingStrikes,AquaJet,Taunt,Detect|||M|||50|,,,,,Water]Landorus||LifeOrb|SheerForce|EarthPower,SludgeBomb,SandsearStorm,Protect|||M|||50|,,,,,Poison\n|\n|t:|1743233128\n|start\n|switch|p1a: Reshiram|Reshiram, L50|100/100\n|switch|p1b: Ninetales|Ninetales, L50, M|100/100\n|switch|p2a: Calyrex|Calyrex-Ice, L50|100/100\n|switch|p2b: Grimmsnarl|Grimmsnarl, L50, M|100/100\n|-ability|p2a: Calyrex|As One\n|-ability|p2a: Calyrex|Unnerve\n|-weather|SunnyDay|[from] ability: Drought|[of] p1b: Ninetales\n|-ability|p1a: Reshiram|Turboblaze\n|turn|1\n|inactive|Battle timer is ON: inactive players will automatically lose when time's up. (requested by quy1001)\n|\n|t:|1743233146\n|-terastallize|p2a: Calyrex|Fire\n|move|p1b: Ninetales|Helping Hand|p1a: Reshiram\n|-singleturn|p1a: Reshiram|Helping Hand|[of] p1b: Ninetales\n|move|p2b: Grimmsnarl|Light Screen|p2b: Grimmsnarl\n|-sidestart|p2: quy1001|move: Light Screen\n|move|p1a: Reshiram|Heat Wave|p2b: Grimmsnarl|[spread] p2a,p2b\n|-resisted|p2a: Calyrex\n|-damage|p2a: Calyrex|68/100\n|-damage|p2b: Grimmsnarl|6/100\n|move|p2a: Calyrex|Trick Room|p2a: Calyrex\n|-fieldstart|move: Trick Room|[of] p2a: Calyrex\n|\n|-weather|SunnyDay|[upkeep]\n|upkeep\n|turn|2\n|\n|t:|1743233171\n|move|p1b: Ninetales|Helping Hand|p1a: Reshiram\n|-singleturn|p1a: Reshiram|Helping Hand|[of] p1b: Ninetales\n|move|p2a: Calyrex|Glacial Lance|p1b: Ninetales|[spread] p1a,p1b\n|-resisted|p1b: Ninetales\n|-damage|p1a: Reshiram|47/100\n|-damage|p1b: Ninetales|65/100\n|move|p2b: Grimmsnarl|Spirit Break|p1a: Reshiram\n|-damage|p1a: Reshiram|20/100\n|-unboost|p1a: Reshiram|spa|1\n|move|p1a: Reshiram|Heat Wave|p2b: Grimmsnarl|[spread] p2a,p2b\n|-resisted|p2a: Calyrex\n|-damage|p2a: Calyrex|45/100\n|-damage|p2b: Grimmsnarl|0 fnt\n|faint|p2b: Grimmsnarl\n|\n|-weather|SunnyDay|[upkeep]\n|upkeep\n|\n|t:|1743233195\n|switch|p2b: Landorus|Landorus, L50, M|100/100\n|turn|3\n|inactive|Canned Furs has 30 seconds left.\n|inactive|Canned Furs has 20 seconds left.\n|inactive|Canned Furs has 15 seconds left.\n|inactive|Canned Furs has 10 seconds left.\n|inactive|Canned Furs has 5 seconds left.\n|\n|t:|1743233246\n|switch|p1a: Rillaboom|Rillaboom, L50, F|100/100\n|-fieldstart|move: Grassy Terrain|[from] ability: Grassy Surge|[of] p1a: Rillaboom\n|move|p2a: Calyrex|Glacial Lance|p1a: Rillaboom|[spread] p1a,p1b\n|-supereffective|p1a: Rillaboom\n|-resisted|p1b: Ninetales\n|-damage|p1a: Rillaboom|0 fnt\n|-damage|p1b: Ninetales|25/100\n|faint|p1a: Rillaboom\n|-ability|p2a: Calyrex|Chilling Neigh|boost\n|-boost|p2a: Calyrex|atk|1\n|move|p1b: Ninetales|Overheat|p2b: Landorus\n|-damage|p2b: Landorus|46/100\n|-unboost|p1b: Ninetales|spa|2\n|-enditem|p1b: Ninetales|Eject Pack\n|\n|t:|1743233252\n|switch|p1b: Flutter Mane|Flutter Mane, L50|100/100\n|-activate|p1b: Flutter Mane|ability: Protosynthesis\n|-start|p1b: Flutter Mane|protosynthesisspe\n|move|p2b: Landorus|Earth Power|p1b: Flutter Mane\n|-damage|p1b: Flutter Mane|18/100\n|\n|-weather|SunnyDay|[upkeep]\n|-heal|p2a: Calyrex|51/100|[from] Grassy Terrain\n|-heal|p1b: Flutter Mane|24/100|[from] Grassy Terrain\n|upkeep\n|-message|Canned Furs forfeited.\n|\n|win|quy1001\n|l|\u2606Canned Furs\n|player|p1|\n|raw|Canned Furs's rating: 1080 &rarr; <strong>1060</strong><br />(-20 for losing)\n|raw|quy1001's rating: 1115 &rarr; <strong>1137</strong><br />(+22 for winning)\n|l|\u2606quy1001\n|player|p2|\n", "uploadtime": 1743233566, "views": 6, "formatid": "gen9vgc2025reggbo3", "rating": 1060, "private": 0, "password": null}