{"id": "gen9vgc2025reggbo3-2330432588", "format": "[Gen 9] VGC 2025 Reg G (Bo3)", "players": ["cing64", "sleepy_mo18"], "log": "|j|\u2606cing64\n|j|\u2606sleepy_mo18\n|html|<table width=\"100%\"><tr><td align=\"left\">cing64</td><td align=\"right\">sleepy_mo18</tr><tr><td align=\"left\"><i class=\"fa fa-circle-o\"></i> <i class=\"fa fa-circle-o\"></i> </td><td align=\"right\"><i class=\"fa fa-circle-o\"></i> <i class=\"fa fa-circle-o\"></i> </tr></table>\n|uhtml|bestof|<h2><strong>Game 1</strong> of <a href=\"/game-bestof3-gen9vgc2025reggbo3-2330432587\">a best-of-3</a></h2>\n|t:|1743226413\n|gametype|doubles\n|player|p1|cing64|265|1065\n|player|p2|sleepy_mo18|marnie-league|1073\n|teamsize|p1|6\n|teamsize|p2|6\n|gen|9\n|tier|[Gen 9] VGC 2025 Reg G (Bo3)\n|rated|\n|rule|Species Clause: Limit one of each Pok\u00e9mon\n|rule|Item Clause: Limit 1 of each item\n|clearpoke\n|poke|p1|Pikachu, L50, M|\n|poke|p1|Miraidon, L50|\n|poke|p1|Chien-Pao, L50|\n|poke|p1|Incineroar, L50, F|\n|poke|p1|Ogerpon-Wellspring, L50, F|\n|poke|p1|Dragonite, L50, F|\n|poke|p2|Incineroar, L50, M|\n|poke|p2|Whimsicott, L50, F|\n|poke|p2|Ogerpon-Hearthflame, L50, F|\n|poke|p2|Mewtwo, L50|\n|poke|p2|Uxie, L50|\n|poke|p2|Kommo-o, L50, F|\n|teampreview|4\n|showteam|p1|Pikachu||LightBall|LightningRod|FakeOut,VoltSwitch,Electroweb,Protect|||M|||50|,,,,,Electric]Miraidon||ChoiceSpecs|HadronEngine|Discharge,ElectroDrift,DracoMeteor,VoltSwitch||||||50|,,,,,Electric]Chien-Pao||FocusSash|SwordofRuin|SuckerPunch,SacredSword,IceSpinner,Protect||||||50|,,,,,Stellar]Incineroar||AssaultVest|Intimidate|FakeOut,Uturn,FlareBlitz,KnockOff|||F|||50|,,,,,Fire]Ogerpon-Wellspring||WellspringMask|WaterAbsorb|SpikyShield,IvyCudgel,HornLeech,Uturn|||F|||50|,,,,,Water]Dragonite||ChoiceBand|InnerFocus|ExtremeSpeed,Earthquake,RockSlide,IronHead|||F|||50|,,,,,Normal\n|showteam|p2|Incineroar||SafetyGoggles|Intimidate|PartingShot,KnockOff,FakeOut,WillOWisp|||M|||50|,,,,,Ghost]Whimsicott||CovertCloak|Prankster|Taunt,Tailwind,Moonblast,Encore|||F|||50|,,,,,Grass]Ogerpon-Hearthflame||HearthflameMask|MoldBreaker|FollowMe,SpikyShield,HelpingHand,IvyCudgel|||F|||50|,,,,,Fire]Mewtwo||FocusSash|Unnerve|PsychUp,Psystrike,EarthPower,ShadowBall||||||50|,,,,,Ghost]Uxie||Leftovers|Levitate|CalmMind,NastyPlot,LightScreen,StoredPower||||||50|,,,,,Psychic]Kommo-o||ChoiceScarf|Bulletproof|ClangorousSoul,Boomburst,ClangingScales,Bulldoze|||F|||50|,,,,,Dragon\n|inactive|Battle timer is ON: inactive players will automatically lose when time's up. (requested by cing64)\n|\n|t:|1743226424\n|start\n|switch|p1a: Pikachu|Pikachu, L50, M|100/100\n|switch|p1b: Miraidon|Miraidon, L50|100/100\n|switch|p2a: Kommo-o|Kommo-o, L50, F|100/100\n|switch|p2b: Incineroar|Incineroar, L50, M|100/100\n|-fieldstart|move: Electric Terrain|[from] ability: Hadron Engine|[of] p1b: Miraidon\n|-ability|p2b: Incineroar|Intimidate|boost\n|-unboost|p1a: Pikachu|atk|1\n|-unboost|p1b: Miraidon|atk|1\n|turn|1\n|\n|t:|1743226446\n|-terastallize|p1b: Miraidon|Electric\n|move|p1a: Pikachu|Fake Out|p2b: Incineroar\n|-damage|p2b: Incineroar|95/100\n|cant|p2b: Incineroar|flinch\n|move|p2a: Kommo-o|Clangorous Soul|p2a: Kommo-o\n|-boost|p2a: Kommo-o|atk|1\n|-boost|p2a: Kommo-o|def|1\n|-boost|p2a: Kommo-o|spa|1\n|-boost|p2a: Kommo-o|spd|1\n|-boost|p2a: Kommo-o|spe|1\n|-damage|p2a: Kommo-o|68/100\n|move|p1b: Miraidon|Discharge|p2b: Incineroar|[spread] p2a,p2b\n|-ability|p1a: Pikachu|Lightning Rod|boost\n|-boost|p1a: Pikachu|spa|1\n|-resisted|p2a: Kommo-o\n|-damage|p2a: Kommo-o|36/100\n|-damage|p2b: Incineroar|0 fnt\n|-status|p2a: Kommo-o|par\n|faint|p2b: Incineroar\n|\n|upkeep\n|\n|t:|1743226463\n|switch|p2b: Mewtwo|Mewtwo, L50|100/100\n|-ability|p2b: Mewtwo|Unnerve\n|turn|2\n|\n|t:|1743226478\n|move|p1b: Miraidon|Discharge|p2a: Kommo-o|[spread] p2a,p2b\n|-ability|p1a: Pikachu|Lightning Rod|boost\n|-boost|p1a: Pikachu|spa|1\n|-resisted|p2a: Kommo-o\n|-damage|p2a: Kommo-o|3/100 par\n|-enditem|p2b: Mewtwo|Focus Sash\n|-damage|p2b: Mewtwo|1/100\n|move|p2b: Mewtwo|Psych Up|p2a: Kommo-o\n|-copyboost|p2b: Mewtwo|p2a: Kommo-o|[from] move: Psych Up\n|cant|p2a: Kommo-o|par\n|move|p1a: Pikachu|Electroweb|p2b: Mewtwo|[spread] p2a,p2b\n|-resisted|p2a: Kommo-o\n|-damage|p2a: Kommo-o|0 fnt\n|-damage|p2b: Mewtwo|0 fnt\n|faint|p2a: Kommo-o\n|faint|p2b: Mewtwo\n|\n|upkeep\n|l|\u2606sleepy_mo18\n|inactive|sleepy_mo18 disconnected and has a minute to reconnect!\n|player|p2|\n|inactive|sleepy_mo18 has 30 seconds left.\n|inactive|sleepy_mo18 has 20 seconds left.\n|inactive|sleepy_mo18 has 15 seconds left.\n|inactive|sleepy_mo18 has 10 seconds left.\n|inactive|sleepy_mo18 has 5 seconds left.\n|-message|sleepy_mo18 lost due to inactivity.\n|\n|win|cing64\n||cing64 is ready for game 2.\n|l|\u2606cing64\n|player|p1|\n|inactive|sleepy_mo18 has 5 seconds to reconnect!\n|raw|cing64's rating: 1065 &rarr; <strong>1096</strong><br />(+31 for winning)\n|raw|sleepy_mo18's rating: 1073 &rarr; <strong>1052</strong><br />(-21 for losing)\n", "uploadtime": 1743226786, "views": 6, "formatid": "gen9vgc2025reggbo3", "rating": 1052, "private": 0, "password": null}