{"id": "gen9vgc2025reggbo3-2330408613", "format": "[Gen 9] VGC 2025 Reg G (Bo3)", "players": ["br1jxp", "Shirteasy22"], "log": "|j|\u2606br1jxp\n|j|\u2606Shirteasy22\n|html|<table width=\"100%\"><tr><td align=\"left\">br1jxp</td><td align=\"right\">Shirteasy22</tr><tr><td align=\"left\"><i class=\"fa fa-circle\"></i> <i class=\"fa fa-circle-o\"></i> </td><td align=\"right\"><i class=\"fa fa-circle-o\"></i> <i class=\"fa fa-circle-o\"></i> </tr></table>\n|uhtml|bestof|<h2><strong>Game 2</strong> of <a href=\"/game-bestof3-gen9vgc2025reggbo3-2330407355\">a best-of-3</a></h2>\n|t:|1743222574\n|gametype|doubles\n|player|p1|br1jxp|shadowtriad|1113\n|player|p2|Shirteasy22|dancer|1179\n|teamsize|p1|6\n|teamsize|p2|6\n|gen|9\n|tier|[Gen 9] VGC 2025 Reg G (Bo3)\n|rated|\n|rule|Species Clause: Limit one of each Pok\u00e9mon\n|rule|Item Clause: Limit 1 of each item\n|clearpoke\n|poke|p1|Tornadus, L50, M|\n|poke|p1|Kyogre, L50|\n|poke|p1|Urshifu-*, L50, F|\n|poke|p1|Landorus, L50, M|\n|poke|p1|Incineroar, L50, F|\n|poke|p1|Archaludon, L50, F|\n|poke|p2|Miraidon, L50|\n|poke|p2|Kingambit, L50, M|\n|poke|p2|Ursaluna, L50, F|\n|poke|p2|Flutter Mane, L50|\n|poke|p2|Torkoal, L50, F|\n|poke|p2|Bronzong, L50|\n|teampreview|4\n|showteam|p1|Tornadus||CovertCloak|Prankster|BleakwindStorm,Tailwind,RainDance,Protect|||M|||50|,,,,,Dark]Kyogre||MysticWater|Drizzle|WaterSpout,IceBeam,Protect,OriginPulse||||||50|,,,,,Grass]Urshifu-Rapid-Strike||ChoiceScarf|UnseenFist|AquaJet,Uturn,CloseCombat,SurgingStrikes|||F|||50|,,,,,Water]Landorus||LifeOrb|SheerForce|EarthPower,SludgeBomb,SandsearStorm,Protect|||M|||50|,,,,,Steel]Incineroar||SafetyGoggles|Intimidate|FakeOut,KnockOff,WillOWisp,PartingShot|||F|||50|,,,,,Ghost]Archaludon||AssaultVest|Stamina|ElectroShot,FlashCannon,BodyPress,DracoMeteor|||F|||50|,,,,,Grass\n|showteam|p2|Miraidon||AssaultVest|HadronEngine|VoltSwitch,ElectroDrift,DracoMeteor,Discharge||||||50|,,,,,Electric]Kingambit||SafetyGoggles|Defiant|KowtowCleave,SuckerPunch,IronHead,Protect|||M|||50|,,,,,Dark]Ursaluna||FlameOrb|Guts|Facade,HeadlongRush,Protect,CloseCombat|||F|||50|,,,,,Ghost]Flutter Mane||ChoiceSpecs|Protosynthesis|Moonblast,ShadowBall,DazzlingGleam,IcyWind||||||50|,,,,,Fire]Torkoal||FlamePlate|Drought|Eruption,Flamethrower,Protect,SolarBeam|||F|||50|,,,,,Water]Bronzong||RockyHelmet|Levitate|GyroBall,IronDefense,BodyPress,TrickRoom||||||50|,,,,,Dark\n|inactive|Battle timer is ON: inactive players will automatically lose when time's up. (requested by Shirteasy22)\n|inactive|br1jxp has 60 seconds left.\n|inactive|Shirteasy22 has 60 seconds left.\n|\n|t:|1743222626\n|start\n|switch|p1a: Urshifu|Urshifu-Rapid-Strike, L50, F|100/100\n|switch|p1b: Tornadus|Tornadus, L50, M|100/100\n|switch|p2a: Flutter Mane|Flutter Mane, L50|100/100\n|switch|p2b: Bronzong|Bronzong, L50|100/100\n|turn|1\n|inactive|Shirteasy22 has 30 seconds left.\n|inactive|br1jxp has 30 seconds left.\n|inactive|br1jxp has 20 seconds left.\n|inactive|br1jxp has 15 seconds left.\n|inactive|br1jxp has 10 seconds left.\n|inactive|br1jxp has 5 seconds left.\n|\n|t:|1743222691\n|move|p1a: Urshifu|Aqua Jet|p2b: Bronzong\n|-damage|p2b: Bronzong|81/100\n|-damage|p1a: Urshifu|84/100|[from] item: Rocky Helmet|[of] p2b: Bronzong\n|move|p2a: Flutter Mane|Dazzling Gleam|p1b: Tornadus|[spread] p1a,p1b\n|-supereffective|p1a: Urshifu\n|-damage|p1a: Urshifu|0 fnt\n|-damage|p1b: Tornadus|45/100\n|faint|p1a: Urshifu\n|move|p1b: Tornadus|Bleakwind Storm|p2a: Flutter Mane|[spread] p2a,p2b\n|-resisted|p2b: Bronzong\n|-damage|p2a: Flutter Mane|65/100\n|-damage|p2b: Bronzong|63/100\n|move|p2b: Bronzong|Trick Room|p2b: Bronzong\n|-fieldstart|move: Trick Room|[of] p2b: Bronzong\n|\n|upkeep\n|\n|t:|1743222711\n|switch|p1a: Landorus|Landorus, L50, M|100/100\n|turn|2\n|-message|br1jxp forfeited.\n|\n|win|Shirteasy22\n|l|\u2606br1jxp\n|player|p1|\n||br1jxp is ready for game 3.\n||Shirteasy22 is ready for game 3.\n|uhtml|next|Next: <a href=\"/battle-gen9vgc2025reggbo3-2330409743\"><strong>Game 3 of 3</strong></a>\n", "uploadtime": 1743223111, "views": 5, "formatid": "gen9vgc2025reggbo3", "rating": null, "private": 0, "password": null}