{"id": "gen9vgc2025reggbo3-2330496902", "format": "[Gen 9] VGC 2025 Reg G (Bo3)", "players": ["Hikaru_VT1", "Dix6"], "log": "|j|\u2606Hikaru_VT1\n|j|\u2606Dix6\n|html|<table width=\"100%\"><tr><td align=\"left\">Hikaru_VT1</td><td align=\"right\">Dix6</tr><tr><td align=\"left\"><i class=\"fa fa-circle-o\"></i> <i class=\"fa fa-circle-o\"></i> </td><td align=\"right\"><i class=\"fa fa-circle-o\"></i> <i class=\"fa fa-circle-o\"></i> </tr></table>\n|uhtml|bestof|<h2><strong>Game 1</strong> of <a href=\"/game-bestof3-gen9vgc2025reggbo3-2330496901\">a best-of-3</a></h2>\n|t:|1743239544\n|gametype|doubles\n|player|p1|Hikaru_VT1|265|1226\n|player|p2|Dix6|169|1267\n|teamsize|p1|6\n|teamsize|p2|6\n|gen|9\n|tier|[Gen 9] VGC 2025 Reg G (Bo3)\n|rated|\n|rule|Species Clause: Limit one of each Pok\u00e9mon\n|rule|Item Clause: Limit 1 of each item\n|clearpoke\n|poke|p1|Zamazenta-*, L50|\n|poke|p1|Rillaboom, L50, F|\n|poke|p1|Chien-Pao, L50|\n|poke|p1|Flutter Mane, L50|\n|poke|p1|Chandelure, L50, M|\n|poke|p1|Moltres-Galar, L50|\n|poke|p2|Primarina, L50, M|\n|poke|p2|Meowscarada, L50, F|\n|poke|p2|Calyrex-Shadow, L50|\n|poke|p2|Incineroar, L50, F|\n|poke|p2|Farigiraf, L50, M|\n|poke|p2|Urshifu-*, L50, M|\n|teampreview|4\n|showteam|p1|Zamazenta-Crowned||RustedShield|DauntlessShield|BodyPress,WideGuard,Protect,HeavySlam||||||50|,,,,,Dragon]Rillaboom||ChoiceBand|GrassySurge|GrassyGlide,WoodHammer,Uturn,HighHorsepower|||F|||50|,,,,,Grass]Chien-Pao||FocusSash|SwordofRuin|IcicleCrash,Protect,SuckerPunch,SacredSword||||||50|,,,,,Ghost]Flutter Mane||BoosterEnergy|Protosynthesis|Protect,Moonblast,ThunderWave,IcyWind||||||50|,,,,,Grass]Chandelure||LifeOrb|FlashFire|Protect,HeatWave,TrickRoom,ShadowBall|||M|||50|,,,,,Grass]Moltres-Galar||SafetyGoggles|Berserk|Protect,Taunt,FoulPlay,FieryWrath||||||50|,,,,,Dark\n|showteam|p2|Primarina||LifeOrb|Torrent|WaterPledge,DazzlingGleam,IceBeam,Protect|||M|||50|,,,,,Psychic]Meowscarada||ChoiceScarf|Overgrow|GrassPledge,Uturn,ThroatChop,TripleAxel|||F|||50|,,,,,Ice]Calyrex-Shadow||FocusSash|AsOneSpectrier|AstralBarrage,DrainingKiss,CalmMind,Protect||||||50|,,,,,Fairy]Incineroar||AssaultVest|Intimidate|FakeOut,Uturn,FlareBlitz,KnockOff|||F|||50|,,,,,Bug]Farigiraf||Leftovers|ArmorTail|TrickRoom,HelpingHand,Roar,HyperVoice|||M|||50|,,,,,Normal]Urshifu||QuickClaw|UnseenFist|Detect,WickedBlow,CloseCombat,SuckerPunch|||M|||50|,,,,,Steel\n|inactive|Battle timer is ON: inactive players will automatically lose when time's up. (requested by Dix6)\n|\n|t:|1743239584\n|start\n|switch|p1a: Zamazenta|Zamazenta-Crowned, L50|100/100\n|switch|p1b: Moltres|Moltres-Galar, L50, shiny|100/100\n|switch|p2a: Meowscarada|Meowscarada, L50, F|100/100\n|switch|p2b: Primarina|Primarina, L50, M|100/100\n|-ability|p1a: Zamazenta|Dauntless Shield|boost\n|-boost|p1a: Zamazenta|def|1\n|turn|1\n|\n|t:|1743239607\n|-terastallize|p1a: Zamazenta|Dragon\n|move|p1b: Moltres|Protect|p1b: Moltres\n|-singleturn|p1b: Moltres|Protect\n|move|p2a: Meowscarada|Grass Pledge|p1b: Moltres\n|-waiting|p2a: Meowscarada|p2b: Primarina\n|move|p2b: Primarina|Water Pledge|p1b: Moltres|[from] move: Grass Pledge\n|-activate|p1b: Moltres|move: Protect\n|move|p1a: Zamazenta|Body Press|p2a: Meowscarada\n|-supereffective|p2a: Meowscarada\n|-damage|p2a: Meowscarada|0 fnt\n|faint|p2a: Meowscarada\n|\n|upkeep\n|\n|t:|1743239622\n|switch|p2a: Calyrex|Calyrex-Shadow, L50|100/100\n|-ability|p2a: Calyrex|As One\n|-ability|p2a: Calyrex|Unnerve\n|turn|2\n|\n|t:|1743239634\n|move|p1a: Zamazenta|Wide Guard|p1a: Zamazenta\n|-singleturn|p1a: Zamazenta|Wide Guard\n|move|p2a: Calyrex|Calm Mind|p2a: Calyrex\n|-boost|p2a: Calyrex|spa|1\n|-boost|p2a: Calyrex|spd|1\n|move|p1b: Moltres|Fiery Wrath|p2a: Calyrex|[spread] p2a,p2b\n|-supereffective|p2a: Calyrex\n|-resisted|p2b: Primarina\n|-damage|p2a: Calyrex|37/100\n|-damage|p2b: Primarina|90/100\n|move|p2b: Primarina|Dazzling Gleam|p1b: Moltres|[spread] \n|-activate|p1a: Zamazenta|move: Wide Guard\n|-activate|p1b: Moltres|move: Wide Guard\n|\n|upkeep\n|turn|3\n|inactive|Hikaru_VT1 has 30 seconds left.\n|\n|t:|1743239659\n|-terastallize|p2a: Calyrex|Fairy\n|move|p1a: Zamazenta|Protect||[still]\n|-fail|p1a: Zamazenta\n|move|p2a: Calyrex|Draining Kiss|p1a: Zamazenta\n|-supereffective|p1a: Zamazenta\n|-damage|p1a: Zamazenta|15/100\n|-heal|p2a: Calyrex|98/100|[from] drain|[of] p1a: Zamazenta\n|move|p1b: Moltres|Fiery Wrath|p2b: Primarina|[spread] p2a,p2b\n|-resisted|p2a: Calyrex\n|-resisted|p2b: Primarina\n|-damage|p2a: Calyrex|91/100\n|-damage|p2b: Primarina|81/100\n|move|p2b: Primarina|Dazzling Gleam|p1a: Zamazenta|[spread] p1a,p1b\n|-supereffective|p1a: Zamazenta\n|-supereffective|p1b: Moltres\n|-damage|p1a: Zamazenta|0 fnt\n|-damage|p1b: Moltres|32/100\n|faint|p1a: Zamazenta\n|-ability|p1b: Moltres|Berserk|boost\n|-boost|p1b: Moltres|spa|1\n|-damage|p2b: Primarina|71/100|[from] item: Life Orb\n|\n|upkeep\n|\n|t:|1743239673\n|switch|p1a: Rillaboom|Rillaboom, L50, F|100/100\n|-fieldstart|move: Grassy Terrain|[from] ability: Grassy Surge|[of] p1a: Rillaboom\n|turn|4\n|-message|Hikaru_VT1 forfeited.\n|\n|win|Dix6\n|l|\u2606Hikaru_VT1\n|player|p1|\n||Hikaru_VT1 is ready for game 2.\n||Dix6 is ready for game 2.\n|uhtml|next|Next: <a href=\"/battle-gen9vgc2025reggbo3-2330497647\"><strong>Game 2 of 3</strong></a>\n|l|\u2606Dix6\n|player|p2|\n", "uploadtime": 1743239966, "views": 5, "formatid": "gen9vgc2025reggbo3", "rating": null, "private": 0, "password": null}