{"id": "gen9vgc2025reggbo3-2330456228", "format": "[Gen 9] VGC 2025 Reg G (Bo3)", "players": ["pokemasterz461", "MobiusVGC"], "log": "|j|\u2606pokemasterz461\n|j|\u2606MobiusVGC\n|html|<table width=\"100%\"><tr><td align=\"left\">pokemasterz461</td><td align=\"right\">MobiusVGC</tr><tr><td align=\"left\"><i class=\"fa fa-circle-o\"></i> <i class=\"fa fa-circle-o\"></i> </td><td align=\"right\"><i class=\"fa fa-circle-o\"></i> <i class=\"fa fa-circle-o\"></i> </tr></table>\n|uhtml|bestof|<h2><strong>Game 1</strong> of <a href=\"/game-bestof3-gen9vgc2025reggbo3-2330456227\">a best-of-3</a></h2>\n|t:|1743230841\n|gametype|doubles\n|player|p1|pokemasterz461|marshal|1253\n|player|p2|MobiusVGC|collector|1286\n|teamsize|p1|6\n|teamsize|p2|6\n|gen|9\n|tier|[Gen 9] VGC 2025 Reg G (Bo3)\n|rated|\n|rule|Species Clause: Limit one of each Pok\u00e9mon\n|rule|Item Clause: Limit 1 of each item\n|clearpoke\n|poke|p1|Chi-Yu, L50|\n|poke|p1|Rillaboom, L50, F|\n|poke|p1|Raging Bolt, L50|\n|poke|p1|Clefairy, L50, M|\n|poke|p1|Flutter Mane, L50|\n|poke|p1|Terapagos, L50, M|\n|poke|p2|Calyrex-Ice, L50|\n|poke|p2|Indeedee-F, L50, F|\n|poke|p2|Smeargle, L50, F|\n|poke|p2|Raging Bolt, L50|\n|poke|p2|Urshifu-*, L50, F|\n|poke|p2|Torkoal, L50, F|\n|teampreview|4\n|showteam|p1|Chi-Yu||ChoiceScarf|BeadsofRuin|HeatWave,Overheat,DarkPulse,Snarl||||||50|,,,,,Ghost]Rillaboom||AssaultVest|GrassySurge|WoodHammer,GrassyGlide,FakeOut,Uturn|||F|||50|,,,,,Fire]Raging Bolt||SafetyGoggles|Protosynthesis|Thunderbolt,Thunderclap,DracoMeteor,Protect||||||50|,,,,,Fairy]Clefairy||Eviolite|FriendGuard|FollowMe,AfterYou,LifeDew,Protect|||M|||50|,,,,,Grass]Flutter Mane||BoosterEnergy|Protosynthesis|Moonblast,IcyWind,Taunt,Protect||||||50|,,,,,Normal]Terapagos||CovertCloak|TeraShift|TeraStarstorm,EarthPower,CalmMind,Protect|||M|||50|,,,,,Stellar\n|showteam|p2|Calyrex-Ice||ClearAmulet|AsOneGlastrier|GlacialLance,CloseCombat,TrickRoom,Protect||||||50|,,,,,Fire]Indeedee-F||RockyHelmet|PsychicSurge|Psychic,FollowMe,HelpingHand,TrickRoom|||F|||50|,,,,,Fairy]Smeargle||FocusSash|Technician|FakeOut,Spore,FollowMe,Decorate|||F|||50|,,,,,Grass]Raging Bolt||SafetyGoggles|Protosynthesis|Thunderbolt,DracoMeteor,Thunderclap,Protect||||||50|,,,,,Electric]Urshifu||ChoiceBand|UnseenFist|WickedBlow,CloseCombat,SuckerPunch,IronHead|||F|||50|,,,,,Grass]Torkoal||ChoiceSpecs|Drought|Eruption,HeatWave,EarthPower,WeatherBall|||F|||50|,,,,,Fire\n|\n|t:|1743230863\n|start\n|switch|p1a: Benicia|Flutter Mane, L50|100/100\n|switch|p1b: Tuck|Terapagos, L50, M|100/100\n|switch|p2a: Calyrex|Calyrex-Ice, L50|100/100\n|switch|p2b: Smeargle|Smeargle, L50, F|100/100\n|-activate|p1b: Tuck|ability: Tera Shift\n|detailschange|p1b: Tuck|Terapagos-Terastal, L50, M\n|-heal|p1b: Tuck|100/100|[silent]\n|-ability|p2a: Calyrex|As One\n|-ability|p2a: Calyrex|Unnerve\n|-enditem|p1a: Benicia|Booster Energy\n|-activate|p1a: Benicia|ability: Protosynthesis|[fromitem]\n|-start|p1a: Benicia|protosynthesisspe\n|turn|1\n|\n|t:|1743230882\n|switch|p2b: Torkoal|Torkoal, L50, F|100/100\n|-weather|SunnyDay|[from] ability: Drought|[of] p2b: Torkoal\n|move|p1a: Benicia|Taunt|p2b: Torkoal\n|-start|p2b: Torkoal|move: Taunt\n|move|p1b: Tuck|Calm Mind|p1b: Tuck\n|-boost|p1b: Tuck|spa|1\n|-boost|p1b: Tuck|spd|1\n|move|p2a: Calyrex|Trick Room|p2a: Calyrex\n|-fieldstart|move: Trick Room|[of] p2a: Calyrex\n|\n|-weather|SunnyDay|[upkeep]\n|upkeep\n|turn|2\n|\n|t:|1743230898\n|-end|p1a: Benicia|Protosynthesis|[silent]\n|switch|p1a: Pipi|Clefairy, L50, M|100/100\n|-terastallize|p1b: Tuck|Stellar\n|detailschange|p1b: Tuck|Terapagos-Stellar, L50, M, tera:Stellar\n|-heal|p1b: Tuck|100/100|[silent]\n|-ability|p1b: Tuck|Teraform Zero\n|-weather|none\n|move|p2b: Torkoal|Eruption|p1a: Pipi|[spread] p1a,p1b\n|-damage|p1a: Pipi|37/100\n|-damage|p1b: Tuck|78/100\n|move|p2a: Calyrex|Glacial Lance|p1a: Pipi|[spread] p1a,p1b\n|-damage|p1a: Pipi|0 fnt\n|-damage|p1b: Tuck|51/100\n|faint|p1a: Pipi\n|-ability|p2a: Calyrex|Chilling Neigh|boost\n|-boost|p2a: Calyrex|atk|1\n|move|p1b: Tuck|Tera Starstorm|p2b: Torkoal|[spread] p2a,p2b\n|-damage|p2a: Calyrex|59/100\n|-damage|p2b: Torkoal|12/100\n|\n|upkeep\n|\n|t:|1743230919\n|switch|p1a: Benicia|Flutter Mane, L50|100/100\n|turn|3\n|inactive|Battle timer is ON: inactive players will automatically lose when time's up. (requested by MobiusVGC)\n|\n|t:|1743231002\n|-end|p1a: Benicia|Protosynthesis|[silent]\n|switch|p1a: Bubble o7|Chi-Yu, L50|100/100\n|-ability|p1a: Bubble o7|Beads of Ruin\n|move|p2b: Torkoal|Eruption|p1b: Tuck|[spread] p1a,p1b\n|-resisted|p1a: Bubble o7\n|-damage|p1a: Bubble o7|96/100\n|-damage|p1b: Tuck|46/100\n|move|p2a: Calyrex|Glacial Lance|p1a: Bubble o7|[spread] p1a,p1b\n|-resisted|p1a: Bubble o7\n|-damage|p1a: Bubble o7|22/100\n|-damage|p1b: Tuck|0 fnt\n|faint|p1b: Tuck\n|-ability|p2a: Calyrex|Chilling Neigh|boost\n|-boost|p2a: Calyrex|atk|1\n|\n|-end|p2b: Torkoal|move: Taunt\n|upkeep\n|\n|t:|1743231022\n|switch|p1b: Benicia|Flutter Mane, L50|100/100\n|turn|4\n|inactive|pokemasterz461 has 30 seconds left.\n|inactive|pokemasterz461 has 20 seconds left.\n|inactive|pokemasterz461 has 15 seconds left.\n|inactive|pokemasterz461 has 10 seconds left.\n|inactive|pokemasterz461 has 5 seconds left.\n|\n|t:|1743231074\n|switch|p2b: Smeargle|Smeargle, L50, F|100/100\n|move|p2a: Calyrex|Glacial Lance|p1a: Bubble o7|[spread] p1a,p1b\n|-resisted|p1a: Bubble o7\n|-damage|p1a: Bubble o7|0 fnt\n|-damage|p1b: Benicia|0 fnt\n|faint|p1a: Bubble o7\n|faint|p1b: Benicia\n|-end|p1b: Benicia|Protosynthesis|[silent]\n|\n|win|MobiusVGC\n||MobiusVGC is ready for game 2.\n|inactive|pokemasterz461 has 30 seconds to confirm battle start!\n|inactive|pokemasterz461 has 20 seconds to confirm battle start!\n|inactive|pokemasterz461 has 10 seconds to confirm battle start!\n|uhtml|next|Next: <a href=\"/battle-gen9vgc2025reggbo3-2330457546\"><strong>Game 2 of 3</strong></a>\n", "uploadtime": 1743231075, "views": 31, "formatid": "gen9vgc2025reggbo3", "rating": null, "private": 0, "password": null}