{"id": "gen9vgc2025reggbo3-2330538134", "format": "[Gen 9] VGC 2025 Reg G (Bo3)", "players": ["Lyco Just Testing", "LeonardPlayz"], "log": "|j|\u2606Lyco Just Testing\n|j|\u2606LeonardPlayz\n|html|<table width=\"100%\"><tr><td align=\"left\">Lyco Just Testing</td><td align=\"right\">LeonardPlayz</tr><tr><td align=\"left\"><i class=\"fa fa-circle-o\"></i> <i class=\"fa fa-circle-o\"></i> </td><td align=\"right\"><i class=\"fa fa-circle-o\"></i> <i class=\"fa fa-circle\"></i> </tr></table>\n|uhtml|bestof|<h2><strong>Game 2</strong> of <a href=\"/game-bestof3-gen9vgc2025reggbo3-2330536900\">a best-of-3</a></h2>\n|t:|1743247345\n|gametype|doubles\n|player|p1|Lyco Just Testing|ballguy|1267\n|player|p2|LeonardPlayz|hilbert-wonderlauncher|1210\n|teamsize|p1|6\n|teamsize|p2|6\n|gen|9\n|tier|[Gen 9] VGC 2025 Reg G (Bo3)\n|rated|\n|rule|Species Clause: Limit one of each Pok\u00e9mon\n|rule|Item Clause: Limit 1 of each item\n|clearpoke\n|poke|p1|Koraidon, L50|\n|poke|p1|Brute Bonnet, L50|\n|poke|p1|Flutter Mane, L50|\n|poke|p1|Incineroar, L50, M|\n|poke|p1|Raging Bolt, L50|\n|poke|p1|Heatran, L50, M|\n|poke|p2|Zamazenta-*, L50|\n|poke|p2|Chien-Pao, L50|\n|poke|p2|Rillaboom, L50, M|\n|poke|p2|Urshifu-*, L50, F|\n|poke|p2|Chi-Yu, L50|\n|poke|p2|Tyranitar, L50, M|\n|teampreview|4\n|showteam|p1|Koraidon||LifeOrb|OrichalcumPulse|FlameCharge,CloseCombat,FlareBlitz,Protect||||||50|,,,,,Fire]Brute Bonnet||CovertCloak|Protosynthesis|Spore,RagePowder,SuckerPunch,SeedBomb||||||50|,,,,,Water]Flutter Mane||FocusSash|Protosynthesis|DazzlingGleam,Moonblast,IcyWind,Protect||||||50|,,,,,Fairy]Incineroar||SafetyGoggles|Intimidate|PartingShot,FakeOut,FlareBlitz,KnockOff|||M|||50|,,,,,Ghost]Raging Bolt||AssaultVest|Protosynthesis|Snarl,Thunderclap,Thunderbolt,DracoMeteor||||||50|,,,,,Fairy]Heatran||ZoomLens|FlashFire|MagmaStorm,HeavySlam,Substitute,Protect|||M|||50|,,,,,Fairy\n|showteam|p2|Zamazenta-Crowned||RustedShield|DauntlessShield|BodyPress,behemothbash,WideGuard,Protect||||||50|,,,,,Dragon]Chien-Pao||FocusSash|SwordofRuin|IcicleCrash,Haze,SuckerPunch,Protect||||||50|,,,,,Ghost]Rillaboom||MiracleSeed|GrassySurge|FakeOut,GrassyGlide,WoodHammer,Uturn|||M|||50|,,,,,Fire]Urshifu-Rapid-Strike||SafetyGoggles|UnseenFist|SurgingStrikes,AquaJet,CloseCombat,Protect|||F|||50|,,,,,Water]Chi-Yu||ChoiceScarf|BeadsofRuin|HeatWave,DarkPulse,Overheat,Snarl||||||50|,,,,,Ghost]Tyranitar||GrassySeed|SandStream|KnockOff,RockSlide,TeraBlast,Protect|||M|||50|,,,,,Flying\n|inactive|Battle timer is ON: inactive players will automatically lose when time's up. (requested by LeonardPlayz)\n|inactive|Lyco Just Testing also wants the timer to be on.\n|inactive|Lyco Just Testing has 60 seconds left.\n|\n|t:|1743247381\n|start\n|switch|p1a: Incineroar|Incineroar, L50, M|100/100\n|switch|p1b: Koraidon|Koraidon, L50|100/100\n|switch|p2a: Chi-Yu|Chi-Yu, L50|100/100\n|switch|p2b: Rillaboom|Rillaboom, L50, M|100/100\n|-ability|p2a: Chi-Yu|Beads of Ruin\n|-weather|SunnyDay|[from] ability: Orichalcum Pulse|[of] p1b: Koraidon\n|-activate|p1b: Koraidon|Orichalcum Pulse|[source]\n|-fieldstart|move: Grassy Terrain|[from] ability: Grassy Surge|[of] p2b: Rillaboom\n|-ability|p1a: Incineroar|Intimidate|boost\n|-unboost|p2a: Chi-Yu|atk|1\n|-unboost|p2b: Rillaboom|atk|1\n|turn|1\n|\n|t:|1743247401\n|-terastallize|p2a: Chi-Yu|Ghost\n|move|p2b: Rillaboom|Fake Out|p1b: Koraidon\n|-damage|p1b: Koraidon|91/100\n|move|p2a: Chi-Yu|Heat Wave|p1b: Koraidon|[spread] p1a,p1b\n|-resisted|p1a: Incineroar\n|-resisted|p1b: Koraidon\n|-damage|p1a: Incineroar|72/100\n|-damage|p1b: Koraidon|51/100\n|cant|p1b: Koraidon|flinch\n|move|p1a: Incineroar|Flare Blitz|p2b: Rillaboom\n|-supereffective|p2b: Rillaboom\n|-damage|p2b: Rillaboom|0 fnt\n|faint|p2b: Rillaboom\n|-damage|p1a: Incineroar|43/100|[from] Recoil\n|\n|-weather|SunnyDay|[upkeep]\n|-heal|p1b: Koraidon|57/100|[from] Grassy Terrain\n|-heal|p1a: Incineroar|49/100|[from] Grassy Terrain\n|upkeep\n|\n|t:|1743247413\n|switch|p2b: Tyranitar|Tyranitar, L50, M|100/100\n|-weather|Sandstorm|[from] ability: Sand Stream|[of] p2b: Tyranitar\n|-enditem|p2b: Tyranitar|Grassy Seed\n|-boost|p2b: Tyranitar|def|1|[from] item: Grassy Seed\n|turn|2\n|\n|t:|1743247428\n|move|p2a: Chi-Yu|Heat Wave|p1b: Koraidon|[spread] p1a,p1b\n|-resisted|p1a: Incineroar\n|-crit|p1a: Incineroar\n|-resisted|p1b: Koraidon\n|-damage|p1a: Incineroar|19/100\n|-damage|p1b: Koraidon|33/100\n|move|p1b: Koraidon|Close Combat|p2b: Tyranitar\n|-supereffective|p2b: Tyranitar\n|-damage|p2b: Tyranitar|0 fnt\n|-unboost|p1b: Koraidon|def|1\n|-unboost|p1b: Koraidon|spd|1\n|faint|p2b: Tyranitar\n|-damage|p1b: Koraidon|24/100|[from] item: Life Orb\n|move|p1a: Incineroar|Knock Off|p2a: Chi-Yu\n|-supereffective|p2a: Chi-Yu\n|-crit|p2a: Chi-Yu\n|-damage|p2a: Chi-Yu|0 fnt\n|-enditem|p2a: Chi-Yu|Choice Scarf|[from] move: Knock Off|[of] p1a: Incineroar\n|faint|p2a: Chi-Yu\n|\n|-weather|Sandstorm|[upkeep]\n|-damage|p1b: Koraidon|18/100|[from] Sandstorm\n|-heal|p1b: Koraidon|24/100|[from] Grassy Terrain\n|-heal|p1a: Incineroar|25/100|[from] Grassy Terrain\n|upkeep\n|\n|t:|1743247437\n|switch|p2a: Zamazenta|Zamazenta-Crowned, L50|100/100\n|-ability|p2a: Zamazenta|Dauntless Shield|boost\n|-boost|p2a: Zamazenta|def|1\n|turn|3\n|\n|t:|1743247448\n|switch|p1b: Flutter Mane|Flutter Mane, L50|100/100\n|move|p2a: Zamazenta|Body Press|p1b: Flutter Mane\n|-immune|p1b: Flutter Mane\n|move|p1a: Incineroar|Flare Blitz|p2a: Zamazenta\n|-supereffective|p2a: Zamazenta\n|-damage|p2a: Zamazenta|60/100\n|-damage|p1a: Incineroar|13/100|[from] Recoil\n|\n|-weather|Sandstorm|[upkeep]\n|-damage|p1b: Flutter Mane|94/100|[from] Sandstorm\n|-heal|p1b: Flutter Mane|100/100|[from] Grassy Terrain\n|-heal|p2a: Zamazenta|67/100|[from] Grassy Terrain\n|-heal|p1a: Incineroar|19/100|[from] Grassy Terrain\n|upkeep\n|turn|4\n|-message|LeonardPlayz forfeited.\n|\n|win|Lyco Just Testing\n|l|\u2606LeonardPlayz\n|player|p2|\n||LeonardPlayz is ready for game 3.\n", "uploadtime": 1743247455, "views": 20, "formatid": "gen9vgc2025reggbo3", "rating": null, "private": 0, "password": null}