{"id": "gen9vgc2025reggbo3-2330438316", "format": "[Gen 9] VGC 2025 Reg G (Bo3)", "players": ["Zen1996-VGC", "phenomsteelers08"], "log": "|j|\u2606Zen1996-VGC\n|j|\u2606phenomsteelers08\n|html|<table width=\"100%\"><tr><td align=\"left\">Zen1996-VGC</td><td align=\"right\">phenomsteelers08</tr><tr><td align=\"left\"><i class=\"fa fa-circle-o\"></i> <i class=\"fa fa-circle-o\"></i> </td><td align=\"right\"><i class=\"fa fa-circle-o\"></i> <i class=\"fa fa-circle-o\"></i> </tr></table>\n|uhtml|bestof|<h2><strong>Game 1</strong> of <a href=\"/game-bestof3-gen9vgc2025reggbo3-2330438315\">a best-of-3</a></h2>\n|t:|1743227418\n|gametype|doubles\n|player|p1|Zen1996-VGC|ghetsis|1587\n|player|p2|phenomsteelers08|170|1546\n|teamsize|p1|6\n|teamsize|p2|6\n|gen|9\n|tier|[Gen 9] VGC 2025 Reg G (Bo3)\n|rated|\n|rule|Species Clause: Limit one of each Pok\u00e9mon\n|rule|Item Clause: Limit 1 of each item\n|clearpoke\n|poke|p1|Zamazenta-*, L50|\n|poke|p1|Chien-Pao, L50|\n|poke|p1|Flutter Mane, L50|\n|poke|p1|Amoonguss, L50, F|\n|poke|p1|Entei, L50|\n|poke|p1|Urshifu-*, L50, M|\n|poke|p2|Calyrex-Shadow, L50|\n|poke|p2|Tornadus, L50, M|\n|poke|p2|Urshifu-*, L50, F|\n|poke|p2|Indeedee-F, L50, F|\n|poke|p2|Okidogi, L50, M|\n|poke|p2|Landorus, L50, M|\n|teampreview|4\n|showteam|p1|Zamazenta-Crowned||RustedShield|DauntlessShield|BodyPress,WideGuard,Protect,HeavySlam||||||50|,,,,,Dragon]Chien-Pao||FocusSash|SwordofRuin|IceSpinner,SuckerPunch,Crunch,Protect||||||50|,,,,,Ghost]Flutter Mane||BoosterEnergy|Protosynthesis|IcyWind,ShadowBall,Moonblast,Taunt||||||50|,,,,,Grass]Amoonguss||RockyHelmet|Regenerator|Spore,ClearSmog,Protect,RagePowder|||F|||50|,,,,,Water]Entei||LifeOrb|InnerFocus|SacredFire,ExtremeSpeed,Protect,StompingTantrum||||||50|,,,,,Normal]Urshifu-Rapid-Strike||SafetyGoggles|UnseenFist|SurgingStrikes,CloseCombat,AquaJet,Protect|||M|||50|,,,,,Water\n|showteam|p2|Calyrex-Shadow||FocusSash|AsOneSpectrier|AstralBarrage,ExpandingForce,NastyPlot,Protect||||||50|,,,,,Ghost]Tornadus||CovertCloak|Prankster|BleakwindStorm,Tailwind,RainDance,Taunt|||M|||50|,,,,,Dark]Urshifu-Rapid-Strike||ChoiceBand|UnseenFist|SurgingStrikes,CloseCombat,Uturn,AquaJet|||F|||50|,,,,,Water]Indeedee-F||RockyHelmet|PsychicSurge|DazzlingGleam,FollowMe,TrickRoom,Imprison|||F|||50|,,,,,Water]Okidogi||AssaultVest|GuardDog|DrainPunch,PoisonJab,KnockOff,UpperHand|||M|||50|,,,,,Dark]Landorus||LifeOrb|SheerForce|SludgeBomb,SandsearStorm,EarthPower,Protect|||M|||50|,,,,,Water\n|inactive|Battle timer is ON: inactive players will automatically lose when time's up. (requested by phenomsteelers08)\n|inactive|Zen1996-VGC also wants the timer to be on.\n|inactive|Zen1996-VGC has 60 seconds left.\n|inactive|phenomsteelers08 has 60 seconds left.\n|\n|t:|1743227455\n|start\n|switch|p1a: Chien-Pao|Chien-Pao, L50|100/100\n|switch|p1b: Zamazenta|Zamazenta-Crowned, L50|100/100\n|switch|p2a: Tornadus|Tornadus, L50, M|100/100\n|switch|p2b: Urshifu|Urshifu-Rapid-Strike, L50, F|100/100\n|-ability|p1a: Chien-Pao|Sword of Ruin\n|-ability|p1b: Zamazenta|Dauntless Shield|boost\n|-boost|p1b: Zamazenta|def|1\n|turn|1\n|\n|t:|1743227468\n|move|p1a: Chien-Pao|Sucker Punch|p2b: Urshifu\n|-resisted|p2b: Urshifu\n|-damage|p2b: Urshifu|77/100\n|move|p2a: Tornadus|Tailwind|p2a: Tornadus\n|-sidestart|p2: phenomsteelers08|move: Tailwind\n|move|p2b: Urshifu|Surging Strikes|p1a: Chien-Pao\n|-crit|p1a: Chien-Pao\n|-damage|p1a: Chien-Pao|62/100\n|-crit|p1a: Chien-Pao\n|-damage|p1a: Chien-Pao|25/100\n|-crit|p1a: Chien-Pao\n|-damage|p1a: Chien-Pao|0 fnt\n|faint|p1a: Chien-Pao\n|-hitcount|p1: Chien-Pao|3\n|move|p1b: Zamazenta|Body Press|p2b: Urshifu\n|-damage|p2b: Urshifu|10/100\n|\n|upkeep\n|\n|t:|1743227492\n|switch|p1a: Entei|Entei, L50|100/100\n|turn|2\n|\n|t:|1743227515\n|switch|p2a: Indeedee|Indeedee-F, L50, F|100/100\n|-fieldstart|move: Psychic Terrain|[from] ability: Psychic Surge|[of] p2a: Indeedee\n|move|p1b: Zamazenta|Wide Guard|p1b: Zamazenta\n|-singleturn|p1b: Zamazenta|Wide Guard\n|move|p1a: Entei|Extreme Speed|p2b: Urshifu\n|-activate|p2b: Urshifu|move: Psychic Terrain\n|move|p2b: Urshifu|Surging Strikes|p1a: Entei\n|-supereffective|p1a: Entei\n|-crit|p1a: Entei\n|-damage|p1a: Entei|36/100\n|-supereffective|p1a: Entei\n|-crit|p1a: Entei\n|-damage|p1a: Entei|0 fnt\n|faint|p1a: Entei\n|-hitcount|p1: Entei|2\n|\n|upkeep\n|-message|Zen1996-VGC forfeited.\n|\n|win|phenomsteelers08\n|l|\u2606Zen1996-VGC\n|player|p1|\n||Zen1996-VGC is ready for game 2.\n||phenomsteelers08 is ready for game 2.\n|uhtml|next|Next: <a href=\"/battle-gen9vgc2025reggbo3-2330438923\"><strong>Game 2 of 3</strong></a>\n|l|\u2606phenomsteelers08\n|player|p2|\n", "uploadtime": 1743227916, "views": 5, "formatid": "gen9vgc2025reggbo3", "rating": null, "private": 0, "password": null}