{"id": "gen9vgc2025reggbo3-2330499403", "format": "[Gen 9] VGC 2025 Reg G (Bo3)", "players": ["LeonardPlayz", "Lass Momo"], "log": "|j|\u2606LeonardPlayz\n|j|\u2606Lass Momo\n|html|<table width=\"100%\"><tr><td align=\"left\">LeonardPlayz</td><td align=\"right\">Lass Momo</tr><tr><td align=\"left\"><i class=\"fa fa-circle-o\"></i> <i class=\"fa fa-circle-o\"></i> </td><td align=\"right\"><i class=\"fa fa-circle-o\"></i> <i class=\"fa fa-circle-o\"></i> </tr></table>\n|uhtml|bestof|<h2><strong>Game 1</strong> of <a href=\"/game-bestof3-gen9vgc2025reggbo3-2330499402\">a best-of-3</a></h2>\n|t:|1743240059\n|gametype|doubles\n|player|p1|LeonardPlayz|hilbert-wonderlauncher|1217\n|player|p2|Lass Momo|lady|1246\n|teamsize|p1|6\n|teamsize|p2|6\n|gen|9\n|tier|[Gen 9] VGC 2025 Reg G (Bo3)\n|rated|\n|rule|Species Clause: Limit one of each Pok\u00e9mon\n|rule|Item Clause: Limit 1 of each item\n|clearpoke\n|poke|p1|Zamazenta-*, L50|\n|poke|p1|Chien-Pao, L50|\n|poke|p1|Rillaboom, L50, M|\n|poke|p1|Urshifu-*, L50, F|\n|poke|p1|Chi-Yu, L50|\n|poke|p1|Rhyperior, L50, M|\n|poke|p2|Kyogre, L50|\n|poke|p2|Roaring Moon, L50|\n|poke|p2|Landorus, L50, M|\n|poke|p2|Bruxish, L50, F|\n|poke|p2|Indeedee-F, L50, F|\n|poke|p2|Scizor, L50, F|\n|teampreview|4\n|showteam|p1|Zamazenta-Crowned||RustedShield|DauntlessShield|BodyPress,behemothbash,WideGuard,Protect||||||50|,,,,,Dragon]Chien-Pao||FocusSash|SwordofRuin|IcicleCrash,Haze,SuckerPunch,Protect||||||50|,,,,,Ghost]Rillaboom||MiracleSeed|GrassySurge|FakeOut,GrassyGlide,WoodHammer,Uturn|||M|||50|,,,,,Fire]Urshifu-Rapid-Strike||SafetyGoggles|UnseenFist|SurgingStrikes,AquaJet,CloseCombat,Protect|||F|||50|,,,,,Water]Chi-Yu||ChoiceScarf|BeadsofRuin|HeatWave,DarkPulse,Overheat,Snarl||||||50|,,,,,Ghost]Rhyperior||AssaultVest|LightningRod|RockSlide,StoneEdge,HighHorsepower,SupercellSlam|||M|||50|,,,,,Grass\n|showteam|p2|Kyogre||ChoiceSpecs|Drizzle|WaterSpout,HydroPump,IceBeam,Thunder||||||50|,,,,,Water]Roaring Moon||BoosterEnergy|Protosynthesis|Acrobatics,KnockOff,Tailwind,Protect||||||50|,,,,,Flying]Landorus||LifeOrb|SheerForce|EarthPower,SludgeBomb,RainDance,Protect|||M|||50|,,,,,Fairy]Bruxish||FocusSash|Dazzling|AquaJet,PsychicFangs,Taunt,SuperFang|||F|||50|,,,,,Stellar]Indeedee-F||RockyHelmet|Synchronize|FakeOut,HelpingHand,HealPulse,FollowMe|||F|||50|,,,,,Dragon]Scizor||ChoiceBand|Technician|BulletPunch,Uturn,BugBite,DualWingbeat|||F|||50|,,,,,Steel\n|inactive|Battle timer is ON: inactive players will automatically lose when time's up. (requested by Lass Momo)\n|inactive|LeonardPlayz also wants the timer to be on.\n|c|\u2606LeonardPlayz|I've heard of this team\n|c|\u2606LeonardPlayz|but this is the first time I have had to fight it\n|c|\u2606Lass Momo|zama is the biggest pain for it\n|inactive|LeonardPlayz has 60 seconds left.\n|\n|t:|1743240099\n|start\n|switch|p1a: Zamazenta|Zamazenta-Crowned, L50|100/100\n|switch|p1b: Chien-Pao|Chien-Pao, L50|100/100\n|switch|p2a: Roaring Moon|Roaring Moon, L50|100/100\n|switch|p2b: Bruxish|Bruxish, L50, F|100/100\n|-ability|p1b: Chien-Pao|Sword of Ruin\n|-ability|p1a: Zamazenta|Dauntless Shield|boost\n|-boost|p1a: Zamazenta|def|1\n|-enditem|p2a: Roaring Moon|Booster Energy\n|-activate|p2a: Roaring Moon|ability: Protosynthesis|[fromitem]\n|-start|p2a: Roaring Moon|protosynthesisspe\n|turn|1\n|\n|t:|1743240118\n|move|p2a: Roaring Moon|Tailwind|p2a: Roaring Moon\n|-sidestart|p2: Lass Momo|move: Tailwind\n|move|p2b: Bruxish|Taunt|p1a: Zamazenta\n|-start|p1a: Zamazenta|move: Taunt\n|move|p1b: Chien-Pao|Icicle Crash|p2a: Roaring Moon\n|-supereffective|p2a: Roaring Moon\n|-damage|p2a: Roaring Moon|0 fnt\n|faint|p2a: Roaring Moon\n|-end|p2a: Roaring Moon|Protosynthesis|[silent]\n|move|p1a: Zamazenta|Body Press|p2b: Bruxish\n|-resisted|p2b: Bruxish\n|-damage|p2b: Bruxish|17/100\n|\n|upkeep\n|\n|t:|1743240129\n|switch|p2a: Kyogre|Kyogre, L50|100/100\n|-weather|RainDance|[from] ability: Drizzle|[of] p2a: Kyogre\n|turn|2\n|\n|t:|1743240153\n|-terastallize|p2a: Kyogre|Water\n|-terastallize|p1a: Zamazenta|Dragon\n|move|p2b: Bruxish|Super Fang|p1a: Zamazenta\n|-damage|p1a: Zamazenta|50/100\n|move|p2a: Kyogre|Water Spout|p1a: Zamazenta|[spread] p1a,p1b\n|-resisted|p1a: Zamazenta\n|-damage|p1a: Zamazenta|0 fnt\n|-enditem|p1b: Chien-Pao|Focus Sash\n|-damage|p1b: Chien-Pao|1/100\n|faint|p1a: Zamazenta\n|move|p1b: Chien-Pao|Icicle Crash|p2b: Bruxish\n|-resisted|p2b: Bruxish\n|-damage|p2b: Bruxish|0 fnt\n|faint|p2b: Bruxish\n|\n|-weather|RainDance|[upkeep]\n|upkeep\n|\n|t:|1743240168\n|switch|p1a: Rillaboom|Rillaboom, L50, M|100/100\n|switch|p2b: Landorus|Landorus, L50, M|100/100\n|-fieldstart|move: Grassy Terrain|[from] ability: Grassy Surge|[of] p1a: Rillaboom\n|turn|3\n|\n|t:|1743240190\n|move|p1b: Chien-Pao|Sucker Punch|p2a: Kyogre\n|-damage|p2a: Kyogre|49/100\n|move|p1a: Rillaboom|Grassy Glide|p2a: Kyogre\n|-supereffective|p2a: Kyogre\n|-damage|p2a: Kyogre|0 fnt\n|faint|p2a: Kyogre\n|move|p2b: Landorus|Sludge Bomb|p1b: Chien-Pao\n|-damage|p1b: Chien-Pao|0 fnt\n|faint|p1b: Chien-Pao\n|\n|-weather|RainDance|[upkeep]\n|upkeep\n|\n|t:|1743240195\n|switch|p1b: Greg|Urshifu-Rapid-Strike, L50, F|100/100\n|turn|4\n|-message|Lass Momo forfeited.\n|\n|win|LeonardPlayz\n||Lass Momo is ready for game 2.\n||LeonardPlayz is ready for game 2.\n|uhtml|next|Next: <a href=\"/battle-gen9vgc2025reggbo3-2330500137\"><strong>Game 2 of 3</strong></a>\n", "uploadtime": 1743240519, "views": 6, "formatid": "gen9vgc2025reggbo3", "rating": null, "private": 0, "password": null}