{"id": "gen9vgc2025reggbo3-2330425028", "format": "[Gen 9] VGC 2025 Reg G (Bo3)", "players": ["Tiger58", "marcosdeltasena31"], "log": "|badge|p1|bronze|gen9monotype|100-4\n|uhtml|medal-msg|<div class=\"broadcast-blue\">Curious what those medals under the avatar are? PS now has Ladder Seasons! For more information, check out the <a href=\"https://www.smogon.com/forums/threads/3740067/\">thread on Smogon.</a></div>\n|j|\u2606Tiger58\n|j|\u2606marcosdeltasena31\n|html|<table width=\"100%\"><tr><td align=\"left\">Tiger58</td><td align=\"right\">marcosdeltasena31</tr><tr><td align=\"left\"><i class=\"fa fa-circle-o\"></i> <i class=\"fa fa-circle-o\"></i> </td><td align=\"right\"><i class=\"fa fa-circle-o\"></i> <i class=\"fa fa-circle-o\"></i> </tr></table>\n|uhtml|bestof|<h2><strong>Game 1</strong> of <a href=\"/game-bestof3-gen9vgc2025reggbo3-2330425023\">a best-of-3</a></h2>\n|t:|1743225153\n|gametype|doubles\n|player|p1|Tiger58|n|1369\n|player|p2|marcosdeltasena31|hilbert|1367\n|teamsize|p1|6\n|teamsize|p2|6\n|gen|9\n|tier|[Gen 9] VGC 2025 Reg G (Bo3)\n|rated|\n|rule|Species Clause: Limit one of each Pok\u00e9mon\n|rule|Item Clause: Limit 1 of each item\n|clearpoke\n|poke|p1|Luxray, L50, M|\n|poke|p1|Chi-Yu, L50|\n|poke|p1|Flutter Mane, L50|\n|poke|p1|Groudon, L50|\n|poke|p1|Tornadus, L50, M|\n|poke|p1|Walking Wake, L50|\n|poke|p2|Miraidon, L50|\n|poke|p2|Urshifu-*, L50, M|\n|poke|p2|Ogerpon-Hearthflame, L50, F|\n|poke|p2|Whimsicott, L50, F|\n|poke|p2|Iron Hands, L50|\n|poke|p2|Farigiraf, L50, M|\n|teampreview|4\n|showteam|p1|Luxray||RockyHelmet|Intimidate|Protect,Snarl,ThunderWave,VoltSwitch|||M|||50|,,,,,Dark]Chi-Yu||FocusSash|BeadsofRuin|DarkPulse,HeatWave,Overheat,Protect||||||50|,,,,,Ghost]Flutter Mane||ChoiceSpecs|Protosynthesis|DazzlingGleam,EnergyBall,Moonblast,ShadowBall||||||50|,,,,,Fairy]Groudon||AssaultVest|Drought|FirePunch,PrecipiceBlades,RockSlide,StompingTantrum||||||50|,,,,,Fire]Tornadus||CovertCloak|Prankster|BleakwindStorm,IcyWind,Tailwind,Taunt|||M|||50|,,,,,Dark]Walking Wake||BoosterEnergy|Protosynthesis|DragonPulse,Flamethrower,HydroSteam,Protect||||||50|,,,,,Fire\n|showteam|p2|Miraidon||ChoiceSpecs|HadronEngine|ElectroDrift,DracoMeteor,DazzlingGleam,VoltSwitch||||||50|,,,,,Fairy]Urshifu-Rapid-Strike||MysticWater|UnseenFist|SurgingStrikes,CloseCombat,AquaJet,Protect|||M|||50|,,,,,Water]Ogerpon-Hearthflame||HearthflameMask|MoldBreaker|IvyCudgel,WoodHammer,FollowMe,SpikyShield|||F|||50|,,,,,Fire]Whimsicott||CovertCloak|Prankster|Moonblast,Tailwind,LightScreen,Encore|||F|||50|,,,,,Dark]Iron Hands||AssaultVest|QuarkDrive|HeavySlam,FakeOut,DrainPunch,LowKick||||||50|,,,,,Water]Farigiraf||ElectricSeed|ArmorTail|FoulPlay,Psychic,HelpingHand,TrickRoom|||M|||50|,,,,,Water\n|inactive|Battle timer is ON: inactive players will automatically lose when time's up. (requested by Tiger58)\n|\n|t:|1743225173\n|start\n|switch|p1a: Tornadus|Tornadus, L50, M|100/100\n|switch|p1b: Chi-Yu|Chi-Yu, L50|100/100\n|switch|p2a: Miraidon|Miraidon, L50|100/100\n|switch|p2b: Whimsicott|Whimsicott, L50, F|100/100\n|-fieldstart|move: Electric Terrain|[from] ability: Hadron Engine|[of] p2a: Miraidon\n|-ability|p1b: Chi-Yu|Beads of Ruin\n|turn|1\n|j| jimbuh22\n|\n|t:|1743225193\n|-terastallize|p2a: Miraidon|Fairy\n|move|p1a: Tornadus|Tailwind|p1a: Tornadus\n|-sidestart|p1: Tiger58|move: Tailwind\n|move|p2b: Whimsicott|Tailwind|p2b: Whimsicott\n|-sidestart|p2: marcosdeltasena31|move: Tailwind\n|move|p2a: Miraidon|Dazzling Gleam|p1b: Chi-Yu|[spread] p1a,p1b\n|-damage|p1a: Tornadus|0 fnt\n|-damage|p1b: Chi-Yu|12/100\n|faint|p1a: Tornadus\n|move|p1b: Chi-Yu|Heat Wave|p2a: Miraidon|[spread] p2a,p2b\n|-supereffective|p2b: Whimsicott\n|-damage|p2a: Miraidon|59/100\n|-damage|p2b: Whimsicott|0 fnt\n|faint|p2b: Whimsicott\n|\n|upkeep\n|\n|t:|1743225207\n|switch|p1a: Flutter Mane|Flutter Mane, L50|100/100\n|switch|p2b: Ogerpon|Ogerpon-Hearthflame, L50, F|100/100\n|-ability|p2b: Ogerpon|Mold Breaker\n|turn|2\n|\n|t:|1743225223\n|switch|p2a: Farigiraf|Farigiraf, L50, M|100/100\n|-enditem|p2a: Farigiraf|Electric Seed\n|-boost|p2a: Farigiraf|def|1|[from] item: Electric Seed\n|-terastallize|p1a: Flutter Mane|Fairy\n|move|p1a: Flutter Mane|Dazzling Gleam|p2a: Farigiraf|[spread] p2a,p2b\n|-resisted|p2b: Ogerpon\n|-damage|p2a: Farigiraf|22/100\n|-damage|p2b: Ogerpon|58/100\n|move|p1b: Chi-Yu|Heat Wave|p2a: Farigiraf|[spread] p2a,p2b\n|-damage|p2a: Farigiraf|0 fnt\n|-damage|p2b: Ogerpon|8/100\n|faint|p2a: Farigiraf\n|move|p2b: Ogerpon|Ivy Cudgel|p1b: Chi-Yu|[anim] Ivy Cudgel Fire\n|-resisted|p1b: Chi-Yu\n|-damage|p1b: Chi-Yu|0 fnt\n|faint|p1b: Chi-Yu\n|\n|upkeep\n|\n|t:|1743225236\n|switch|p1b: Luxray|Luxray, L50, M|100/100\n|switch|p2a: Miraidon|Miraidon, L50, tera:Fairy|59/100\n|-activate|p2a: Miraidon|ability: Hadron Engine\n|-ability|p1b: Luxray|Intimidate|boost\n|-unboost|p2a: Miraidon|atk|1\n|-unboost|p2b: Ogerpon|atk|1\n|turn|3\n|\n|t:|1743225253\n|move|p1a: Flutter Mane|Dazzling Gleam|p2a: Miraidon|[spread] p2a,p2b\n|-resisted|p2b: Ogerpon\n|-damage|p2a: Miraidon|5/100\n|-damage|p2b: Ogerpon|0 fnt\n|faint|p2b: Ogerpon\n|move|p2a: Miraidon|Dazzling Gleam|p1a: Flutter Mane|[spread] p1a,p1b\n|-damage|p1a: Flutter Mane|30/100\n|-damage|p1b: Luxray|48/100\n|move|p1b: Luxray|Volt Switch|p2a: Miraidon\n|-damage|p2a: Miraidon|0 fnt\n|faint|p2a: Miraidon\n|\n|win|Tiger58\n||Tiger58 is ready for game 2.\n||marcosdeltasena31 is ready for game 2.\n|uhtml|next|Next: <a href=\"/battle-gen9vgc2025reggbo3-2330425702\"><strong>Game 2 of 3</strong></a>\n|l|\u2606marcosdeltasena31\n|player|p2|\n|l|\u2606Tiger58\n|player|p1|\n|l| jimbuh22\n", "uploadtime": 1743225655, "views": 7, "formatid": "gen9vgc2025reggbo3", "rating": null, "private": 0, "password": null}