{"id": "gen9vgc2025reggbo3-2330509390", "format": "[Gen 9] VGC 2025 Reg G (Bo3)", "players": ["squ1dge_", "doung yolph"], "log": "|j|\u2606squ1dge_\n|j|\u2606doung yolph\n|html|<table width=\"100%\"><tr><td align=\"left\">squ1dge_</td><td align=\"right\">doung yolph</tr><tr><td align=\"left\"><i class=\"fa fa-circle-o\"></i> <i class=\"fa fa-circle-o\"></i> </td><td align=\"right\"><i class=\"fa fa-circle-o\"></i> <i class=\"fa fa-circle-o\"></i> </tr></table>\n|uhtml|bestof|<h2><strong>Game 1</strong> of <a href=\"/game-bestof3-gen9vgc2025reggbo3-2330509389\">a best-of-3</a></h2>\n|t:|1743242041\n|gametype|doubles\n|player|p1|squ1dge_|102|1365\n|player|p2|doung yolph|jasmine-gen2|1411\n|teamsize|p1|6\n|teamsize|p2|6\n|gen|9\n|tier|[Gen 9] VGC 2025 Reg G (Bo3)\n|rated|\n|rule|Species Clause: Limit one of each Pok\u00e9mon\n|rule|Item Clause: Limit 1 of each item\n|clearpoke\n|poke|p1|Grimmsnarl, L50, M|\n|poke|p1|Ogerpon-Cornerstone, L50, F|\n|poke|p1|Calyrex-Ice, L50|\n|poke|p1|Landorus, L50, M|\n|poke|p1|Raging Bolt, L50|\n|poke|p1|Urshifu-*, L50, M|\n|poke|p2|Zacian-*, L50|\n|poke|p2|Urshifu-*, L50, M|\n|poke|p2|Tornadus, L50, M|\n|poke|p2|Raging Bolt, L50|\n|poke|p2|Gholdengo, L50|\n|poke|p2|Iron Moth, L50|\n|teampreview|4\n|showteam|p1|Grimmsnarl||LightClay|Prankster|LightScreen,Reflect,FoulPlay,ThunderWave|||M|||50|,,,,,Ghost]Ogerpon-Cornerstone||CornerstoneMask|Sturdy|IvyCudgel,PowerWhip,SpikyShield,FollowMe|||F|||50|,,,,,Rock]Calyrex-Ice||ClearAmulet|AsOneGlastrier|GlacialLance,HighHorsepower,TrickRoom,Protect||||||50|,,,,,Normal]Landorus||LifeOrb|SheerForce|EarthPower,SandsearStorm,SludgeBomb,Protect|||M|||50|,,,,,Poison]Raging Bolt||AssaultVest|Protosynthesis|Thunderclap,Thunderbolt,Electroweb,DracoMeteor||||||50|,,,,,Electric]Urshifu-Rapid-Strike||MysticWater|UnseenFist|SurgingStrikes,AquaJet,Taunt,Detect|||M|||50|,,,,,Water\n|showteam|p2|Zacian-Crowned||RustedSword|IntrepidSword|PlayRough,SacredSword,behemothblade,Protect||||||50|,,,,,Stellar]Urshifu||ChoiceBand|UnseenFist|WickedBlow,CloseCombat,SuckerPunch,Uturn|||M|||50|,,,,,Dark]Tornadus||AbilityShield|Prankster|BleakwindStorm,Tailwind,Protect,Taunt|||M|||50|,,,,,Dark]Raging Bolt||BoosterEnergy|Protosynthesis|Thunderbolt,DracoMeteor,Thunderclap,Electroweb||||||50|,,,,,Water]Gholdengo||ChoiceScarf|GoodasGold|MakeItRain,ShadowBall,Trick,Protect||||||50|,,,,,Water]Iron Moth||PowerHerb|QuarkDrive|MeteorBeam,HeatWave,EnergyBall,Protect||||||50|,,,,,Grass\n|\n|t:|1743242101\n|start\n|switch|p1a: Grimmsnarl|Grimmsnarl, L50, M|100/100\n|switch|p1b: Calyrex|Calyrex-Ice, L50|100/100\n|switch|p2a: Gholdengo|Gholdengo, L50|100/100\n|switch|p2b: Urshifu|Urshifu, L50, M|100/100\n|-ability|p1b: Calyrex|As One\n|-ability|p1b: Calyrex|Unnerve\n|turn|1\n|\n|t:|1743242127\n|-terastallize|p2b: Urshifu|Dark\n|move|p1a: Grimmsnarl|Thunder Wave|p2b: Urshifu\n|-hint|Since gen 7, Dark is immune to Prankster moves.\n|-immune|p2b: Urshifu\n|move|p2a: Gholdengo|Make It Rain|p1b: Calyrex|[spread] p1a,p1b\n|-supereffective|p1a: Grimmsnarl\n|-supereffective|p1b: Calyrex\n|-damage|p1a: Grimmsnarl|1/100\n|-damage|p1b: Calyrex|18/100\n|-unboost|p2a: Gholdengo|spa|1\n|move|p2b: Urshifu|Wicked Blow|p1b: Calyrex\n|-supereffective|p1b: Calyrex\n|-crit|p1b: Calyrex\n|-damage|p1b: Calyrex|0 fnt\n|faint|p1b: Calyrex\n|\n|upkeep\n|-message|squ1dge_ forfeited.\n|\n|win|doung yolph\n||squ1dge_ is ready for game 2.\n||doung yolph is ready for game 2.\n|uhtml|next|Next: <a href=\"/battle-gen9vgc2025reggbo3-2330509880\"><strong>Game 2 of 3</strong></a>\n|l|\u2606squ1dge_\n|player|p1|\n|l|\u2606doung yolph\n|player|p2|\n", "uploadtime": 1743242454, "views": 5, "formatid": "gen9vgc2025reggbo3", "rating": null, "private": 0, "password": null}