{"id": "gen9vgc2025reggbo3-2330461056", "format": "[Gen 9] VGC 2025 Reg G (Bo3)", "players": ["LeonardPlayz", "thischarmingvgcalt"], "log": "|j|\u2606LeonardPlayz\n|j|\u2606thischarmingvgcalt\n|html|<table width=\"100%\"><tr><td align=\"left\">LeonardPlayz</td><td align=\"right\">thischarmingvgcalt</tr><tr><td align=\"left\"><i class=\"fa fa-circle-o\"></i> <i class=\"fa fa-circle-o\"></i> </td><td align=\"right\"><i class=\"fa fa-circle-o\"></i> <i class=\"fa fa-circle-o\"></i> </tr></table>\n|uhtml|bestof|<h2><strong>Game 1</strong> of <a href=\"/game-bestof3-gen9vgc2025reggbo3-2330461055\">a best-of-3</a></h2>\n|t:|1743231816\n|gametype|doubles\n|player|p1|LeonardPlayz|hilbert-wonderlauncher|1197\n|player|p2|thischarmingvgcalt|morty|1267\n|teamsize|p1|6\n|teamsize|p2|6\n|gen|9\n|tier|[Gen 9] VGC 2025 Reg G (Bo3)\n|rated|\n|rule|Species Clause: Limit one of each Pok\u00e9mon\n|rule|Item Clause: Limit 1 of each item\n|clearpoke\n|poke|p1|Zamazenta-*, L50|\n|poke|p1|Chien-Pao, L50|\n|poke|p1|Tornadus, L50, M|\n|poke|p1|Landorus, L50, M|\n|poke|p1|Ogerpon-Cornerstone, L50, F|\n|poke|p1|Raging Bolt, L50|\n|poke|p2|Calyrex-Ice, L50|\n|poke|p2|Alcremie, L50, F|\n|poke|p2|Ogerpon-Hearthflame, L50, F|\n|poke|p2|Ursaluna-Bloodmoon, L50, M|\n|poke|p2|Indeedee-F, L50, F|\n|poke|p2|Iron Hands, L50|\n|teampreview|4\n|showteam|p1|Zamazenta-Crowned||RustedShield|DauntlessShield|BodyPress,behemothbash,WideGuard,Protect||||||50|,,,,,Flying]Chien-Pao||FocusSash|SwordofRuin|IceSpinner,Haze,SuckerPunch,Protect||||||50|,,,,,Ghost]Tornadus||CovertCloak|Prankster|BleakwindStorm,RainDance,Tailwind,Taunt|||M|||50|,,,,,Dark]Landorus||LifeOrb|SheerForce|EarthPower,SludgeBomb,SandsearStorm,Protect|||M|||50|,,,,,Water]Ogerpon-Cornerstone||CornerstoneMask|Sturdy|IvyCudgel,FollowMe,HornLeech,SpikyShield|||F|||50|,,,,,Rock]Raging Bolt||SafetyGoggles|Protosynthesis|DracoMeteor,Thunderclap,Electroweb,Protect||||||50|,,,,,Fairy\n|showteam|p2|Calyrex-Ice||ClearAmulet|AsOneGlastrier|GlacialLance,HighHorsepower,Protect,TrickRoom||||||50|,,,,,Fire]Alcremie||RockyHelmet|SweetVeil|Decorate,AlluringVoice,HelpingHand,Protect|||F|||50|,,,,,Dark]Ogerpon-Hearthflame||HearthflameMask|MoldBreaker|IvyCudgel,WoodHammer,SpikyShield,FollowMe|||F|||50|,,,,,Fire]Ursaluna-Bloodmoon||LifeOrb|MindsEye|BloodMoon,HyperVoice,EarthPower,Protect|||M|||50|,,,,,Ghost]Indeedee-F||SafetyGoggles|PsychicSurge|AlluringVoice,TrickRoom,HelpingHand,FollowMe|||F|||50|,,,,,Fairy]Iron Hands||AssaultVest|QuarkDrive|FakeOut,WildCharge,LowKick,HeavySlam||||||50|,,,,,Water\n|inactive|Battle timer is ON: inactive players will automatically lose when time's up. (requested by LeonardPlayz)\n|inactive|thischarmingvgcalt also wants the timer to be on.\n|inactive|LeonardPlayz has 60 seconds left.\n|\n|t:|1743231848\n|start\n|switch|p1a: Ogerpon|Ogerpon-Cornerstone, L50, F|100/100\n|switch|p1b: Chien-Pao|Chien-Pao, L50|100/100\n|switch|p2a: Calyrex|Calyrex-Ice, L50|100/100\n|switch|p2b: Indeedee|Indeedee-F, L50, F|100/100\n|-ability|p2a: Calyrex|As One\n|-ability|p2a: Calyrex|Unnerve\n|-ability|p1b: Chien-Pao|Sword of Ruin\n|-fieldstart|move: Psychic Terrain|[from] ability: Psychic Surge|[of] p2b: Indeedee\n|turn|1\n|\n|t:|1743231864\n|-terastallize|p1a: Ogerpon|Rock\n|detailschange|p1a: Ogerpon|Ogerpon-Cornerstone-Tera, L50, F, tera:Rock\n|-ability|p1a: Ogerpon|Embody Aspect (Cornerstone)|boost\n|-boost|p1a: Ogerpon|def|1\n|move|p2a: Calyrex|Protect|p2a: Calyrex\n|-singleturn|p2a: Calyrex|Protect\n|move|p1b: Chien-Pao|Ice Spinner|p2b: Indeedee\n|-damage|p2b: Indeedee|54/100\n|-fieldend|move: Psychic Terrain\n|move|p1a: Ogerpon|Ivy Cudgel|p2a: Calyrex|[anim] Ivy Cudgel Rock\n|-activate|p2a: Calyrex|move: Protect\n|move|p2b: Indeedee|Trick Room|p2b: Indeedee\n|-fieldstart|move: Trick Room|[of] p2b: Indeedee\n|\n|upkeep\n|turn|2\n|\n|t:|1743231886\n|-terastallize|p2a: Calyrex|Fire\n|move|p2b: Indeedee|Helping Hand|p2a: Calyrex\n|-singleturn|p2a: Calyrex|Helping Hand|[of] p2b: Indeedee\n|move|p2a: Calyrex|High Horsepower|p1a: Ogerpon\n|-supereffective|p1a: Ogerpon\n|-damage|p1a: Ogerpon|0 fnt\n|faint|p1a: Ogerpon\n|-ability|p2a: Calyrex|Chilling Neigh|boost\n|-boost|p2a: Calyrex|atk|1\n|move|p1b: Chien-Pao|Ice Spinner|p2b: Indeedee\n|-damage|p2b: Indeedee|4/100\n|\n|upkeep\n|\n|t:|1743231896\n|switch|p1a: Zamazenta|Zamazenta-Crowned, L50|100/100\n|-ability|p1a: Zamazenta|Dauntless Shield|boost\n|-boost|p1a: Zamazenta|def|1\n|turn|3\n|\n|t:|1743231907\n|move|p1a: Zamazenta|Protect|p1a: Zamazenta\n|-singleturn|p1a: Zamazenta|Protect\n|move|p2a: Calyrex|High Horsepower|p1b: Chien-Pao\n|-damage|p1b: Chien-Pao|21/100\n|move|p2b: Indeedee|Alluring Voice|p1b: Chien-Pao\n|-supereffective|p1b: Chien-Pao\n|-crit|p1b: Chien-Pao\n|-damage|p1b: Chien-Pao|0 fnt\n|faint|p1b: Chien-Pao\n|\n|upkeep\n|-message|LeonardPlayz forfeited.\n|\n|win|thischarmingvgcalt\n|l|\u2606LeonardPlayz\n|player|p1|\n||LeonardPlayz is ready for game 2.\n||thischarmingvgcalt is ready for game 2.\n|uhtml|next|Next: <a href=\"/battle-gen9vgc2025reggbo3-2330461559\"><strong>Game 2 of 3</strong></a>\n|l|\u2606thischarmingvgcalt\n|player|p2|\n", "uploadtime": 1743232295, "views": 5, "formatid": "gen9vgc2025reggbo3", "rating": null, "private": 0, "password": null}