{"id": "gen9vgc2025reggbo3-2330463886", "format": "[Gen 9] VGC 2025 Reg G (Bo3)", "players": ["McFlurry dealer", "Amewarashi"], "log": "|j|\u2606McFlurry dealer\n|j|\u2606Amewarashi\n|html|<table width=\"100%\"><tr><td align=\"left\">McFlurry dealer</td><td align=\"right\">Amewarashi</tr><tr><td align=\"left\"><i class=\"fa fa-circle-o\"></i> <i class=\"fa fa-circle-o\"></i> </td><td align=\"right\"><i class=\"fa fa-circle-o\"></i> <i class=\"fa fa-circle-o\"></i> </tr></table>\n|uhtml|bestof|<h2><strong>Game 1</strong> of <a href=\"/game-bestof3-gen9vgc2025reggbo3-2330463885\">a best-of-3</a></h2>\n|t:|1743232389\n|gametype|doubles\n|player|p1|McFlurry dealer|102|1132\n|player|p2|Amewarashi|266|1126\n|teamsize|p1|6\n|teamsize|p2|6\n|gen|9\n|tier|[Gen 9] VGC 2025 Reg G (Bo3)\n|rated|\n|rule|Species Clause: Limit one of each Pok\u00e9mon\n|rule|Item Clause: Limit 1 of each item\n|clearpoke\n|poke|p1|Kyogre, L50|\n|poke|p1|Wo-Chien, L50|\n|poke|p1|Flutter Mane, L50|\n|poke|p1|Roaring Moon, L50|\n|poke|p1|Basculegion, L50, M|\n|poke|p1|Tinkaton, L50, F|\n|poke|p2|Incineroar, L50, F|\n|poke|p2|Farigiraf, L50, F|\n|poke|p2|Whimsicott, L50, M|\n|poke|p2|Flutter Mane, L50|\n|poke|p2|Koraidon, L50|\n|poke|p2|Iron Hands, L50|\n|teampreview|4\n|showteam|p1|Kyogre||Leftovers|Drizzle|OriginPulse,IceBeam,CalmMind,Protect||||||50|,,,,,Grass]Wo-Chien||WikiBerry|TabletsofRuin|PollenPuff,GrassKnot,LeechSeed,Protect||||||50|,,,,,Water]Flutter Mane||FocusSash|Protosynthesis|Moonblast,ShadowBall,DazzlingGleam,Protect||||||50|,,,,,Fairy]Roaring Moon||BoosterEnergy|Protosynthesis|Acrobatics,KnockOff,Tailwind,Protect||||||50|,,,,,Flying]Basculegion||ChoiceScarf|Adaptability|WaveCrash,LastRespects,AquaJet,FlipTurn|||M|||50|,,,,,Water]Tinkaton||AssaultVest|MoldBreaker|GigatonHammer,PlayRough,FakeOut,Feint|||F|||50|,,,,,Water\n|showteam|p2|Incineroar||SafetyGoggles|Intimidate|FakeOut,PartingShot,KnockOff,Protect|||F|||50|,,,,,Ghost]Farigiraf||ThroatSpray|ArmorTail|HyperVoice,Protect,Psychic,TrickRoom|||F|||50|,,,,,Fairy]Whimsicott||CovertCloak|Prankster|Tailwind,Moonblast,Protect,Taunt|||M|||50|,,,,,Fairy]Flutter Mane||FocusSash|Protosynthesis|DazzlingGleam,ShadowBall,Protect,IcyWind||||||50|,,,,,Dark]Koraidon||LifeOrb|OrichalcumPulse|FlameCharge,FlareBlitz,CloseCombat,Protect||||||50|,,,,,Fire]Iron Hands||AssaultVest|QuarkDrive|VoltSwitch,FakeOut,CloseCombat,IcePunch||||||50|,,,,,Ghost\n|inactive|Battle timer is ON: inactive players will automatically lose when time's up. (requested by Amewarashi)\n|inactive|McFlurry dealer has 60 seconds left.\n|inactive|Amewarashi has 60 seconds left.\n|inactive|McFlurry dealer has 30 seconds left.\n|inactive|McFlurry dealer has 20 seconds left.\n|inactive|McFlurry dealer has 15 seconds left.\n|\n|t:|1743232468\n|start\n|switch|p1a: Kyogre|Kyogre, L50|100/100\n|switch|p1b: Flutter Mane|Flutter Mane, L50|100/100\n|switch|p2a: Koraidon|Koraidon, L50|100/100\n|switch|p2b: Incineroar|Incineroar, L50, F|100/100\n|-weather|SunnyDay|[from] ability: Orichalcum Pulse|[of] p2a: Koraidon\n|-activate|p1b: Flutter Mane|ability: Protosynthesis\n|-start|p1b: Flutter Mane|protosynthesisspe\n|-activate|p2a: Koraidon|Orichalcum Pulse|[source]\n|-weather|RainDance|[from] ability: Drizzle|[of] p1a: Kyogre\n|-end|p1b: Flutter Mane|Protosynthesis\n|-ability|p2b: Incineroar|Intimidate|boost\n|-unboost|p1a: Kyogre|atk|1\n|-unboost|p1b: Flutter Mane|atk|1\n|turn|1\n|inactive|McFlurry dealer has 30 seconds left.\n|\n|t:|1743232499\n|switch|p2a: Farigiraf|Farigiraf, L50, F|100/100\n|move|p2b: Incineroar|Fake Out|p1a: Kyogre\n|-crit|p1a: Kyogre\n|-damage|p1a: Kyogre|89/100\n|move|p1b: Flutter Mane|Dazzling Gleam|p2a: Farigiraf|[spread] p2a,p2b\n|-damage|p2a: Farigiraf|76/100\n|-damage|p2b: Incineroar|80/100\n|cant|p1a: Kyogre|flinch\n|\n|-weather|RainDance|[upkeep]\n|-heal|p1a: Kyogre|95/100|[from] item: Leftovers\n|upkeep\n|turn|2\n|\n|t:|1743232519\n|switch|p2b: Koraidon|Koraidon, L50|100/100\n|-weather|SunnyDay|[from] ability: Orichalcum Pulse|[of] p2b: Koraidon\n|-activate|p1b: Flutter Mane|ability: Protosynthesis\n|-start|p1b: Flutter Mane|protosynthesisspe\n|-activate|p2b: Koraidon|Orichalcum Pulse|[source]\n|move|p1b: Flutter Mane|Dazzling Gleam|p2a: Farigiraf|[spread] p2a,p2b\n|-crit|p2a: Farigiraf\n|-supereffective|p2b: Koraidon\n|-damage|p2a: Farigiraf|41/100\n|-damage|p2b: Koraidon|0 fnt\n|faint|p2b: Koraidon\n|move|p1a: Kyogre|Calm Mind|p1a: Kyogre\n|-boost|p1a: Kyogre|spa|1\n|-boost|p1a: Kyogre|spd|1\n|move|p2a: Farigiraf|Hyper Voice|p1b: Flutter Mane|[spread] p1a\n|-immune|p1b: Flutter Mane\n|-damage|p1a: Kyogre|85/100\n|-enditem|p2a: Farigiraf|Throat Spray\n|-boost|p2a: Farigiraf|spa|1|[from] item: Throat Spray\n|\n|-weather|SunnyDay|[upkeep]\n|-heal|p1a: Kyogre|90/100|[from] item: Leftovers\n|upkeep\n|-message|Amewarashi forfeited.\n|raw|McFlurry dealer's rating: 1132 &rarr; <strong>1157</strong><br />(+25 for winning)\n|raw|Amewarashi's rating: 1126 &rarr; <strong>1101</strong><br />(-25 for losing)\n|\n|win|McFlurry dealer\n|l|\u2606Amewarashi\n|player|p2|\n|l|\u2606McFlurry dealer\n|player|p1|\n", "uploadtime": 1743232860, "views": 7, "formatid": "gen9vgc2025reggbo3", "rating": 1101, "private": 0, "password": null}