{"id": "gen9vgc2025reggbo3-2330464393", "format": "[Gen 9] VGC 2025 Reg G (Bo3)", "players": ["GG=Groudon Gaming", "kwankwan"], "log": "|j|\u2606GG=Groudon Gaming\n|j|\u2606kwankwan\n|html|<table width=\"100%\"><tr><td align=\"left\">GG=Groudon Gaming</td><td align=\"right\">kwankwan</tr><tr><td align=\"left\"><i class=\"fa fa-circle-o\"></i> <i class=\"fa fa-circle-o\"></i> </td><td align=\"right\"><i class=\"fa fa-circle-o\"></i> <i class=\"fa fa-circle\"></i> </tr></table>\n|uhtml|bestof|<h2><strong>Game 2</strong> of <a href=\"/game-bestof3-gen9vgc2025reggbo3-2330463241\">a best-of-3</a></h2>\n|t:|1743232491\n|gametype|doubles\n|player|p1|GG=Groudon Gaming|furisodegirl-black|1420\n|player|p2|kwankwan|265|1369\n|teamsize|p1|6\n|teamsize|p2|6\n|gen|9\n|tier|[Gen 9] VGC 2025 Reg G (Bo3)\n|rated|\n|rule|Species Clause: Limit one of each Pok\u00e9mon\n|rule|Item Clause: Limit 1 of each item\n|clearpoke\n|poke|p1|Groudon, L50|\n|poke|p1|Gouging Fire, L50|\n|poke|p1|Raging Bolt, L50|\n|poke|p1|Bronzong, L50|\n|poke|p1|Volcarona, L50, M|\n|poke|p1|Roaring Moon, L50|\n|poke|p2|Calyrex-Ice, L50|\n|poke|p2|Amoonguss, L50, M|\n|poke|p2|Incineroar, L50, F|\n|poke|p2|Raging Bolt, L50|\n|poke|p2|Landorus, L50, M|\n|poke|p2|Urshifu-*, L50, F|\n|teampreview|4\n|showteam|p1|Groudon||ClearAmulet|Drought|PrecipiceBlades,HighHorsepower,HeatCrash,Protect||||||50|,,,,,Fire]Gouging Fire||CovertCloak|Protosynthesis|FlareBlitz,BreakingSwipe,Howl,BurningBulwark||||||50|,,,,,Fairy]Raging Bolt||AssaultVest|Protosynthesis|Thunderclap,Thunderbolt,DracoMeteor,Snarl||||||50|,,,,,Water]Bronzong||SafetyGoggles|Levitate|GyroBall,Hypnosis,Gravity,TrickRoom||||||50|,,,,,Dark]Volcarona||RockyHelmet|FlameBody|HeatWave,RagePowder,WillOWisp,Protect|||M|||50|,,,,,Water]Roaring Moon||BoosterEnergy|Protosynthesis|Acrobatics,KnockOff,Tailwind,Protect||||||50|,,,,,Flying\n|showteam|p2|Calyrex-Ice||ClearAmulet|AsOneGlastrier|GlacialLance,HighHorsepower,TrickRoom,Protect||||||50|,,,,,Water]Amoonguss||CovertCloak|Regenerator|Spore,RagePowder,PollenPuff,ClearSmog|||M|||50|,,,,,Water]Incineroar||SafetyGoggles|Intimidate|KnockOff,WillOWisp,PartingShot,FakeOut|||F|||50|,,,,,Ghost]Raging Bolt||AssaultVest|Protosynthesis|Thunderclap,Thunderbolt,DracoMeteor,Snarl||||||50|,,,,,Fairy]Landorus||ChoiceScarf|SheerForce|EarthPower,SandsearStorm,SludgeBomb,Uturn|||M|||50|,,,,,Ghost]Urshifu-Rapid-Strike||MysticWater|UnseenFist|SurgingStrikes,AquaJet,Taunt,Detect|||F|||50|,,,,,Water\n|inactive|Battle timer is ON: inactive players will automatically lose when time's up. (requested by GG=Groudon Gaming)\n|inactive|GG=Groudon Gaming has 60 seconds left.\n|inactive|kwankwan has 60 seconds left.\n|\n|t:|1743232528\n|start\n|switch|p1a: Groudon|Groudon, L50|100/100\n|switch|p1b: Roaring Moon|Roaring Moon, L50|100/100\n|switch|p2a: Calyrex|Calyrex-Ice, L50|100/100\n|switch|p2b: Incineroar|Incineroar, L50, F, shiny|100/100\n|-ability|p2a: Calyrex|As One\n|-ability|p2a: Calyrex|Unnerve\n|-weather|SunnyDay|[from] ability: Drought|[of] p1a: Groudon\n|-activate|p1b: Roaring Moon|ability: Protosynthesis\n|-start|p1b: Roaring Moon|protosynthesisspe\n|-ability|p2b: Incineroar|Intimidate|boost\n|-fail|p1a: Groudon|unboost|[from] item: Clear Amulet|[of] p1a: Groudon\n|-unboost|p1b: Roaring Moon|atk|1\n|turn|1\n|inactive|kwankwan has 30 seconds left.\n|\n|t:|1743232558\n|-end|p1b: Roaring Moon|Protosynthesis|[silent]\n|switch|p1b: Volcarona|Volcarona, L50, M|100/100\n|-terastallize|p1a: Groudon|Fire\n|-terastallize|p2a: Calyrex|Water\n|move|p2b: Incineroar|Fake Out|p1b: Volcarona\n|-damage|p1b: Volcarona|91/100\n|-damage|p2b: Incineroar|84/100|[from] item: Rocky Helmet|[of] p1b: Volcarona\n|move|p1a: Groudon|Precipice Blades|p2b: Incineroar|[spread] p2a,p2b\n|-supereffective|p2b: Incineroar\n|-damage|p2a: Calyrex|70/100\n|-damage|p2b: Incineroar|0 fnt\n|faint|p2b: Incineroar\n|move|p2a: Calyrex|Trick Room|p2a: Calyrex\n|-fieldstart|move: Trick Room|[of] p2a: Calyrex\n|\n|-weather|SunnyDay|[upkeep]\n|upkeep\n|\n|t:|1743232574\n|switch|p2b: Raging Bolt|Raging Bolt, L50|100/100\n|-activate|p2b: Raging Bolt|ability: Protosynthesis\n|-start|p2b: Raging Bolt|protosynthesisspa\n|turn|2\n|\n|t:|1743232594\n|move|p1a: Groudon|Protect|p1a: Groudon\n|-singleturn|p1a: Groudon|Protect\n|move|p2a: Calyrex|High Horsepower|p1b: Volcarona\n|-crit|p1b: Volcarona\n|-damage|p1b: Volcarona|36/100\n|-damage|p2a: Calyrex|53/100|[from] item: Rocky Helmet|[of] p1b: Volcarona\n|move|p2b: Raging Bolt|Thunderbolt|p1b: Volcarona\n|-damage|p1b: Volcarona|0 fnt\n|faint|p1b: Volcarona\n|\n|-weather|SunnyDay|[upkeep]\n|upkeep\n|\n|t:|1743232602\n|switch|p1b: Raging Bolt|Raging Bolt, L50|100/100\n|-activate|p1b: Raging Bolt|ability: Protosynthesis\n|-start|p1b: Raging Bolt|protosynthesisspa\n|turn|3\n|inactive|kwankwan has 30 seconds left.\n|inactive|kwankwan has 20 seconds left.\n|\n|t:|1743232638\n|move|p1b: Raging Bolt|Thunderclap|p2a: Calyrex\n|-supereffective|p2a: Calyrex\n|-damage|p2a: Calyrex|0 fnt\n|faint|p2a: Calyrex\n|move|p2b: Raging Bolt|Draco Meteor|p1a: Groudon\n|-damage|p1a: Groudon|16/100\n|-unboost|p2b: Raging Bolt|spa|2\n|move|p1a: Groudon|Precipice Blades|p2b: Raging Bolt\n|-supereffective|p2b: Raging Bolt\n|-damage|p2b: Raging Bolt|0 fnt\n|faint|p2b: Raging Bolt\n|-end|p2b: Raging Bolt|Protosynthesis|[silent]\n|\n|-weather|SunnyDay|[upkeep]\n|upkeep\n|-message|kwankwan forfeited.\n|\n|win|GG=Groudon Gaming\n||kwankwan is ready for game 3.\n||GG=Groudon Gaming is ready for game 3.\n|uhtml|next|Next: <a href=\"/battle-gen9vgc2025reggbo3-2330465145\"><strong>Game 3 of 3</strong></a>\n", "uploadtime": 1743233016, "views": 11, "formatid": "gen9vgc2025reggbo3", "rating": null, "private": 0, "password": null}