{"id": "gen9vgc2025reggbo3-2330528551", "format": "[Gen 9] VGC 2025 Reg G (Bo3)", "players": ["Bobbo1", "Bobbo2"], "log": "|j|\u2606Bobbo1\n|j|\u2606Bobbo2\n|html|<table width=\"100%\"><tr><td align=\"left\">Bobbo1</td><td align=\"right\">Bobbo2</tr><tr><td align=\"left\"><i class=\"fa fa-circle-o\"></i> <i class=\"fa fa-circle-o\"></i> </td><td align=\"right\"><i class=\"fa fa-circle-o\"></i> <i class=\"fa fa-circle-o\"></i> </tr></table>\n|uhtml|bestof|<h2><strong>Game 1</strong> of <a href=\"/game-bestof3-gen9vgc2025reggbo3-2330528550\">a best-of-3</a></h2>\n|t:|1743245634\n|gametype|doubles\n|player|p1|Bobbo1|ghetsis|\n|player|p2|Bobbo2|rood|\n|teamsize|p1|6\n|teamsize|p2|6\n|gen|9\n|tier|[Gen 9] VGC 2025 Reg G (Bo3)\n|rule|Species Clause: Limit one of each Pok\u00e9mon\n|rule|Item Clause: Limit 1 of each item\n|clearpoke\n|poke|p1|Calyrex, L50|\n|poke|p1|Mimikyu, L50, F|\n|poke|p1|Quilava, L50, M|\n|poke|p1|Pachirisu, L50, F|\n|poke|p1|Pawmot, L50, F|\n|poke|p1|Skarmory, L50, F|\n|poke|p2|Raichu-Alola, L50, M|\n|poke|p2|Haunter, L50, F|\n|poke|p2|Calyrex, L50|\n|poke|p2|Pawmot, L50, M|\n|poke|p2|Morpeko, L50, F|\n|poke|p2|Ivysaur, L50, F|\n|teampreview|4\n|showteam|p1|Calyrex||Leftovers|Unnerve|CalmMind,EnergyBall,Psychic,Protect||||||50|,,,,,Dragon]Mimikyu||RockyHelmet|Disguise|TrickRoom,WillOWisp,PlayRough,Protect|||F|||50|,,,,,Dragon]Quilava||Eviolite|FlashFire|SunnyDay,Eruption,Protect,WillOWisp|||M|||50|,,,,,Grass]Pachirisu||SafetyGoggles|VoltAbsorb|FollowMe,Nuzzle,HelpingHand,Protect|||F|||50|,,,,,Dragon]Pawmot||CovertCloak|VoltAbsorb|SunnyDay,DoubleShock,CloseCombat,Protect|||F|||50|,,,,,Electric]Skarmory||FocusSash|WeakArmor|Tailwind,BraveBird,TeraBlast,Protect|||F|||50|,,,,,Ground\n|showteam|p2|Raichu-Alola||ChoiceSpecs|SurgeSurfer|Surf,Psychic,ExpandingForce,VoltSwitch|||M|||50|,,,,,Electric]Haunter||ChoiceScarf|Levitate|RainDance,Hex,WillOWisp,Protect|||F|||50|,,,,,Electric]Calyrex||FocusSash|Unnerve|PollenPuff,PsychicTerrain,Encore,Protect||||||50|,,,,,Fire]Pawmot||ChoiceBand|IronFist|MachPunch,FirePunch,DoubleShock,CloseCombat|||M|||50|,,,,,Electric]Morpeko||Leftovers|HungerSwitch|Outrage,Protect,Substitute,AuraWheel|||F|||50|,,,,,Dragon]Ivysaur||Eviolite|Overgrow|GigaDrain,SludgeBomb,Protect,SleepPowder|||F|||50|,,,,,Grass\n|-message|Bobbo1 forfeited.\n|\n|win|Bobbo2\n|l|\u2606Bobbo1\n|player|p1|\n|l|\u2606Bobbo2\n|player|p2|\n", "uploadtime": 1743246049, "views": 5, "formatid": "gen9vgc2025reggbo3", "rating": null, "private": 0, "password": null}