{"id": "gen9vgc2025reggbo3-2330535581", "format": "[Gen 9] VGC 2025 Reg G (Bo3)", "players": ["FleurCannon56", "PrimarinaMasona"], "log": "|j|\u2606FleurCannon56\n|j|\u2606PrimarinaMasona\n|html|<table width=\"100%\"><tr><td align=\"left\">FleurCannon56</td><td align=\"right\">PrimarinaMasona</tr><tr><td align=\"left\"><i class=\"fa fa-circle-o\"></i> <i class=\"fa fa-circle-o\"></i> </td><td align=\"right\"><i class=\"fa fa-circle-o\"></i> <i class=\"fa fa-circle-o\"></i> </tr></table>\n|uhtml|bestof|<h2><strong>Game 1</strong> of <a href=\"/game-bestof3-gen9vgc2025reggbo3-2330535579\">a best-of-3</a></h2>\n|t:|1743246896\n|gametype|doubles\n|player|p1|FleurCannon56|lisia|1439\n|player|p2|PrimarinaMasona|fisherman-gen4|1514\n|teamsize|p1|6\n|teamsize|p2|6\n|gen|9\n|tier|[Gen 9] VGC 2025 Reg G (Bo3)\n|rated|\n|rule|Species Clause: Limit one of each Pok\u00e9mon\n|rule|Item Clause: Limit 1 of each item\n|clearpoke\n|poke|p1|Koraidon, L50|\n|poke|p1|Indeedee-F, L50, F|\n|poke|p1|Delphox, L50, F|\n|poke|p1|Flutter Mane, L50|\n|poke|p1|Whimsicott, L50, M|\n|poke|p1|Walking Wake, L50|\n|poke|p2|Lunala, L50|\n|poke|p2|Roaring Moon, L50|\n|poke|p2|Ogerpon-Hearthflame, L50, F|\n|poke|p2|Indeedee-F, L50, F|\n|poke|p2|Landorus, L50, M|\n|poke|p2|Urshifu-*, L50, F|\n|teampreview|4\n|showteam|p1|Koraidon||ChoiceBand|OrichalcumPulse|Uturn,BreakingSwipe,CloseCombat,FlareBlitz||||||50|,,,,,Fire]Indeedee-F||SafetyGoggles|PsychicSurge|FollowMe,AlluringVoice,TrickRoom,Imprison|||F|||50|,,,,,Water]Delphox||LifeOrb|Blaze|ExpandingForce,HeatWave,TeraBlast,Protect|||F|||50|,,,,,Fairy]Flutter Mane||ChoiceSpecs|Protosynthesis|Moonblast,DazzlingGleam,ShadowBall,PowerGem||||||50|,,,,,Fairy]Whimsicott||FocusSash|Prankster|Tailwind,Moonblast,Encore,Protect|||M|||50|,,,,,Ghost]Walking Wake||AssaultVest|Protosynthesis|HydroSteam,DracoMeteor,WeatherBall,Snarl||||||50|,,,,,Fire\n|showteam|p2|Lunala||PowerHerb|ShadowShield|MoongeistBeam,MeteorBeam,ExpandingForce,TrickRoom||||||50|,,,,,Water]Roaring Moon||BoosterEnergy|Protosynthesis|Acrobatics,KnockOff,Tailwind,Protect||||||50|,,,,,Flying]Ogerpon-Hearthflame||HearthflameMask|MoldBreaker|IvyCudgel,WoodHammer,FollowMe,SpikyShield|||F|||50|,,,,,Fire]Indeedee-F||RockyHelmet|PsychicSurge|FollowMe,AlluringVoice,TrickRoom,HelpingHand|||F|||50|,,,,,Fairy]Landorus||LifeOrb|SheerForce|EarthPower,SludgeBomb,SandsearStorm,Protect|||M|||50|,,,,,Poison]Urshifu-Rapid-Strike||FocusSash|UnseenFist|SurgingStrikes,CloseCombat,Taunt,Detect|||F|||50|,,,,,Stellar\n|inactive|Battle timer is ON: inactive players will automatically lose when time's up. (requested by PrimarinaMasona)\n|\n|t:|1743246934\n|start\n|switch|p1a: Whimsicott|Whimsicott, L50, M|100/100\n|switch|p1b: Walking Wake|Walking Wake, L50|100/100\n|switch|p2a: Francisquita|Indeedee-F, L50, F|100/100\n|switch|p2b: Kunshu|Lunala, L50|100/100\n|-fieldstart|move: Psychic Terrain|[from] ability: Psychic Surge|[of] p2a: Francisquita\n|turn|1\n|inactive|PrimarinaMasona has 30 seconds left.\n|\n|t:|1743246960\n|switch|p1a: Indeedee|Indeedee-F, L50, F|100/100\n|-terastallize|p2b: Kunshu|Water\n|move|p1b: Walking Wake|Snarl|p2b: Kunshu|[spread] p2a,p2b\n|-supereffective|p2a: Francisquita\n|-damage|p2a: Francisquita|69/100\n|-damage|p2b: Kunshu|95/100\n|-unboost|p2a: Francisquita|spa|1\n|-unboost|p2b: Kunshu|spa|1\n|move|p2b: Kunshu|Meteor Beam||[still]\n|-prepare|p2b: Kunshu|Meteor Beam\n|-boost|p2b: Kunshu|spa|1\n|-enditem|p2b: Kunshu|Power Herb\n|-anim|p2b: Kunshu|Meteor Beam|p1b: Walking Wake\n|-crit|p1b: Walking Wake\n|-damage|p1b: Walking Wake|40/100\n|move|p2a: Francisquita|Trick Room|p2a: Francisquita\n|-fieldstart|move: Trick Room|[of] p2a: Francisquita\n|\n|upkeep\n|turn|2\n|\n|t:|1743246976\n|move|p2a: Francisquita|Helping Hand|p2b: Kunshu\n|-singleturn|p2b: Kunshu|Helping Hand|[of] p2a: Francisquita\n|move|p1a: Indeedee|Imprison|p1a: Indeedee\n|-start|p1a: Indeedee|move: Imprison\n|move|p2b: Kunshu|Expanding Force|p1a: Indeedee|[spread] p1a,p1b\n|-resisted|p1a: Indeedee\n|-damage|p1a: Indeedee|46/100\n|-damage|p1b: Walking Wake|0 fnt\n|faint|p1b: Walking Wake\n|-end|p1b: Walking Wake|Protosynthesis|[silent]\n|\n|upkeep\n|\n|t:|1743247000\n|switch|p1b: Koraidon|Koraidon, L50|100/100\n|-weather|SunnyDay|[from] ability: Orichalcum Pulse|[of] p1b: Koraidon\n|-activate|p1b: Koraidon|Orichalcum Pulse|[source]\n|turn|3\n|\n|t:|1743247005\n|-terastallize|p1b: Koraidon|Fire\n|move|p2a: Francisquita|Helping Hand|p2b: Kunshu\n|-singleturn|p2b: Kunshu|Helping Hand|[of] p2a: Francisquita\n|move|p2b: Kunshu|Expanding Force|p1b: Koraidon|[spread] p1a,p1b\n|-resisted|p1a: Indeedee\n|-damage|p1a: Indeedee|0 fnt\n|-damage|p1b: Koraidon|0 fnt\n|faint|p1a: Indeedee\n|faint|p1b: Koraidon\n|\n|-weather|SunnyDay|[upkeep]\n|upkeep\n|-message|FleurCannon56 forfeited.\n|\n|win|PrimarinaMasona\n|l|\u2606FleurCannon56\n|player|p1|\n||FleurCannon56 is ready for game 2.\n||PrimarinaMasona is ready for game 2.\n|uhtml|next|Next: <a href=\"/battle-gen9vgc2025reggbo3-2330536223\"><strong>Game 2 of 3</strong></a>\n", "uploadtime": 1743247157, "views": 5, "formatid": "gen9vgc2025reggbo3", "rating": null, "private": 0, "password": null}