{"id": "gen9vgc2025reggbo3-2330488605", "format": "[Gen 9] VGC 2025 Reg G (Bo3)", "players": ["tommy1066", "mason9283"], "log": "|j|\u2606tommy1066\n|j|\u2606mason9283\n|html|<table width=\"100%\"><tr><td align=\"left\">tommy1066</td><td align=\"right\">mason9283</tr><tr><td align=\"left\"><i class=\"fa fa-circle\"></i> <i class=\"fa fa-circle-o\"></i> </td><td align=\"right\"><i class=\"fa fa-circle-o\"></i> <i class=\"fa fa-circle-o\"></i> </tr></table>\n|uhtml|bestof|<h2><strong>Game 2</strong> of <a href=\"/game-bestof3-gen9vgc2025reggbo3-2330487695\">a best-of-3</a></h2>\n|t:|1743237768\n|gametype|doubles\n|player|p1|tommy1066|scientist-gen4dp|1167\n|player|p2|mason9283|gentleman-gen4|1084\n|teamsize|p1|6\n|teamsize|p2|6\n|gen|9\n|tier|[Gen 9] VGC 2025 Reg G (Bo3)\n|rated|\n|rule|Species Clause: Limit one of each Pok\u00e9mon\n|rule|Item Clause: Limit 1 of each item\n|clearpoke\n|poke|p1|Dragonite, L50, F|\n|poke|p1|Chien-Pao, L50|\n|poke|p1|Amoonguss, L50, M|\n|poke|p1|Flutter Mane, L50|\n|poke|p1|Koraidon, L50|\n|poke|p1|Incineroar, L50, F|\n|poke|p2|Tornadus, L50, M|\n|poke|p2|Kyogre, L50|\n|poke|p2|Amoonguss, L50, F|\n|poke|p2|Armarouge, L50, F|\n|poke|p2|Indeedee-F, L50, F|\n|poke|p2|Thundurus-Therian, L50, M|\n|teampreview|4\n|showteam|p1|Dragonite||ChoiceBand|InnerFocus|ExtremeSpeed,Outrage,LowKick,AerialAce|||F|||50|,,,,,Normal]Chien-Pao||ExpertBelt|SwordofRuin|IceSpinner,SuckerPunch,ThroatChop,Protect||||||50|,,,,,Ghost]Amoonguss||RockyHelmet|Regenerator|Spore,RagePowder,PollenPuff,Protect|||M|||50|,,,,,Water]Flutter Mane||FocusSash|Protosynthesis|Moonblast,ThunderWave,IcyWind,Protect||||||50|,,,,,Fairy]Koraidon||LifeOrb|OrichalcumPulse|CloseCombat,FlareBlitz,FlameCharge,Protect||||||50|,,,,,Fire]Incineroar||SafetyGoggles|Intimidate|FlareBlitz,FakeOut,KnockOff,PartingShot|||F|||50|,,,,,Ghost\n|showteam|p2|Tornadus||CovertCloak|Prankster|Tailwind,Taunt,Protect,BleakwindStorm|||M|||50|,,,,,Dark]Kyogre||ChoiceScarf|Drizzle|WaterSpout,IceBeam,OriginPulse,Thunder||||||50|,,,,,Grass]Amoonguss||Leftovers|Regenerator|SludgeBomb,Spore,PollenPuff,Protect|||F|||50|,,,,,Water]Armarouge||WeaknessPolicy|FlashFire|ArmorCannon,ExpandingForce,EnergyBall,Protect|||F|||50|,,,,,Fire]Indeedee-F||PsychicSeed|PsychicSurge|FollowMe,DazzlingGleam,HelpingHand,TrickRoom|||F|||50|,,,,,Psychic]Thundurus-Therian||LifeOrb|VoltAbsorb|WildboltStorm,DarkPulse,NastyPlot,Protect|||M|||50|,,,,,Electric\n|inactive|Battle timer is ON: inactive players will automatically lose when time's up. (requested by tommy1066)\n|inactive|mason9283 has 60 seconds left.\n|\n|t:|1743237804\n|start\n|switch|p1a: Chien-Pao|Chien-Pao, L50|100/100\n|switch|p1b: Amoonguss|Amoonguss, L50, M|100/100\n|switch|p2a: Kyogre|Kyogre, L50|100/100\n|switch|p2b: Tornadus|Tornadus, L50, M|100/100\n|-weather|RainDance|[from] ability: Drizzle|[of] p2a: Kyogre\n|-ability|p1a: Chien-Pao|Sword of Ruin\n|turn|1\n|inactive|mason9283 has 30 seconds left.\n|\n|t:|1743237841\n|-terastallize|p2a: Kyogre|Grass\n|move|p1a: Chien-Pao|Protect|p1a: Chien-Pao\n|-singleturn|p1a: Chien-Pao|Protect\n|move|p2b: Tornadus|Taunt|p1b: Amoonguss\n|-start|p1b: Amoonguss|move: Taunt\n|move|p2a: Kyogre|Water Spout|p1b: Amoonguss|[spread] p1b\n|-activate|p1a: Chien-Pao|move: Protect\n|-resisted|p1b: Amoonguss\n|-damage|p1b: Amoonguss|64/100\n|cant|p1b: Amoonguss|move: Taunt|Spore\n|\n|-weather|RainDance|[upkeep]\n|upkeep\n|turn|2\n|\n|t:|1743237858\n|move|p1a: Chien-Pao|Sucker Punch|p2a: Kyogre\n|-damage|p2a: Kyogre|47/100\n|move|p2a: Kyogre|Water Spout|p1b: Amoonguss|[spread] p1a,p1b\n|-resisted|p1b: Amoonguss\n|-damage|p1a: Chien-Pao|21/100\n|-damage|p1b: Amoonguss|48/100\n|move|p2b: Tornadus|Bleakwind Storm|p1b: Amoonguss|[spread] p1a,p1b\n|-supereffective|p1b: Amoonguss\n|-damage|p1a: Chien-Pao|0 fnt\n|-damage|p1b: Amoonguss|0 fnt\n|faint|p1a: Chien-Pao\n|faint|p1b: Amoonguss\n|\n|-weather|RainDance|[upkeep]\n|upkeep\n|\n|t:|1743237870\n|switch|p1a: Dragonite|Dragonite, L50, F|100/100\n|switch|p1b: Koraidon|Koraidon, L50|100/100\n|-weather|SunnyDay|[from] ability: Orichalcum Pulse|[of] p1b: Koraidon\n|-activate|p1b: Koraidon|Orichalcum Pulse|[source]\n|turn|3\n|\n|t:|1743237890\n|switch|p2a: Indeedee|Indeedee-F, L50, F|100/100\n|-fieldstart|move: Psychic Terrain|[from] ability: Psychic Surge|[of] p2a: Indeedee\n|-enditem|p2a: Indeedee|Psychic Seed\n|-boost|p2a: Indeedee|spd|1|[from] item: Psychic Seed\n|-terastallize|p1a: Dragonite|Normal\n|move|p2b: Tornadus|Protect|p2b: Tornadus\n|-singleturn|p2b: Tornadus|Protect\n|move|p1a: Dragonite|Extreme Speed|p2b: Tornadus\n|-hint|Psychic Terrain doesn't affect Pok\u00e9mon immune to Ground.\n|-activate|p2b: Tornadus|move: Protect\n|move|p1b: Koraidon|Flame Charge|p2a: Indeedee\n|-damage|p2a: Indeedee|34/100\n|-boost|p1b: Koraidon|spe|1\n|-damage|p1b: Koraidon|91/100|[from] item: Life Orb\n|\n|-weather|SunnyDay|[upkeep]\n|upkeep\n|turn|4\n|-message|tommy1066 forfeited.\n|\n|win|mason9283\n|l|\u2606tommy1066\n|player|p1|\n||tommy1066 is ready for game 3.\n|l|\u2606mason9283\n|player|p2|\n|inactive|mason9283 has 30 seconds to confirm battle start!\n||mason9283 is ready for game 3.\n|uhtml|next|Next: <a href=\"/battle-gen9vgc2025reggbo3-2330489239\"><strong>Game 3 of 3</strong></a>\n", "uploadtime": 1743238168, "views": 5, "formatid": "gen9vgc2025reggbo3", "rating": null, "private": 0, "password": null}