{"id": "gen9vgc2025reggbo3-2330482926", "format": "[Gen 9] VGC 2025 Reg G (Bo3)", "players": ["Jeisdiek", "bmursalunafan96"], "log": "|j|\u2606Jeisdiek\n|j|\u203dbmursalunafan96\n|html|<table width=\"100%\"><tr><td align=\"left\">Jeisdiek</td><td align=\"right\">bmursalunafan96</tr><tr><td align=\"left\"><i class=\"fa fa-circle-o\"></i> <i class=\"fa fa-circle-o\"></i> </td><td align=\"right\"><i class=\"fa fa-circle-o\"></i> <i class=\"fa fa-circle-o\"></i> </tr></table>\n|uhtml|bestof|<h2><strong>Game 1</strong> of <a href=\"/game-bestof3-gen9vgc2025reggbo3-2330482925\">a best-of-3</a></h2>\n|t:|1743236497\n|gametype|doubles\n|player|p1|Jeisdiek|1|1415\n|player|p2|bmursalunafan96|roxie|1403\n|teamsize|p1|6\n|teamsize|p2|6\n|gen|9\n|tier|[Gen 9] VGC 2025 Reg G (Bo3)\n|rated|\n|rule|Species Clause: Limit one of each Pok\u00e9mon\n|rule|Item Clause: Limit 1 of each item\n|clearpoke\n|poke|p1|Calyrex-Ice, L50|\n|poke|p1|Torkoal, L50, F|\n|poke|p1|Smeargle, L50, M|\n|poke|p1|Indeedee-F, L50, F|\n|poke|p1|Hatterene, L50, F|\n|poke|p1|Ogerpon-Wellspring, L50, F|\n|poke|p2|Koraidon, L50|\n|poke|p2|Flutter Mane, L50|\n|poke|p2|Chi-Yu, L50|\n|poke|p2|Raging Bolt, L50|\n|poke|p2|Indeedee-F, L50, F|\n|poke|p2|Iron Crown, L50|\n|teampreview|4\n|showteam|p1|Calyrex-Ice||ClearAmulet|AsOneGlastrier|TrickRoom,GlacialLance,HighHorsepower,Imprison||||||50|,,,,,Fire]Torkoal||ChoiceSpecs|Drought|Eruption,WeatherBall,HeatWave,EarthPower|||F|||50|,,,,,Fire]Smeargle||FocusSash|OwnTempo|Spore,FollowMe,FakeOut,Decorate|||M|||50|,,,,,Grass]Indeedee-F||RockyHelmet|PsychicSurge|FollowMe,TrickRoom,AlluringVoice,HelpingHand|||F|||50|,,,,,Grass]Hatterene||LifeOrb|MagicBounce|TrickRoom,ExpandingForce,DazzlingGleam,Psychic|||F|||50|,,,,,Psychic]Ogerpon-Wellspring||WellspringMask|WaterAbsorb|FollowMe,IvyCudgel,Taunt,KnockOff|||F|||50|,,,,,Water\n|showteam|p2|Koraidon||LifeOrb|OrichalcumPulse|CloseCombat,FlareBlitz,FlameCharge,Protect||||||50|,,,,,Fire]Flutter Mane||FocusSash|Protosynthesis|Moonblast,ShadowBall,IcyWind,Protect||||||50|,,,,,Normal]Chi-Yu||ChoiceScarf|BeadsofRuin|HeatWave,Flamethrower,DarkPulse,Snarl||||||50|,,,,,Fire]Raging Bolt||AssaultVest|Protosynthesis|WeatherBall,Thunderclap,DracoMeteor,Thunderbolt||||||50|,,,,,Water]Indeedee-F||SafetyGoggles|PsychicSurge|Psychic,FollowMe,HelpingHand,TrickRoom|||F|||50|,,,,,Water]Iron Crown||BoosterEnergy|QuarkDrive|ExpandingForce,TachyonCutter,TeraBlast,Protect||||||50|,,,,,Ground\n|inactive|Battle timer is ON: inactive players will automatically lose when time's up. (requested by bmursalunafan96)\n|inactive|bmursalunafan96 has 60 seconds left.\n|\n|t:|1743236544\n|start\n|switch|p1a: Ogerpon|Ogerpon-Wellspring, L50, F|100/100\n|switch|p1b: Calyrex|Calyrex-Ice, L50|100/100\n|switch|p2a: Indeedee|Indeedee-F, L50, F, shiny|100/100\n|switch|p2b: Chi-Yu|Chi-Yu, L50|100/100\n|-ability|p1b: Calyrex|As One\n|-ability|p1b: Calyrex|Unnerve\n|-ability|p2b: Chi-Yu|Beads of Ruin\n|-fieldstart|move: Psychic Terrain|[from] ability: Psychic Surge|[of] p2a: Indeedee\n|turn|1\n|\n|t:|1743236555\n|-terastallize|p1b: Calyrex|Fire\n|move|p2a: Indeedee|Follow Me|p2a: Indeedee\n|-singleturn|p2a: Indeedee|move: Follow Me\n|move|p2b: Chi-Yu|Heat Wave|p1b: Calyrex|[spread] p1b\n|-miss|p2b: Chi-Yu|p1a: Ogerpon\n|-resisted|p1b: Calyrex\n|-damage|p1b: Calyrex|80/100\n|move|p1a: Ogerpon|Ivy Cudgel|p2a: Indeedee|[anim] Ivy Cudgel Water\n|-damage|p2a: Indeedee|51/100\n|move|p1b: Calyrex|Glacial Lance|p2b: Chi-Yu|[spread] p2a,p2b\n|-resisted|p2b: Chi-Yu\n|-damage|p2a: Indeedee|0 fnt\n|-damage|p2b: Chi-Yu|47/100\n|faint|p2a: Indeedee\n|-ability|p1b: Calyrex|Chilling Neigh|boost\n|-boost|p1b: Calyrex|atk|1\n|\n|upkeep\n|\n|t:|1743236568\n|switch|p2a: Raging Bolt|Raging Bolt, L50|100/100\n|turn|2\n|\n|t:|1743236576\n|-terastallize|p2a: Raging Bolt|Water\n|move|p1a: Ogerpon|Follow Me|p1a: Ogerpon\n|-singleturn|p1a: Ogerpon|move: Follow Me\n|move|p2b: Chi-Yu|Heat Wave|p1a: Ogerpon|[spread] p1a,p1b\n|-resisted|p1b: Calyrex\n|-damage|p1a: Ogerpon|48/100\n|-damage|p1b: Calyrex|60/100\n|move|p2a: Raging Bolt|Thunderbolt|p1a: Ogerpon\n|-damage|p1a: Ogerpon|0 fnt\n|faint|p1a: Ogerpon\n|move|p1b: Calyrex|Trick Room|p1b: Calyrex\n|-fieldstart|move: Trick Room|[of] p1b: Calyrex\n|\n|upkeep\n|\n|t:|1743236587\n|switch|p1a: Hatterene|Hatterene, L50, F|100/100\n|turn|3\n|\n|t:|1743236602\n|move|p1a: Hatterene|Expanding Force|p2b: Chi-Yu|[spread] p2a\n|-immune|p2b: Chi-Yu\n|-damage|p2a: Raging Bolt|28/100\n|-damage|p1a: Hatterene|91/100|[from] item: Life Orb\n|move|p1b: Calyrex|Glacial Lance|p2a: Raging Bolt|[spread] p2a,p2b\n|-resisted|p2a: Raging Bolt\n|-resisted|p2b: Chi-Yu\n|-damage|p2a: Raging Bolt|0 fnt\n|-damage|p2b: Chi-Yu|0 fnt\n|faint|p2a: Raging Bolt\n|-end|p2a: Raging Bolt|Protosynthesis|[silent]\n|faint|p2b: Chi-Yu\n|-ability|p1b: Calyrex|Chilling Neigh|boost\n|-boost|p1b: Calyrex|atk|2\n|\n|upkeep\n|-message|bmursalunafan96 forfeited.\n|\n|win|Jeisdiek\n||bmursalunafan96 is ready for game 2.\n||Jeisdiek is ready for game 2.\n|uhtml|next|Next: <a href=\"/battle-gen9vgc2025reggbo3-2330483482\"><strong>Game 2 of 3</strong></a>\n|l|\u2606Jeisdiek\n|player|p1|\n|l|\u203dbmursalunafan96\n|player|p2|\n", "uploadtime": 1743236924, "views": 5, "formatid": "gen9vgc2025reggbo3", "rating": null, "private": 0, "password": null}