{"id": "gen9vgc2025reggbo3-2330439964", "format": "[Gen 9] VGC 2025 Reg G (Bo3)", "players": ["phenomsteelers08", "Just a Minus"], "log": "|j|\u2606phenomsteelers08\n|j|\u2606Just a Minus\n|html|<table width=\"100%\"><tr><td align=\"left\">phenomsteelers08</td><td align=\"right\">Just a Minus</tr><tr><td align=\"left\"><i class=\"fa fa-circle-o\"></i> <i class=\"fa fa-circle-o\"></i> </td><td align=\"right\"><i class=\"fa fa-circle-o\"></i> <i class=\"fa fa-circle-o\"></i> </tr></table>\n|uhtml|bestof|<h2><strong>Game 1</strong> of <a href=\"/game-bestof3-gen9vgc2025reggbo3-2330439963\">a best-of-3</a></h2>\n|t:|1743227709\n|gametype|doubles\n|player|p1|phenomsteelers08|170|1568\n|player|p2|Just a Minus|cynthia-masters3|1423\n|teamsize|p1|6\n|teamsize|p2|6\n|gen|9\n|tier|[Gen 9] VGC 2025 Reg G (Bo3)\n|rated|\n|rule|Species Clause: Limit one of each Pok\u00e9mon\n|rule|Item Clause: Limit 1 of each item\n|clearpoke\n|poke|p1|Calyrex-Shadow, L50|\n|poke|p1|Tornadus, L50, M|\n|poke|p1|Urshifu-*, L50, F|\n|poke|p1|Indeedee-F, L50, F|\n|poke|p1|Okidogi, L50, M|\n|poke|p1|Landorus, L50, M|\n|poke|p2|Miraidon, L50|\n|poke|p2|Farigiraf, L50, M|\n|poke|p2|Iron Hands, L50|\n|poke|p2|Iron Bundle, L50|\n|poke|p2|Flutter Mane, L50|\n|poke|p2|Chi-Yu, L50|\n|teampreview|4\n|showteam|p1|Calyrex-Shadow||FocusSash|AsOneSpectrier|AstralBarrage,ExpandingForce,NastyPlot,Protect||||||50|,,,,,Ghost]Tornadus||CovertCloak|Prankster|BleakwindStorm,Tailwind,RainDance,Taunt|||M|||50|,,,,,Dark]Urshifu-Rapid-Strike||ChoiceBand|UnseenFist|SurgingStrikes,CloseCombat,Uturn,AquaJet|||F|||50|,,,,,Water]Indeedee-F||RockyHelmet|PsychicSurge|DazzlingGleam,FollowMe,TrickRoom,Imprison|||F|||50|,,,,,Water]Okidogi||AssaultVest|GuardDog|DrainPunch,PoisonJab,KnockOff,UpperHand|||M|||50|,,,,,Dark]Landorus||LifeOrb|SheerForce|SludgeBomb,SandsearStorm,EarthPower,Protect|||M|||50|,,,,,Water\n|showteam|p2|Miraidon||ChoiceSpecs|HadronEngine|ElectroDrift,VoltSwitch,DazzlingGleam,DracoMeteor||||||50|,,,,,Fairy]Farigiraf||ElectricSeed|ArmorTail|TrickRoom,PsychicNoise,HelpingHand,FoulPlay|||M|||50|,,,,,Water]Iron Hands||AssaultVest|QuarkDrive|LowKick,DrainPunch,HeavySlam,FakeOut||||||50|,,,,,Bug]Iron Bundle||FocusSash|QuarkDrive|Protect,FreezeDry,IcyWind,Encore||||||50|,,,,,Ghost]Flutter Mane||BoosterEnergy|Protosynthesis|DazzlingGleam,Protect,Moonblast,ShadowBall||||||50|,,,,,Fairy]Chi-Yu||ChoiceScarf|BeadsofRuin|TeraBlast,Overheat,HeatWave,DarkPulse||||||50|,,,,,Water\n|inactive|Battle timer is ON: inactive players will automatically lose when time's up. (requested by Just a Minus)\n|inactive|phenomsteelers08 also wants the timer to be on.\n|inactive|Just a Minus has 60 seconds left.\n|\n|t:|1743227759\n|start\n|switch|p1a: Tornadus|Tornadus, L50, M|100/100\n|switch|p1b: Urshifu|Urshifu-Rapid-Strike, L50, F|100/100\n|switch|p2a: Iron Hands|Iron Hands, L50|100/100\n|switch|p2b: Chi-Yu|Chi-Yu, L50|100/100\n|-ability|p2b: Chi-Yu|Beads of Ruin\n|turn|1\n|inactive|phenomsteelers08 has 30 seconds left.\n|\n|t:|1743227784\n|-terastallize|p2b: Chi-Yu|Water\n|move|p1a: Tornadus|Rain Dance|p1a: Tornadus\n|-weather|RainDance\n|move|p2b: Chi-Yu|Heat Wave|p1a: Tornadus|[spread] p1a\n|-miss|p2b: Chi-Yu|p1b: Urshifu\n|-crit|p1a: Tornadus\n|-damage|p1a: Tornadus|50/100\n|move|p1b: Urshifu|Surging Strikes|p2a: Iron Hands\n|-crit|p2a: Iron Hands\n|-damage|p2a: Iron Hands|72/100\n|-crit|p2a: Iron Hands\n|-damage|p2a: Iron Hands|37/100\n|-crit|p2a: Iron Hands\n|-damage|p2a: Iron Hands|7/100\n|-hitcount|p2a: Iron Hands|3\n|move|p2a: Iron Hands|Drain Punch|p1b: Urshifu\n|-damage|p1b: Urshifu|60/100\n|-heal|p2a: Iron Hands|23/100|[from] drain|[of] p1b: Urshifu\n|\n|-weather|RainDance|[upkeep]\n|upkeep\n|turn|2\n|inactive|phenomsteelers08 has 30 seconds left.\n|\n|t:|1743227814\n|move|p1a: Tornadus|Tailwind|p1a: Tornadus\n|-sidestart|p1: phenomsteelers08|move: Tailwind\n|move|p1b: Urshifu|Surging Strikes|p2b: Chi-Yu\n|-resisted|p2b: Chi-Yu\n|-crit|p2b: Chi-Yu\n|-damage|p2b: Chi-Yu|62/100\n|-resisted|p2b: Chi-Yu\n|-crit|p2b: Chi-Yu\n|-damage|p2b: Chi-Yu|23/100\n|-resisted|p2b: Chi-Yu\n|-crit|p2b: Chi-Yu\n|-damage|p2b: Chi-Yu|0 fnt\n|faint|p2b: Chi-Yu\n|-hitcount|p2: Chi-Yu|3\n|move|p2a: Iron Hands|Drain Punch|p1b: Urshifu\n|-damage|p1b: Urshifu|20/100\n|-heal|p2a: Iron Hands|38/100|[from] drain|[of] p1b: Urshifu\n|\n|-weather|RainDance|[upkeep]\n|upkeep\n|\n|t:|1743227833\n|switch|p2b: Iron Bundle|Iron Bundle, L50|100/100\n|turn|3\n|\n|t:|1743227846\n|move|p1a: Tornadus|Bleakwind Storm|p2a: Iron Hands|[spread] p2a,p2b\n|-damage|p2a: Iron Hands|21/100\n|-damage|p2b: Iron Bundle|36/100\n|move|p1b: Urshifu|Surging Strikes|p2b: Iron Bundle\n|-resisted|p2b: Iron Bundle\n|-crit|p2b: Iron Bundle\n|-damage|p2b: Iron Bundle|8/100\n|-resisted|p2b: Iron Bundle\n|-crit|p2b: Iron Bundle\n|-damage|p2b: Iron Bundle|0 fnt\n|faint|p2b: Iron Bundle\n|-end|p2b: Iron Bundle|Quark Drive|[silent]\n|-hitcount|p2: Iron Bundle|2\n|move|p2a: Iron Hands|Drain Punch|p1a: Tornadus\n|-resisted|p1a: Tornadus\n|-damage|p1a: Tornadus|23/100\n|-heal|p2a: Iron Hands|31/100|[from] drain|[of] p1a: Tornadus\n|\n|-weather|RainDance|[upkeep]\n|upkeep\n|-message|Just a Minus forfeited.\n|\n|win|phenomsteelers08\n|l|\u2606Just a Minus\n|player|p2|\n||Just a Minus is ready for game 2.\n||phenomsteelers08 is ready for game 2.\n|uhtml|next|Next: <a href=\"/battle-gen9vgc2025reggbo3-2330440779\"><strong>Game 2 of 3</strong></a>\n|l|\u2606phenomsteelers08\n|player|p1|\n", "uploadtime": 1743228199, "views": 5, "formatid": "gen9vgc2025reggbo3", "rating": null, "private": 0, "password": null}