{"id": "gen9vgc2025reggbo3-2330447198", "format": "[Gen 9] VGC 2025 Reg G (Bo3)", "players": ["BreadPudding248", "RamenOuO"], "log": "|j|\u2606BreadPudding248\n|j|\u2606RamenOuO\n|html|<table width=\"100%\"><tr><td align=\"left\">BreadPudding248</td><td align=\"right\">RamenOuO</tr><tr><td align=\"left\"><i class=\"fa fa-circle-o\"></i> <i class=\"fa fa-circle-o\"></i> </td><td align=\"right\"><i class=\"fa fa-circle-o\"></i> <i class=\"fa fa-circle-o\"></i> </tr></table>\n|uhtml|bestof|<h2><strong>Game 1</strong> of <a href=\"/game-bestof3-gen9vgc2025reggbo3-2330447197\">a best-of-3</a></h2>\n|t:|1743229063\n|gametype|doubles\n|player|p1|BreadPudding248|collector|1462\n|player|p2|RamenOuO|iono|1402\n|teamsize|p1|6\n|teamsize|p2|6\n|gen|9\n|tier|[Gen 9] VGC 2025 Reg G (Bo3)\n|rated|\n|rule|Species Clause: Limit one of each Pok\u00e9mon\n|rule|Item Clause: Limit 1 of each item\n|clearpoke\n|poke|p1|Miraidon, L50|\n|poke|p1|Whimsicott, L50, F|\n|poke|p1|Ogerpon-Hearthflame, L50, F|\n|poke|p1|Urshifu-*, L50, F|\n|poke|p1|Iron Hands, L50|\n|poke|p1|Farigiraf, L50, M|\n|poke|p2|Calyrex-Shadow, L50|\n|poke|p2|Clefairy, L50, F|\n|poke|p2|Incineroar, L50, F|\n|poke|p2|Rillaboom, L50, F|\n|poke|p2|Urshifu-*, L50, F|\n|poke|p2|Pelipper, L50, F|\n|teampreview|4\n|showteam|p1|Miraidon||ChoiceSpecs|HadronEngine|ElectroDrift,VoltSwitch,DazzlingGleam,DracoMeteor||||||50|,,,,,Fairy]Whimsicott||FocusSash|Prankster|Moonblast,Tailwind,LightScreen,Encore|||F|||50|,,,,,Ghost]Ogerpon-Hearthflame||HearthflameMask|MoldBreaker|IvyCudgel,FocusEnergy,FollowMe,SpikyShield|||F|||50|,,,,,Fire]Urshifu-Rapid-Strike||MysticWater|UnseenFist|SurgingStrikes,AquaJet,Detect,Taunt|||F|||50|,,,,,Water]Iron Hands||AssaultVest|QuarkDrive|DrainPunch,LowKick,FakeOut,HeavySlam||||||50|,,,,,Water]Farigiraf||ElectricSeed|ArmorTail|Psychic,FoulPlay,TrickRoom,HelpingHand|||M|||50|,,,,,Water\n|showteam|p2|Calyrex-Shadow||LifeOrb|AsOneSpectrier|AstralBarrage,GigaDrain,NastyPlot,Protect||||||50|,,,,,Grass]Clefairy||Eviolite|FriendGuard|FollowMe,HelpingHand,AfterYou,ThunderWave|||F|||50|,,,,,Steel]Incineroar||SitrusBerry|Intimidate|KnockOff,PartingShot,HelpingHand,FakeOut|||F|||50|,,,,,Grass]Rillaboom||AssaultVest|GrassySurge|WoodHammer,GrassyGlide,Uturn,FakeOut|||F|||50|,,,,,Steel]Urshifu-Rapid-Strike||ChoiceScarf|UnseenFist|CloseCombat,SurgingStrikes,Uturn,RockSlide|||F|||50|,,,,,Steel]Pelipper||FocusSash|Drizzle|WeatherBall,Hurricane,Tailwind,WideGuard|||F|||50|,,,,,Ghost\n|inactive|Battle timer is ON: inactive players will automatically lose when time's up. (requested by RamenOuO)\n|inactive|BreadPudding248 also wants the timer to be on.\n|inactive|BreadPudding248 has 60 seconds left.\n|inactive|RamenOuO has 60 seconds left.\n|inactive|RamenOuO has 30 seconds left.\n|\n|t:|1743229129\n|start\n|switch|p1a: Ogerpon|Ogerpon-Hearthflame, L50, F|100/100\n|switch|p1b: Miraidon|Miraidon, L50|100/100\n|switch|p2a: \u857e\u51a0\u738b|Calyrex-Shadow, L50|100/100\n|switch|p2b: \u8f5f\u64c2\u91d1\u525b\u7329|Rillaboom, L50, F, shiny|100/100\n|-ability|p2a: \u857e\u51a0\u738b|As One\n|-ability|p2a: \u857e\u51a0\u738b|Unnerve\n|-fieldstart|move: Electric Terrain|[from] ability: Hadron Engine|[of] p1b: Miraidon\n|-ability|p1a: Ogerpon|Mold Breaker\n|-fieldstart|move: Grassy Terrain|[from] ability: Grassy Surge|[of] p2b: \u8f5f\u64c2\u91d1\u525b\u7329\n|turn|1\n|\n|t:|1743229150\n|switch|p1b: Farigiraf|Farigiraf, L50, M|100/100\n|-terastallize|p1a: Ogerpon|Fire\n|detailschange|p1a: Ogerpon|Ogerpon-Hearthflame-Tera, L50, F, tera:Fire\n|-ability|p1a: Ogerpon|Embody Aspect (Hearthflame)|boost\n|-boost|p1a: Ogerpon|atk|1\n|move|p2b: \u8f5f\u64c2\u91d1\u525b\u7329|Fake Out||[still]\n|cant|p1b: Farigiraf|ability: Armor Tail|Fake Out|[of] p2b: \u8f5f\u64c2\u91d1\u525b\u7329\n|move|p2a: \u857e\u51a0\u738b|Nasty Plot|p2a: \u857e\u51a0\u738b\n|-boost|p2a: \u857e\u51a0\u738b|spa|2\n|move|p1a: Ogerpon|Ivy Cudgel|p2a: \u857e\u51a0\u738b|[anim] Ivy Cudgel Fire\n|-damage|p2a: \u857e\u51a0\u738b|0 fnt\n|faint|p2a: \u857e\u51a0\u738b\n|\n|upkeep\n|\n|t:|1743229163\n|switch|p2a: \u6b66\u9053\u718a\u5e2b|Urshifu-Rapid-Strike, L50, F|100/100\n|turn|2\n|\n|t:|1743229182\n|switch|p1a: Whimsicott|Whimsicott, L50, F|100/100\n|move|p2a: \u6b66\u9053\u718a\u5e2b|Surging Strikes|p1a: Whimsicott\n|-resisted|p1a: Whimsicott\n|-crit|p1a: Whimsicott\n|-damage|p1a: Whimsicott|85/100\n|-resisted|p1a: Whimsicott\n|-crit|p1a: Whimsicott\n|-damage|p1a: Whimsicott|72/100\n|-resisted|p1a: Whimsicott\n|-crit|p1a: Whimsicott\n|-damage|p1a: Whimsicott|57/100\n|-hitcount|p1a: Whimsicott|3\n|move|p2b: \u8f5f\u64c2\u91d1\u525b\u7329|U-turn|p1b: Farigiraf\n|-supereffective|p1b: Farigiraf\n|-damage|p1b: Farigiraf|59/100\n|\n|t:|1743229188\n|switch|p2b: \u71be\u7130\u5486\u54ee\u864e|Incineroar, L50, F, shiny|100/100|[from] U-turn\n|-ability|p2b: \u71be\u7130\u5486\u54ee\u864e|Intimidate|boost\n|-unboost|p1a: Whimsicott|atk|1\n|-unboost|p1b: Farigiraf|atk|1\n|move|p1b: Farigiraf|Psychic|p2a: \u6b66\u9053\u718a\u5e2b\n|-supereffective|p2a: \u6b66\u9053\u718a\u5e2b\n|-damage|p2a: \u6b66\u9053\u718a\u5e2b|0 fnt\n|faint|p2a: \u6b66\u9053\u718a\u5e2b\n|\n|-heal|p1a: Whimsicott|64/100|[from] Grassy Terrain\n|-heal|p1b: Farigiraf|65/100|[from] Grassy Terrain\n|upkeep\n|-message|RamenOuO forfeited.\n|\n|win|BreadPudding248\n|l|\u2606RamenOuO\n|player|p2|\n||RamenOuO is ready for game 2.\n|inactive|BreadPudding248 has 30 seconds to confirm battle start!\n||BreadPudding248 is ready for game 2.\n|uhtml|next|Next: <a href=\"/battle-gen9vgc2025reggbo3-2330447899\"><strong>Game 2 of 3</strong></a>\n", "uploadtime": 1743229470, "views": 7, "formatid": "gen9vgc2025reggbo3", "rating": null, "private": 0, "password": null}