{"id": "gen9vgc2025reggbo3-2330476945", "format": "[Gen 9] VGC 2025 Reg G (Bo3)", "players": ["ALadk", "soul_slayer_10293"], "log": "|j|\u2606ALadk\n|j|\u2606soul_slayer_10293\n|html|<table width=\"100%\"><tr><td align=\"left\">ALadk</td><td align=\"right\">soul_slayer_10293</tr><tr><td align=\"left\"><i class=\"fa fa-circle\"></i> <i class=\"fa fa-circle-o\"></i> </td><td align=\"right\"><i class=\"fa fa-circle-o\"></i> <i class=\"fa fa-circle\"></i> </tr></table>\n|uhtml|bestof|<h2><strong>Game 3</strong> of <a href=\"/game-bestof3-gen9vgc2025reggbo3-2330475344\">a best-of-3</a></h2>\n|t:|1743235159\n|gametype|doubles\n|player|p1|ALadk|1|1135\n|player|p2|soul_slayer_10293|erika|1234\n|teamsize|p1|6\n|teamsize|p2|6\n|gen|9\n|tier|[Gen 9] VGC 2025 Reg G (Bo3)\n|rated|\n|rule|Species Clause: Limit one of each Pok\u00e9mon\n|rule|Item Clause: Limit 1 of each item\n|clearpoke\n|poke|p1|Miraidon, L50|\n|poke|p1|Ursaluna, L50, F|\n|poke|p1|Whimsicott, L50, F|\n|poke|p1|Incineroar, L50, F|\n|poke|p1|Farigiraf, L50, M|\n|poke|p1|Urshifu-*, L50, F|\n|poke|p2|Tornadus, L50, M|\n|poke|p2|Farigiraf, L50, M|\n|poke|p2|Regieleki, L50|\n|poke|p2|Ursaluna-Bloodmoon, L50, M|\n|poke|p2|Urshifu-*, L50, M|\n|poke|p2|Kyogre, L50|\n|teampreview|4\n|showteam|p1|Miraidon||ChoiceSpecs|HadronEngine|ElectroDrift,DracoMeteor,VoltSwitch,DazzlingGleam||||||50|,,,,,Fairy]Ursaluna||FlameOrb|Guts|Facade,HeadlongRush,Earthquake,Protect|||F|||50|,,,,,Poison]Whimsicott||CovertCloak|Prankster|Moonblast,Tailwind,LightScreen,Encore|||F|||50|,,,,,Dark]Incineroar||AssaultVest|Intimidate|FakeOut,FlareBlitz,KnockOff,Uturn|||F|||50|,,,,,Dragon]Farigiraf||ElectricSeed|ArmorTail|FoulPlay,Psychic,TrickRoom,HelpingHand|||M|||50|,,,,,Water]Urshifu-Rapid-Strike||FocusSash|UnseenFist|SurgingStrikes,CloseCombat,AquaJet,Protect|||F|||50|,,,,,Stellar\n|showteam|p2|Tornadus||FocusSash|Prankster|BleakwindStorm,Protect,Tailwind,RainDance|||M|||50|,,,,,Ghost]Farigiraf||SitrusBerry|ArmorTail|HelpingHand,DazzlingGleam,TrickRoom,Protect|||M|||50|,,,,,Fairy]Regieleki||LifeOrb|Transistor|Protect,TeraBlast,Thunder,Electroweb||||||50|,,,,,Fairy]Ursaluna-Bloodmoon||SilkScarf|MindsEye|BloodMoon,Protect,VacuumWave,HyperVoice|||M|||50|,,,,,Normal]Urshifu||ChoiceBand|UnseenFist|WickedBlow,SuckerPunch,CloseCombat,PoisonJab|||M|||50|,,,,,Poison]Kyogre||ChoiceSpecs|Drizzle|WaterSpout,Thunder,IceBeam,OriginPulse||||||50|,,,,,Water\n|inactive|Battle timer is ON: inactive players will automatically lose when time's up. (requested by ALadk)\n|\n|t:|1743235177\n|start\n|switch|p1a: Incineroar|Incineroar, L50, F|100/100\n|switch|p1b: Urshifu|Urshifu-Rapid-Strike, L50, F|100/100\n|switch|p2a: Tornadus|Tornadus, L50, M|100/100\n|switch|p2b: Urshifu|Urshifu, L50, M|100/100\n|-ability|p1a: Incineroar|Intimidate|boost\n|-unboost|p2a: Tornadus|atk|1\n|-unboost|p2b: Urshifu|atk|1\n|turn|1\n|\n|t:|1743235191\n|move|p1a: Incineroar|Fake Out|p2a: Tornadus\n|-damage|p2a: Tornadus|78/100\n|cant|p2a: Tornadus|flinch\n|move|p2b: Urshifu|Close Combat|p1a: Incineroar\n|-supereffective|p1a: Incineroar\n|-damage|p1a: Incineroar|0 fnt\n|-unboost|p2b: Urshifu|def|1\n|-unboost|p2b: Urshifu|spd|1\n|faint|p1a: Incineroar\n|move|p1b: Urshifu|Close Combat|p2b: Urshifu\n|-supereffective|p2b: Urshifu\n|-damage|p2b: Urshifu|0 fnt\n|-unboost|p1b: Urshifu|def|1\n|-unboost|p1b: Urshifu|spd|1\n|faint|p2b: Urshifu\n|\n|upkeep\n|\n|t:|1743235209\n|switch|p2b: Farigiraf|Farigiraf, L50, M|100/100\n|switch|p1a: Miraidon|Miraidon, L50|100/100\n|-fieldstart|move: Electric Terrain|[from] ability: Hadron Engine|[of] p1a: Miraidon\n|turn|2\n|\n|t:|1743235230\n|move|p2a: Tornadus|Tailwind|p2a: Tornadus\n|-sidestart|p2: soul_slayer_10293|move: Tailwind\n|move|p1a: Miraidon|Electro Drift|p2a: Tornadus\n|-supereffective|p2a: Tornadus\n|-damage|p2a: Tornadus|0 fnt\n|faint|p2a: Tornadus\n|move|p2b: Farigiraf|Dazzling Gleam|p1a: Miraidon|[spread] p1a,p1b\n|-supereffective|p1a: Miraidon\n|-supereffective|p1b: Urshifu\n|-damage|p1a: Miraidon|75/100\n|-damage|p1b: Urshifu|30/100\n|move|p1b: Urshifu|Surging Strikes|p2b: Farigiraf\n|-crit|p2b: Farigiraf\n|-damage|p2b: Farigiraf|79/100\n|-crit|p2b: Farigiraf\n|-damage|p2b: Farigiraf|56/100\n|-crit|p2b: Farigiraf\n|-damage|p2b: Farigiraf|35/100\n|-enditem|p2b: Farigiraf|Sitrus Berry|[eat]\n|-heal|p2b: Farigiraf|60/100|[from] item: Sitrus Berry\n|-hitcount|p2b: Farigiraf|3\n|\n|upkeep\n|\n|t:|1743235242\n|switch|p2a: Kyogre|Kyogre, L50|100/100\n|-weather|RainDance|[from] ability: Drizzle|[of] p2a: Kyogre\n|turn|3\n|\n|t:|1743235261\n|-terastallize|p2a: Kyogre|Water\n|move|p2b: Farigiraf|Helping Hand|p2a: Kyogre\n|-singleturn|p2a: Kyogre|Helping Hand|[of] p2b: Farigiraf\n|move|p2a: Kyogre|Water Spout|p1a: Miraidon|[spread] p1a,p1b\n|-resisted|p1a: Miraidon\n|-resisted|p1b: Urshifu\n|-damage|p1a: Miraidon|0 fnt\n|-damage|p1b: Urshifu|0 fnt\n|faint|p1a: Miraidon\n|faint|p1b: Urshifu\n|\n|-weather|RainDance|[upkeep]\n|upkeep\n|c|\u2606soul_slayer_10293|gg\n|\n|t:|1743235284\n|switch|p1b: Ursaluna|Ursaluna, L50, F|100/100\n|turn|4\n|\n|t:|1743235289\n|-terastallize|p1b: Ursaluna|Poison\n|move|p2b: Farigiraf|Helping Hand|p2a: Kyogre\n|-singleturn|p2a: Kyogre|Helping Hand|[of] p2b: Farigiraf\n|move|p2a: Kyogre|Water Spout|p1b: Ursaluna\n|-damage|p1b: Ursaluna|0 fnt\n|faint|p1b: Ursaluna\n|\n|win|soul_slayer_10293\n|raw|ALadk's rating: 1135 &rarr; <strong>1117</strong><br />(-18 for losing)\n|raw|soul_slayer_10293's rating: 1234 &rarr; <strong>1252</strong><br />(+18 for winning)\n", "uploadtime": 1743235452, "views": 13, "formatid": "gen9vgc2025reggbo3", "rating": 1117, "private": 0, "password": null}