{"id": "gen9vgc2025reggbo3-2330525128", "format": "[Gen 9] VGC 2025 Reg G (Bo3)", "players": ["ChrisMarrSmells", "Neurodivirgin't"], "log": "|j|\u2606ChrisMarrSmells\n|j|\u2606Neurodivirgin't\n|html|<table width=\"100%\"><tr><td align=\"left\">ChrisMarrSmells</td><td align=\"right\">Neurodivirgin&apos;t</tr><tr><td align=\"left\"><i class=\"fa fa-circle-o\"></i> <i class=\"fa fa-circle-o\"></i> </td><td align=\"right\"><i class=\"fa fa-circle-o\"></i> <i class=\"fa fa-circle-o\"></i> </tr></table>\n|uhtml|bestof|<h2><strong>Game 1</strong> of <a href=\"/game-bestof3-gen9vgc2025reggbo3-2330525127\">a best-of-3</a></h2>\n|t:|1743245011\n|gametype|doubles\n|player|p1|ChrisMarrSmells|harlequin|\n|player|p2|Neurodivirgin't|biker-gen4|\n|teamsize|p1|6\n|teamsize|p2|6\n|gen|9\n|tier|[Gen 9] VGC 2025 Reg G (Bo3)\n|rule|Species Clause: Limit one of each Pok\u00e9mon\n|rule|Item Clause: Limit 1 of each item\n|clearpoke\n|poke|p1|Dragapult, L50, F|\n|poke|p1|Iron Bundle, L50|\n|poke|p1|Whimsicott, L50, M|\n|poke|p1|Miraidon, L50|\n|poke|p1|Ogerpon-Hearthflame, L50, F|\n|poke|p1|Iron Hands, L50|\n|poke|p2|Koraidon, L50|\n|poke|p2|Brute Bonnet, L50|\n|poke|p2|Chi-Yu, L50|\n|poke|p2|Flutter Mane, L50|\n|poke|p2|Heatran, L50, F|\n|poke|p2|Walking Wake, L50|\n|teampreview|4\n|showteam|p1|Dragapult||ChoiceBand|ClearBody|DragonDarts,TeraBlast,SuckerPunch,Uturn|||F|||50|,,,,,Ghost]Iron Bundle||BoosterEnergy|QuarkDrive|IcyWind,HydroPump,FreezeDry,Protect||||||50|,,,,,Ghost]Whimsicott||FocusSash|Prankster|Tailwind,Moonblast,Encore,Endeavor|||M|||50|,,,,,Ghost]Miraidon||ChoiceSpecs|HadronEngine|VoltSwitch,ElectroDrift,DracoMeteor,DazzlingGleam||||||50|,,,,,Fairy]Ogerpon-Hearthflame||HearthflameMask|MoldBreaker|IvyCudgel,WoodHammer,FollowMe,SpikyShield|||F|||50|,,,,,Fire]Iron Hands||AssaultVest|QuarkDrive|DrainPunch,WildCharge,LowKick,FakeOut||||||50|,,,,,Bug\n|showteam|p2|Koraidon||LifeOrb|OrichalcumPulse|CloseCombat,BreakingSwipe,FlareBlitz,Protect||||||50|,,,,,Fire]Brute Bonnet||CovertCloak|Protosynthesis|SeedBomb,SuckerPunch,Spore,RagePowder||||||50|,,,,,Water]Chi-Yu||ChoiceScarf|BeadsofRuin|Overheat,DarkPulse,HeatWave,Flamethrower||||||50|,,,,,Fire]Flutter Mane||FairyFeather|Protosynthesis|Moonblast,DazzlingGleam,IcyWind,Protect||||||50|,,,,,Fairy]Heatran||ZoomLens|FlashFire|MagmaStorm,TeraBlast,Substitute,Protect|||F|||50|,,,,,Fairy]Walking Wake||ChoiceSpecs|Protosynthesis|HydroSteam,DracoMeteor,DragonPulse,Snarl||||||50|,,,,,Water\n|inactive|Battle timer is ON: inactive players will automatically lose when time's up. (requested by Neurodivirgin't)\n|inactive|Neurodivirgin't has 60 seconds left.\n|\n|t:|1743245043\n|start\n|switch|p1a: Iron Bundle|Iron Bundle, L50|100/100\n|switch|p1b: Ogerpon|Ogerpon-Hearthflame, L50, F|100/100\n|switch|p2a: Koraidon|Koraidon, L50|100/100\n|switch|p2b: Flutter Mane|Flutter Mane, L50|100/100\n|-weather|SunnyDay|[from] ability: Orichalcum Pulse|[of] p2a: Koraidon\n|-activate|p2b: Flutter Mane|ability: Protosynthesis\n|-start|p2b: Flutter Mane|protosynthesisspe\n|-activate|p2a: Koraidon|Orichalcum Pulse|[source]\n|-ability|p1b: Ogerpon|Mold Breaker\n|-enditem|p1a: Iron Bundle|Booster Energy\n|-activate|p1a: Iron Bundle|ability: Quark Drive|[fromitem]\n|-start|p1a: Iron Bundle|quarkdrivespe\n|turn|1\n|\n|t:|1743245060\n|move|p1a: Iron Bundle|Icy Wind|p2a: Koraidon|[spread] p2a,p2b\n|-supereffective|p2a: Koraidon\n|-damage|p2a: Koraidon|55/100\n|-damage|p2b: Flutter Mane|81/100\n|-unboost|p2a: Koraidon|spe|1\n|-unboost|p2b: Flutter Mane|spe|1\n|move|p2b: Flutter Mane|Icy Wind|p1b: Ogerpon|[spread] p1a\n|-miss|p2b: Flutter Mane|p1b: Ogerpon\n|-resisted|p1a: Iron Bundle\n|-damage|p1a: Iron Bundle|94/100\n|-unboost|p1a: Iron Bundle|spe|1\n|move|p1b: Ogerpon|Ivy Cudgel|p2b: Flutter Mane|[anim] Ivy Cudgel Fire\n|-damage|p2b: Flutter Mane|0 fnt\n|faint|p2b: Flutter Mane\n|-end|p2b: Flutter Mane|Protosynthesis|[silent]\n|move|p2a: Koraidon|Close Combat|p1b: Ogerpon\n|-damage|p1b: Ogerpon|0 fnt\n|-unboost|p2a: Koraidon|def|1\n|-unboost|p2a: Koraidon|spd|1\n|faint|p1b: Ogerpon\n|-damage|p2a: Koraidon|45/100|[from] item: Life Orb\n|\n|-weather|SunnyDay|[upkeep]\n|upkeep\n|\n|t:|1743245076\n|switch|p2b: Walking Wake|Walking Wake, L50|100/100\n|switch|p1b: Miraidon|Miraidon, L50|100/100\n|-fieldstart|move: Electric Terrain|[from] ability: Hadron Engine|[of] p1b: Miraidon\n|-activate|p2b: Walking Wake|ability: Protosynthesis\n|-start|p2b: Walking Wake|protosynthesisspa\n|turn|2\n|\n|t:|1743245098\n|switch|p2a: Chi-Yu|Chi-Yu, L50|100/100\n|-ability|p2a: Chi-Yu|Beads of Ruin\n|-terastallize|p2b: Walking Wake|Water\n|move|p1b: Miraidon|Dazzling Gleam|p2a: Chi-Yu|[spread] p2a,p2b\n|-damage|p2a: Chi-Yu|49/100\n|-damage|p2b: Walking Wake|40/100\n|move|p1a: Iron Bundle|Freeze-Dry|p2b: Walking Wake\n|-supereffective|p2b: Walking Wake\n|-damage|p2b: Walking Wake|0 fnt\n|faint|p2b: Walking Wake\n|-end|p2b: Walking Wake|Protosynthesis|[silent]\n|\n|-weather|SunnyDay|[upkeep]\n|upkeep\n|\n|t:|1743245106\n|switch|p2b: Koraidon|Koraidon, L50|45/100\n|-activate|p2b: Koraidon|ability: Orichalcum Pulse\n|turn|3\n|\n|t:|1743245116\n|-terastallize|p1b: Miraidon|Fairy\n|move|p2a: Chi-Yu|Heat Wave|p1b: Miraidon|[spread] p1a,p1b\n|-damage|p1a: Iron Bundle|0 fnt\n|-damage|p1b: Miraidon|27/100\n|faint|p1a: Iron Bundle\n|-end|p1a: Iron Bundle|Quark Drive|[silent]\n|move|p1b: Miraidon|Dazzling Gleam|p2a: Chi-Yu|[spread] p2a,p2b\n|-supereffective|p2b: Koraidon\n|-damage|p2a: Chi-Yu|0 fnt\n|-damage|p2b: Koraidon|0 fnt\n|faint|p2a: Chi-Yu\n|faint|p2b: Koraidon\n|\n|win|ChrisMarrSmells\n||Neurodivirgin't is ready for game 2.\n|inactive|ChrisMarrSmells has 30 seconds to confirm battle start!\n|inactive|ChrisMarrSmells has 20 seconds to confirm battle start!\n||ChrisMarrSmells is ready for game 2.\n|uhtml|next|Next: <a href=\"/battle-gen9vgc2025reggbo3-2330525826\"><strong>Game 2 of 3</strong></a>\n", "uploadtime": 1743245432, "views": 6, "formatid": "gen9vgc2025reggbo3", "rating": null, "private": 0, "password": null}