{"id": "gen9vgc2025reggbo3-2330487059", "format": "[Gen 9] VGC 2025 Reg G (Bo3)", "players": ["enyelvgc", "Lass Momo"], "log": "|j|\u2606enyelvgc\n|j|\u2606Lass Momo\n|html|<table width=\"100%\"><tr><td align=\"left\">enyelvgc</td><td align=\"right\">Lass Momo</tr><tr><td align=\"left\"><i class=\"fa fa-circle-o\"></i> <i class=\"fa fa-circle-o\"></i> </td><td align=\"right\"><i class=\"fa fa-circle-o\"></i> <i class=\"fa fa-circle-o\"></i> </tr></table>\n|uhtml|bestof|<h2><strong>Game 1</strong> of <a href=\"/game-bestof3-gen9vgc2025reggbo3-2330487058\">a best-of-3</a></h2>\n|t:|1743237421\n|gametype|doubles\n|player|p1|enyelvgc|101|1292\n|player|p2|Lass Momo|lady|1232\n|teamsize|p1|6\n|teamsize|p2|6\n|gen|9\n|tier|[Gen 9] VGC 2025 Reg G (Bo3)\n|rated|\n|rule|Species Clause: Limit one of each Pok\u00e9mon\n|rule|Item Clause: Limit 1 of each item\n|clearpoke\n|poke|p1|Indeedee-F, L50, F|\n|poke|p1|Calyrex-Ice, L50|\n|poke|p1|Torkoal, L50, M|\n|poke|p1|Raging Bolt, L50|\n|poke|p1|Smeargle, L50, M|\n|poke|p1|Kingambit, L50, M|\n|poke|p2|Kyogre, L50|\n|poke|p2|Roaring Moon, L50|\n|poke|p2|Landorus, L50, M|\n|poke|p2|Bruxish, L50, M|\n|poke|p2|Indeedee-F, L50, F|\n|poke|p2|Scizor, L50, M|\n|teampreview|4\n|showteam|p1|Indeedee-F||RockyHelmet|PsychicSurge|Psychic,HelpingHand,FollowMe,TrickRoom|||F|||50|,,,,,Fairy]Calyrex-Ice||ClearAmulet|AsOneGlastrier|GlacialLance,CloseCombat,TrickRoom,Protect||||||50|,,,,,Fire]Torkoal||Charcoal|Drought|Eruption,Overheat,WeatherBall,Protect|||M|||50|,,,,,Fire]Raging Bolt||LifeOrb|Protosynthesis|DracoMeteor,Thunderbolt,Thunderclap,Protect||||||50|,,,,,Electric]Smeargle||FocusSash|Moody|TrickRoom,FakeOut,FollowMe,Spore|||M|||50|,,,,,Grass]Kingambit||SafetyGoggles|Defiant|KowtowCleave,SwordsDance,Protect,SuckerPunch|||M|||50|,,,,,Dragon\n|showteam|p2|Kyogre||ChoiceSpecs|Drizzle|WaterSpout,HydroPump,IceBeam,Thunder||||||50|,,,,,Water]Roaring Moon||BoosterEnergy|Protosynthesis|Acrobatics,KnockOff,Tailwind,Protect||||||50|,,,,,Flying]Landorus||LifeOrb|SheerForce|EarthPower,SludgeBomb,RainDance,Protect|||M|||50|,,,,,Fairy]Bruxish||FocusSash|Dazzling|AquaJet,PsychicFangs,Taunt,SuperFang|||M|||50|,,,,,Stellar]Indeedee-F||RockyHelmet|Synchronize|FakeOut,HelpingHand,HealPulse,FollowMe|||F|||50|,,,,,Dragon]Scizor||ChoiceBand|Technician|BulletPunch,Uturn,BugBite,DualWingbeat|||M|||50|,,,,,Steel\n|inactive|Battle timer is ON: inactive players will automatically lose when time's up. (requested by Lass Momo)\n|inactive|enyelvgc has 60 seconds left.\n|\n|t:|1743237473\n|start\n|switch|p1a: Raging Bolt|Raging Bolt, L50|100/100\n|switch|p1b: Smeargle|Smeargle, L50, M|100/100\n|switch|p2a: Kyogre|Kyogre, L50|100/100\n|switch|p2b: Indeedee|Indeedee-F, L50, F|100/100\n|-weather|RainDance|[from] ability: Drizzle|[of] p2a: Kyogre\n|turn|1\n|inactive|enyelvgc has 30 seconds left.\n|inactive|enyelvgc has 20 seconds left.\n|\n|t:|1743237511\n|switch|p2a: Landorus|Landorus, L50, M|100/100\n|move|p2b: Indeedee|Fake Out|p1b: Smeargle\n|-damage|p1b: Smeargle|84/100\n|move|p1a: Raging Bolt|Thunderbolt|p2b: Indeedee\n|-damage|p2b: Indeedee|32/100\n|-damage|p1a: Raging Bolt|91/100|[from] item: Life Orb\n|cant|p1b: Smeargle|flinch\n|\n|-weather|RainDance|[upkeep]\n|-ability|p1b: Smeargle|Moody|boost\n|-boost|p1b: Smeargle|spa|2\n|-unboost|p1b: Smeargle|spd|1\n|upkeep\n|turn|2\n|inactive|enyelvgc has 30 seconds left.\n|inactive|Lass Momo has 30 seconds left.\n|inactive|enyelvgc has 20 seconds left.\n|inactive|enyelvgc has 15 seconds left.\n|inactive|enyelvgc has 10 seconds left.\n|inactive|enyelvgc has 5 seconds left.\n|\n|t:|1743237562\n|switch|p2b: Scizor|Scizor, L50, M|100/100\n|move|p1a: Raging Bolt|Protect|p1a: Raging Bolt\n|-singleturn|p1a: Raging Bolt|Protect\n|move|p2a: Landorus|Sludge Bomb|p1b: Smeargle\n|-damage|p1b: Smeargle|0 fnt\n|faint|p1b: Smeargle\n|\n|-weather|RainDance|[upkeep]\n|upkeep\n|inactive|enyelvgc has 30 seconds left.\n|inactive|enyelvgc has 20 seconds left.\n|inactive|enyelvgc has 15 seconds left.\n|inactive|enyelvgc has 10 seconds left.\n|inactive|enyelvgc has 5 seconds left.\n|\n|t:|1743237617\n|switch|p1b: Torkoal|Torkoal, L50, M|100/100\n|-weather|SunnyDay|[from] ability: Drought|[of] p1b: Torkoal\n|-activate|p1a: Raging Bolt|ability: Protosynthesis\n|-start|p1a: Raging Bolt|protosynthesisspa\n|turn|3\n|\n|t:|1743237639\n|move|p2a: Landorus|Earth Power|p1a: Raging Bolt\n|-supereffective|p1a: Raging Bolt\n|-damage|p1a: Raging Bolt|0 fnt\n|faint|p1a: Raging Bolt\n|-end|p1a: Raging Bolt|Protosynthesis|[silent]\n|move|p2b: Scizor|Dual Wingbeat|p1b: Torkoal\n|-damage|p1b: Torkoal|73/100\n|-damage|p1b: Torkoal|49/100\n|-hitcount|p1b: Torkoal|2\n|move|p1b: Torkoal|Eruption|p2b: Scizor|[spread] p2a,p2b\n|-supereffective|p2b: Scizor\n|-damage|p2a: Landorus|44/100\n|-damage|p2b: Scizor|0 fnt\n|faint|p2b: Scizor\n|\n|-weather|SunnyDay|[upkeep]\n|upkeep\n|\n|t:|1743237655\n|switch|p2b: Kyogre|Kyogre, L50|100/100\n|switch|p1a: Calyrex|Calyrex-Ice, L50|100/100\n|-ability|p1a: Calyrex|As One\n|-ability|p1a: Calyrex|Unnerve\n|-weather|RainDance|[from] ability: Drizzle|[of] p2b: Kyogre\n|turn|4\n|\n|t:|1743237666\n|-terastallize|p2b: Kyogre|Water\n|move|p1b: Torkoal|Protect|p1b: Torkoal\n|-singleturn|p1b: Torkoal|Protect\n|move|p2a: Landorus|Earth Power|p1a: Calyrex\n|-damage|p1a: Calyrex|51/100\n|move|p2b: Kyogre|Water Spout|p1b: Torkoal|[spread] p1a\n|-activate|p1b: Torkoal|move: Protect\n|-damage|p1a: Calyrex|0 fnt\n|faint|p1a: Calyrex\n|\n|-weather|RainDance|[upkeep]\n|upkeep\n|turn|5\n|-message|enyelvgc forfeited.\n|\n|win|Lass Momo\n||Lass Momo is ready for game 2.\n|inactive|enyelvgc has 30 seconds to confirm battle start!\n|inactive|enyelvgc has 20 seconds to confirm battle start!\n||enyelvgc is ready for game 2.\n|uhtml|next|Next: <a href=\"/battle-gen9vgc2025reggbo3-2330488317\"><strong>Game 2 of 3</strong></a>\n|j| Sid Kagenow\n|l| Sid Kagenow\n", "uploadtime": 1743238030, "views": 5, "formatid": "gen9vgc2025reggbo3", "rating": null, "private": 0, "password": null}