{"id": "gen9vgc2025reggbo3-2330480723", "format": "[Gen 9] VGC 2025 Reg G (Bo3)", "players": ["Bobbo1", "Bobbo2"], "log": "|j|\u2606Bobbo1\n|j|\u2606Bobbo2\n|html|<table width=\"100%\"><tr><td align=\"left\">Bobbo1</td><td align=\"right\">Bobbo2</tr><tr><td align=\"left\"><i class=\"fa fa-circle-o\"></i> <i class=\"fa fa-circle-o\"></i> </td><td align=\"right\"><i class=\"fa fa-circle-o\"></i> <i class=\"fa fa-circle\"></i> </tr></table>\n|uhtml|bestof|<h2><strong>Game 2</strong> of <a href=\"/game-bestof3-gen9vgc2025reggbo3-2330479567\">a best-of-3</a></h2>\n|t:|1743236004\n|gametype|doubles\n|player|p1|Bobbo1|ghetsis|\n|player|p2|Bobbo2|rood|\n|teamsize|p1|6\n|teamsize|p2|6\n|gen|9\n|tier|[Gen 9] VGC 2025 Reg G (Bo3)\n|rule|Species Clause: Limit one of each Pok\u00e9mon\n|rule|Item Clause: Limit 1 of each item\n|clearpoke\n|poke|p1|Quilava, L50, M|\n|poke|p1|Meganium, L50, F|\n|poke|p1|Skarmory, L50, M|\n|poke|p1|Mimikyu, L50, F|\n|poke|p1|Pachirisu, L50, F|\n|poke|p1|Ivysaur, L50, M|\n|poke|p2|Pawmot, L50, F|\n|poke|p2|Morpeko, L50, F|\n|poke|p2|Ivysaur, L50, F|\n|poke|p2|Haunter, L50, M|\n|poke|p2|Skarmory, L50, F|\n|poke|p2|Croconaw, L50, M|\n|teampreview|4\n|showteam|p1|Quilava||Eviolite|FlashFire|SunnyDay,Eruption,Protect,WillOWisp|||M|||50|,,,,,Grass]Meganium||Leftovers|LeafGuard|GigaDrain,LeechSeed,Protect,SunnyDay|||F|||50|,,,,,Dragon]Skarmory||CovertCloak|Sturdy|Tailwind,BraveBird,IronHead,Protect|||M|||50|,,,,,Flying]Mimikyu||RockyHelmet|Disguise|TrickRoom,WillOWisp,PlayRough,Protect|||F|||50|,,,,,Dragon]Pachirisu||SafetyGoggles|VoltAbsorb|FollowMe,FakeTears,HelpingHand,Protect|||F|||50|,,,,,Dragon]Ivysaur||FocusSash|Overgrow|SleepPowder,LeafStorm,LeechSeed,Protect|||M|||50|,,,,,Fire\n|showteam|p2|Pawmot||ChoiceBand|IronFist|MachPunch,DoubleShock,ThunderPunch,CloseCombat|||F|||50|,,,,,Electric]Morpeko||Leftovers|HungerSwitch|AuraWheel,Protect,FakeOut,Outrage|||F|||50|,,,,,Dragon]Ivysaur||Eviolite|Overgrow|GigaDrain,SleepPowder,Protect,SludgeBomb|||F|||50|,,,,,Grass]Haunter||ChoiceScarf|Levitate|Trick,WillOWisp,RainDance,Hex|||M|||50|,,,,,Electric]Skarmory||RockyHelmet|Sturdy|IronDefense,BodyPress,Protect,Tailwind|||F|||50|,,,,,Ground]Croconaw||LifeOrb|SheerForce|DragonDance,DragonClaw,ShadowClaw,FlipTurn|||M|||50|,,,,,Dragon\n|\n|t:|1743236035\n|start\n|switch|p1a: Quilava|Quilava, L50, M|100/100\n|switch|p1b: Pachirisu|Pachirisu, L50, F|100/100\n|switch|p2a: Steel wing|Skarmory, L50, F, shiny|100/100\n|switch|p2b: Mini Zorro|Haunter, L50, M|100/100\n|turn|1\n|\n|t:|1743236060\n|move|p1b: Pachirisu|Follow Me|p1b: Pachirisu\n|-singleturn|p1b: Pachirisu|move: Follow Me\n|move|p2b: Mini Zorro|Trick|p1b: Pachirisu\n|-activate|p2b: Mini Zorro|move: Trick|[of] p1b: Pachirisu\n|-item|p1b: Pachirisu|Choice Scarf|[from] move: Trick\n|-item|p2b: Mini Zorro|Safety Goggles|[from] move: Trick\n|move|p2a: Steel wing|Tailwind|p2a: Steel wing\n|-sidestart|p2: Bobbo2|move: Tailwind\n|move|p1a: Quilava|Eruption|p2b: Mini Zorro|[spread] p2a,p2b\n|-supereffective|p2a: Steel wing\n|-ability|p2a: Steel wing|Sturdy\n|-damage|p2a: Steel wing|1/100\n|-damage|p2b: Mini Zorro|0 fnt\n|faint|p2b: Mini Zorro\n|\n|upkeep\n|\n|t:|1743236075\n|switch|p2b: Mach Fist Boost|Pawmot, L50, F|100/100\n|turn|2\n|\n|t:|1743236105\n|move|p2a: Steel wing|Protect|p2a: Steel wing\n|-singleturn|p2a: Steel wing|Protect\n|move|p1b: Pachirisu|Follow Me|p1b: Pachirisu\n|-singleturn|p1b: Pachirisu|move: Follow Me\n|move|p2b: Mach Fist Boost|Mach Punch|p1b: Pachirisu\n|-damage|p1b: Pachirisu|48/100\n|move|p1a: Quilava|Eruption|p2a: Steel wing|[spread] p2b\n|-activate|p2a: Steel wing|move: Protect\n|-damage|p2b: Mach Fist Boost|9/100\n|\n|upkeep\n|turn|3\n|\n|t:|1743236127\n|move|p1b: Pachirisu|Follow Me|p1b: Pachirisu\n|-singleturn|p1b: Pachirisu|move: Follow Me\n|move|p2b: Mach Fist Boost|Mach Punch|p1b: Pachirisu\n|-damage|p1b: Pachirisu|0 fnt\n|faint|p1b: Pachirisu\n|move|p2a: Steel wing|Body Press|p1a: Quilava\n|-damage|p1a: Quilava|67/100\n|move|p1a: Quilava|Eruption|p2b: Mach Fist Boost|[spread] p2a,p2b\n|-supereffective|p2a: Steel wing\n|-damage|p2a: Steel wing|0 fnt\n|-damage|p2b: Mach Fist Boost|0 fnt\n|faint|p2a: Steel wing\n|faint|p2b: Mach Fist Boost\n|\n|upkeep\n|\n|t:|1743236140\n|switch|p1b: Skarmory|Skarmory, L50, M|100/100\n|switch|p2b: Irytek|Morpeko, L50, F|100/100\n|turn|4\n|\n|t:|1743236149\n|move|p1a: Quilava|Protect|p1a: Quilava\n|-singleturn|p1a: Quilava|Protect\n|move|p2b: Irytek|Fake Out|p1a: Quilava\n|-activate|p1a: Quilava|move: Protect\n|move|p1b: Skarmory|Tailwind|p1b: Skarmory\n|-sidestart|p1: Bobbo1|move: Tailwind\n|\n|-sideend|p2: Bobbo2|move: Tailwind\n|-formechange|p2b: Irytek|Morpeko-Hangry||[from] ability: Hunger Switch\n|upkeep\n|turn|5\n|\n|t:|1743236248\n|move|p2b: Irytek|Protect|p2b: Irytek\n|-singleturn|p2b: Irytek|Protect\n|move|p1b: Skarmory|Iron Head|p2b: Irytek\n|-activate|p2b: Irytek|move: Protect\n|move|p1a: Quilava|Eruption|p2b: Irytek\n|-activate|p2b: Irytek|move: Protect\n|\n|-formechange|p2b: Irytek|Morpeko||[from] ability: Hunger Switch\n|upkeep\n|turn|6\n|\n|t:|1743236266\n|-terastallize|p1a: Quilava|Grass\n|move|p1b: Skarmory|Iron Head|p2b: Irytek\n|-resisted|p2b: Irytek\n|-damage|p2b: Irytek|73/100\n|move|p1a: Quilava|Eruption|p2b: Irytek\n|-damage|p2b: Irytek|0 fnt\n|faint|p2b: Irytek\n|\n|win|Bobbo1\n||Bobbo1 is ready for game 3.\n|inactive|Bobbo2 has 30 seconds to confirm battle start!\n||Bobbo2 is ready for game 3.\n|uhtml|next|Next: <a href=\"/battle-gen9vgc2025reggbo3-2330481946\"><strong>Game 3 of 3</strong></a>\n|l|\u2606Bobbo1\n|player|p1|\n|l|\u2606Bobbo2\n|player|p2|\n", "uploadtime": 1743236647, "views": 5, "formatid": "gen9vgc2025reggbo3", "rating": null, "private": 0, "password": null}