{"id": "gen9vgc2025reggbo3-2330467300", "format": "[Gen 9] VGC 2025 Reg G (Bo3)", "players": ["TubularInsect", "ThorGodOfGoats"], "log": "|j|\u2606TubularInsect\n|j|\u2606ThorGodOfGoats\n|html|<table width=\"100%\"><tr><td align=\"left\">TubularInsect</td><td align=\"right\">ThorGodOfGoats</tr><tr><td align=\"left\"><i class=\"fa fa-circle-o\"></i> <i class=\"fa fa-circle-o\"></i> </td><td align=\"right\"><i class=\"fa fa-circle-o\"></i> <i class=\"fa fa-circle-o\"></i> </tr></table>\n|uhtml|bestof|<h2><strong>Game 1</strong> of <a href=\"/game-bestof3-gen9vgc2025reggbo3-2330467299\">a best-of-3</a></h2>\n|t:|1743233097\n|gametype|doubles\n|player|p1|TubularInsect|lady-gen4|1013\n|player|p2|ThorGodOfGoats|169|1002\n|teamsize|p1|6\n|teamsize|p2|6\n|gen|9\n|tier|[Gen 9] VGC 2025 Reg G (Bo3)\n|rated|\n|rule|Species Clause: Limit one of each Pok\u00e9mon\n|rule|Item Clause: Limit 1 of each item\n|clearpoke\n|poke|p1|Dragapult, L50, F|\n|poke|p1|Miraidon, L50|\n|poke|p1|Ogerpon-Wellspring, L50, F|\n|poke|p1|Whimsicott, L50, F|\n|poke|p1|Iron Hands, L50|\n|poke|p1|Typhlosion, L50, F|\n|poke|p2|Regidrago, L50|\n|poke|p2|Lilligant-Hisui, L50, F|\n|poke|p2|Medicham, L50, M|\n|poke|p2|Ogerpon-Wellspring, L50, F|\n|poke|p2|Rampardos, L50, M|\n|poke|p2|Calyrex-Shadow, L50|\n|teampreview|4\n|showteam|p1|Dragapult||ChoiceBand|ClearBody|DragonDarts,TeraBlast,Outrage,Uturn|||F|||50|,,,,,Ghost]Miraidon||ChoiceSpecs|HadronEngine|ElectroDrift,DracoMeteor,DazzlingGleam,DragonPulse||||||50|,,,,,Electric]Ogerpon-Wellspring||WellspringMask|WaterAbsorb|IvyCudgel,FollowMe,WoodHammer,Taunt|||F|||50|,,,,,Water]Whimsicott||CovertCloak|Prankster|Tailwind,SunnyDay,Moonblast,Taunt|||F|||50|,,,,,Dark]Iron Hands||AssaultVest|QuarkDrive|FakeOut,DrainPunch,SupercellSlam,IronHead||||||50|,,,,,Grass]Typhlosion||ChoiceScarf|Blaze|Eruption,Extrasensory,HeatWave,ShadowBall|||F|||50|,,,,,Fire\n|showteam|p2|Regidrago||DragonFang|DragonsMaw|DragonEnergy,DragonDance,AncientPower,Protect||||||50|,,,,,Dragon]Lilligant-Hisui||FocusSash|Chlorophyll|AfterYou,HelpingHand,Protect,GrassKnot|||F|||50|,,,,,Grass]Medicham||WeaknessPolicy|PurePower|SkillSwap,BulletPunch,BatonPass,BulkUp|||M|||50|,,,,,Steel]Ogerpon-Wellspring||WellspringMask|WaterAbsorb|SpikyShield,IvyCudgel,Encore,Counter|||F|||50|,,,,,Water]Rampardos||StonePlate|SheerForce|HeadSmash,Protect,Endure,Earthquake|||M|||50|,,,,,Rock]Calyrex-Shadow||ChoiceScarf|AsOneSpectrier|TrickRoom,AstralBarrage,Protect,Trick||||||50|,,,,,Psychic\n|inactive|Battle timer is ON: inactive players will automatically lose when time's up. (requested by TubularInsect)\n|inactive|TubularInsect has 60 seconds left.\n|inactive|TubularInsect has 30 seconds left.\n|\n|t:|1743233160\n|start\n|switch|p1a: Mike The Bike|Miraidon, L50|100/100\n|switch|p1b: Give me a M.I.K.E|Whimsicott, L50, F, shiny|100/100\n|switch|p2a: Mcqueen|Calyrex-Shadow, L50|100/100\n|switch|p2b: Rampardos|Rampardos, L50, M|100/100\n|-ability|p2a: Mcqueen|As One\n|-ability|p2a: Mcqueen|Unnerve\n|-fieldstart|move: Electric Terrain|[from] ability: Hadron Engine|[of] p1a: Mike The Bike\n|turn|1\n|inactive|TubularInsect has 30 seconds left.\n|\n|t:|1743233191\n|-terastallize|p1a: Mike The Bike|Electric\n|-terastallize|p2b: Rampardos|Rock\n|move|p1b: Give me a M.I.K.E|Tailwind|p1b: Give me a M.I.K.E\n|-sidestart|p1: TubularInsect|move: Tailwind\n|move|p1a: Mike The Bike|Electro Drift|p2b: Rampardos\n|-damage|p2b: Rampardos|0 fnt\n|faint|p2b: Rampardos\n|move|p2a: Mcqueen|Trick Room|p2a: Mcqueen\n|-fieldstart|move: Trick Room|[of] p2a: Mcqueen\n|\n|upkeep\n|\n|t:|1743233208\n|switch|p2b: Oof|Regidrago, L50, shiny|100/100\n|turn|2\n|\n|t:|1743233223\n|move|p2b: Oof|Dragon Dance|p2b: Oof\n|-boost|p2b: Oof|atk|1\n|-boost|p2b: Oof|spe|1\n|move|p1b: Give me a M.I.K.E|Moonblast|p2b: Oof\n|-supereffective|p2b: Oof\n|-damage|p2b: Oof|51/100\n|move|p1a: Mike The Bike|Electro Drift|p2b: Oof\n|-resisted|p2b: Oof\n|-damage|p2b: Oof|0 fnt\n|faint|p2b: Oof\n|move|p2a: Mcqueen|Trick Room|p2a: Mcqueen\n|-fieldend|move: Trick Room\n|\n|upkeep\n|\n|t:|1743233234\n|switch|p2b: Lilligant|Lilligant-Hisui, L50, F, shiny|100/100\n|turn|3\n|-message|ThorGodOfGoats forfeited.\n|\n|win|TubularInsect\n|l|\u2606ThorGodOfGoats\n|player|p2|\n||ThorGodOfGoats is ready for game 2.\n||TubularInsect is ready for game 2.\n|uhtml|next|Next: <a href=\"/battle-gen9vgc2025reggbo3-2330468049\"><strong>Game 2 of 3</strong></a>\n|l|\u2606TubularInsect\n|player|p1|\n", "uploadtime": 1743233566, "views": 5, "formatid": "gen9vgc2025reggbo3", "rating": null, "private": 0, "password": null}