{"id": "gen9vgc2025reggbo3-2330457450", "format": "[Gen 9] VGC 2025 Reg G (Bo3)", "players": ["angelicangel12", "rphoenix_blaze"], "log": "|j|\u2606angelicangel12\n|j|\u2606rphoenix_blaze\n|html|<table width=\"100%\"><tr><td align=\"left\">angelicangel12</td><td align=\"right\">rphoenix_blaze</tr><tr><td align=\"left\"><i class=\"fa fa-circle-o\"></i> <i class=\"fa fa-circle-o\"></i> </td><td align=\"right\"><i class=\"fa fa-circle-o\"></i> <i class=\"fa fa-circle-o\"></i> </tr></table>\n|uhtml|bestof|<h2><strong>Game 1</strong> of <a href=\"/game-bestof3-gen9vgc2025reggbo3-2330457449\">a best-of-3</a></h2>\n|t:|1743231095\n|gametype|doubles\n|player|p1|angelicangel12|caitlin|1471\n|player|p2|rphoenix_blaze|scientist-gen4dp|1424\n|teamsize|p1|6\n|teamsize|p2|6\n|gen|9\n|tier|[Gen 9] VGC 2025 Reg G (Bo3)\n|rated|\n|rule|Species Clause: Limit one of each Pok\u00e9mon\n|rule|Item Clause: Limit 1 of each item\n|clearpoke\n|poke|p1|Zamazenta-*, L50|\n|poke|p1|Chien-Pao, L50|\n|poke|p1|Amoonguss, L50, M|\n|poke|p1|Chi-Yu, L50|\n|poke|p1|Flutter Mane, L50|\n|poke|p1|Urshifu-*, L50, M|\n|poke|p2|Calyrex-Shadow, L50|\n|poke|p2|Maushold-Four, L50|\n|poke|p2|Chi-Yu, L50|\n|poke|p2|Whimsicott, L50, M|\n|poke|p2|Urshifu-*, L50, F|\n|poke|p2|Weezing, L50, F|\n|teampreview|4\n|showteam|p1|Zamazenta-Crowned||RustedShield|DauntlessShield|BodyPress,behemothbash,WideGuard,Protect||||||50|,,,,,Dragon]Chien-Pao||FocusSash|SwordofRuin|IceSpinner,Crunch,SuckerPunch,Protect||||||50|,,,,,Ghost]Amoonguss||RockyHelmet|Regenerator|Spore,SludgeBomb,RagePowder,Protect|||M|||50|,,,,,Water]Chi-Yu||ChoiceScarf|BeadsofRuin|HeatWave,Overheat,DarkPulse,Snarl||||||50|,,,,,Ghost]Flutter Mane||BoosterEnergy|Protosynthesis|Moonblast,ShadowBall,IcyWind,Taunt||||||50|,,,,,Grass]Urshifu-Rapid-Strike||SafetyGoggles|UnseenFist|SurgingStrikes,CloseCombat,AquaJet,Detect|||M|||50|,,,,,Water\n|showteam|p2|Calyrex-Shadow||ChoiceSpecs|AsOneSpectrier|AstralBarrage,ShadowBall,Psychic,DarkPulse||||||50|,,,,,Ghost]Maushold-Four||ChoiceScarf|Technician|PopulationBomb,Uturn,FakeTears,Switcheroo||||||50|,,,,,Ghost]Chi-Yu||FocusSash|BeadsofRuin|Snarl,HeatWave,DarkPulse,Overheat||||||50|,,,,,Ghost]Whimsicott||CovertCloak|Prankster|HelpingHand,Moonblast,Tailwind,Encore|||M|||50|,,,,,Fairy]Urshifu-Rapid-Strike||MysticWater|UnseenFist|SurgingStrikes,CloseCombat,AquaJet,Protect|||F|||50|,,,,,Water]Weezing||RockyHelmet|NeutralizingGas|WillOWisp,Protect,SludgeBomb,Flamethrower|||F|||50|,,,,,Water\n|\n|t:|1743231134\n|start\n|switch|p1a: Zamazenta|Zamazenta-Crowned, L50|100/100\n|switch|p1b: Chi-Yu|Chi-Yu, L50|100/100\n|switch|p2a: Whimsicott|Whimsicott, L50, M|100/100\n|switch|p2b: Maushold|Maushold-Four, L50|100/100\n|-ability|p1b: Chi-Yu|Beads of Ruin\n|-ability|p1a: Zamazenta|Dauntless Shield|boost\n|-boost|p1a: Zamazenta|def|1\n|turn|1\n|\n|t:|1743231191\n|-terastallize|p1b: Chi-Yu|Ghost\n|move|p2a: Whimsicott|Tailwind|p2a: Whimsicott\n|-sidestart|p2: rphoenix_blaze|move: Tailwind\n|move|p2b: Maushold|Population Bomb|p1b: Chi-Yu\n|-immune|p1b: Chi-Yu\n|move|p1b: Chi-Yu|Heat Wave|p2b: Maushold|[spread] p2a,p2b\n|-supereffective|p2a: Whimsicott\n|-damage|p2a: Whimsicott|0 fnt\n|-damage|p2b: Maushold|14/100\n|faint|p2a: Whimsicott\n|move|p1a: Zamazenta|Body Press|p2b: Maushold\n|-supereffective|p2b: Maushold\n|-damage|p2b: Maushold|0 fnt\n|faint|p2b: Maushold\n|\n|upkeep\n|\n|t:|1743231194\n|switch|p2b: Chi-Yu|Chi-Yu, L50|100/100\n|switch|p2a: Calyrex|Calyrex-Shadow, L50|100/100\n|-ability|p2a: Calyrex|As One\n|-ability|p2a: Calyrex|Unnerve\n|-ability|p2b: Chi-Yu|Beads of Ruin\n|turn|2\n|\n|t:|1743231210\n|-terastallize|p2a: Calyrex|Ghost\n|move|p1a: Zamazenta|Protect|p1a: Zamazenta\n|-singleturn|p1a: Zamazenta|Protect\n|move|p2a: Calyrex|Shadow Ball|p1b: Chi-Yu\n|-supereffective|p1b: Chi-Yu\n|-damage|p1b: Chi-Yu|0 fnt\n|faint|p1b: Chi-Yu\n|-ability|p2a: Calyrex|Grim Neigh|boost\n|-boost|p2a: Calyrex|spa|1\n|move|p2b: Chi-Yu|Overheat|p1a: Zamazenta\n|-activate|p1a: Zamazenta|move: Protect\n|\n|upkeep\n|\n|t:|1743231219\n|switch|p1b: Chien-Pao|Chien-Pao, L50|100/100\n|-ability|p1b: Chien-Pao|Sword of Ruin\n|turn|3\n|\n|t:|1743231225\n|move|p1b: Chien-Pao|Sucker Punch|p2a: Calyrex\n|-supereffective|p2a: Calyrex\n|-damage|p2a: Calyrex|0 fnt\n|faint|p2a: Calyrex\n|move|p2b: Chi-Yu|Heat Wave|p1a: Zamazenta|[spread] p1a,p1b\n|-supereffective|p1a: Zamazenta\n|-supereffective|p1b: Chien-Pao\n|-damage|p1a: Zamazenta|29/100\n|-enditem|p1b: Chien-Pao|Focus Sash\n|-damage|p1b: Chien-Pao|1/100\n|move|p1a: Zamazenta|Body Press|p2b: Chi-Yu\n|-supereffective|p2b: Chi-Yu\n|-enditem|p2b: Chi-Yu|Focus Sash\n|-damage|p2b: Chi-Yu|1/100\n|\n|upkeep\n|turn|4\n|\n|t:|1743231232\n|move|p1b: Chien-Pao|Sucker Punch|p2b: Chi-Yu\n|-resisted|p2b: Chi-Yu\n|-damage|p2b: Chi-Yu|0 fnt\n|faint|p2b: Chi-Yu\n|\n|win|angelicangel12\n||rphoenix_blaze is ready for game 2.\n||angelicangel12 is ready for game 2.\n|uhtml|next|Next: <a href=\"/battle-gen9vgc2025reggbo3-2330458150\"><strong>Game 2 of 3</strong></a>\n|l|\u2606angelicangel12\n|player|p1|\n", "uploadtime": 1743231589, "views": 5, "formatid": "gen9vgc2025reggbo3", "rating": null, "private": 0, "password": null}