{"id": "gen9vgc2025reggbo3-2330423676", "format": "[Gen 9] VGC 2025 Reg G (Bo3)", "players": ["Ocpuddin", "cain4511"], "log": "|j|\u2606Ocpuddin\n|j|\u2606cain4511\n|html|<table width=\"100%\"><tr><td align=\"left\">Ocpuddin</td><td align=\"right\">cain4511</tr><tr><td align=\"left\"><i class=\"fa fa-circle\"></i> <i class=\"fa fa-circle-o\"></i> </td><td align=\"right\"><i class=\"fa fa-circle-o\"></i> <i class=\"fa fa-circle-o\"></i> </tr></table>\n|uhtml|bestof|<h2><strong>Game 2</strong> of <a href=\"/game-bestof3-gen9vgc2025reggbo3-2330421984\">a best-of-3</a></h2>\n|t:|1743224927\n|gametype|doubles\n|player|p1|Ocpuddin|alder|1131\n|player|p2|cain4511|1|1149\n|teamsize|p1|6\n|teamsize|p2|6\n|gen|9\n|tier|[Gen 9] VGC 2025 Reg G (Bo3)\n|rated|\n|rule|Species Clause: Limit one of each Pok\u00e9mon\n|rule|Item Clause: Limit 1 of each item\n|clearpoke\n|poke|p1|Mewtwo, L50|\n|poke|p1|Whimsicott, L50, M|\n|poke|p1|Charizard, L50, M|\n|poke|p1|Arcanine, L50, M|\n|poke|p1|Clefable, L50, M|\n|poke|p1|Raichu, L50, M|\n|poke|p2|Miraidon, L50|\n|poke|p2|Iron Hands, L50|\n|poke|p2|Farigiraf, L50, F|\n|poke|p2|Ogerpon-Hearthflame, L50, F|\n|poke|p2|Urshifu-*, L50, M|\n|poke|p2|Ursaluna-Bloodmoon, L50, M|\n|teampreview|4\n|showteam|p1|Mewtwo||LifeOrb|Unnerve|TrickRoom,DarkPulse,Psystrike,Flamethrower||||||50|,,,,,Fire]Whimsicott||SafetyGoggles|Prankster|Tailwind,Encore,SunnyDay,BeatUp|||M|||50|,,,,,Ghost]Charizard||ChoiceSpecs|SolarPower|AncientPower,AirSlash,DragonPulse,HeatWave|||M|||50|,,,,,Dragon]Arcanine||ExpertBelt|Justified|MorningSun,FireFang,ExtremeSpeed,PlayRough|||M|||50|,,,,,Fairy]Clefable||BrightPowder|MagicGuard|SkillSwap,Moonlight,HealPulse,AlluringVoice|||M|||50|,,,,,Fairy]Raichu||AirBalloon|LightningRod|ThunderWave,HelpingHand,FakeOut,Thunderbolt|||M|||50|,,,,,Electric\n|showteam|p2|Miraidon||ChoiceSpecs|HadronEngine|ElectroDrift,DazzlingGleam,DracoMeteor,VoltSwitch||||||50|,,,,,Fairy]Iron Hands||AssaultVest|QuarkDrive|FakeOut,DrainPunch,LowKick,WildCharge||||||50|,,,,,Water]Farigiraf||ThroatSpray|ArmorTail|HyperVoice,PsychicNoise,TrickRoom,HelpingHand|||F|||50|,,,,,Water]Ogerpon-Hearthflame||HearthflameMask|MoldBreaker|IvyCudgel,HornLeech,FollowMe,SpikyShield|||F|||50|,,,,,Fire]Urshifu-Rapid-Strike||ChoiceScarf|UnseenFist|SurgingStrikes,CloseCombat,Detect,AquaJet|||M|||50|,,,,,Water]Ursaluna-Bloodmoon||LifeOrb|MindsEye|BloodMoon,EarthPower,HyperVoice,Protect|||M|||50|,,,,,Normal\n|\n|t:|1743224955\n|start\n|switch|p1a: Thor|Raichu, L50, M, shiny|100/100\n|switch|p1b: Xavier|Mewtwo, L50, shiny|100/100\n|switch|p2a: Ogerpon|Ogerpon-Hearthflame, L50, F|100/100\n|switch|p2b: Farigiraf|Farigiraf, L50, F|100/100\n|-ability|p1b: Xavier|Unnerve\n|-item|p1a: Thor|Air Balloon\n|-ability|p2a: Ogerpon|Mold Breaker\n|turn|1\n|\n|t:|1743224988\n|-terastallize|p1b: Xavier|Fire\n|-terastallize|p2a: Ogerpon|Fire\n|detailschange|p2a: Ogerpon|Ogerpon-Hearthflame-Tera, L50, F, tera:Fire\n|-ability|p2a: Ogerpon|Embody Aspect (Hearthflame)|boost\n|-boost|p2a: Ogerpon|atk|1\n|move|p1a: Thor|Helping Hand|p1b: Xavier\n|-singleturn|p1b: Xavier|Helping Hand|[of] p1a: Thor\n|move|p1b: Xavier|Psystrike|p2a: Ogerpon\n|-damage|p2a: Ogerpon|0 fnt\n|faint|p2a: Ogerpon\n|-damage|p1b: Xavier|91/100|[from] item: Life Orb\n|move|p2b: Farigiraf|Trick Room|p2b: Farigiraf\n|-fieldstart|move: Trick Room|[of] p2b: Farigiraf\n|\n|upkeep\n|\n|t:|1743225003\n|switch|p2a: Ursaluna|Ursaluna-Bloodmoon, L50, M|100/100\n|turn|2\n|\n|t:|1743225021\n|move|p1a: Thor|Helping Hand|p1b: Xavier\n|-singleturn|p1b: Xavier|Helping Hand|[of] p1a: Thor\n|move|p2a: Ursaluna|Hyper Voice|p1a: Thor|[spread] p1a,p1b\n|-damage|p1a: Thor|21/100\n|-damage|p1b: Xavier|35/100\n|-enditem|p1a: Thor|Air Balloon\n|-damage|p2a: Ursaluna|91/100|[from] item: Life Orb\n|move|p2b: Farigiraf|Hyper Voice|p1a: Thor|[spread] p1a,p1b\n|-damage|p1a: Thor|0 fnt\n|-damage|p1b: Xavier|5/100\n|faint|p1a: Thor\n|-enditem|p2b: Farigiraf|Throat Spray\n|-boost|p2b: Farigiraf|spa|1|[from] item: Throat Spray\n|move|p1b: Xavier|Psystrike|p2a: Ursaluna\n|-damage|p2a: Ursaluna|8/100\n|-damage|p1b: Xavier|0 fnt|[from] item: Life Orb\n|faint|p1b: Xavier\n|\n|upkeep\n|\n|t:|1743225044\n|switch|p1a: Joy|Clefable, L50, M, shiny|100/100\n|switch|p1b: Capt.Inferno|Charizard, L50, M, shiny|100/100\n|turn|3\n|\n|t:|1743225070\n|move|p2a: Ursaluna|Hyper Voice|p1b: Capt.Inferno|[spread] p1a,p1b\n|-damage|p1a: Joy|47/100\n|-damage|p1b: Capt.Inferno|35/100\n|-damage|p2a: Ursaluna|0 fnt|[from] item: Life Orb\n|faint|p2a: Ursaluna\n|move|p2b: Farigiraf|Hyper Voice|p1a: Joy|[spread] p1a,p1b\n|-damage|p1a: Joy|6/100\n|-damage|p1b: Capt.Inferno|0 fnt\n|faint|p1b: Capt.Inferno\n|move|p1a: Joy|Alluring Voice|p2b: Farigiraf\n|-damage|p2b: Farigiraf|76/100\n|\n|upkeep\n|\n|t:|1743225080\n|switch|p2a: Urshifu|Urshifu-Rapid-Strike, L50, M|100/100\n|turn|4\n|\n|t:|1743225092\n|move|p2a: Urshifu|Aqua Jet|p1a: Joy|[miss]\n|-miss|p2a: Urshifu|p1a: Joy\n|move|p2b: Farigiraf|Hyper Voice|p1a: Joy\n|-damage|p1a: Joy|0 fnt\n|faint|p1a: Joy\n|\n|win|cain4511\n||cain4511 is ready for game 3.\n|inactive|Ocpuddin has 30 seconds to confirm battle start!\n||Ocpuddin is ready for game 3.\n|uhtml|next|Next: <a href=\"/battle-gen9vgc2025reggbo3-2330424744\"><strong>Game 3 of 3</strong></a>\n", "uploadtime": 1743225231, "views": 5, "formatid": "gen9vgc2025reggbo3", "rating": null, "private": 0, "password": null}