{"id": "gen9vgc2025reggbo3-2330486937", "format": "[Gen 9] VGC 2025 Reg G (Bo3)", "players": ["jonen", "exinmianVGC"], "log": "|j|\u2606jonen\n|j|\u2606exinmianVGC\n|html|<table width=\"100%\"><tr><td align=\"left\">jonen</td><td align=\"right\">exinmianVGC</tr><tr><td align=\"left\"><i class=\"fa fa-circle-o\"></i> <i class=\"fa fa-circle-o\"></i> </td><td align=\"right\"><i class=\"fa fa-circle-o\"></i> <i class=\"fa fa-circle\"></i> </tr></table>\n|uhtml|bestof|<h2><strong>Game 2</strong> of <a href=\"/game-bestof3-gen9vgc2025reggbo3-2330486410\">a best-of-3</a></h2>\n|t:|1743237389\n|gametype|doubles\n|player|p1|jonen|hiker-gen4|1186\n|player|p2|exinmianVGC|265|1284\n|teamsize|p1|6\n|teamsize|p2|6\n|gen|9\n|tier|[Gen 9] VGC 2025 Reg G (Bo3)\n|rated|\n|rule|Species Clause: Limit one of each Pok\u00e9mon\n|rule|Item Clause: Limit 1 of each item\n|clearpoke\n|poke|p1|Tatsugiri, L50, M|\n|poke|p1|Chi-Yu, L50|\n|poke|p1|Dragonite, L50, M|\n|poke|p1|Dondozo, L50, F|\n|poke|p1|Gholdengo, L50|\n|poke|p1|Miraidon, L50|\n|poke|p2|Miraidon, L50|\n|poke|p2|Whimsicott, L50, M|\n|poke|p2|Urshifu-*, L50, M|\n|poke|p2|Ogerpon-Hearthflame, L50, F|\n|poke|p2|Farigiraf, L50, F|\n|poke|p2|Iron Hands, L50|\n|teampreview|4\n|showteam|p1|Tatsugiri||ChoiceScarf|Commander|MuddyWater,IcyWind,DracoMeteor,Soak|||M|||50|,,,,,Normal]Chi-Yu||FocusSash|BeadsofRuin|HeatWave,Protect,DarkPulse,Overheat||||||50|,,,,,Ghost]Dragonite||ChoiceBand|InnerFocus|IronHead,AerialAce,ExtremeSpeed,Outrage|||M|||50|,,,,,Normal]Dondozo||Leftovers|Unaware|OrderUp,Protect,WaveCrash,Earthquake|||F|||50|,,,,,Grass]Gholdengo||ChoiceSpecs|GoodasGold|ShadowBall,Trick,MakeItRain,PowerGem||||||50|,,,,,Normal]Miraidon||AssaultVest|HadronEngine|VoltSwitch,DracoMeteor,ElectroDrift,DazzlingGleam||||||50|,,,,,Fairy\n|showteam|p2|Miraidon||ChoiceSpecs|HadronEngine|ElectroDrift,DracoMeteor,VoltSwitch,DazzlingGleam||||||50|,,,,,Fairy]Whimsicott||CovertCloak|Prankster|Moonblast,Tailwind,LightScreen,Encore|||M|||50|,,,,,Dark]Urshifu-Rapid-Strike||FocusSash|UnseenFist|SurgingStrikes,CloseCombat,AquaJet,Protect|||M|||50|,,,,,Stellar]Ogerpon-Hearthflame||HearthflameMask|MoldBreaker|IvyCudgel,WoodHammer,FollowMe,SpikyShield|||F|||50|,,,,,Fire]Farigiraf||ElectricSeed|ArmorTail|FoulPlay,PsychicNoise,TrickRoom,HelpingHand|||F|||50|,,,,,Water]Iron Hands||AssaultVest|QuarkDrive|DrainPunch,LowKick,WildCharge,FakeOut||||||50|,,,,,Bug\n|\n|t:|1743237401\n|start\n|switch|p1a: Dragonite|Dragonite, L50, M|100/100\n|switch|p1b: Miraidon|Miraidon, L50|100/100\n|switch|p2a: Whimsicott|Whimsicott, L50, M|100/100\n|switch|p2b: Miraidon|Miraidon, L50|100/100\n|-fieldstart|move: Electric Terrain|[from] ability: Hadron Engine|[of] p2b: Miraidon\n|-activate|p1b: Miraidon|ability: Hadron Engine\n|turn|1\n|\n|t:|1743237422\n|move|p1a: Dragonite|Extreme Speed|p2b: Miraidon\n|-damage|p2b: Miraidon|55/100\n|move|p2a: Whimsicott|Tailwind|p2a: Whimsicott\n|-sidestart|p2: exinmianVGC|move: Tailwind\n|move|p2b: Miraidon|Electro Drift|p1b: Miraidon\n|-resisted|p1b: Miraidon\n|-damage|p1b: Miraidon|79/100\n|move|p1b: Miraidon|Draco Meteor|p2b: Miraidon|[miss]\n|-miss|p1b: Miraidon|p2b: Miraidon\n|\n|upkeep\n|turn|2\n|\n|t:|1743237439\n|switch|p2b: Ogerpon|Ogerpon-Hearthflame, L50, F|100/100\n|-ability|p2b: Ogerpon|Mold Breaker\n|-terastallize|p1a: Dragonite|Normal\n|move|p1a: Dragonite|Extreme Speed|p2b: Ogerpon\n|-damage|p2b: Ogerpon|19/100\n|move|p2a: Whimsicott|Light Screen|p2a: Whimsicott\n|-sidestart|p2: exinmianVGC|move: Light Screen\n|move|p1b: Miraidon|Volt Switch|p2a: Whimsicott\n|-resisted|p2a: Whimsicott\n|-damage|p2a: Whimsicott|75/100\n|\n|t:|1743237442\n|switch|p1b: Gholdengo|Gholdengo, L50|100/100|[from] Volt Switch\n|\n|upkeep\n|turn|3\n|\n|t:|1743237458\n|move|p1a: Dragonite|Extreme Speed|p2b: Ogerpon\n|-damage|p2b: Ogerpon|0 fnt\n|faint|p2b: Ogerpon\n|move|p2a: Whimsicott|Moonblast|p1a: Dragonite\n|-damage|p1a: Dragonite|75/100\n|move|p1b: Gholdengo|Make It Rain|p2a: Whimsicott\n|-supereffective|p2a: Whimsicott\n|-damage|p2a: Whimsicott|0 fnt\n|-unboost|p1b: Gholdengo|spa|1\n|faint|p2a: Whimsicott\n|\n|upkeep\n|\n|t:|1743237462\n|switch|p2a: Iron Hands|Iron Hands, L50|100/100\n|switch|p2b: Miraidon|Miraidon, L50|55/100\n|-activate|p2b: Miraidon|ability: Hadron Engine\n|-activate|p2a: Iron Hands|ability: Quark Drive\n|-start|p2a: Iron Hands|quarkdriveatk\n|turn|4\n|\n|t:|1743237482\n|-terastallize|p2b: Miraidon|Fairy\n|move|p1a: Dragonite|Extreme Speed|p2b: Miraidon\n|-crit|p2b: Miraidon\n|-damage|p2b: Miraidon|0 fnt\n|faint|p2b: Miraidon\n|move|p1b: Gholdengo|Make It Rain|p2a: Iron Hands\n|-resisted|p2a: Iron Hands\n|-damage|p2a: Iron Hands|90/100\n|-unboost|p1b: Gholdengo|spa|1\n|move|p2a: Iron Hands|Wild Charge|p1a: Dragonite\n|-damage|p1a: Dragonite|0 fnt\n|faint|p1a: Dragonite\n|-damage|p2a: Iron Hands|75/100|[from] Recoil\n|\n|-sideend|p2: exinmianVGC|move: Tailwind\n|upkeep\n|\n|t:|1743237491\n|switch|p1a: Miraidon|Miraidon, L50|79/100\n|-activate|p1a: Miraidon|ability: Hadron Engine\n|turn|5\n|\n|t:|1743237494\n|switch|p1b: Chi-Yu|Chi-Yu, L50|100/100\n|-ability|p1b: Chi-Yu|Beads of Ruin\n|move|p1a: Miraidon|Dazzling Gleam|p2a: Iron Hands\n|-supereffective|p2a: Iron Hands\n|-damage|p2a: Iron Hands|41/100\n|move|p2a: Iron Hands|Low Kick|p1a: Miraidon\n|-damage|p1a: Miraidon|4/100\n|\n|-fieldend|move: Electric Terrain\n|-end|p2a: Iron Hands|Quark Drive\n|upkeep\n|turn|6\n|\n|t:|1743237507\n|move|p1a: Miraidon|Dazzling Gleam|p2a: Iron Hands\n|-supereffective|p2a: Iron Hands\n|-damage|p2a: Iron Hands|16/100\n|move|p1b: Chi-Yu|Overheat|p2a: Iron Hands\n|-damage|p2a: Iron Hands|0 fnt\n|-unboost|p1b: Chi-Yu|spa|2\n|faint|p2a: Iron Hands\n|-end|p2a: Iron Hands|Quark Drive|[silent]\n|\n|win|jonen\n||jonen is ready for game 3.\n||exinmianVGC is ready for game 3.\n|uhtml|next|Next: <a href=\"/battle-gen9vgc2025reggbo3-2330487461\"><strong>Game 3 of 3</strong></a>\n|l|\u2606jonen\n|player|p1|\n", "uploadtime": 1743237892, "views": 5, "formatid": "gen9vgc2025reggbo3", "rating": null, "private": 0, "password": null}