{"id": "gen9vgc2025reggbo3-2330540690", "format": "[Gen 9] VGC 2025 Reg G (Bo3)", "players": ["Dryynvgc", "TubularInsect"], "log": "|j|\u2606Dryynvgc\n|j|\u2606TubularInsect\n|html|<table width=\"100%\"><tr><td align=\"left\">Dryynvgc</td><td align=\"right\">TubularInsect</tr><tr><td align=\"left\"><i class=\"fa fa-circle-o\"></i> <i class=\"fa fa-circle-o\"></i> </td><td align=\"right\"><i class=\"fa fa-circle-o\"></i> <i class=\"fa fa-circle\"></i> </tr></table>\n|uhtml|bestof|<h2><strong>Game 2</strong> of <a href=\"/game-bestof3-gen9vgc2025reggbo3-2330539445\">a best-of-3</a></h2>\n|t:|1743247778\n|gametype|doubles\n|player|p1|Dryynvgc|cynthia|1154\n|player|p2|TubularInsect|lady-gen4|1090\n|teamsize|p1|6\n|teamsize|p2|6\n|gen|9\n|tier|[Gen 9] VGC 2025 Reg G (Bo3)\n|rated|\n|rule|Species Clause: Limit one of each Pok\u00e9mon\n|rule|Item Clause: Limit 1 of each item\n|clearpoke\n|poke|p1|Smeargle, L50, F|\n|poke|p1|Calyrex-Shadow, L50|\n|poke|p1|Clefairy, L50, M|\n|poke|p1|Rillaboom, L50, F|\n|poke|p1|Tornadus, L50, M|\n|poke|p1|Urshifu-*, L50, M|\n|poke|p2|Dragapult, L50, M|\n|poke|p2|Miraidon, L50|\n|poke|p2|Whimsicott, L50, M|\n|poke|p2|Iron Hands, L50|\n|poke|p2|Slowbro, L50, M|\n|poke|p2|Typhlosion, L50, M|\n|teampreview|4\n|showteam|p1|Smeargle||FocusSash|Moody|FollowMe,WideGuard,Spore,FakeOut|||F|||50|,,,,,Ghost]Calyrex-Shadow||LifeOrb|AsOneSpectrier|AstralBarrage,GigaDrain,NastyPlot,Protect||||||50|,,,,,Grass]Clefairy||Eviolite|FriendGuard|FollowMe,HelpingHand,AfterYou,Protect|||M|||50|,,,,,Grass]Rillaboom||AssaultVest|GrassySurge|WoodHammer,GrassyGlide,Uturn,FakeOut|||F|||50|,,,,,Fire]Tornadus||CovertCloak|Prankster|BleakwindStorm,Taunt,RainDance,Tailwind|||M|||50|,,,,,Dark]Urshifu-Rapid-Strike||SplashPlate|UnseenFist|SurgingStrikes,CloseCombat,AquaJet,Protect|||M|||50|,,,,,Water\n|showteam|p2|Dragapult||ChoiceBand|ClearBody|PsychicFangs,TeraBlast,DragonClaw,Uturn|||M|||50|,,,,,Stellar]Miraidon||ChoiceSpecs|HadronEngine|ElectroDrift,DracoMeteor,DazzlingGleam,Discharge||||||50|,,,,,Electric]Whimsicott||CovertCloak|Prankster|Tailwind,SunnyDay,Moonblast,Taunt|||M|||50|,,,,,Dark]Iron Hands||AssaultVest|QuarkDrive|FakeOut,DrainPunch,SupercellSlam,IronHead||||||50|,,,,,Grass]Slowbro||SitrusBerry|Oblivious|Flamethrower,GrassKnot,TrickRoom,Psychic|||M|||50|,,,,,Grass]Typhlosion||ChoiceScarf|Blaze|Eruption,SolarBeam,Extrasensory,HeatWave|||M|||50|,,,,,Fire\n|inactive|Battle timer is ON: inactive players will automatically lose when time's up. (requested by TubularInsect)\n|inactive|TubularInsect has 60 seconds left.\n|\n|t:|1743247817\n|start\n|switch|p1a: Calyrex|Calyrex-Shadow, L50|100/100\n|switch|p1b: Rillaboom|Rillaboom, L50, F, shiny|100/100\n|switch|p2a: Mike The Bike|Miraidon, L50|100/100\n|switch|p2b: Give me a M.I.K.E|Whimsicott, L50, M, shiny|100/100\n|-ability|p1a: Calyrex|As One\n|-ability|p1a: Calyrex|Unnerve\n|-fieldstart|move: Electric Terrain|[from] ability: Hadron Engine|[of] p2a: Mike The Bike\n|-fieldstart|move: Grassy Terrain|[from] ability: Grassy Surge|[of] p1b: Rillaboom\n|turn|1\n|inactive|TubularInsect has 30 seconds left.\n|\n|t:|1743247852\n|switch|p2a: Always Handy|Iron Hands, L50|100/100\n|move|p1b: Rillaboom|Fake Out|p2a: Always Handy\n|-damage|p2a: Always Handy|91/100\n|move|p2b: Give me a M.I.K.E|Tailwind|p2b: Give me a M.I.K.E\n|-sidestart|p2: TubularInsect|move: Tailwind\n|move|p1a: Calyrex|Nasty Plot|p1a: Calyrex\n|-boost|p1a: Calyrex|spa|2\n|\n|-heal|p2a: Always Handy|97/100|[from] Grassy Terrain\n|upkeep\n|turn|2\n|\n|t:|1743247876\n|move|p2a: Always Handy|Fake Out|p1b: Rillaboom\n|-damage|p1b: Rillaboom|86/100\n|move|p2b: Give me a M.I.K.E|Sunny Day|p2b: Give me a M.I.K.E\n|-weather|SunnyDay\n|move|p1a: Calyrex|Astral Barrage|p2b: Give me a M.I.K.E|[spread] p2a,p2b\n|-damage|p2a: Always Handy|13/100\n|-damage|p2b: Give me a M.I.K.E|0 fnt\n|faint|p2b: Give me a M.I.K.E\n|-ability|p1a: Calyrex|Grim Neigh|boost\n|-boost|p1a: Calyrex|spa|1\n|-damage|p1a: Calyrex|91/100|[from] item: Life Orb\n|cant|p1b: Rillaboom|flinch\n|\n|-weather|SunnyDay|[upkeep]\n|-heal|p1a: Calyrex|97/100|[from] Grassy Terrain\n|-heal|p1b: Rillaboom|92/100|[from] Grassy Terrain\n|-heal|p2a: Always Handy|19/100|[from] Grassy Terrain\n|upkeep\n|\n|t:|1743247884\n|switch|p2b: Feel the Phlo|Typhlosion, L50, M|100/100\n|turn|3\n|inactive|Dryynvgc has 30 seconds left.\n|\n|t:|1743247917\n|switch|p1b: Clefairy|Clefairy, L50, M|100/100\n|-terastallize|p2b: Feel the Phlo|Fire\n|move|p2b: Feel the Phlo|Eruption|p1a: Calyrex|[spread] p1a,p1b\n|-damage|p1a: Calyrex|16/100\n|-damage|p1b: Clefairy|2/100\n|move|p1a: Calyrex|Astral Barrage|p2a: Always Handy|[spread] p2a,p2b\n|-damage|p2a: Always Handy|0 fnt\n|-damage|p2b: Feel the Phlo|0 fnt\n|faint|p2a: Always Handy\n|-end|p2a: Always Handy|Quark Drive|[silent]\n|faint|p2b: Feel the Phlo\n|-ability|p1a: Calyrex|Grim Neigh|boost\n|-boost|p1a: Calyrex|spa|2\n|-damage|p1a: Calyrex|7/100|[from] item: Life Orb\n|\n|-weather|SunnyDay|[upkeep]\n|-heal|p1a: Calyrex|13/100|[from] Grassy Terrain\n|-heal|p1b: Clefairy|8/100|[from] Grassy Terrain\n|upkeep\n|\n|t:|1743247925\n|switch|p2b: Mike The Bike|Miraidon, L50|100/100\n|-fieldstart|move: Electric Terrain|[from] ability: Hadron Engine|[of] p2b: Mike The Bike\n|turn|4\n|-message|TubularInsect forfeited.\n|\n|win|Dryynvgc\n|l|\u2606TubularInsect\n|player|p2|\n||Dryynvgc is ready for game 3.\n|raw|Dryynvgc's rating: 1154 &rarr; <strong>1174</strong><br />(+20 for winning)\n|raw|TubularInsect's rating: 1090 &rarr; <strong>1071</strong><br />(-19 for losing)\n|l|\u2606Dryynvgc\n|player|p1|\n", "uploadtime": 1743248263, "views": 6, "formatid": "gen9vgc2025reggbo3", "rating": 1071, "private": 0, "password": null}