{"id": "gen9vgc2025reggbo3-2330525479", "format": "[Gen 9] VGC 2025 Reg G (Bo3)", "players": ["Xsquared Playz!", "zeyn-299"], "log": "|j|\u2606Xsquared Playz!\n|j|\u2606zeyn-299\n|html|<table width=\"100%\"><tr><td align=\"left\">Xsquared Playz!</td><td align=\"right\">zeyn-299</tr><tr><td align=\"left\"><i class=\"fa fa-circle-o\"></i> <i class=\"fa fa-circle-o\"></i> </td><td align=\"right\"><i class=\"fa fa-circle-o\"></i> <i class=\"fa fa-circle-o\"></i> </tr></table>\n|uhtml|bestof|<h2><strong>Game 1</strong> of <a href=\"/game-bestof3-gen9vgc2025reggbo3-2330525478\">a best-of-3</a></h2>\n|t:|1743245074\n|gametype|doubles\n|player|p1|Xsquared Playz!|ninjaboy|1067\n|player|p2|zeyn-299|doctor|1246\n|teamsize|p1|6\n|teamsize|p2|6\n|gen|9\n|tier|[Gen 9] VGC 2025 Reg G (Bo3)\n|rated|\n|rule|Species Clause: Limit one of each Pok\u00e9mon\n|rule|Item Clause: Limit 1 of each item\n|clearpoke\n|poke|p1|Ninetales-Alola, L50, F|\n|poke|p1|Carbink, L50|\n|poke|p1|Gothitelle, L50, F|\n|poke|p1|Rampardos, L50, F|\n|poke|p1|Kyurem-White, L50|\n|poke|p1|Articuno, L50|\n|poke|p2|Necrozma-Dawn-Wings, L50|\n|poke|p2|Indeedee-F, L50, F|\n|poke|p2|Torkoal, L50, M|\n|poke|p2|Gallade, L50, M|\n|poke|p2|Incineroar, L50, M|\n|poke|p2|Grimmsnarl, L50, M|\n|teampreview|4\n|showteam|p1|Ninetales-Alola||EjectButton|SnowWarning|AuroraVeil,Encore,DazzlingGleam,HelpingHand|||F|||50|,,,,,Fire]Carbink||MentalHerb|Sturdy|TrickRoom,Endeavor,Protect,StealthRock||||||50|,,,,,Ghost]Gothitelle||CovertCloak|ShadowTag|FakeOut,HelpingHand,ThunderWave,Taunt|||F|||50|,,,,,Dark]Rampardos||LifeOrb|SheerForce|DragonCheer,HeadSmash,Crunch,RockSlide|||F|||50|,,,,,Rock]Kyurem-White||ScopeLens|Turboblaze|Blizzard,DracoMeteor,DragonPulse,FusionFlare||||||50|,,,,,Dragon]Articuno||ChoiceSpecs|SnowCloak|Tailwind,Blizzard,AirSlash,FreezeDry||||||50|,,,,,Ice\n|showteam|p2|Necrozma-Dawn-Wings||PowerHerb|PrismArmor|MoongeistBeam,ExpandingForce,MeteorBeam,TrickRoom||||||50|,,,,,Water]Indeedee-F||SafetyGoggles|PsychicSurge|FollowMe,HelpingHand,TrickRoom,HealPulse|||F|||50|,,,,,Fairy]Torkoal||ChoiceSpecs|Drought|Eruption,EarthPower,WeatherBall,ClearSmog|||M|||50|,,,,,Fire]Gallade||FocusSash|Sharpness|LightScreen,WideGuard,SacredSword,PsychoCut|||M|||50|,,,,,Ghost]Incineroar||CovertCloak|Intimidate|FakeOut,PartingShot,Taunt,KnockOff|||M|||50|,,,,,Grass]Grimmsnarl||LightClay|Prankster|SpiritBreak,LightScreen,Reflect,MistyTerrain|||M|||50|,,,,,Grass\n|inactive|Battle timer is ON: inactive players will automatically lose when time's up. (requested by Xsquared Playz!)\n|inactive|zeyn-299 has 60 seconds left.\n|inactive|zeyn-299 has 30 seconds left.\n|\n|t:|1743245141\n|start\n|switch|p1a: Ninetales|Ninetales-Alola, L50, F|100/100\n|switch|p1b: Articuno|Articuno, L50|100/100\n|switch|p2a: Necrozma|Necrozma-Dawn-Wings, L50|100/100\n|switch|p2b: Indeedee|Indeedee-F, L50, F|100/100\n|-weather|Snowscape|[from] ability: Snow Warning|[of] p1a: Ninetales\n|-fieldstart|move: Psychic Terrain|[from] ability: Psychic Surge|[of] p2b: Indeedee\n|turn|1\n|\n|t:|1743245162\n|switch|p2b: Torkoal|Torkoal, L50, M|100/100\n|-weather|SunnyDay|[from] ability: Drought|[of] p2b: Torkoal\n|-terastallize|p2a: Necrozma|Water\n|move|p1a: Ninetales|Aurora Veil||[still]\n|-fail|p1a: Ninetales\n|move|p1b: Articuno|Blizzard|p2a: Necrozma|[spread] p2a,p2b\n|-resisted|p2a: Necrozma\n|-resisted|p2b: Torkoal\n|-damage|p2a: Necrozma|79/100\n|-damage|p2b: Torkoal|71/100\n|move|p2a: Necrozma|Trick Room|p2a: Necrozma\n|-fieldstart|move: Trick Room|[of] p2a: Necrozma\n|\n|-weather|SunnyDay|[upkeep]\n|upkeep\n|turn|2\n|inactive|Xsquared Playz! has 30 seconds left.\n|inactive|zeyn-299 has 30 seconds left.\n|inactive|Xsquared Playz! has 20 seconds left.\n|inactive|Xsquared Playz! has 15 seconds left.\n|inactive|Xsquared Playz! has 10 seconds left.\n|inactive|Xsquared Playz! has 5 seconds left.\n|\n|t:|1743245214\n|switch|p1a: Kyurem|Kyurem-White, L50|100/100\n|-ability|p1a: Kyurem|Turboblaze\n|move|p2b: Torkoal|Eruption|p1a: Kyurem|[spread] p1a,p1b\n|-supereffective|p1b: Articuno\n|-damage|p1a: Kyurem|32/100\n|-damage|p1b: Articuno|0 fnt\n|faint|p1b: Articuno\n|move|p2a: Necrozma|Meteor Beam||[still]\n|-prepare|p2a: Necrozma|Meteor Beam\n|-boost|p2a: Necrozma|spa|1\n|-enditem|p2a: Necrozma|Power Herb\n|-anim|p2a: Necrozma|Meteor Beam|p1a: Kyurem\n|-supereffective|p1a: Kyurem\n|-damage|p1a: Kyurem|0 fnt\n|faint|p1a: Kyurem\n|\n|-weather|SunnyDay|[upkeep]\n|upkeep\n|\n|t:|1743245233\n|switch|p1b: Ninetales|Ninetales-Alola, L50, F|100/100\n|switch|p1a: Rampardos|Rampardos, L50, F, shiny|100/100\n|-weather|Snowscape|[from] ability: Snow Warning|[of] p1b: Ninetales\n|turn|3\n|\n|t:|1743245245\n|switch|p2b: Indeedee|Indeedee-F, L50, F|100/100\n|move|p2a: Necrozma|Expanding Force|p1b: Ninetales|[spread] p1a,p1b\n|-damage|p1a: Rampardos|0 fnt\n|-damage|p1b: Ninetales|0 fnt\n|faint|p1a: Rampardos\n|faint|p1b: Ninetales\n|\n|win|zeyn-299\n||Xsquared Playz! is ready for game 2.\n|l|\u2606Xsquared Playz!\n|player|p1|\n|inactive|zeyn-299 has 30 seconds to confirm battle start!\n||zeyn-299 is ready for game 2.\n|uhtml|next|Next: <a href=\"/battle-gen9vgc2025reggbo3-2330526492\"><strong>Game 2 of 3</strong></a>\n|l|\u2606zeyn-299\n|player|p2|\n", "uploadtime": 1743245496, "views": 5, "formatid": "gen9vgc2025reggbo3", "rating": null, "private": 0, "password": null}