{"id": "gen9vgc2025reggbo3-2330457546", "format": "[Gen 9] VGC 2025 Reg G (Bo3)", "players": ["pokemasterz461", "MobiusVGC"], "log": "|j|\u2606pokemasterz461\n|j|\u2606MobiusVGC\n|html|<table width=\"100%\"><tr><td align=\"left\">pokemasterz461</td><td align=\"right\">MobiusVGC</tr><tr><td align=\"left\"><i class=\"fa fa-circle-o\"></i> <i class=\"fa fa-circle-o\"></i> </td><td align=\"right\"><i class=\"fa fa-circle-o\"></i> <i class=\"fa fa-circle\"></i> </tr></table>\n|uhtml|bestof|<h2><strong>Game 2</strong> of <a href=\"/game-bestof3-gen9vgc2025reggbo3-2330456227\">a best-of-3</a></h2>\n|t:|1743231114\n|gametype|doubles\n|player|p1|pokemasterz461|marshal|1253\n|player|p2|MobiusVGC|collector|1286\n|teamsize|p1|6\n|teamsize|p2|6\n|gen|9\n|tier|[Gen 9] VGC 2025 Reg G (Bo3)\n|rated|\n|rule|Species Clause: Limit one of each Pok\u00e9mon\n|rule|Item Clause: Limit 1 of each item\n|clearpoke\n|poke|p1|Chi-Yu, L50|\n|poke|p1|Rillaboom, L50, F|\n|poke|p1|Raging Bolt, L50|\n|poke|p1|Clefairy, L50, M|\n|poke|p1|Flutter Mane, L50|\n|poke|p1|Terapagos, L50, M|\n|poke|p2|Calyrex-Ice, L50|\n|poke|p2|Indeedee-F, L50, F|\n|poke|p2|Smeargle, L50, F|\n|poke|p2|Raging Bolt, L50|\n|poke|p2|Urshifu-*, L50, F|\n|poke|p2|Torkoal, L50, F|\n|teampreview|4\n|showteam|p1|Chi-Yu||ChoiceScarf|BeadsofRuin|HeatWave,Overheat,DarkPulse,Snarl||||||50|,,,,,Ghost]Rillaboom||AssaultVest|GrassySurge|WoodHammer,GrassyGlide,FakeOut,Uturn|||F|||50|,,,,,Fire]Raging Bolt||SafetyGoggles|Protosynthesis|Thunderbolt,Thunderclap,DracoMeteor,Protect||||||50|,,,,,Fairy]Clefairy||Eviolite|FriendGuard|FollowMe,AfterYou,LifeDew,Protect|||M|||50|,,,,,Grass]Flutter Mane||BoosterEnergy|Protosynthesis|Moonblast,IcyWind,Taunt,Protect||||||50|,,,,,Normal]Terapagos||CovertCloak|TeraShift|TeraStarstorm,EarthPower,CalmMind,Protect|||M|||50|,,,,,Stellar\n|showteam|p2|Calyrex-Ice||ClearAmulet|AsOneGlastrier|GlacialLance,CloseCombat,TrickRoom,Protect||||||50|,,,,,Fire]Indeedee-F||RockyHelmet|PsychicSurge|Psychic,FollowMe,HelpingHand,TrickRoom|||F|||50|,,,,,Fairy]Smeargle||FocusSash|Technician|FakeOut,Spore,FollowMe,Decorate|||F|||50|,,,,,Grass]Raging Bolt||SafetyGoggles|Protosynthesis|Thunderbolt,DracoMeteor,Thunderclap,Protect||||||50|,,,,,Electric]Urshifu||ChoiceBand|UnseenFist|WickedBlow,CloseCombat,SuckerPunch,IronHead|||F|||50|,,,,,Grass]Torkoal||ChoiceSpecs|Drought|Eruption,HeatWave,EarthPower,WeatherBall|||F|||50|,,,,,Fire\n|inactive|Battle timer is ON: inactive players will automatically lose when time's up. (requested by MobiusVGC)\n|inactive|pokemasterz461 has 60 seconds left.\n|inactive|pokemasterz461 has 30 seconds left.\n|inactive|pokemasterz461 has 20 seconds left.\n|inactive|pokemasterz461 has 15 seconds left.\n|inactive|pokemasterz461 has 10 seconds left.\n|inactive|pokemasterz461 has 5 seconds left.\n|\n|t:|1743231264\n|start\n|switch|p1a: Bubble o7|Chi-Yu, L50|100/100\n|switch|p1b: Harambe|Rillaboom, L50, F|100/100\n|switch|p2a: Calyrex|Calyrex-Ice, L50|100/100\n|switch|p2b: Smeargle|Smeargle, L50, F|100/100\n|-ability|p2a: Calyrex|As One\n|-ability|p2a: Calyrex|Unnerve\n|-ability|p1a: Bubble o7|Beads of Ruin\n|-fieldstart|move: Grassy Terrain|[from] ability: Grassy Surge|[of] p1b: Harambe\n|turn|1\n|inactive|pokemasterz461 has 30 seconds left.\n|inactive|pokemasterz461 has 20 seconds left.\n|inactive|pokemasterz461 has 15 seconds left.\n|inactive|pokemasterz461 has 10 seconds left.\n|inactive|pokemasterz461 has 5 seconds left.\n|\n|t:|1743231319\n|-terastallize|p2a: Calyrex|Fire\n|move|p2b: Smeargle|Fake Out|p1a: Bubble o7\n|-damage|p1a: Bubble o7|88/100\n|cant|p1a: Bubble o7|flinch\n|move|p1b: Harambe|Wood Hammer|p2b: Smeargle\n|-enditem|p2b: Smeargle|Focus Sash\n|-damage|p2b: Smeargle|1/100\n|-damage|p1b: Harambe|80/100|[from] Recoil\n|move|p2a: Calyrex|Trick Room|p2a: Calyrex\n|-fieldstart|move: Trick Room|[of] p2a: Calyrex\n|\n|-heal|p1b: Harambe|86/100|[from] Grassy Terrain\n|-heal|p2b: Smeargle|7/100|[from] Grassy Terrain\n|-heal|p1a: Bubble o7|94/100|[from] Grassy Terrain\n|upkeep\n|turn|2\n|inactive|pokemasterz461 has 30 seconds left.\n|-message|pokemasterz461 forfeited.\n|\n|win|MobiusVGC\n|raw|pokemasterz461's rating: 1253 &rarr; <strong>1230</strong><br />(-23 for losing)\n|raw|MobiusVGC's rating: 1286 &rarr; <strong>1309</strong><br />(+23 for winning)\n", "uploadtime": 1743231350, "views": 6, "formatid": "gen9vgc2025reggbo3", "rating": 1230, "private": 0, "password": null}