{"id": "gen9vgc2025reggbo3-2330496397", "format": "[Gen 9] VGC 2025 Reg G (Bo3)", "players": ["User16838426", "kanucks25"], "log": "|j|\u2606User16838426\n|j|\u2606kanucks25\n|html|<table width=\"100%\"><tr><td align=\"left\">User16838426</td><td align=\"right\">kanucks25</tr><tr><td align=\"left\"><i class=\"fa fa-circle\"></i> <i class=\"fa fa-circle-o\"></i> </td><td align=\"right\"><i class=\"fa fa-circle-o\"></i> <i class=\"fa fa-circle-o\"></i> </tr></table>\n|uhtml|bestof|<h2><strong>Game 2</strong> of <a href=\"/game-bestof3-gen9vgc2025reggbo3-2330495148\">a best-of-3</a></h2>\n|t:|1743239442\n|gametype|doubles\n|player|p1|User16838426|266|1384\n|player|p2|kanucks25|2|1374\n|teamsize|p1|6\n|teamsize|p2|6\n|gen|9\n|tier|[Gen 9] VGC 2025 Reg G (Bo3)\n|rated|\n|rule|Species Clause: Limit one of each Pok\u00e9mon\n|rule|Item Clause: Limit 1 of each item\n|clearpoke\n|poke|p1|Flutter Mane, L50|\n|poke|p1|Koraidon, L50|\n|poke|p1|Amoonguss, L50, M|\n|poke|p1|Incineroar, L50, F|\n|poke|p1|Gothitelle, L50, F|\n|poke|p1|Scream Tail, L50|\n|poke|p2|Calyrex-Ice, L50|\n|poke|p2|Landorus, L50, M|\n|poke|p2|Tornadus, L50, M|\n|poke|p2|Urshifu-*, L50, M|\n|poke|p2|Rillaboom, L50, F|\n|poke|p2|Bruxish, L50, M|\n|teampreview|4\n|showteam|p1|Flutter Mane||FocusSash|Protosynthesis|Protect,IcyWind,Moonblast,ShadowBall||||||50|,,,,,Normal]Koraidon||LifeOrb|OrichalcumPulse|Protect,FlameCharge,CloseCombat,FlareBlitz||||||50|,,,,,Fire]Amoonguss||MentalHerb|Regenerator|Protect,RagePowder,SludgeBomb,Spore|||M|||50|,,,,,Dark]Incineroar||SafetyGoggles|Intimidate|Protect,FlareBlitz,FakeOut,PartingShot|||F|||50|,,,,,Bug]Gothitelle||Leftovers|ShadowTag|Protect,Psychic,FakeOut,Taunt|||F|||50|,,,,,Water]Scream Tail||BoosterEnergy|Protosynthesis|Protect,Encore,Disable,PerishSong||||||50|,,,,,Dark\n|showteam|p2|Calyrex-Ice||ClearAmulet|AsOneGlastrier|GlacialLance,HighHorsepower,TrickRoom,Imprison||||||50|,,,,,Normal]Landorus||SoftSand|SheerForce|EarthPower,SludgeBomb,SandsearStorm,Protect|||M|||50|,,,,,Water]Tornadus||CovertCloak|Prankster|BleakwindStorm,RainDance,SunnyDay,Tailwind|||M|||50|,,,,,Water]Urshifu||ChoiceBand|UnseenFist|WickedBlow,SuckerPunch,CloseCombat,PoisonJab|||M|||50|,,,,,Poison]Rillaboom||AssaultVest|GrassySurge|FakeOut,WoodHammer,Uturn,GrassyGlide|||F|||50|,,,,,Fire]Bruxish||FocusSash|Dazzling|AquaJet,Taunt,TrickRoom,SuperFang|||M|||50|,,,,,Ground\n|inactive|Battle timer is ON: inactive players will automatically lose when time's up. (requested by User16838426)\n|inactive|kanucks25 has 60 seconds left.\n|\n|t:|1743239482\n|start\n|switch|p1a: Koraidon|Koraidon, L50|100/100\n|switch|p1b: Amoonguss|Amoonguss, L50, M|100/100\n|switch|p2a: Tornadus|Tornadus, L50, M|100/100\n|switch|p2b: Urshifu|Urshifu, L50, M|100/100\n|-weather|SunnyDay|[from] ability: Orichalcum Pulse|[of] p1a: Koraidon\n|-activate|p1a: Koraidon|Orichalcum Pulse|[source]\n|turn|1\n|inactive|User16838426 has 30 seconds left.\n|\n|t:|1743239509\n|-terastallize|p1a: Koraidon|Fire\n|-terastallize|p2b: Urshifu|Poison\n|move|p1b: Amoonguss|Rage Powder|p1b: Amoonguss\n|-singleturn|p1b: Amoonguss|move: Rage Powder\n|move|p2a: Tornadus|Rain Dance|p2a: Tornadus\n|-weather|RainDance\n|move|p1a: Koraidon|Flare Blitz|p2a: Tornadus\n|-damage|p2a: Tornadus|43/100\n|-damage|p1a: Koraidon|81/100|[from] Recoil\n|-damage|p1a: Koraidon|71/100|[from] item: Life Orb\n|move|p2b: Urshifu|Wicked Blow|p1b: Amoonguss\n|-crit|p1b: Amoonguss\n|-damage|p1b: Amoonguss|8/100\n|\n|-weather|RainDance|[upkeep]\n|upkeep\n|turn|2\n|inactive|User16838426 has 30 seconds left.\n|\n|t:|1743239539\n|switch|p1a: Incineroar|Incineroar, L50, F|100/100\n|-ability|p1a: Incineroar|Intimidate|boost\n|-unboost|p2a: Tornadus|atk|1\n|-unboost|p2b: Urshifu|atk|1\n|move|p1b: Amoonguss|Rage Powder|p1b: Amoonguss\n|-singleturn|p1b: Amoonguss|move: Rage Powder\n|move|p2a: Tornadus|Tailwind|p2a: Tornadus\n|-sidestart|p2: kanucks25|move: Tailwind\n|move|p2b: Urshifu|Wicked Blow|p1b: Amoonguss\n|-crit|p1b: Amoonguss\n|-damage|p1b: Amoonguss|0 fnt\n|faint|p1b: Amoonguss\n|\n|-weather|RainDance|[upkeep]\n|upkeep\n|\n|t:|1743239543\n|switch|p1b: Flutter Mane|Flutter Mane, L50, shiny|100/100\n|turn|3\n|\n|t:|1743239563\n|move|p1a: Incineroar|Fake Out|p2b: Urshifu\n|-damage|p2b: Urshifu|90/100\n|cant|p2b: Urshifu|flinch\n|move|p2a: Tornadus|Bleakwind Storm|p1b: Flutter Mane|[spread] p1a,p1b\n|-damage|p1a: Incineroar|69/100\n|-damage|p1b: Flutter Mane|56/100\n|-unboost|p1a: Incineroar|spe|1\n|move|p1b: Flutter Mane|Moonblast|p2a: Tornadus\n|-crit|p2a: Tornadus\n|-damage|p2a: Tornadus|0 fnt\n|faint|p2a: Tornadus\n|\n|-weather|RainDance|[upkeep]\n|upkeep\n|\n|t:|1743239576\n|switch|p2a: Landorus|Landorus, L50, M|100/100\n|turn|4\n|\n|t:|1743239585\n|switch|p1a: Koraidon|Koraidon, L50, tera:Fire|71/100\n|-weather|SunnyDay|[from] ability: Orichalcum Pulse|[of] p1a: Koraidon\n|-activate|p1b: Flutter Mane|ability: Protosynthesis\n|-start|p1b: Flutter Mane|protosynthesisspe\n|-activate|p1a: Koraidon|Orichalcum Pulse|[source]\n|move|p1b: Flutter Mane|Icy Wind|p2a: Landorus|[spread] p2a,p2b\n|-supereffective|p2a: Landorus\n|-damage|p2a: Landorus|31/100\n|-damage|p2b: Urshifu|67/100\n|-unboost|p2a: Landorus|spe|1\n|-unboost|p2b: Urshifu|spe|1\n|move|p2b: Urshifu|Wicked Blow|p1b: Flutter Mane\n|-crit|p1b: Flutter Mane\n|-damage|p1b: Flutter Mane|0 fnt\n|faint|p1b: Flutter Mane\n|-end|p1b: Flutter Mane|Protosynthesis|[silent]\n|move|p2a: Landorus|Earth Power|p1a: Koraidon\n|-supereffective|p1a: Koraidon\n|-damage|p1a: Koraidon|0 fnt\n|faint|p1a: Koraidon\n|\n|-weather|SunnyDay|[upkeep]\n|upkeep\n|-message|User16838426 forfeited.\n|\n|win|kanucks25\n||User16838426 is ready for game 3.\n||kanucks25 is ready for game 3.\n|uhtml|next|Next: <a href=\"/battle-gen9vgc2025reggbo3-2330497195\"><strong>Game 3 of 3</strong></a>\n|l|\u2606kanucks25\n|player|p2|\n", "uploadtime": 1743239966, "views": 5, "formatid": "gen9vgc2025reggbo3", "rating": null, "private": 0, "password": null}