{"id": "gen9vgc2025reggbo3-2330478025", "format": "[Gen 9] VGC 2025 Reg G (Bo3)", "players": ["Hikaru_VT1", "MrsKeishah"], "log": "|j|\u2606Hikaru_VT1\n|j|\u2606MrsKeishah\n|html|<table width=\"100%\"><tr><td align=\"left\">Hikaru_VT1</td><td align=\"right\">MrsKeishah</tr><tr><td align=\"left\"><i class=\"fa fa-circle-o\"></i> <i class=\"fa fa-circle-o\"></i> </td><td align=\"right\"><i class=\"fa fa-circle-o\"></i> <i class=\"fa fa-circle-o\"></i> </tr></table>\n|uhtml|bestof|<h2><strong>Game 1</strong> of <a href=\"/game-bestof3-gen9vgc2025reggbo3-2330478024\">a best-of-3</a></h2>\n|t:|1743235400\n|gametype|doubles\n|player|p1|Hikaru_VT1|265|1183\n|player|p2|MrsKeishah|lenora|1164\n|teamsize|p1|6\n|teamsize|p2|6\n|gen|9\n|tier|[Gen 9] VGC 2025 Reg G (Bo3)\n|rated|\n|rule|Species Clause: Limit one of each Pok\u00e9mon\n|rule|Item Clause: Limit 1 of each item\n|clearpoke\n|poke|p1|Rhydon, L50, F|\n|poke|p1|Lunala, L50|\n|poke|p1|Ogerpon-Cornerstone, L50, F|\n|poke|p1|Zapdos-Galar, L50|\n|poke|p1|Chi-Yu, L50|\n|poke|p1|Lapras, L50, M|\n|poke|p2|Kingambit, L50, F|\n|poke|p2|Eternatus, L50|\n|poke|p2|Grimmsnarl, L50, M|\n|poke|p2|Urshifu-*, L50, M|\n|poke|p2|Chien-Pao, L50|\n|poke|p2|Heatran, L50, M|\n|teampreview|4\n|showteam|p1|Rhydon||Eviolite|LightningRod|HighHorsepower,RockSlide,SwordsDance,Protect|||F|||50|,,,,,Fairy]Lunala||Leftovers|ShadowShield|MoongeistBeam,Moonblast,WideGuard,TrickRoom||||||50|,,,,,Fairy]Ogerpon-Cornerstone||CornerstoneMask|Sturdy|IvyCudgel,PowerWhip,SpikyShield,FollowMe|||F|||50|,,,,,Rock]Zapdos-Galar||FocusSash|Defiant|CloseCombat,BraveBird,Tailwind,Detect||||||50|,,,,,Grass]Chi-Yu||ChoiceScarf|BeadsofRuin|Overheat,HeatWave,DarkPulse,Snarl||||||50|,,,,,Ghost]Lapras||SitrusBerry|WaterAbsorb|HydroPump,FreezeDry,Haze,Protect|||M|||50|,,,,,Fire\n|showteam|p2|Kingambit||BlackGlasses|Defiant|KowtowCleave,SuckerPunch,TeraBlast,Protect|||F|||50|,,,,,Water]Eternatus||LifeOrb|Pressure|SludgeWave,SludgeBomb,DynamaxCannon,Protect||||||50|,,,,,Dark]Grimmsnarl||LightClay|Prankster|LightScreen,Reflect,ThunderWave,SpiritBreak|||M|||50|,,,,,Ghost]Urshifu-Rapid-Strike||MysticWater|UnseenFist|SurgingStrikes,CloseCombat,AquaJet,Detect|||M|||50|,,,,,Water]Chien-Pao||FocusSash|SwordofRuin|IceSpinner,ThroatChop,SuckerPunch,Protect||||||50|,,,,,Ghost]Heatran||SafetyGoggles|FlashFire|WillOWisp,HeatWave,FlashCannon,Protect|||M|||50|,,,,,Bug\n|inactive|Battle timer is ON: inactive players will automatically lose when time's up. (requested by MrsKeishah)\n|inactive|Hikaru_VT1 has 60 seconds left.\n|inactive|MrsKeishah has 60 seconds left.\n|inactive|Hikaru_VT1 has 30 seconds left.\n|inactive|Hikaru_VT1 has 20 seconds left.\n|inactive|Hikaru_VT1 has 15 seconds left.\n|inactive|Hikaru_VT1 has 10 seconds left.\n|inactive|Hikaru_VT1 has 5 seconds left.\n|\n|t:|1743235491\n|start\n|switch|p1a: Lunala|Lunala, L50|100/100\n|switch|p1b: Ogerpon|Ogerpon-Cornerstone, L50, F|100/100\n|switch|p2a: Urshifu|Urshifu-Rapid-Strike, L50, M|100/100\n|switch|p2b: Eternatus|Eternatus, L50|100/100\n|-ability|p2b: Eternatus|Pressure\n|turn|1\n|\n|t:|1743235510\n|switch|p2a: Kingambit|Kingambit, L50, F|100/100\n|move|p1b: Ogerpon|Ivy Cudgel|p2b: Eternatus|[anim] Ivy Cudgel Rock\n|-damage|p2b: Eternatus|56/100\n|move|p2b: Eternatus|Sludge Wave|p1a: Lunala|[spread] p1a,p1b\n|-immune|p2a: Kingambit\n|-resisted|p1a: Lunala\n|-damage|p1a: Lunala|90/100\n|-damage|p1b: Ogerpon|38/100\n|-damage|p2b: Eternatus|46/100|[from] item: Life Orb\n|move|p1a: Lunala|Trick Room|p1a: Lunala\n|-fieldstart|move: Trick Room|[of] p1a: Lunala\n|\n|-heal|p1a: Lunala|97/100|[from] item: Leftovers\n|upkeep\n|turn|2\n|inactive|Hikaru_VT1 has 30 seconds left.\n|\n|t:|1743235536\n|switch|p1b: Rhydon|Rhydon, L50, F|100/100\n|move|p2a: Kingambit|Kowtow Cleave|p1a: Lunala\n|-supereffective|p1a: Lunala\n|-damage|p1a: Lunala|0 fnt\n|faint|p1a: Lunala\n|move|p2b: Eternatus|Sludge Bomb|p1b: Rhydon\n|-resisted|p1b: Rhydon\n|-crit|p1b: Rhydon\n|-damage|p1b: Rhydon|81/100\n|-status|p1b: Rhydon|psn\n|-damage|p2b: Eternatus|36/100|[from] item: Life Orb\n|\n|-damage|p1b: Rhydon|68/100 psn|[from] psn\n|upkeep\n|-message|Hikaru_VT1 forfeited.\n|\n|win|MrsKeishah\n|l|\u2606Hikaru_VT1\n|player|p1|\n|raw|Hikaru_VT1's rating: 1183 &rarr; <strong>1157</strong><br />(-26 for losing)\n|raw|MrsKeishah's rating: 1164 &rarr; <strong>1190</strong><br />(+26 for winning)\n|l|\u2606MrsKeishah\n|player|p2|\n", "uploadtime": 1743235810, "views": 6, "formatid": "gen9vgc2025reggbo3", "rating": 1157, "private": 0, "password": null}