{"id": "gen9vgc2025reggbo3-2330451883", "format": "[Gen 9] VGC 2025 Reg G (Bo3)", "players": ["starbreeze12", "freshveggies2"], "log": "|j|\u2606starbreeze12\n|j|\u2606freshveggies2\n|html|<table width=\"100%\"><tr><td align=\"left\">starbreeze12</td><td align=\"right\">freshveggies2</tr><tr><td align=\"left\"><i class=\"fa fa-circle\"></i> <i class=\"fa fa-circle-o\"></i> </td><td align=\"right\"><i class=\"fa fa-circle-o\"></i> <i class=\"fa fa-circle-o\"></i> </tr></table>\n|uhtml|bestof|<h2><strong>Game 2</strong> of <a href=\"/game-bestof3-gen9vgc2025reggbo3-2330450802\">a best-of-3</a></h2>\n|t:|1743229978\n|gametype|doubles\n|player|p1|starbreeze12|170|\n|player|p2|freshveggies2|101|\n|teamsize|p1|6\n|teamsize|p2|6\n|gen|9\n|tier|[Gen 9] VGC 2025 Reg G (Bo3)\n|rule|Species Clause: Limit one of each Pok\u00e9mon\n|rule|Item Clause: Limit 1 of each item\n|clearpoke\n|poke|p1|Inkay, L50, F|\n|poke|p1|Maschiff, L50, F|\n|poke|p1|Glimmet, L50, F|\n|poke|p1|Ducklett, L50, M|\n|poke|p1|Aipom, L50, F|\n|poke|p1|Chimchar, L50, F|\n|poke|p2|Corphish, L50, M|\n|poke|p2|Oddish, L50, F|\n|poke|p2|Dratini, L50, F|\n|poke|p2|Sandile, L50, F|\n|poke|p2|Bronzor, L50|\n|poke|p2|Bergmite, L50, M|\n|teampreview|4\n|showteam|p1|Inkay||SitrusBerry|Contrary|KnockOff,Superpower,PsychoCut,Protect|||F|||50|,,,,,Fighting]Maschiff||Eviolite|Intimidate|ScaryFace,JawLock,HelpingHand,FakeTears|||F|||50|,,,,,Dark]Glimmet||PowerHerb|Corrosion|MeteorBeam,SludgeWave,Protect,DazzlingGleam|||F|||50|,,,,,Flying]Ducklett||WacanBerry|BigPecks|Tailwind,IcyWind,Hurricane,Protect|||M|||50|,,,,,Water]Aipom||LifeOrb|SkillLink|FakeOut,KnockOff,Uturn,FurySwipes|||F|||50|,,,,,Normal]Chimchar||ClearAmulet|Blaze|FakeOut,FlareBlitz,Uturn,WillOWisp|||F|||50|,,,,,Fire\n|showteam|p2|Corphish||MysticWater|Adaptability|SwordsDance,Protect,Crabhammer,AquaJet|||M|||50|,,,,,Water]Oddish||LifeOrb|Chlorophyll|SludgeBomb,GigaDrain,Moonblast,Protect|||F|||50|,,,,,Fairy]Dratini||ChoiceBand|ShedSkin|ExtremeSpeed,Outrage,AquaTail,IronHead|||F|||50|,,,,,Normal]Sandile||FocusSash|Intimidate|Earthquake,Protect,Taunt,Crunch|||F|||50|,,,,,Stellar]Bronzor||Eviolite|Levitate|RainDance,Hypnosis,Gravity,TrickRoom||||||50|,,,,,Dark]Bergmite||LoadedDice|Sturdy|Recover,RockSlide,IcicleSpear,Protect|||M|||50|,,,,,Fire\n|\n|t:|1743230010\n|start\n|switch|p1a: Aipom|Aipom, L50, F|100/100\n|switch|p1b: Inkay|Inkay, L50, F|100/100\n|switch|p2a: Bronzor|Bronzor, L50|100/100\n|switch|p2b: Oddish|Oddish, L50, F|100/100\n|turn|1\n|\n|t:|1743230036\n|-terastallize|p2b: Oddish|Fairy\n|move|p1a: Aipom|Fake Out|p2a: Bronzor\n|-resisted|p2a: Bronzor\n|-damage|p2a: Bronzor|93/100\n|-damage|p1a: Aipom|90/100|[from] item: Life Orb\n|move|p1b: Inkay|Psycho Cut|p2b: Oddish\n|-damage|p2b: Oddish|55/100\n|move|p2b: Oddish|Moonblast|p1b: Inkay\n|-supereffective|p1b: Inkay\n|-damage|p1b: Inkay|0 fnt\n|faint|p1b: Inkay\n|-damage|p2b: Oddish|45/100|[from] item: Life Orb\n|cant|p2a: Bronzor|flinch\n|\n|upkeep\n|\n|t:|1743230058\n|switch|p1b: Glimmet|Glimmet, L50, F|100/100\n|turn|2\n|\n|t:|1743230076\n|move|p2b: Oddish|Protect|p2b: Oddish\n|-singleturn|p2b: Oddish|Protect\n|move|p1a: Aipom|Fury Swipes|p2b: Oddish\n|-activate|p2b: Oddish|move: Protect\n|move|p1b: Glimmet|Meteor Beam||[still]\n|-prepare|p1b: Glimmet|Meteor Beam\n|-boost|p1b: Glimmet|spa|1\n|-enditem|p1b: Glimmet|Power Herb\n|-anim|p1b: Glimmet|Meteor Beam|p2a: Bronzor\n|-resisted|p2a: Bronzor\n|-damage|p2a: Bronzor|66/100\n|move|p2a: Bronzor|Trick Room|p2a: Bronzor\n|-fieldstart|move: Trick Room|[of] p2a: Bronzor\n|\n|upkeep\n|turn|3\n|\n|t:|1743230102\n|switch|p1a: Ducklett|Ducklett, L50, M|100/100\n|move|p2a: Bronzor|Gravity|p2a: Bronzor\n|-fieldstart|move: Gravity\n|move|p2b: Oddish|Sludge Bomb|p1a: Ducklett\n|-damage|p1a: Ducklett|11/100\n|-damage|p2b: Oddish|35/100|[from] item: Life Orb\n|move|p1b: Glimmet|Sludge Wave|p2b: Oddish|[spread] p1a,p2b\n|-immune|p2a: Bronzor\n|-supereffective|p2b: Oddish\n|-damage|p1a: Ducklett|0 fnt\n|-damage|p2b: Oddish|0 fnt\n|faint|p1a: Ducklett\n|faint|p2b: Oddish\n|\n|upkeep\n|\n|t:|1743230120\n|switch|p2b: Corphish|Corphish, L50, M|100/100\n|switch|p1a: Aipom|Aipom, L50, F|90/100\n|turn|4\n|\n|t:|1743230205\n|-terastallize|p1b: Glimmet|Flying\n|move|p2b: Corphish|Protect|p2b: Corphish\n|-singleturn|p2b: Corphish|Protect\n|move|p2a: Bronzor|Hypnosis|p1b: Glimmet\n|-status|p1b: Glimmet|slp|[from] move: Hypnosis\n|cant|p1b: Glimmet|slp\n|move|p1a: Aipom|Knock Off|p2a: Bronzor\n|-supereffective|p2a: Bronzor\n|-damage|p2a: Bronzor|20/100\n|-enditem|p2a: Bronzor|Eviolite|[from] move: Knock Off|[of] p1a: Aipom\n|-damage|p1a: Aipom|80/100|[from] item: Life Orb\n|\n|upkeep\n|turn|5\n|\n|t:|1743230219\n|move|p2a: Bronzor|Hypnosis|p1a: Aipom\n|-status|p1a: Aipom|slp|[from] move: Hypnosis\n|move|p2b: Corphish|Crabhammer|p1b: Glimmet\n|-damage|p1b: Glimmet|0 fnt\n|faint|p1b: Glimmet\n|cant|p1a: Aipom|slp\n|\n|upkeep\n|turn|6\n|\n|t:|1743230228\n|switch|p2a: Dratini|Dratini, L50, F|100/100\n|move|p2b: Corphish|Crabhammer|p1a: Aipom\n|-damage|p1a: Aipom|0 fnt\n|faint|p1a: Aipom\n|\n|win|freshveggies2\n||freshveggies2 is ready for game 3.\n|c|\u2606starbreeze12|gg\n||starbreeze12 is ready for game 3.\n|uhtml|next|Next: <a href=\"/battle-gen9vgc2025reggbo3-2330453153\"><strong>Game 3 of 3</strong></a>\n|l|\u2606starbreeze12\n|player|p1|\n", "uploadtime": 1743230506, "views": 22, "formatid": "gen9vgc2025reggbo3", "rating": null, "private": 0, "password": null}