{"id": "gen9vgc2025reggbo3-2330479457", "format": "[Gen 9] VGC 2025 Reg G (Bo3)", "players": ["ALadk", "sam litwicky"], "log": "|j|\u2606ALadk\n|j|\u2606sam litwicky\n|html|<table width=\"100%\"><tr><td align=\"left\">ALadk</td><td align=\"right\">sam litwicky</tr><tr><td align=\"left\"><i class=\"fa fa-circle-o\"></i> <i class=\"fa fa-circle-o\"></i> </td><td align=\"right\"><i class=\"fa fa-circle-o\"></i> <i class=\"fa fa-circle-o\"></i> </tr></table>\n|uhtml|bestof|<h2><strong>Game 1</strong> of <a href=\"/game-bestof3-gen9vgc2025reggbo3-2330479456\">a best-of-3</a></h2>\n|t:|1743235720\n|gametype|doubles\n|player|p1|ALadk|1|1100\n|player|p2|sam litwicky|265|1236\n|teamsize|p1|6\n|teamsize|p2|6\n|gen|9\n|tier|[Gen 9] VGC 2025 Reg G (Bo3)\n|rated|\n|rule|Species Clause: Limit one of each Pok\u00e9mon\n|rule|Item Clause: Limit 1 of each item\n|clearpoke\n|poke|p1|Miraidon, L50|\n|poke|p1|Ursaluna, L50, M|\n|poke|p1|Whimsicott, L50, M|\n|poke|p1|Incineroar, L50, F|\n|poke|p1|Farigiraf, L50, M|\n|poke|p1|Urshifu-*, L50, M|\n|poke|p2|Kyogre, L50|\n|poke|p2|Smeargle, L50, F|\n|poke|p2|Overqwil, L50, F|\n|poke|p2|Rillaboom, L50, F|\n|poke|p2|Volcarona, L50, F|\n|poke|p2|Tornadus, L50, M|\n|teampreview|4\n|showteam|p1|Miraidon||ChoiceSpecs|HadronEngine|ElectroDrift,DracoMeteor,VoltSwitch,DazzlingGleam||||||50|,,,,,Fairy]Ursaluna||FlameOrb|Guts|Facade,HeadlongRush,Earthquake,Protect|||M|||50|,,,,,Poison]Whimsicott||CovertCloak|Prankster|Moonblast,Tailwind,LightScreen,Encore|||M|||50|,,,,,Dark]Incineroar||AssaultVest|Intimidate|FakeOut,FlareBlitz,KnockOff,Uturn|||F|||50|,,,,,Dragon]Farigiraf||ElectricSeed|ArmorTail|FoulPlay,Psychic,TrickRoom,HelpingHand|||M|||50|,,,,,Water]Urshifu-Rapid-Strike||FocusSash|UnseenFist|SurgingStrikes,CloseCombat,AquaJet,Protect|||M|||50|,,,,,Stellar\n|showteam|p2|Kyogre||ChoiceScarf|Drizzle|WaterSpout,OriginPulse,IceBeam,Thunder||||||50|,,,,,Ghost]Smeargle||FocusSash|Moody|FollowMe,Spore,Decorate,Protect|||F|||50|,,,,,Grass]Overqwil||LifeOrb|SwiftSwim|GunkShot,Crunch,AcidSpray,Protect|||F|||50|,,,,,Poison]Rillaboom||AssaultVest|GrassySurge|FakeOut,GrassyGlide,Uturn,HighHorsepower|||F|||50|,,,,,Fire]Volcarona||SafetyGoggles|FlameBody|BugBuzz,RagePowder,WillOWisp,Protect|||F|||50|,,,,,Water]Tornadus||CovertCloak|Prankster|BleakwindStorm,Tailwind,Taunt,RainDance|||M|||50|,,,,,Dark\n|inactive|Battle timer is ON: inactive players will automatically lose when time's up. (requested by ALadk)\n|inactive|sam litwicky has 60 seconds left.\n|\n|t:|1743235771\n|start\n|switch|p1a: Miraidon|Miraidon, L50|100/100\n|switch|p1b: Farigiraf|Farigiraf, L50, M|100/100\n|switch|p2a: Tornadus|Tornadus, L50, M, shiny|100/100\n|switch|p2b: Smeargle|Smeargle, L50, F|100/100\n|-fieldstart|move: Electric Terrain|[from] ability: Hadron Engine|[of] p1a: Miraidon\n|-enditem|p1b: Farigiraf|Electric Seed\n|-boost|p1b: Farigiraf|def|1|[from] item: Electric Seed\n|turn|1\n|inactive|sam litwicky has 30 seconds left.\n|\n|t:|1743235799\n|move|p2a: Tornadus|Tailwind|p2a: Tornadus\n|-sidestart|p2: sam litwicky|move: Tailwind\n|move|p2b: Smeargle|Spore|p1b: Farigiraf\n|-activate|p1b: Farigiraf|move: Electric Terrain\n|move|p1a: Miraidon|Volt Switch|p2a: Tornadus\n|-supereffective|p2a: Tornadus\n|-damage|p2a: Tornadus|0 fnt\n|faint|p2a: Tornadus\n|\n|t:|1743235812\n|switch|p1a: Incineroar|Incineroar, L50, F|100/100|[from] Volt Switch\n|-ability|p1a: Incineroar|Intimidate|boost\n|-unboost|p2b: Smeargle|atk|1\n|move|p1b: Farigiraf|Trick Room|p1b: Farigiraf\n|-fieldstart|move: Trick Room|[of] p1b: Farigiraf\n|\n|-ability|p2b: Smeargle|Moody|boost\n|-boost|p2b: Smeargle|spa|2\n|-unboost|p2b: Smeargle|spd|1\n|upkeep\n|\n|t:|1743235825\n|switch|p2a: Overqwil|Overqwil, L50, F|100/100\n|turn|2\n|-message|sam litwicky forfeited.\n|\n|win|ALadk\n|l|\u2606sam litwicky\n|player|p2|\n||sam litwicky is ready for game 2.\n|inactive|ALadk has 30 seconds to confirm battle start!\n||ALadk is ready for game 2.\n|uhtml|next|Next: <a href=\"/battle-gen9vgc2025reggbo3-2330480030\"><strong>Game 2 of 3</strong></a>\n", "uploadtime": 1743236232, "views": 5, "formatid": "gen9vgc2025reggbo3", "rating": null, "private": 0, "password": null}