{"id": "gen9vgc2025reggbo3-2330524609", "format": "[Gen 9] VGC 2025 Reg G (Bo3)", "players": ["7amont", "zeyn-299"], "log": "|j|\u26067amont\n|j|\u2606zeyn-299\n|html|<table width=\"100%\"><tr><td align=\"left\">7amont</td><td align=\"right\">zeyn-299</tr><tr><td align=\"left\"><i class=\"fa fa-circle-o\"></i> <i class=\"fa fa-circle-o\"></i> </td><td align=\"right\"><i class=\"fa fa-circle-o\"></i> <i class=\"fa fa-circle-o\"></i> </tr></table>\n|uhtml|bestof|<h2><strong>Game 1</strong> of <a href=\"/game-bestof3-gen9vgc2025reggbo3-2330524608\">a best-of-3</a></h2>\n|t:|1743244917\n|gametype|doubles\n|player|p1|7amont|burglar|1252\n|player|p2|zeyn-299|doctor|1219\n|teamsize|p1|6\n|teamsize|p2|6\n|gen|9\n|tier|[Gen 9] VGC 2025 Reg G (Bo3)\n|rated|\n|rule|Species Clause: Limit one of each Pok\u00e9mon\n|rule|Item Clause: Limit 1 of each item\n|clearpoke\n|poke|p1|Enamorus, L50, F|\n|poke|p1|Amoonguss, L50, M|\n|poke|p1|Incineroar, L50, M|\n|poke|p1|Calyrex-Ice, L50|\n|poke|p1|Thundurus, L50, M|\n|poke|p1|Indeedee-F, L50, F|\n|poke|p2|Necrozma-Dawn-Wings, L50|\n|poke|p2|Indeedee-F, L50, F|\n|poke|p2|Torkoal, L50, M|\n|poke|p2|Gallade, L50, M|\n|poke|p2|Incineroar, L50, M|\n|poke|p2|Grimmsnarl, L50, M|\n|teampreview|4\n|showteam|p1|Enamorus||Leftovers|Contrary|Protect,DazzlingGleam,Moonblast,TeraBlast|||F|||50|,,,,,Stellar]Amoonguss||RockyHelmet|Regenerator|Protect,RagePowder,Spore,ClearSmog|||M|||50|,,,,,Water]Incineroar||AssaultVest|Intimidate|FakeOut,FlareBlitz,KnockOff,Uturn|||M|||50|,,,,,Ghost]Calyrex-Ice||ClearAmulet|AsOneGlastrier|Protect,TrickRoom,GlacialLance,HighHorsepower||||||50|,,,,,Water]Thundurus||FocusSash|Prankster|Thunderbolt,EerieImpulse,ScaryFace,Electroweb|||M|||50|,,,,,Electric]Indeedee-F||SitrusBerry|PsychicSurge|FollowMe,TrickRoom,HelpingHand,DazzlingGleam|||F|||50|,,,,,Fairy\n|showteam|p2|Necrozma-Dawn-Wings||PowerHerb|PrismArmor|MoongeistBeam,ExpandingForce,MeteorBeam,TrickRoom||||||50|,,,,,Water]Indeedee-F||SafetyGoggles|PsychicSurge|FollowMe,HelpingHand,TrickRoom,HealPulse|||F|||50|,,,,,Fairy]Torkoal||ChoiceSpecs|Drought|Eruption,EarthPower,WeatherBall,ClearSmog|||M|||50|,,,,,Fire]Gallade||FocusSash|Sharpness|LightScreen,WideGuard,SacredSword,PsychoCut|||M|||50|,,,,,Ghost]Incineroar||CovertCloak|Intimidate|FakeOut,PartingShot,Taunt,KnockOff|||M|||50|,,,,,Grass]Grimmsnarl||LightClay|Prankster|SpiritBreak,LightScreen,Reflect,MistyTerrain|||M|||50|,,,,,Grass\n|inactive|Battle timer is ON: inactive players will automatically lose when time's up. (requested by 7amont)\n|inactive|7amont has 60 seconds left.\n|inactive|7amont has 30 seconds left.\n|inactive|7amont has 20 seconds left.\n|\n|t:|1743244989\n|start\n|switch|p1a: Amoonguss|Amoonguss, L50, M|100/100\n|switch|p1b: Thundurus|Thundurus, L50, M|100/100\n|switch|p2a: Necrozma|Necrozma-Dawn-Wings, L50|100/100\n|switch|p2b: Grimmsnarl|Grimmsnarl, L50, M|100/100\n|turn|1\n|\n|t:|1743245010\n|switch|p2b: Indeedee|Indeedee-F, L50, F|100/100\n|-fieldstart|move: Psychic Terrain|[from] ability: Psychic Surge|[of] p2b: Indeedee\n|move|p1a: Amoonguss|Protect|p1a: Amoonguss\n|-singleturn|p1a: Amoonguss|Protect\n|move|p1b: Thundurus|Eerie Impulse|p2a: Necrozma\n|-activate|p2a: Necrozma|move: Psychic Terrain\n|move|p2a: Necrozma|Expanding Force|p1b: Thundurus|[spread] p1b\n|-activate|p1a: Amoonguss|move: Protect\n|-enditem|p1b: Thundurus|Focus Sash\n|-damage|p1b: Thundurus|1/100\n|\n|upkeep\n|turn|2\n|\n|t:|1743245030\n|switch|p1b: Indeedee|Indeedee-F, L50, F|100/100\n|-terastallize|p1a: Amoonguss|Water\n|move|p1a: Amoonguss|Protect||[still]\n|-fail|p1a: Amoonguss\n|move|p2b: Indeedee|Follow Me|p2b: Indeedee\n|-singleturn|p2b: Indeedee|move: Follow Me\n|move|p2a: Necrozma|Trick Room|p2a: Necrozma\n|-fieldstart|move: Trick Room|[of] p2a: Necrozma\n|\n|upkeep\n|turn|3\n|-message|7amont forfeited.\n|raw|7amont's rating: 1252 &rarr; <strong>1225</strong><br />(-27 for losing)\n|raw|zeyn-299's rating: 1219 &rarr; <strong>1246</strong><br />(+27 for winning)\n|\n|win|zeyn-299\n|l|\u26067amont\n|player|p1|\n|l|\u2606zeyn-299\n|player|p2|\n", "uploadtime": 1743245219, "views": 6, "formatid": "gen9vgc2025reggbo3", "rating": 1225, "private": 0, "password": null}