{"id": "gen9vgc2025reggbo3-2330490768", "format": "[Gen 9] VGC 2025 Reg G (Bo3)", "players": ["mason9283", "ALadk"], "log": "|j|\u2606mason9283\n|j|\u2606ALadk\n|html|<table width=\"100%\"><tr><td align=\"left\">mason9283</td><td align=\"right\">ALadk</tr><tr><td align=\"left\"><i class=\"fa fa-circle-o\"></i> <i class=\"fa fa-circle-o\"></i> </td><td align=\"right\"><i class=\"fa fa-circle-o\"></i> <i class=\"fa fa-circle-o\"></i> </tr></table>\n|uhtml|bestof|<h2><strong>Game 1</strong> of <a href=\"/game-bestof3-gen9vgc2025reggbo3-2330490767\">a best-of-3</a></h2>\n|t:|1743238247\n|gametype|doubles\n|player|p1|mason9283|gentleman-gen4|1118\n|player|p2|ALadk|1|1163\n|teamsize|p1|6\n|teamsize|p2|6\n|gen|9\n|tier|[Gen 9] VGC 2025 Reg G (Bo3)\n|rated|\n|rule|Species Clause: Limit one of each Pok\u00e9mon\n|rule|Item Clause: Limit 1 of each item\n|clearpoke\n|poke|p1|Tornadus, L50, M|\n|poke|p1|Kyogre, L50|\n|poke|p1|Amoonguss, L50, M|\n|poke|p1|Armarouge, L50, M|\n|poke|p1|Indeedee-F, L50, F|\n|poke|p1|Passimian, L50, F|\n|poke|p2|Lunala, L50|\n|poke|p2|Landorus, L50, M|\n|poke|p2|Indeedee-F, L50, F|\n|poke|p2|Ogerpon-Hearthflame, L50, F|\n|poke|p2|Urshifu-*, L50, M|\n|poke|p2|Roaring Moon, L50|\n|teampreview|4\n|showteam|p1|Tornadus||CovertCloak|Prankster|Tailwind,Taunt,Protect,BleakwindStorm|||M|||50|,,,,,Dark]Kyogre||ChoiceScarf|Drizzle|WaterSpout,IceBeam,OriginPulse,Thunder||||||50|,,,,,Grass]Amoonguss||Leftovers|Regenerator|SludgeBomb,Spore,PollenPuff,Protect|||M|||50|,,,,,Water]Armarouge||WeaknessPolicy|FlashFire|ArmorCannon,ExpandingForce,EnergyBall,Protect|||M|||50|,,,,,Fire]Indeedee-F||PsychicSeed|PsychicSurge|FollowMe,DazzlingGleam,HelpingHand,TrickRoom|||F|||50|,,,,,Psychic]Passimian||WhiteHerb|Defiant|CloseCombat,KnockOff,IronHead,Protect|||F|||50|,,,,,Dark\n|showteam|p2|Lunala||PowerHerb|ShadowShield|MoongeistBeam,MeteorBeam,ExpandingForce,TrickRoom||||||50|,,,,,Water]Landorus||LifeOrb|SheerForce|EarthPower,SludgeBomb,SandsearStorm,Protect|||M|||50|,,,,,Poison]Indeedee-F||RockyHelmet|PsychicSurge|FollowMe,AlluringVoice,TrickRoom,HelpingHand|||F|||50|,,,,,Fairy]Ogerpon-Hearthflame||HearthflameMask|MoldBreaker|IvyCudgel,WoodHammer,FollowMe,SpikyShield|||F|||50|,,,,,Fire]Urshifu-Rapid-Strike||FocusSash|UnseenFist|SurgingStrikes,CloseCombat,Taunt,Detect|||M|||50|,,,,,Stellar]Roaring Moon||BoosterEnergy|Protosynthesis|Acrobatics,KnockOff,Tailwind,Protect||||||50|,,,,,Flying\n|inactive|Battle timer is ON: inactive players will automatically lose when time's up. (requested by ALadk)\n|inactive|mason9283 has 60 seconds left.\n|\n|t:|1743238289\n|start\n|switch|p1a: Tornadus|Tornadus, L50, M|100/100\n|switch|p1b: Kyogre|Kyogre, L50|100/100\n|switch|p2a: Roaring Moon|Roaring Moon, L50, shiny|100/100\n|switch|p2b: Ogerpon|Ogerpon-Hearthflame, L50, F|100/100\n|-weather|RainDance|[from] ability: Drizzle|[of] p1b: Kyogre\n|-ability|p2b: Ogerpon|Mold Breaker\n|-enditem|p2a: Roaring Moon|Booster Energy\n|-activate|p2a: Roaring Moon|ability: Protosynthesis|[fromitem]\n|-start|p2a: Roaring Moon|protosynthesisspe\n|turn|1\n|inactive|mason9283 has 30 seconds left.\n|\n|t:|1743238317\n|move|p1a: Tornadus|Tailwind|p1a: Tornadus\n|-sidestart|p1: mason9283|move: Tailwind\n|move|p1b: Kyogre|Water Spout|p2a: Roaring Moon|[spread] p2a,p2b\n|-resisted|p2a: Roaring Moon\n|-crit|p2b: Ogerpon\n|-damage|p2a: Roaring Moon|52/100\n|-damage|p2b: Ogerpon|0 fnt\n|faint|p2b: Ogerpon\n|move|p2a: Roaring Moon|Knock Off|p1b: Kyogre\n|-damage|p1b: Kyogre|39/100\n|-enditem|p1b: Kyogre|Choice Scarf|[from] move: Knock Off|[of] p2a: Roaring Moon\n|\n|-weather|RainDance|[upkeep]\n|upkeep\n|\n|t:|1743238331\n|switch|p2b: Landorus|Landorus, L50, M, shiny|100/100\n|turn|2\n|\n|t:|1743238335\n|move|p2b: Landorus|Protect|p2b: Landorus\n|-singleturn|p2b: Landorus|Protect\n|move|p1b: Kyogre|Origin Pulse|p2a: Roaring Moon|[spread] p2a\n|-activate|p2b: Landorus|move: Protect\n|-resisted|p2a: Roaring Moon\n|-damage|p2a: Roaring Moon|18/100\n|move|p2a: Roaring Moon|Tailwind|p2a: Roaring Moon\n|-sidestart|p2: ALadk|move: Tailwind\n|move|p1a: Tornadus|Bleakwind Storm|p2a: Roaring Moon|[spread] p2a\n|-activate|p2b: Landorus|move: Protect\n|-damage|p2a: Roaring Moon|0 fnt\n|faint|p2a: Roaring Moon\n|-end|p2a: Roaring Moon|Protosynthesis|[silent]\n|\n|-weather|RainDance|[upkeep]\n|upkeep\n|\n|t:|1743238348\n|switch|p2a: Urshifu|Urshifu-Rapid-Strike, L50, M|100/100\n|turn|3\n|\n|t:|1743238362\n|move|p1a: Tornadus|Protect|p1a: Tornadus\n|-singleturn|p1a: Tornadus|Protect\n|move|p1b: Kyogre|Origin Pulse|p2b: Landorus|[spread] p2a,p2b\n|-resisted|p2a: Urshifu\n|-supereffective|p2b: Landorus\n|-damage|p2a: Urshifu|44/100\n|-damage|p2b: Landorus|0 fnt\n|faint|p2b: Landorus\n|move|p2a: Urshifu|Surging Strikes|p1a: Tornadus\n|-crit|p1a: Tornadus\n|-damage|p1a: Tornadus|60/100\n|-crit|p1a: Tornadus\n|-damage|p1a: Tornadus|16/100\n|-crit|p1a: Tornadus\n|-damage|p1a: Tornadus|0 fnt\n|faint|p1a: Tornadus\n|-hitcount|p1: Tornadus|3\n|\n|-weather|RainDance|[upkeep]\n|upkeep\n|inactive|mason9283 has 30 seconds left.\n|\n|t:|1743238389\n|switch|p1a: Amoonguss|Amoonguss, L50, M|100/100\n|turn|4\n|\n|t:|1743238396\n|move|p1b: Kyogre|Thunder|p2a: Urshifu\n|-supereffective|p2a: Urshifu\n|-damage|p2a: Urshifu|0 fnt\n|faint|p2a: Urshifu\n|\n|win|mason9283\n||ALadk is ready for game 2.\n||mason9283 is ready for game 2.\n|uhtml|next|Next: <a href=\"/battle-gen9vgc2025reggbo3-2330491486\"><strong>Game 2 of 3</strong></a>\n|l|\u2606mason9283\n|player|p1|\n", "uploadtime": 1743238721, "views": 5, "formatid": "gen9vgc2025reggbo3", "rating": null, "private": 0, "password": null}