{"id": "gen9vgc2025reggbo3-2330539235", "format": "[Gen 9] VGC 2025 Reg G (Bo3)", "players": ["We_Love_The_Gong", "FRENKIS450"], "log": "|j|\u2606We_Love_The_Gong\n|j|\u2606FRENKIS450\n|html|<table width=\"100%\"><tr><td align=\"left\">We_Love_The_Gong</td><td align=\"right\">FRENKIS450</tr><tr><td align=\"left\"><i class=\"fa fa-circle-o\"></i> <i class=\"fa fa-circle-o\"></i> </td><td align=\"right\"><i class=\"fa fa-circle-o\"></i> <i class=\"fa fa-circle-o\"></i> </tr></table>\n|uhtml|bestof|<h2><strong>Game 1</strong> of <a href=\"/game-bestof3-gen9vgc2025reggbo3-2330539234\">a best-of-3</a></h2>\n|t:|1743247534\n|gametype|doubles\n|player|p1|We_Love_The_Gong|1|1312\n|player|p2|FRENKIS450|dancer|1223\n|teamsize|p1|6\n|teamsize|p2|6\n|gen|9\n|tier|[Gen 9] VGC 2025 Reg G (Bo3)\n|rated|\n|rule|Species Clause: Limit one of each Pok\u00e9mon\n|rule|Item Clause: Limit 1 of each item\n|clearpoke\n|poke|p1|Terapagos, L50, M|\n|poke|p1|Urshifu-*, L50, M|\n|poke|p1|Chi-Yu, L50|\n|poke|p1|Rillaboom, L50, F|\n|poke|p1|Scream Tail, L50|\n|poke|p1|Amoonguss, L50, F|\n|poke|p2|Miraidon, L50|\n|poke|p2|Incineroar, L50, F|\n|poke|p2|Tornadus, L50, M|\n|poke|p2|Landorus, L50, M|\n|poke|p2|Raichu-Alola, L50, M|\n|poke|p2|Urshifu-*, L50, F|\n|teampreview|4\n|showteam|p1|Terapagos||Leftovers|TeraShift|TeraStarstorm,CalmMind,Substitute,Protect|||M|||50|,,,,,Stellar]Urshifu-Rapid-Strike||ChoiceScarf|UnseenFist|SurgingStrikes,AquaJet,CloseCombat,Uturn|||M|||50|,,,,,Water]Chi-Yu||CovertCloak|BeadsofRuin|HeatWave,Overheat,Snarl,Taunt||||||50|,,,,,Grass]Rillaboom||AssaultVest|GrassySurge|FakeOut,GrassyGlide,WoodHammer,Uturn|||F|||50|,,,,,Fire]Scream Tail||BoosterEnergy|Protosynthesis|DazzlingGleam,Encore,Disable,Protect||||||50|,,,,,Grass]Amoonguss||MentalHerb|Regenerator|PollenPuff,RagePowder,Spore,Protect|||F|||50|,,,,,Water\n|showteam|p2|Miraidon||ChoiceSpecs|HadronEngine|ElectroDrift,DracoMeteor,VoltSwitch,DazzlingGleam||||||50|,,,,,Fairy]Incineroar||SafetyGoggles|Intimidate|FlareBlitz,KnockOff,FakeOut,PartingShot|||F|||50|,,,,,Ghost]Tornadus||CovertCloak|Prankster|Tailwind,Taunt,RainDance,BleakwindStorm|||M|||50|,,,,,Dark]Landorus||LifeOrb|SheerForce|SandsearStorm,SludgeBomb,Protect,EarthPower|||M|||50|,,,,,Poison]Raichu-Alola||FocusSash|SurgeSurfer|Electroweb,FakeOut,VoltSwitch,Encore|||M|||50|,,,,,Ghost]Urshifu-Rapid-Strike||MysticWater|UnseenFist|SurgingStrikes,AquaJet,CloseCombat,Detect|||F|||50|,,,,,Ghost\n|inactive|Battle timer is ON: inactive players will automatically lose when time's up. (requested by FRENKIS450)\n|inactive|FRENKIS450 has 60 seconds left.\n|\n|t:|1743247597\n|start\n|switch|p1a: Terapagos|Terapagos, L50, M|100/100\n|switch|p1b: Rillaboom|Rillaboom, L50, F|100/100\n|switch|p2a: Miraidon|Miraidon, L50|100/100\n|switch|p2b: Raichu|Raichu-Alola, L50, M, shiny|100/100\n|-activate|p1a: Terapagos|ability: Tera Shift\n|detailschange|p1a: Terapagos|Terapagos-Terastal, L50, M\n|-heal|p1a: Terapagos|100/100|[silent]\n|-fieldstart|move: Electric Terrain|[from] ability: Hadron Engine|[of] p2a: Miraidon\n|-fieldstart|move: Grassy Terrain|[from] ability: Grassy Surge|[of] p1b: Rillaboom\n|turn|1\n|\n|t:|1743247612\n|move|p2b: Raichu|Fake Out|p1b: Rillaboom\n|-damage|p1b: Rillaboom|93/100\n|move|p2a: Miraidon|Draco Meteor|p1b: Rillaboom\n|-damage|p1b: Rillaboom|20/100\n|-unboost|p2a: Miraidon|spa|2\n|move|p1a: Terapagos|Calm Mind|p1a: Terapagos\n|-boost|p1a: Terapagos|spa|1\n|-boost|p1a: Terapagos|spd|1\n|cant|p1b: Rillaboom|flinch\n|\n|-heal|p1b: Rillaboom|26/100|[from] Grassy Terrain\n|upkeep\n|turn|2\n|\n|t:|1743247626\n|switch|p2a: Tornadus|Tornadus, L50, M, shiny|100/100\n|switch|p1b: Scream Tail|Scream Tail, L50|100/100\n|-enditem|p1b: Scream Tail|Booster Energy\n|-activate|p1b: Scream Tail|ability: Protosynthesis|[fromitem]\n|-start|p1b: Scream Tail|protosynthesisspe\n|move|p1a: Terapagos|Protect|p1a: Terapagos\n|-singleturn|p1a: Terapagos|Protect\n|move|p2b: Raichu|Encore|p1a: Terapagos\n|-activate|p1a: Terapagos|move: Protect\n|\n|upkeep\n|turn|3\n|\n|t:|1743247646\n|switch|p1a: Rillaboom|Rillaboom, L50, F|26/100\n|move|p2a: Tornadus|Taunt|p1b: Scream Tail\n|-start|p1b: Scream Tail|move: Taunt\n|move|p1b: Scream Tail|Dazzling Gleam|p2b: Raichu|[spread] p2a,p2b\n|-damage|p2a: Tornadus|80/100\n|-damage|p2b: Raichu|82/100\n|move|p2b: Raichu|Encore||[still]\n|-fail|p2b: Raichu\n|\n|-heal|p2b: Raichu|88/100|[from] Grassy Terrain\n|-heal|p1a: Rillaboom|32/100|[from] Grassy Terrain\n|upkeep\n|turn|4\n|-message|We_Love_The_Gong forfeited.\n|\n|win|FRENKIS450\n||FRENKIS450 is ready for game 2.\n|raw|We_Love_The_Gong's rating: 1312 &rarr; <strong>1287</strong><br />(-25 for losing)\n|raw|FRENKIS450's rating: 1223 &rarr; <strong>1254</strong><br />(+31 for winning)\n|l|\u2606We_Love_The_Gong\n|player|p1|\n|l|\u2606FRENKIS450\n|player|p2|\n", "uploadtime": 1743247848, "views": 7, "formatid": "gen9vgc2025reggbo3", "rating": 1254, "private": 0, "password": null}