{"id": "gen9vgc2025reggbo3-2330466001", "format": "[Gen 9] VGC 2025 Reg G (Bo3)", "players": ["TRICKROOMHARD", "Astros9400"], "log": "|j|\u2606TRICKROOMHARD\n|j|\u2606Astros9400\n|html|<table width=\"100%\"><tr><td align=\"left\">TRICKROOMHARD</td><td align=\"right\">Astros9400</tr><tr><td align=\"left\"><i class=\"fa fa-circle-o\"></i> <i class=\"fa fa-circle-o\"></i> </td><td align=\"right\"><i class=\"fa fa-circle-o\"></i> <i class=\"fa fa-circle-o\"></i> </tr></table>\n|uhtml|bestof|<h2><strong>Game 1</strong> of <a href=\"/game-bestof3-gen9vgc2025reggbo3-2330466000\">a best-of-3</a></h2>\n|t:|1743232829\n|gametype|doubles\n|player|p1|TRICKROOMHARD|morty|1216\n|player|p2|Astros9400|rancher|1329\n|teamsize|p1|6\n|teamsize|p2|6\n|gen|9\n|tier|[Gen 9] VGC 2025 Reg G (Bo3)\n|rated|\n|rule|Species Clause: Limit one of each Pok\u00e9mon\n|rule|Item Clause: Limit 1 of each item\n|clearpoke\n|poke|p1|Calyrex-Ice, L50|\n|poke|p1|Alcremie, L50, F|\n|poke|p1|Ogerpon-Hearthflame, L50, F|\n|poke|p1|Ursaluna-Bloodmoon, L50, M|\n|poke|p1|Indeedee-F, L50, F|\n|poke|p1|Iron Hands, L50|\n|poke|p2|Miraidon, L50|\n|poke|p2|Whimsicott, L50, M|\n|poke|p2|Iron Hands, L50|\n|poke|p2|Farigiraf, L50, F|\n|poke|p2|Ogerpon-Hearthflame, L50, F|\n|poke|p2|Urshifu-*, L50, M|\n|teampreview|4\n|showteam|p1|Calyrex-Ice||ClearAmulet|AsOneGlastrier|GlacialLance,HighHorsepower,Protect,TrickRoom||||||50|,,,,,Fire]Alcremie||RockyHelmet|SweetVeil|Decorate,AlluringVoice,HelpingHand,Protect|||F|||50|,,,,,Steel]Ogerpon-Hearthflame||HearthflameMask|MoldBreaker|IvyCudgel,WoodHammer,SpikyShield,FollowMe|||F|||50|,,,,,Fire]Ursaluna-Bloodmoon||LifeOrb|MindsEye|BloodMoon,HyperVoice,EarthPower,Protect|||M|||50|,,,,,Ghost]Indeedee-F||SafetyGoggles|PsychicSurge|AlluringVoice,TrickRoom,HelpingHand,FollowMe|||F|||50|,,,,,Fairy]Iron Hands||AssaultVest|QuarkDrive|FakeOut,WildCharge,LowKick,HeavySlam||||||50|,,,,,Bug\n|showteam|p2|Miraidon||ChoiceSpecs|HadronEngine|ElectroDrift,DracoMeteor,VoltSwitch,DazzlingGleam||||||50|,,,,,Fairy]Whimsicott||CovertCloak|Prankster|Tailwind,Moonblast,Encore,LightScreen|||M|||50|,,,,,Water]Iron Hands||AssaultVest|QuarkDrive|FakeOut,DrainPunch,LowKick,HeavySlam||||||50|,,,,,Bug]Farigiraf||ElectricSeed|ArmorTail|FoulPlay,Psychic,HelpingHand,TrickRoom|||F|||50|,,,,,Water]Ogerpon-Hearthflame||HearthflameMask|MoldBreaker|IvyCudgel,WoodHammer,FollowMe,SpikyShield|||F|||50|,,,,,Fire]Urshifu||FocusSash|UnseenFist|WickedBlow,CloseCombat,SuckerPunch,Protect|||M|||50|,,,,,Stellar\n|inactive|Battle timer is ON: inactive players will automatically lose when time's up. (requested by TRICKROOMHARD)\n|inactive|Astros9400 has 60 seconds left.\n|\n|t:|1743232870\n|start\n|switch|p1a: Calyrex|Calyrex-Ice, L50|100/100\n|switch|p1b: Indeedee|Indeedee-F, L50, F|100/100\n|switch|p2a: Miraidon|Miraidon, L50|100/100\n|switch|p2b: Iron Hands|Iron Hands, L50|100/100\n|-ability|p1a: Calyrex|As One\n|-ability|p1a: Calyrex|Unnerve\n|-fieldstart|move: Electric Terrain|[from] ability: Hadron Engine|[of] p2a: Miraidon\n|-activate|p2b: Iron Hands|ability: Quark Drive\n|-start|p2b: Iron Hands|quarkdriveatk\n|-fieldstart|move: Psychic Terrain|[from] ability: Psychic Surge|[of] p1b: Indeedee\n|-end|p2b: Iron Hands|Quark Drive\n|turn|1\n|\n|t:|1743232882\n|move|p2a: Miraidon|Volt Switch|p1a: Calyrex\n|-damage|p1a: Calyrex|64/100\n|\n|t:|1743232889\n|switch|p2a: Ogerpon|Ogerpon-Hearthflame, L50, F|100/100|[from] Volt Switch\n|-ability|p2a: Ogerpon|Mold Breaker\n|move|p1a: Calyrex|Glacial Lance|p2b: Iron Hands|[spread] p2a,p2b\n|-damage|p2a: Ogerpon|40/100\n|-damage|p2b: Iron Hands|60/100\n|move|p2b: Iron Hands|Drain Punch|p1b: Indeedee\n|-damage|p1b: Indeedee|54/100\n|-heal|p2b: Iron Hands|78/100|[from] drain|[of] p1b: Indeedee\n|move|p1b: Indeedee|Trick Room|p1b: Indeedee\n|-fieldstart|move: Trick Room|[of] p1b: Indeedee\n|\n|upkeep\n|turn|2\n|\n|t:|1743232907\n|-terastallize|p1a: Calyrex|Fire\n|move|p2a: Ogerpon|Spiky Shield|p2a: Ogerpon\n|-singleturn|p2a: Ogerpon|move: Protect\n|move|p1a: Calyrex|Glacial Lance|p2a: Ogerpon|[spread] p2b\n|-activate|p2a: Ogerpon|move: Protect\n|-damage|p2b: Iron Hands|36/100\n|move|p2b: Iron Hands|Low Kick|p1a: Calyrex\n|-damage|p1a: Calyrex|21/100\n|move|p1b: Indeedee|Alluring Voice|p2b: Iron Hands\n|-supereffective|p2b: Iron Hands\n|-damage|p2b: Iron Hands|15/100\n|\n|upkeep\n|turn|3\n|\n|t:|1743232929\n|move|p1b: Indeedee|Helping Hand|p1a: Calyrex\n|-singleturn|p1a: Calyrex|Helping Hand|[of] p1b: Indeedee\n|move|p2b: Iron Hands|Low Kick|p1a: Calyrex\n|-damage|p1a: Calyrex|0 fnt\n|faint|p1a: Calyrex\n|move|p2a: Ogerpon|Ivy Cudgel|p1b: Indeedee|[anim] Ivy Cudgel Fire\n|-damage|p1b: Indeedee|0 fnt\n|faint|p1b: Indeedee\n|\n|upkeep\n|\n|t:|1743232934\n|switch|p1a: Iron Hands|Iron Hands, L50|100/100\n|switch|p1b: Ursaluna|Ursaluna-Bloodmoon, L50, M|100/100\n|turn|4\n|\n|t:|1743232947\n|move|p2a: Ogerpon|Spiky Shield|p2a: Ogerpon\n|-singleturn|p2a: Ogerpon|move: Protect\n|move|p2b: Iron Hands|Low Kick|p1b: Ursaluna\n|-supereffective|p1b: Ursaluna\n|-damage|p1b: Ursaluna|0 fnt\n|faint|p1b: Ursaluna\n|move|p1a: Iron Hands|Low Kick|p2b: Iron Hands\n|-damage|p2b: Iron Hands|0 fnt\n|faint|p2b: Iron Hands\n|-end|p2b: Iron Hands|Quark Drive|[silent]\n|\n|upkeep\n|-message|TRICKROOMHARD forfeited.\n|\n|win|Astros9400\n|l|\u2606TRICKROOMHARD\n|player|p1|\n||TRICKROOMHARD is ready for game 2.\n||Astros9400 is ready for game 2.\n|uhtml|next|Next: <a href=\"/battle-gen9vgc2025reggbo3-2330466594\"><strong>Game 2 of 3</strong></a>\n|l|\u2606Astros9400\n|player|p2|\n", "uploadtime": 1743233284, "views": 5, "formatid": "gen9vgc2025reggbo3", "rating": null, "private": 0, "password": null}