{"id": "gen9vgc2025reggbo3-2330486998", "format": "[Gen 9] VGC 2025 Reg G (Bo3)", "players": ["caidaf", "ActualIZANdo"], "log": "|j|\u2606caidaf\n|j|\u2606ActualIZANdo\n|html|<table width=\"100%\"><tr><td align=\"left\">caidaf</td><td align=\"right\">ActualIZANdo</tr><tr><td align=\"left\"><i class=\"fa fa-circle-o\"></i> <i class=\"fa fa-circle-o\"></i> </td><td align=\"right\"><i class=\"fa fa-circle-o\"></i> <i class=\"fa fa-circle-o\"></i> </tr></table>\n|uhtml|bestof|<h2><strong>Game 1</strong> of <a href=\"/game-bestof3-gen9vgc2025reggbo3-2330486997\">a best-of-3</a></h2>\n|t:|1743237405\n|gametype|doubles\n|player|p1|caidaf|2|1059\n|player|p2|ActualIZANdo|2|1067\n|teamsize|p1|6\n|teamsize|p2|6\n|gen|9\n|tier|[Gen 9] VGC 2025 Reg G (Bo3)\n|rated|\n|rule|Species Clause: Limit one of each Pok\u00e9mon\n|rule|Item Clause: Limit 1 of each item\n|clearpoke\n|poke|p1|Amoonguss, L50, M|\n|poke|p1|Gholdengo, L50|\n|poke|p1|Ursaluna, L50, F|\n|poke|p1|Incineroar, L50, M|\n|poke|p1|Porygon2, L50|\n|poke|p1|Flamigo, L50, M|\n|poke|p2|Terapagos, L50, M|\n|poke|p2|Slowbro, L50, F|\n|poke|p2|Incineroar, L50, F|\n|poke|p2|Sinistcha, L50|\n|poke|p2|Corviknight, L50, F|\n|poke|p2|Dragalge, L50, F|\n|teampreview|4\n|showteam|p1|Amoonguss||MentalHerb|Regenerator|Spore,PollenPuff,SludgeBomb,RagePowder|||M|||50|,,,,,Fire]Gholdengo||LifeOrb|GoodasGold|MakeItRain,SleepTalk,NastyPlot,ShadowBall||||||50|,,,,,Steel]Ursaluna||FlameOrb|Guts|Facade,HeadlongRush,Protect,Earthquake|||F|||50|,,,,,Ghost]Incineroar||SafetyGoggles|Intimidate|KnockOff,PartingShot,FlareBlitz,FakeOut|||M|||50|,,,,,Grass]Porygon2||Eviolite|Download|IceBeam,TrickRoom,TeraBlast,Recover||||||50|,,,,,Normal]Flamigo||FocusSash|Scrappy|CloseCombat,BraveBird,Detect,WideGuard|||M|||50|,,,,,Flying\n|showteam|p2|Terapagos||IronBall|TeraShift|TeraStarstorm,DarkPulse,CalmMind,Protect|||M|||50|,,,,,Stellar]Slowbro||CovertCloak|Oblivious|Scald,Psychic,TrickRoom,Protect|||F|||50|,,,,,Fairy]Incineroar||SafetyGoggles|Intimidate|FlareBlitz,KnockOff,FakeOut,PartingShot|||F|||50|,,,,,Ghost]Sinistcha||Leftovers|Hospitality|MatchaGotcha,RagePowder,LifeDew,TrickRoom||||||50|,,,,,Water]Corviknight||RockyHelmet|MirrorArmor|BraveBird,IronHead,Uturn,Protect|||F|||50|,,,,,Flying]Dragalge||LifeOrb|Adaptability|SludgeBomb,DracoMeteor,Scald,Protect|||F|||50|,,,,,Steel\n|\n|t:|1743237457\n|start\n|switch|p1a: Gholdengo|Gholdengo, L50|100/100\n|switch|p1b: Incineroar|Incineroar, L50, M|100/100\n|switch|p2a: Slowbro|Slowbro, L50, F|100/100\n|switch|p2b: Terapagos|Terapagos, L50, M|100/100\n|-activate|p2b: Terapagos|ability: Tera Shift\n|detailschange|p2b: Terapagos|Terapagos-Terastal, L50, M\n|-heal|p2b: Terapagos|100/100|[silent]\n|-ability|p1b: Incineroar|Intimidate|boost\n|-fail|p2a: Slowbro|unboost|Attack|[from] ability: Oblivious|[of] p2a: Slowbro\n|-unboost|p2b: Terapagos|atk|1\n|turn|1\n|inactive|Battle timer is ON: inactive players will automatically lose when time's up. (requested by ActualIZANdo)\n|\n|t:|1743237484\n|-terastallize|p1a: Gholdengo|Steel\n|move|p1b: Incineroar|Fake Out|p2a: Slowbro\n|-damage|p2a: Slowbro|93/100\n|move|p1a: Gholdengo|Make It Rain|p2a: Slowbro|[spread] p2a,p2b\n|-resisted|p2a: Slowbro\n|-activate|p2b: Terapagos|ability: Tera Shell\n|-resisted|p2b: Terapagos\n|-damage|p2a: Slowbro|61/100\n|-damage|p2b: Terapagos|73/100\n|-unboost|p1a: Gholdengo|spa|1\n|-damage|p1a: Gholdengo|91/100|[from] item: Life Orb\n|move|p2b: Terapagos|Calm Mind|p2b: Terapagos\n|-boost|p2b: Terapagos|spa|1\n|-boost|p2b: Terapagos|spd|1\n|move|p2a: Slowbro|Trick Room|p2a: Slowbro\n|-fieldstart|move: Trick Room|[of] p2a: Slowbro\n|\n|upkeep\n|turn|2\n|inactive|caidaf has 30 seconds left.\n|\n|t:|1743237514\n|switch|p1b: Amoonguss|Amoonguss, L50, M|100/100\n|-terastallize|p2b: Terapagos|Stellar\n|detailschange|p2b: Terapagos|Terapagos-Stellar, L50, M, tera:Stellar\n|-heal|p2b: Terapagos|80/100|[silent]\n|move|p2a: Slowbro|Scald|p1b: Amoonguss\n|-resisted|p1b: Amoonguss\n|-damage|p1b: Amoonguss|89/100\n|move|p2b: Terapagos|Tera Starstorm|p1a: Gholdengo|[spread] p1a,p1b\n|-supereffective|p1a: Gholdengo\n|-damage|p1a: Gholdengo|0 fnt\n|-damage|p1b: Amoonguss|33/100\n|faint|p1a: Gholdengo\n|\n|upkeep\n|\n|t:|1743237533\n|switch|p1a: Incineroar|Incineroar, L50, M|100/100\n|-ability|p1a: Incineroar|Intimidate|boost\n|-fail|p2a: Slowbro|unboost|Attack|[from] ability: Oblivious|[of] p2a: Slowbro\n|-unboost|p2b: Terapagos|atk|1\n|turn|3\n|inactive|caidaf has 30 seconds left.\n|\n|t:|1743237562\n|switch|p1b: Flamigo|Flamigo, L50, M|100/100\n|move|p2a: Slowbro|Scald|p1a: Incineroar\n|-supereffective|p1a: Incineroar\n|-damage|p1a: Incineroar|57/100\n|move|p2b: Terapagos|Tera Starstorm|p1b: Flamigo|[spread] p1a,p1b\n|-damage|p1a: Incineroar|9/100\n|-damage|p1b: Flamigo|2/100\n|move|p1a: Incineroar|Flare Blitz|p2b: Terapagos\n|-damage|p2b: Terapagos|53/100\n|-status|p2b: Terapagos|brn\n|-damage|p1a: Incineroar|0 fnt|[from] Recoil\n|faint|p1a: Incineroar\n|\n|-damage|p2b: Terapagos|47/100 brn|[from] brn\n|upkeep\n|\n|t:|1743237582\n|switch|p1a: Amoonguss|Amoonguss, L50, M|66/100\n|turn|4\n|\n|t:|1743237599\n|move|p2a: Slowbro|Psychic|p1a: Amoonguss\n|-supereffective|p1a: Amoonguss\n|-damage|p1a: Amoonguss|13/100\n|move|p2b: Terapagos|Tera Starstorm|p1b: Flamigo|[spread] p1a,p1b\n|-damage|p1a: Amoonguss|0 fnt\n|-damage|p1b: Flamigo|0 fnt\n|faint|p1a: Amoonguss\n|faint|p1b: Flamigo\n|\n|win|ActualIZANdo\n||ActualIZANdo is ready for game 2.\n|inactive|caidaf has 30 seconds to confirm battle start!\n||caidaf is ready for game 2.\n|uhtml|next|Next: <a href=\"/battle-gen9vgc2025reggbo3-2330487917\"><strong>Game 2 of 3</strong></a>\n", "uploadtime": 1743237891, "views": 5, "formatid": "gen9vgc2025reggbo3", "rating": null, "private": 0, "password": null}