{"id": "gen9vgc2025reggbo3-2330525826", "format": "[Gen 9] VGC 2025 Reg G (Bo3)", "players": ["ChrisMarrSmells", "Neurodivirgin't"], "log": "|j|\u2606ChrisMarrSmells\n|j|\u2606Neurodivirgin't\n|html|<table width=\"100%\"><tr><td align=\"left\">ChrisMarrSmells</td><td align=\"right\">Neurodivirgin&apos;t</tr><tr><td align=\"left\"><i class=\"fa fa-circle\"></i> <i class=\"fa fa-circle-o\"></i> </td><td align=\"right\"><i class=\"fa fa-circle-o\"></i> <i class=\"fa fa-circle-o\"></i> </tr></table>\n|uhtml|bestof|<h2><strong>Game 2</strong> of <a href=\"/game-bestof3-gen9vgc2025reggbo3-2330525127\">a best-of-3</a></h2>\n|t:|1743245138\n|gametype|doubles\n|player|p1|ChrisMarrSmells|harlequin|\n|player|p2|Neurodivirgin't|biker-gen4|\n|teamsize|p1|6\n|teamsize|p2|6\n|gen|9\n|tier|[Gen 9] VGC 2025 Reg G (Bo3)\n|rule|Species Clause: Limit one of each Pok\u00e9mon\n|rule|Item Clause: Limit 1 of each item\n|clearpoke\n|poke|p1|Dragapult, L50, F|\n|poke|p1|Iron Bundle, L50|\n|poke|p1|Whimsicott, L50, M|\n|poke|p1|Miraidon, L50|\n|poke|p1|Ogerpon-Hearthflame, L50, F|\n|poke|p1|Iron Hands, L50|\n|poke|p2|Koraidon, L50|\n|poke|p2|Brute Bonnet, L50|\n|poke|p2|Chi-Yu, L50|\n|poke|p2|Flutter Mane, L50|\n|poke|p2|Heatran, L50, F|\n|poke|p2|Walking Wake, L50|\n|teampreview|4\n|showteam|p1|Dragapult||ChoiceBand|ClearBody|DragonDarts,TeraBlast,SuckerPunch,Uturn|||F|||50|,,,,,Ghost]Iron Bundle||BoosterEnergy|QuarkDrive|IcyWind,HydroPump,FreezeDry,Protect||||||50|,,,,,Ghost]Whimsicott||FocusSash|Prankster|Tailwind,Moonblast,Encore,Endeavor|||M|||50|,,,,,Ghost]Miraidon||ChoiceSpecs|HadronEngine|VoltSwitch,ElectroDrift,DracoMeteor,DazzlingGleam||||||50|,,,,,Fairy]Ogerpon-Hearthflame||HearthflameMask|MoldBreaker|IvyCudgel,WoodHammer,FollowMe,SpikyShield|||F|||50|,,,,,Fire]Iron Hands||AssaultVest|QuarkDrive|DrainPunch,WildCharge,LowKick,FakeOut||||||50|,,,,,Bug\n|showteam|p2|Koraidon||LifeOrb|OrichalcumPulse|CloseCombat,BreakingSwipe,FlareBlitz,Protect||||||50|,,,,,Fire]Brute Bonnet||CovertCloak|Protosynthesis|SeedBomb,SuckerPunch,Spore,RagePowder||||||50|,,,,,Water]Chi-Yu||ChoiceScarf|BeadsofRuin|Overheat,DarkPulse,HeatWave,Flamethrower||||||50|,,,,,Fire]Flutter Mane||FairyFeather|Protosynthesis|Moonblast,DazzlingGleam,IcyWind,Protect||||||50|,,,,,Fairy]Heatran||ZoomLens|FlashFire|MagmaStorm,TeraBlast,Substitute,Protect|||F|||50|,,,,,Fairy]Walking Wake||ChoiceSpecs|Protosynthesis|HydroSteam,DracoMeteor,DragonPulse,Snarl||||||50|,,,,,Water\n|inactive|Battle timer is ON: inactive players will automatically lose when time's up. (requested by Neurodivirgin't)\n|\n|t:|1743245167\n|start\n|switch|p1a: Whimsicott|Whimsicott, L50, M|100/100\n|switch|p1b: Dragapult|Dragapult, L50, F|100/100\n|switch|p2a: Koraidon|Koraidon, L50|100/100\n|switch|p2b: Flutter Mane|Flutter Mane, L50|100/100\n|-weather|SunnyDay|[from] ability: Orichalcum Pulse|[of] p2a: Koraidon\n|-activate|p2b: Flutter Mane|ability: Protosynthesis\n|-start|p2b: Flutter Mane|protosynthesisspe\n|-activate|p2a: Koraidon|Orichalcum Pulse|[source]\n|turn|1\n|inactive|Neurodivirgin't has 30 seconds left.\n|\n|t:|1743245193\n|-terastallize|p2b: Flutter Mane|Fairy\n|-terastallize|p1b: Dragapult|Ghost\n|move|p1a: Whimsicott|Tailwind|p1a: Whimsicott\n|-sidestart|p1: ChrisMarrSmells|move: Tailwind\n|move|p1b: Dragapult|Tera Blast|p2b: Flutter Mane|[anim] Tera Blast Ghost\n|-damage|p2b: Flutter Mane|0 fnt\n|faint|p2b: Flutter Mane\n|-end|p2b: Flutter Mane|Protosynthesis|[silent]\n|move|p2a: Koraidon|Flare Blitz|p1a: Whimsicott\n|-supereffective|p1a: Whimsicott\n|-crit|p1a: Whimsicott\n|-enditem|p1a: Whimsicott|Focus Sash\n|-damage|p1a: Whimsicott|1/100\n|-damage|p2a: Koraidon|75/100|[from] Recoil\n|-damage|p2a: Koraidon|65/100|[from] item: Life Orb\n|\n|-weather|SunnyDay|[upkeep]\n|upkeep\n|\n|t:|1743245208\n|switch|p2b: Chi-Yu|Chi-Yu, L50|100/100\n|-ability|p2b: Chi-Yu|Beads of Ruin\n|turn|2\n|\n|t:|1743245217\n|move|p2a: Koraidon|Protect|p2a: Koraidon\n|-singleturn|p2a: Koraidon|Protect\n|move|p1b: Dragapult|Tera Blast|p2b: Chi-Yu|[anim] Tera Blast Ghost\n|-resisted|p2b: Chi-Yu\n|-damage|p2b: Chi-Yu|38/100\n|move|p1a: Whimsicott|Endeavor|p2b: Chi-Yu\n|-damage|p2b: Chi-Yu|1/100\n|move|p2b: Chi-Yu|Heat Wave|p1b: Dragapult|[spread] p1a,p1b\n|-supereffective|p1a: Whimsicott\n|-damage|p1a: Whimsicott|0 fnt\n|-damage|p1b: Dragapult|0 fnt\n|faint|p1a: Whimsicott\n|faint|p1b: Dragapult\n|\n|-weather|SunnyDay|[upkeep]\n|upkeep\n|\n|t:|1743245224\n|switch|p1b: Miraidon|Miraidon, L50|100/100\n|switch|p1a: Iron Bundle|Iron Bundle, L50|100/100\n|-fieldstart|move: Electric Terrain|[from] ability: Hadron Engine|[of] p1b: Miraidon\n|-activate|p1a: Iron Bundle|ability: Quark Drive\n|-start|p1a: Iron Bundle|quarkdrivespe\n|turn|3\n|\n|t:|1743245235\n|move|p2a: Koraidon|Protect||[still]\n|-fail|p2a: Koraidon\n|move|p1a: Iron Bundle|Icy Wind|p2a: Koraidon|[spread] p2a,p2b\n|-supereffective|p2a: Koraidon\n|-resisted|p2b: Chi-Yu\n|-damage|p2a: Koraidon|4/100\n|-damage|p2b: Chi-Yu|0 fnt\n|-unboost|p2a: Koraidon|spe|1\n|faint|p2b: Chi-Yu\n|move|p1b: Miraidon|Dazzling Gleam|p2a: Koraidon\n|-supereffective|p2a: Koraidon\n|-damage|p2a: Koraidon|0 fnt\n|faint|p2a: Koraidon\n|\n|-weather|SunnyDay|[upkeep]\n|upkeep\n|\n|t:|1743245240\n|switch|p2b: Walking Wake|Walking Wake, L50|100/100\n|-activate|p2b: Walking Wake|ability: Protosynthesis\n|-start|p2b: Walking Wake|protosynthesisspa\n|turn|4\n|\n|t:|1743245249\n|move|p1a: Iron Bundle|Freeze-Dry|p2b: Walking Wake\n|-supereffective|p2b: Walking Wake\n|-damage|p2b: Walking Wake|0 fnt\n|faint|p2b: Walking Wake\n|-end|p2b: Walking Wake|Protosynthesis|[silent]\n|\n|win|ChrisMarrSmells\n|l|\u2606Neurodivirgin't\n|player|p2|\n", "uploadtime": 1743245422, "views": 7, "formatid": "gen9vgc2025reggbo3", "rating": null, "private": 0, "password": null}