{"id": "gen9vgc2025reggbo3-2330537251", "format": "[Gen 9] VGC 2025 Reg G (Bo3)", "players": ["sqldeveloper", "FleurCannon56"], "log": "|j|\u2606sqldeveloper\n|j|\u2606FleurCannon56\n|html|<table width=\"100%\"><tr><td align=\"left\">sqldeveloper</td><td align=\"right\">FleurCannon56</tr><tr><td align=\"left\"><i class=\"fa fa-circle-o\"></i> <i class=\"fa fa-circle-o\"></i> </td><td align=\"right\"><i class=\"fa fa-circle-o\"></i> <i class=\"fa fa-circle-o\"></i> </tr></table>\n|uhtml|bestof|<h2><strong>Game 1</strong> of <a href=\"/game-bestof3-gen9vgc2025reggbo3-2330537250\">a best-of-3</a></h2>\n|t:|1743247194\n|gametype|doubles\n|player|p1|sqldeveloper|169|1485\n|player|p2|FleurCannon56|lisia|1423\n|teamsize|p1|6\n|teamsize|p2|6\n|gen|9\n|tier|[Gen 9] VGC 2025 Reg G (Bo3)\n|rated|\n|rule|Species Clause: Limit one of each Pok\u00e9mon\n|rule|Item Clause: Limit 1 of each item\n|clearpoke\n|poke|p1|Terapagos, L50, M|\n|poke|p1|Incineroar, L50, M|\n|poke|p1|Rillaboom, L50, F|\n|poke|p1|Scream Tail, L50|\n|poke|p1|Heatran, L50, F|\n|poke|p1|Ogerpon-Cornerstone, L50, F|\n|poke|p2|Koraidon, L50|\n|poke|p2|Indeedee-F, L50, F|\n|poke|p2|Delphox, L50, M|\n|poke|p2|Flutter Mane, L50|\n|poke|p2|Whimsicott, L50, F|\n|poke|p2|Walking Wake, L50|\n|teampreview|4\n|showteam|p1|Terapagos||Leftovers|TeraShift|TeraStarstorm,CalmMind,Substitute,Protect|||M|||50|,,,,,Stellar]Incineroar||RockyHelmet|Intimidate|KnockOff,FakeOut,PartingShot,WillOWisp|||M|||50|,,,,,Ghost]Rillaboom||AssaultVest|GrassySurge|FakeOut,WoodHammer,Uturn,GrassyGlide|||F|||50|,,,,,Fire]Scream Tail||BoosterEnergy|Protosynthesis|Protect,Disable,Encore,DazzlingGleam||||||50|,,,,,Grass]Heatran||SitrusBerry|FlashFire|Protect,TeraBlast,HeavySlam,MagmaStorm|||F|||50|,,,,,Fairy]Ogerpon-Cornerstone||CornerstoneMask|Sturdy|IvyCudgel,PowerWhip,FollowMe,SpikyShield|||F|||50|,,,,,Rock\n|showteam|p2|Koraidon||ChoiceBand|OrichalcumPulse|Uturn,BreakingSwipe,CloseCombat,FlareBlitz||||||50|,,,,,Fire]Indeedee-F||SafetyGoggles|PsychicSurge|FollowMe,AlluringVoice,TrickRoom,Imprison|||F|||50|,,,,,Water]Delphox||LifeOrb|Blaze|ExpandingForce,HeatWave,TeraBlast,Protect|||M|||50|,,,,,Fairy]Flutter Mane||ChoiceSpecs|Protosynthesis|Moonblast,DazzlingGleam,ShadowBall,PowerGem||||||50|,,,,,Fairy]Whimsicott||FocusSash|Prankster|Tailwind,Moonblast,Encore,Protect|||F|||50|,,,,,Ghost]Walking Wake||AssaultVest|Protosynthesis|HydroSteam,DracoMeteor,WeatherBall,Snarl||||||50|,,,,,Fire\n|\n|t:|1743247244\n|start\n|switch|p1a: Heatran|Heatran, L50, F, shiny|100/100\n|switch|p1b: Ogerpon|Ogerpon-Cornerstone, L50, F|100/100\n|switch|p2a: Koraidon|Koraidon, L50|100/100\n|switch|p2b: Walking Wake|Walking Wake, L50|100/100\n|-weather|SunnyDay|[from] ability: Orichalcum Pulse|[of] p2a: Koraidon\n|-activate|p2b: Walking Wake|ability: Protosynthesis\n|-start|p2b: Walking Wake|protosynthesisspa\n|-activate|p2a: Koraidon|Orichalcum Pulse|[source]\n|turn|1\n|\n|t:|1743247260\n|move|p1b: Ogerpon|Spiky Shield|p1b: Ogerpon\n|-singleturn|p1b: Ogerpon|move: Protect\n|move|p1a: Heatran|Protect|p1a: Heatran\n|-singleturn|p1a: Heatran|Protect\n|move|p2a: Koraidon|U-turn|p1b: Ogerpon\n|-activate|p1b: Ogerpon|move: Protect\n|-damage|p2a: Koraidon|88/100|[from] Spiky Shield|[of] p1b: Ogerpon\n|move|p2b: Walking Wake|Snarl|p1b: Ogerpon|[spread] \n|-activate|p1a: Heatran|move: Protect\n|-activate|p1b: Ogerpon|move: Protect\n|\n|-weather|SunnyDay|[upkeep]\n|upkeep\n|turn|2\n|\n|t:|1743247283\n|switch|p1b: Scream Tail|Scream Tail, L50, shiny|100/100\n|-activate|p1b: Scream Tail|ability: Protosynthesis\n|-start|p1b: Scream Tail|protosynthesisspe\n|-terastallize|p1a: Heatran|Fairy\n|move|p2a: Koraidon|U-turn|p1b: Scream Tail\n|-damage|p1b: Scream Tail|55/100\n|\n|t:|1743247291\n|switch|p2a: Flutter Mane|Flutter Mane, L50|100/100|[from] U-turn\n|-activate|p2a: Flutter Mane|ability: Protosynthesis\n|-start|p2a: Flutter Mane|protosynthesisspe\n|move|p2b: Walking Wake|Snarl|p1a: Heatran|[spread] p1a,p1b\n|-resisted|p1a: Heatran\n|-damage|p1a: Heatran|92/100\n|-damage|p1b: Scream Tail|43/100\n|-unboost|p1a: Heatran|spa|1\n|-unboost|p1b: Scream Tail|spa|1\n|move|p1a: Heatran|Tera Blast|p2b: Walking Wake|[anim] Tera Blast Fairy\n|-supereffective|p2b: Walking Wake\n|-damage|p2b: Walking Wake|61/100\n|\n|-weather|SunnyDay|[upkeep]\n|upkeep\n|turn|3\n|\n|t:|1743247309\n|-end|p1b: Scream Tail|Protosynthesis|[silent]\n|switch|p1b: Ogerpon|Ogerpon-Cornerstone, L50, F|100/100\n|-terastallize|p2a: Flutter Mane|Fairy\n|move|p1a: Heatran|Protect|p1a: Heatran\n|-singleturn|p1a: Heatran|Protect\n|move|p2a: Flutter Mane|Dazzling Gleam|p1a: Heatran|[spread] p1b\n|-activate|p1a: Heatran|move: Protect\n|-damage|p1b: Ogerpon|31/100\n|move|p2b: Walking Wake|Hydro Steam|p1a: Heatran\n|-activate|p1a: Heatran|move: Protect\n|\n|-weather|SunnyDay|[upkeep]\n|upkeep\n|turn|4\n|\n|t:|1743247321\n|move|p1b: Ogerpon|Follow Me|p1b: Ogerpon\n|-singleturn|p1b: Ogerpon|move: Follow Me\n|move|p2a: Flutter Mane|Dazzling Gleam|p1a: Heatran|[spread] p1a,p1b\n|-damage|p1a: Heatran|42/100\n|-damage|p1b: Ogerpon|0 fnt\n|-enditem|p1a: Heatran|Sitrus Berry|[eat]\n|-heal|p1a: Heatran|67/100|[from] item: Sitrus Berry\n|faint|p1b: Ogerpon\n|move|p2b: Walking Wake|Hydro Steam|p1a: Heatran\n|-damage|p1a: Heatran|0 fnt\n|faint|p1a: Heatran\n|\n|-weather|SunnyDay|[upkeep]\n|upkeep\n|-message|sqldeveloper forfeited.\n|\n|win|FleurCannon56\n||sqldeveloper is ready for game 2.\n||FleurCannon56 is ready for game 2.\n|uhtml|next|Next: <a href=\"/battle-gen9vgc2025reggbo3-2330538089\"><strong>Game 2 of 3</strong></a>\n", "uploadtime": 1743247572, "views": 7, "formatid": "gen9vgc2025reggbo3", "rating": null, "private": 0, "password": null}