{"id": "gen9vgc2025reggbo3-2330477869", "format": "[Gen 9] VGC 2025 Reg G (Bo3)", "players": ["pikabolz4848", "Scythekatana"], "log": "|j|\u2606pikabolz4848\n|j|\u2606Scythekatana\n|html|<table width=\"100%\"><tr><td align=\"left\">pikabolz4848</td><td align=\"right\">Scythekatana</tr><tr><td align=\"left\"><i class=\"fa fa-circle\"></i> <i class=\"fa fa-circle-o\"></i> </td><td align=\"right\"><i class=\"fa fa-circle-o\"></i> <i class=\"fa fa-circle\"></i> </tr></table>\n|uhtml|bestof|<h2><strong>Game 3</strong> of <a href=\"/game-bestof3-gen9vgc2025reggbo3-2330476009\">a best-of-3</a></h2>\n|t:|1743235365\n|gametype|doubles\n|player|p1|pikabolz4848|101|1041\n|player|p2|Scythekatana|102|1028\n|teamsize|p1|6\n|teamsize|p2|6\n|gen|9\n|tier|[Gen 9] VGC 2025 Reg G (Bo3)\n|rated|\n|rule|Species Clause: Limit one of each Pok\u00e9mon\n|rule|Item Clause: Limit 1 of each item\n|clearpoke\n|poke|p1|Walking Wake, L50|\n|poke|p1|Arcanine, L50, M|\n|poke|p1|Sinistcha-Masterpiece, L50|\n|poke|p1|Dragonite, L50, F|\n|poke|p1|Iron Hands, L50|\n|poke|p1|Zacian-*, L50|\n|poke|p2|Dragalge, L50, M|\n|poke|p2|Espathra, L50, M|\n|poke|p2|Indeedee, L50, M|\n|poke|p2|Gumshoos, L50, F|\n|poke|p2|Kingambit, L50, F|\n|poke|p2|Kommo-o, L50, M|\n|teampreview|4\n|showteam|p1|Walking Wake||LifeOrb|Protosynthesis|Protect,NobleRoar,HydroSteam,DragonPulse||||||50|,,,,,Normal]Arcanine||SafetyGoggles|Intimidate|Protect,HelpingHand,Howl,FlareBlitz|||M|||50|,,,,,Water]Sinistcha-Masterpiece||Leftovers|Hospitality|Protect,RagePowder,TrickRoom,ShadowBall||||||50|,,,,,Dark]Dragonite||LoadedDice|InnerFocus|Protect,Tailwind,ThunderPunch,ScaleShot|||F|||50|,,,,,Steel]Iron Hands||AssaultVest|QuarkDrive|FakeOut,DrainPunch,WildCharge,VoltSwitch||||||50|,,,,,Flying]Zacian-Crowned||RustedSword|IntrepidSword|Protect,behemothblade,PlayRough,SacredSword||||||50|,,,,,Flying\n|showteam|p2|Dragalge||ChoiceSpecs|Adaptability|DragonPulse,SludgeWave,Thunderbolt,MuddyWater|||M|||50|,,,,,Water]Espathra||TwistedSpoon|SpeedBoost|ExpandingForce,Protect,ShadowBall,TrickRoom|||M|||50|,,,,,Psychic]Indeedee||TerrainExtender|PsychicSurge|ExpandingForce,TrickRoom,DrainingKiss,SkillSwap|||M|||50|,,,,,Psychic]Gumshoos||SilkScarf|Adaptability|Protect,LastResort|||F|||50|,,,,,Normal]Kingambit||AssaultVest|Defiant|KowtowCleave,SuckerPunch,IronHead,Reversal|||F|||50|,,,,,Dark]Kommo-o||Leftovers|Overcoat|ClangorousSoul,ClangingScales,AuraSphere,FlashCannon|||M|||50|,,,,,Steel\n|\n|t:|1743235401\n|start\n|switch|p1a: Dragonite|Dragonite, L50, F, shiny|100/100\n|switch|p1b: Walking Wake|Walking Wake, L50|100/100\n|switch|p2a: Espathra|Espathra, L50, M|100/100\n|switch|p2b: Indeedee|Indeedee, L50, M|100/100\n|-fieldstart|move: Psychic Terrain|[from] ability: Psychic Surge|[of] p2b: Indeedee\n|turn|1\n|\n|t:|1743235428\n|move|p2a: Espathra|Protect|p2a: Espathra\n|-singleturn|p2a: Espathra|Protect\n|move|p1b: Walking Wake|Dragon Pulse|p2a: Espathra\n|-activate|p2a: Espathra|move: Protect\n|move|p2b: Indeedee|Draining Kiss|p1b: Walking Wake\n|-supereffective|p1b: Walking Wake\n|-damage|p1b: Walking Wake|58/100\n|move|p1a: Dragonite|Tailwind|p1a: Dragonite\n|-sidestart|p1: pikabolz4848|move: Tailwind\n|\n|-ability|p2a: Espathra|Speed Boost|boost\n|-boost|p2a: Espathra|spe|1\n|upkeep\n|turn|2\n|\n|t:|1743235455\n|-terastallize|p2a: Espathra|Psychic\n|move|p1b: Walking Wake|Dragon Pulse|p2a: Espathra\n|-damage|p2a: Espathra|19/100\n|-damage|p1b: Walking Wake|48/100|[from] item: Life Orb\n|move|p2a: Espathra|Expanding Force|p1b: Walking Wake|[spread] p1a,p1b\n|-damage|p1a: Dragonite|50/100\n|-damage|p1b: Walking Wake|0 fnt\n|faint|p1b: Walking Wake\n|-end|p1b: Walking Wake|Protosynthesis|[silent]\n|move|p1a: Dragonite|Scale Shot|p2a: Espathra\n|-damage|p2a: Espathra|3/100\n|-damage|p2a: Espathra|0 fnt\n|faint|p2a: Espathra\n|-hitcount|p2: Espathra|2\n|-unboost|p1a: Dragonite|def|1\n|-boost|p1a: Dragonite|spe|1\n|move|p2b: Indeedee|Skill Swap|p2: Espathra|[notarget]\n|-fail|p2b: Indeedee\n|\n|upkeep\n|\n|t:|1743235475\n|switch|p1b: Zacian|Zacian-Crowned, L50|100/100\n|switch|p2a: Gumshoos|Gumshoos, L50, F|100/100\n|-ability|p1b: Zacian|Intrepid Sword|boost\n|-boost|p1b: Zacian|atk|1\n|turn|3\n|\n|t:|1743235493\n|move|p1b: Zacian|Behemoth Blade|p2b: Indeedee\n|-damage|p2b: Indeedee|0 fnt\n|faint|p2b: Indeedee\n|move|p1a: Dragonite|Scale Shot|p2a: Gumshoos\n|-damage|p2a: Gumshoos|86/100\n|-damage|p2a: Gumshoos|71/100\n|-damage|p2a: Gumshoos|56/100\n|-damage|p2a: Gumshoos|41/100\n|-hitcount|p2a: Gumshoos|4\n|-unboost|p1a: Dragonite|def|1\n|-boost|p1a: Dragonite|spe|1\n|move|p2a: Gumshoos|Last Resort||[still]\n|-fail|p2a: Gumshoos\n|\n|upkeep\n|-message|Scythekatana forfeited.\n|raw|pikabolz4848's rating: 1041 &rarr; <strong>1074</strong><br />(+33 for winning)\n|raw|Scythekatana's rating: 1028 &rarr; <strong>1014</strong><br />(-14 for losing)\n|\n|win|pikabolz4848\n|l|\u2606Scythekatana\n|player|p2|\n|l|\u2606pikabolz4848\n|player|p1|\n", "uploadtime": 1743235810, "views": 6, "formatid": "gen9vgc2025reggbo3", "rating": 1014, "private": 0, "password": null}