{"id": "gen9vgc2025reggbo3-2330461806", "format": "[Gen 9] VGC 2025 Reg G (Bo3)", "players": ["GG=Groudon Gaming", "Just a Minus"], "log": "|j|\u2606GG=Groudon Gaming\n|j|\u2606Just a Minus\n|html|<table width=\"100%\"><tr><td align=\"left\">GG=Groudon Gaming</td><td align=\"right\">Just a Minus</tr><tr><td align=\"left\"><i class=\"fa fa-circle\"></i> <i class=\"fa fa-circle-o\"></i> </td><td align=\"right\"><i class=\"fa fa-circle-o\"></i> <i class=\"fa fa-circle-o\"></i> </tr></table>\n|uhtml|bestof|<h2><strong>Game 2</strong> of <a href=\"/game-bestof3-gen9vgc2025reggbo3-2330460992\">a best-of-3</a></h2>\n|t:|1743231966\n|gametype|doubles\n|player|p1|GG=Groudon Gaming|furisodegirl-black|1393\n|player|p2|Just a Minus|cynthia-masters3|1521\n|teamsize|p1|6\n|teamsize|p2|6\n|gen|9\n|tier|[Gen 9] VGC 2025 Reg G (Bo3)\n|rated|\n|rule|Species Clause: Limit one of each Pok\u00e9mon\n|rule|Item Clause: Limit 1 of each item\n|clearpoke\n|poke|p1|Groudon, L50|\n|poke|p1|Gouging Fire, L50|\n|poke|p1|Raging Bolt, L50|\n|poke|p1|Bronzong, L50|\n|poke|p1|Volcarona, L50, M|\n|poke|p1|Roaring Moon, L50|\n|poke|p2|Miraidon, L50|\n|poke|p2|Farigiraf, L50, M|\n|poke|p2|Iron Hands, L50|\n|poke|p2|Iron Bundle, L50|\n|poke|p2|Flutter Mane, L50|\n|poke|p2|Chi-Yu, L50|\n|teampreview|4\n|showteam|p1|Groudon||ClearAmulet|Drought|PrecipiceBlades,HighHorsepower,HeatCrash,Protect||||||50|,,,,,Fire]Gouging Fire||CovertCloak|Protosynthesis|FlareBlitz,BreakingSwipe,Howl,BurningBulwark||||||50|,,,,,Fairy]Raging Bolt||AssaultVest|Protosynthesis|Thunderclap,Thunderbolt,DracoMeteor,Snarl||||||50|,,,,,Water]Bronzong||SafetyGoggles|Levitate|GyroBall,Hypnosis,Gravity,TrickRoom||||||50|,,,,,Dark]Volcarona||RockyHelmet|FlameBody|HeatWave,RagePowder,WillOWisp,Protect|||M|||50|,,,,,Water]Roaring Moon||BoosterEnergy|Protosynthesis|Acrobatics,KnockOff,Tailwind,Protect||||||50|,,,,,Flying\n|showteam|p2|Miraidon||ChoiceSpecs|HadronEngine|ElectroDrift,VoltSwitch,DazzlingGleam,DracoMeteor||||||50|,,,,,Fairy]Farigiraf||ElectricSeed|ArmorTail|TrickRoom,PsychicNoise,HelpingHand,FoulPlay|||M|||50|,,,,,Water]Iron Hands||AssaultVest|QuarkDrive|LowKick,DrainPunch,HeavySlam,FakeOut||||||50|,,,,,Bug]Iron Bundle||FocusSash|QuarkDrive|Protect,FreezeDry,IcyWind,Encore||||||50|,,,,,Ghost]Flutter Mane||BoosterEnergy|Protosynthesis|DazzlingGleam,Protect,Moonblast,ShadowBall||||||50|,,,,,Fairy]Chi-Yu||ChoiceScarf|BeadsofRuin|TeraBlast,Overheat,HeatWave,DarkPulse||||||50|,,,,,Water\n|inactive|Battle timer is ON: inactive players will automatically lose when time's up. (requested by GG=Groudon Gaming)\n|inactive|Just a Minus also wants the timer to be on.\n|\n|t:|1743231984\n|start\n|switch|p1a: Groudon|Groudon, L50|100/100\n|switch|p1b: Roaring Moon|Roaring Moon, L50|100/100\n|switch|p2a: Flutter Mane|Flutter Mane, L50|100/100\n|switch|p2b: Chi-Yu|Chi-Yu, L50|100/100\n|-ability|p2b: Chi-Yu|Beads of Ruin\n|-weather|SunnyDay|[from] ability: Drought|[of] p1a: Groudon\n|-activate|p1b: Roaring Moon|ability: Protosynthesis\n|-start|p1b: Roaring Moon|protosynthesisspe\n|-activate|p2a: Flutter Mane|ability: Protosynthesis\n|-start|p2a: Flutter Mane|protosynthesisspe\n|turn|1\n|\n|t:|1743232007\n|-terastallize|p1a: Groudon|Fire\n|move|p1b: Roaring Moon|Tailwind|p1b: Roaring Moon\n|-sidestart|p1: GG=Groudon Gaming|move: Tailwind\n|move|p2a: Flutter Mane|Moonblast|p1b: Roaring Moon\n|-supereffective|p1b: Roaring Moon\n|-damage|p1b: Roaring Moon|0 fnt\n|faint|p1b: Roaring Moon\n|-end|p1b: Roaring Moon|Protosynthesis|[silent]\n|move|p2b: Chi-Yu|Dark Pulse|p1a: Groudon\n|-damage|p1a: Groudon|45/100\n|move|p1a: Groudon|Precipice Blades|p2b: Chi-Yu|[spread] p2a,p2b\n|-supereffective|p2b: Chi-Yu\n|-damage|p2a: Flutter Mane|7/100\n|-damage|p2b: Chi-Yu|0 fnt\n|faint|p2b: Chi-Yu\n|\n|-weather|SunnyDay|[upkeep]\n|upkeep\n|\n|t:|1743232026\n|switch|p1b: Gouging Fire|Gouging Fire, L50|100/100\n|switch|p2b: Miraidon|Miraidon, L50|100/100\n|-fieldstart|move: Electric Terrain|[from] ability: Hadron Engine|[of] p2b: Miraidon\n|-activate|p1b: Gouging Fire|ability: Protosynthesis\n|-start|p1b: Gouging Fire|protosynthesisspe\n|turn|2\n|\n|t:|1743232038\n|move|p2a: Flutter Mane|Protect|p2a: Flutter Mane\n|-singleturn|p2a: Flutter Mane|Protect\n|move|p1b: Gouging Fire|Flare Blitz|p2b: Miraidon\n|-resisted|p2b: Miraidon\n|-damage|p2b: Miraidon|61/100\n|-damage|p1b: Gouging Fire|89/100|[from] Recoil\n|move|p1a: Groudon|Precipice Blades|p2a: Flutter Mane|[spread] p2b\n|-activate|p2a: Flutter Mane|move: Protect\n|-supereffective|p2b: Miraidon\n|-damage|p2b: Miraidon|0 fnt\n|faint|p2b: Miraidon\n|\n|-weather|SunnyDay|[upkeep]\n|upkeep\n|-message|Just a Minus forfeited.\n|\n|win|GG=Groudon Gaming\n|raw|GG=Groudon Gaming's rating: 1393 &rarr; <strong>1420</strong><br />(+27 for winning)\n|raw|Just a Minus's rating: 1521 &rarr; <strong>1494</strong><br />(-27 for losing)\n|l|\u2606Just a Minus\n|player|p2|\n", "uploadtime": 1743232051, "views": 9, "formatid": "gen9vgc2025reggbo3", "rating": 1420, "private": 0, "password": null}