{"id": "gen9vgc2025reggbo3-2330511762", "format": "[Gen 9] VGC 2025 Reg G (Bo3)", "players": ["mepicaunpulmon", "doung yolph"], "log": "|j|\u2606mepicaunpulmon\n|j|\u2606doung yolph\n|html|<table width=\"100%\"><tr><td align=\"left\">mepicaunpulmon</td><td align=\"right\">doung yolph</tr><tr><td align=\"left\"><i class=\"fa fa-circle\"></i> <i class=\"fa fa-circle-o\"></i> </td><td align=\"right\"><i class=\"fa fa-circle-o\"></i> <i class=\"fa fa-circle-o\"></i> </tr></table>\n|uhtml|bestof|<h2><strong>Game 2</strong> of <a href=\"/game-bestof3-gen9vgc2025reggbo3-2330510556\">a best-of-3</a></h2>\n|t:|1743242521\n|gametype|doubles\n|player|p1|mepicaunpulmon|fisherman-gen4|1426\n|player|p2|doung yolph|jasmine-gen2|1428\n|teamsize|p1|6\n|teamsize|p2|6\n|gen|9\n|tier|[Gen 9] VGC 2025 Reg G (Bo3)\n|rated|\n|rule|Species Clause: Limit one of each Pok\u00e9mon\n|rule|Item Clause: Limit 1 of each item\n|clearpoke\n|poke|p1|Lunala, L50|\n|poke|p1|Roaring Moon, L50|\n|poke|p1|Ogerpon-Hearthflame, L50, F|\n|poke|p1|Indeedee-F, L50, F|\n|poke|p1|Landorus, L50, M|\n|poke|p1|Urshifu-*, L50, F|\n|poke|p2|Zacian-*, L50|\n|poke|p2|Urshifu-*, L50, F|\n|poke|p2|Tornadus, L50, M|\n|poke|p2|Raging Bolt, L50|\n|poke|p2|Gholdengo, L50|\n|poke|p2|Iron Moth, L50|\n|teampreview|4\n|showteam|p1|Lunala||PowerHerb|ShadowShield|MoongeistBeam,MeteorBeam,ExpandingForce,TrickRoom||||||50|,,,,,Water]Roaring Moon||BoosterEnergy|Protosynthesis|Acrobatics,KnockOff,Tailwind,Protect||||||50|,,,,,Flying]Ogerpon-Hearthflame||HearthflameMask|MoldBreaker|IvyCudgel,WoodHammer,FollowMe,SpikyShield|||F|||50|,,,,,Fire]Indeedee-F||RockyHelmet|PsychicSurge|FollowMe,AlluringVoice,TrickRoom,HelpingHand|||F|||50|,,,,,Fairy]Landorus||LifeOrb|SheerForce|EarthPower,SludgeBomb,SandsearStorm,Protect|||M|||50|,,,,,Poison]Urshifu-Rapid-Strike||FocusSash|UnseenFist|SurgingStrikes,CloseCombat,Taunt,Detect|||F|||50|,,,,,Stellar\n|showteam|p2|Zacian-Crowned||RustedSword|IntrepidSword|PlayRough,SacredSword,behemothblade,Protect||||||50|,,,,,Stellar]Urshifu||ChoiceBand|UnseenFist|WickedBlow,CloseCombat,SuckerPunch,Uturn|||F|||50|,,,,,Dark]Tornadus||AbilityShield|Prankster|BleakwindStorm,Tailwind,Protect,Taunt|||M|||50|,,,,,Dark]Raging Bolt||BoosterEnergy|Protosynthesis|Thunderbolt,DracoMeteor,Thunderclap,Electroweb||||||50|,,,,,Water]Gholdengo||ChoiceScarf|GoodasGold|MakeItRain,ShadowBall,Trick,Protect||||||50|,,,,,Water]Iron Moth||PowerHerb|QuarkDrive|MeteorBeam,HeatWave,EnergyBall,Protect||||||50|,,,,,Grass\n|inactive|Battle timer is ON: inactive players will automatically lose when time's up. (requested by mepicaunpulmon)\n|inactive|doung yolph has 60 seconds left.\n|\n|t:|1743242571\n|start\n|switch|p1a: Lagartinho|Roaring Moon, L50, shiny|100/100\n|switch|p1b: Arde mami|Ogerpon-Hearthflame, L50, F|100/100\n|switch|p2a: Urshifu|Urshifu, L50, F|100/100\n|switch|p2b: Tornadus|Tornadus, L50, M|100/100\n|-ability|p1b: Arde mami|Mold Breaker\n|-enditem|p1a: Lagartinho|Booster Energy\n|-activate|p1a: Lagartinho|ability: Protosynthesis|[fromitem]\n|-start|p1a: Lagartinho|protosynthesisspe\n|turn|1\n|inactive|doung yolph has 30 seconds left.\n|\n|t:|1743242597\n|-terastallize|p2a: Urshifu|Dark\n|move|p1b: Arde mami|Follow Me|p1b: Arde mami\n|-singleturn|p1b: Arde mami|move: Follow Me\n|move|p2b: Tornadus|Tailwind|p2b: Tornadus\n|-sidestart|p2: doung yolph|move: Tailwind\n|move|p2a: Urshifu|Wicked Blow|p1b: Arde mami\n|-crit|p1b: Arde mami\n|-damage|p1b: Arde mami|0 fnt\n|faint|p1b: Arde mami\n|move|p1a: Lagartinho|Tailwind|p1a: Lagartinho\n|-sidestart|p1: mepicaunpulmon|move: Tailwind\n|\n|upkeep\n|\n|t:|1743242615\n|switch|p1b: Francisquita|Indeedee-F, L50, F|100/100\n|-fieldstart|move: Psychic Terrain|[from] ability: Psychic Surge|[of] p1b: Francisquita\n|turn|2\n|\n|t:|1743242631\n|switch|p2a: Zacian|Zacian-Crowned, L50|100/100\n|-ability|p2a: Zacian|Intrepid Sword|boost\n|-boost|p2a: Zacian|atk|1\n|-terastallize|p1a: Lagartinho|Flying\n|move|p1b: Francisquita|Helping Hand|p1a: Lagartinho\n|-singleturn|p1a: Lagartinho|Helping Hand|[of] p1b: Francisquita\n|move|p1a: Lagartinho|Acrobatics|p2a: Zacian\n|-resisted|p2a: Zacian\n|-damage|p2a: Zacian|65/100\n|move|p2b: Tornadus|Bleakwind Storm|p1b: Francisquita|[spread] p1a,p1b\n|-damage|p1a: Lagartinho|71/100\n|-damage|p1b: Francisquita|68/100\n|\n|upkeep\n|turn|3\n|inactive|doung yolph has 30 seconds left.\n|inactive|doung yolph has 20 seconds left.\n|inactive|doung yolph has 15 seconds left.\n|inactive|doung yolph has 10 seconds left.\n|\n|t:|1743242681\n|move|p1b: Francisquita|Helping Hand|p1a: Lagartinho\n|-singleturn|p1a: Lagartinho|Helping Hand|[of] p1b: Francisquita\n|move|p1a: Lagartinho|Acrobatics|p2b: Tornadus\n|-damage|p2b: Tornadus|0 fnt\n|faint|p2b: Tornadus\n|move|p2a: Zacian|Behemoth Blade|p1a: Lagartinho\n|-damage|p1a: Lagartinho|0 fnt\n|faint|p1a: Lagartinho\n|-end|p1a: Lagartinho|Protosynthesis|[silent]\n|\n|upkeep\n|-message|mepicaunpulmon forfeited.\n|\n|win|doung yolph\n||mepicaunpulmon is ready for game 3.\n||doung yolph is ready for game 3.\n|uhtml|next|Next: <a href=\"/battle-gen9vgc2025reggbo3-2330512637\"><strong>Game 3 of 3</strong></a>\n|l|\u2606doung yolph\n|player|p2|\n|l|\u2606mepicaunpulmon\n|player|p1|\n", "uploadtime": 1743243007, "views": 8, "formatid": "gen9vgc2025reggbo3", "rating": null, "private": 0, "password": null}