{"id": "gen9vgc2025reggbo3-2330481451", "format": "[Gen 9] VGC 2025 Reg G (Bo3)", "players": ["sam litwicky", "javivaarela"], "log": "|j|\u2606sam litwicky\n|j|\u2606javivaarela\n|html|<table width=\"100%\"><tr><td align=\"left\">sam litwicky</td><td align=\"right\">javivaarela</tr><tr><td align=\"left\"><i class=\"fa fa-circle-o\"></i> <i class=\"fa fa-circle-o\"></i> </td><td align=\"right\"><i class=\"fa fa-circle-o\"></i> <i class=\"fa fa-circle-o\"></i> </tr></table>\n|uhtml|bestof|<h2><strong>Game 1</strong> of <a href=\"/game-bestof3-gen9vgc2025reggbo3-2330481450\">a best-of-3</a></h2>\n|t:|1743236166\n|gametype|doubles\n|player|p1|sam litwicky|265|1252\n|player|p2|javivaarela|n|1198\n|teamsize|p1|6\n|teamsize|p2|6\n|gen|9\n|tier|[Gen 9] VGC 2025 Reg G (Bo3)\n|rated|\n|rule|Species Clause: Limit one of each Pok\u00e9mon\n|rule|Item Clause: Limit 1 of each item\n|clearpoke\n|poke|p1|Kyogre, L50|\n|poke|p1|Smeargle, L50, M|\n|poke|p1|Overqwil, L50, F|\n|poke|p1|Rillaboom, L50, F|\n|poke|p1|Volcarona, L50, F|\n|poke|p1|Tornadus, L50, M|\n|poke|p2|Calyrex-Ice, L50|\n|poke|p2|Indeedee-F, L50, F|\n|poke|p2|Smeargle, L50, F|\n|poke|p2|Raging Bolt, L50|\n|poke|p2|Urshifu-*, L50, F|\n|poke|p2|Torkoal, L50, M|\n|teampreview|4\n|showteam|p1|Kyogre||ChoiceScarf|Drizzle|WaterSpout,OriginPulse,IceBeam,Thunder||||||50|,,,,,Ghost]Smeargle||FocusSash|Moody|FollowMe,Spore,Decorate,Protect|||M|||50|,,,,,Grass]Overqwil||LifeOrb|SwiftSwim|GunkShot,Crunch,AcidSpray,Protect|||F|||50|,,,,,Poison]Rillaboom||AssaultVest|GrassySurge|FakeOut,GrassyGlide,Uturn,HighHorsepower|||F|||50|,,,,,Fire]Volcarona||SafetyGoggles|FlameBody|BugBuzz,RagePowder,WillOWisp,Protect|||F|||50|,,,,,Water]Tornadus||CovertCloak|Prankster|BleakwindStorm,Tailwind,Taunt,RainDance|||M|||50|,,,,,Dark\n|showteam|p2|Calyrex-Ice||ClearAmulet|AsOneGlastrier|GlacialLance,CloseCombat,TrickRoom,Protect||||||50|,,,,,Fire]Indeedee-F||RockyHelmet|PsychicSurge|Psychic,FollowMe,HelpingHand,TrickRoom|||F|||50|,,,,,Fairy]Smeargle||FocusSash|Technician|FakeOut,Spore,FollowMe,Decorate|||F|||50|,,,,,Grass]Raging Bolt||SafetyGoggles|Protosynthesis|Thunderbolt,DracoMeteor,Thunderclap,Protect||||||50|,,,,,Electric]Urshifu||ChoiceBand|UnseenFist|WickedBlow,CloseCombat,SuckerPunch,IronHead|||F|||50|,,,,,Grass]Torkoal||ChoiceSpecs|Drought|Eruption,HeatWave,EarthPower,WeatherBall|||M|||50|,,,,,Fire\n|inactive|Battle timer is ON: inactive players will automatically lose when time's up. (requested by javivaarela)\n|inactive|sam litwicky has 60 seconds left.\n|\n|t:|1743236197\n|start\n|switch|p1a: Kyogre|Kyogre, L50, shiny|100/100\n|switch|p1b: Tornadus|Tornadus, L50, M, shiny|100/100\n|switch|p2a: Calyrex|Calyrex-Ice, L50|100/100\n|switch|p2b: Smeargle|Smeargle, L50, F|100/100\n|-ability|p2a: Calyrex|As One\n|-ability|p2a: Calyrex|Unnerve\n|-weather|RainDance|[from] ability: Drizzle|[of] p1a: Kyogre\n|turn|1\n|inactive|javivaarela has 30 seconds left.\n|\n|t:|1743236229\n|switch|p2b: Torkoal|Torkoal, L50, M|100/100\n|-weather|SunnyDay|[from] ability: Drought|[of] p2b: Torkoal\n|-terastallize|p1a: Kyogre|Ghost\n|move|p1a: Kyogre|Water Spout|p2b: Torkoal|[spread] p2a,p2b\n|-supereffective|p2b: Torkoal\n|-damage|p2a: Calyrex|80/100\n|-damage|p2b: Torkoal|4/100\n|move|p1b: Tornadus|Bleakwind Storm|p2a: Calyrex|[spread] p2a\n|-miss|p1b: Tornadus|p2b: Torkoal\n|-damage|p2a: Calyrex|58/100\n|move|p2a: Calyrex|Trick Room|p2a: Calyrex\n|-fieldstart|move: Trick Room|[of] p2a: Calyrex\n|\n|-weather|SunnyDay|[upkeep]\n|upkeep\n|turn|2\n|inactive|sam litwicky has 30 seconds left.\n|\n|t:|1743236255\n|switch|p1a: Smeargle|Smeargle, L50, M|100/100\n|-terastallize|p2b: Torkoal|Fire\n|move|p1b: Tornadus|Rain Dance|p1b: Tornadus\n|-weather|RainDance\n|move|p2b: Torkoal|Heat Wave|p1b: Tornadus|[spread] p1a,p1b\n|-damage|p1a: Smeargle|40/100\n|-damage|p1b: Tornadus|63/100\n|move|p2a: Calyrex|Glacial Lance|p1b: Tornadus|[spread] p1a,p1b\n|-supereffective|p1b: Tornadus\n|-damage|p1a: Smeargle|0 fnt\n|-damage|p1b: Tornadus|0 fnt\n|faint|p1a: Smeargle\n|faint|p1b: Tornadus\n|-ability|p2a: Calyrex|Chilling Neigh|boost\n|-boost|p2a: Calyrex|atk|2\n|\n|-weather|RainDance|[upkeep]\n|upkeep\n|\n|t:|1743236268\n|switch|p1b: Kyogre|Kyogre, L50, shiny, tera:Ghost|100/100\n|switch|p1a: Overqwil|Overqwil, L50, F|100/100\n|turn|3\n|\n|t:|1743236278\n|switch|p2b: Smeargle|Smeargle, L50, F|100/100\n|move|p2a: Calyrex|Protect|p2a: Calyrex\n|-singleturn|p2a: Calyrex|Protect\n|move|p1b: Kyogre|Water Spout|p2b: Smeargle|[spread] p2b\n|-activate|p2a: Calyrex|move: Protect\n|-enditem|p2b: Smeargle|Focus Sash\n|-damage|p2b: Smeargle|1/100\n|move|p1a: Overqwil|Crunch|p2a: Calyrex\n|-activate|p2a: Calyrex|move: Protect\n|\n|-weather|RainDance|[upkeep]\n|upkeep\n|turn|4\n|\n|t:|1743236300\n|move|p2a: Calyrex|Glacial Lance|p1b: Kyogre|[spread] p1a,p1b\n|-damage|p1a: Overqwil|0 fnt\n|-damage|p1b: Kyogre|0 fnt\n|faint|p1a: Overqwil\n|faint|p1b: Kyogre\n|\n|win|javivaarela\n||sam litwicky is ready for game 2.\n||javivaarela is ready for game 2.\n|uhtml|next|Next: <a href=\"/battle-gen9vgc2025reggbo3-2330482067\"><strong>Game 2 of 3</strong></a>\n", "uploadtime": 1743236647, "views": 5, "formatid": "gen9vgc2025reggbo3", "rating": null, "private": 0, "password": null}