{"id": "gen9vgc2025reggbo3-2330506420", "format": "[Gen 9] VGC 2025 Reg G (Bo3)", "players": ["Junseville", "Sic-beatz"], "log": "|j|\u2606Junseville\n|j|\u2606Sic-beatz\n|html|<table width=\"100%\"><tr><td align=\"left\">Junseville</td><td align=\"right\">Sic-beatz</tr><tr><td align=\"left\"><i class=\"fa fa-circle\"></i> <i class=\"fa fa-circle-o\"></i> </td><td align=\"right\"><i class=\"fa fa-circle-o\"></i> <i class=\"fa fa-circle-o\"></i> </tr></table>\n|uhtml|bestof|<h2><strong>Game 2</strong> of <a href=\"/game-bestof3-gen9vgc2025reggbo3-2330504900\">a best-of-3</a></h2>\n|t:|1743241452\n|gametype|doubles\n|player|p1|Junseville|102|1286\n|player|p2|Sic-beatz|hoopster|1180\n|teamsize|p1|6\n|teamsize|p2|6\n|gen|9\n|tier|[Gen 9] VGC 2025 Reg G (Bo3)\n|rated|\n|rule|Species Clause: Limit one of each Pok\u00e9mon\n|rule|Item Clause: Limit 1 of each item\n|clearpoke\n|poke|p1|Calyrex-Ice, L50|\n|poke|p1|Ogerpon-Cornerstone, L50, F|\n|poke|p1|Landorus, L50, M|\n|poke|p1|Rillaboom, L50, F|\n|poke|p1|Pelipper, L50, F|\n|poke|p1|Urshifu-*, L50, F|\n|poke|p2|Lunala, L50|\n|poke|p2|Indeedee-F, L50, F|\n|poke|p2|Whimsicott, L50, F|\n|poke|p2|Terrakion, L50|\n|poke|p2|Chi-Yu, L50|\n|poke|p2|Incineroar, L50, M|\n|teampreview|4\n|showteam|p1|Calyrex-Ice||ClearAmulet|AsOneGlastrier|GlacialLance,HighHorsepower,TrickRoom,Protect||||||50|,,,,,Water]Ogerpon-Cornerstone||CornerstoneMask|Sturdy|IvyCudgel,WoodHammer,FollowMe,SpikyShield|||F|||50|,,,,,Rock]Landorus||LifeOrb|SheerForce|EarthPower,SludgeBomb,SandsearStorm,Protect|||M|||50|,,,,,Water]Rillaboom||AssaultVest|GrassySurge|GrassyGlide,WoodHammer,FakeOut,Uturn|||F|||50|,,,,,Fire]Pelipper||CovertCloak|Drizzle|Hurricane,WeatherBall,WideGuard,HelpingHand|||F|||50|,,,,,Grass]Urshifu-Rapid-Strike||ChoiceScarf|UnseenFist|SurgingStrikes,CloseCombat,Coaching,Uturn|||F|||50|,,,,,Ghost\n|showteam|p2|Lunala||PowerHerb|ShadowShield|MeteorBeam,MoongeistBeam,Protect,ExpandingForce||||||50|,,,,,Fairy]Indeedee-F||PsychicSeed|PsychicSurge|FollowMe,HealPulse,TrickRoom,Psychic|||F|||50|,,,,,Ground]Whimsicott||CovertCloak|Prankster|Tailwind,Encore,Moonblast,BeatUp|||F|||50|,,,,,Steel]Terrakion||ClearAmulet|Justified|Protect,SacredSword,RockSlide,UpperHand||||||50|,,,,,Grass]Chi-Yu||ChoiceScarf|BeadsofRuin|DarkPulse,HeatWave,Snarl,Overheat||||||50|,,,,,Ghost]Incineroar||RockyHelmet|Intimidate|FakeOut,KnockOff,WillOWisp,Taunt|||M|||50|,,,,,Grass\n|inactive|Battle timer is ON: inactive players will automatically lose when time's up. (requested by Sic-beatz)\n|\n|t:|1743241483\n|start\n|switch|p1a: Ogerpon|Ogerpon-Cornerstone, L50, F|100/100\n|switch|p1b: Landorus|Landorus, L50, M|100/100\n|switch|p2a: Whimsicott|Whimsicott, L50, F, shiny|100/100\n|switch|p2b: Chi-Yu|Chi-Yu, L50|100/100\n|-ability|p2b: Chi-Yu|Beads of Ruin\n|turn|1\n|inactive|Junseville has 30 seconds left.\n|\n|t:|1743241517\n|switch|p2a: Incineroar|Incineroar, L50, M, shiny|100/100\n|-ability|p2a: Incineroar|Intimidate|boost\n|-unboost|p1a: Ogerpon|atk|1\n|-unboost|p1b: Landorus|atk|1\n|move|p2b: Chi-Yu|Snarl|p1a: Ogerpon|[spread] p1a,p1b\n|-damage|p1a: Ogerpon|65/100\n|-damage|p1b: Landorus|61/100\n|-unboost|p1a: Ogerpon|spa|1\n|-unboost|p1b: Landorus|spa|1\n|move|p1a: Ogerpon|Ivy Cudgel|p2b: Chi-Yu|[anim] Ivy Cudgel Rock\n|-supereffective|p2b: Chi-Yu\n|-damage|p2b: Chi-Yu|0 fnt\n|faint|p2b: Chi-Yu\n|move|p1b: Landorus|Sludge Bomb|p2a: Incineroar\n|-damage|p2a: Incineroar|71/100\n|\n|upkeep\n|\n|t:|1743241538\n|switch|p2b: Lunala|Lunala, L50, shiny|100/100\n|turn|2\n|\n|t:|1743241556\n|move|p1a: Ogerpon|Spiky Shield|p1a: Ogerpon\n|-singleturn|p1a: Ogerpon|move: Protect\n|move|p1b: Landorus|Protect|p1b: Landorus\n|-singleturn|p1b: Landorus|Protect\n|move|p2a: Incineroar|Fake Out|p1a: Ogerpon\n|-activate|p1a: Ogerpon|move: Protect\n|-damage|p2a: Incineroar|58/100|[from] Spiky Shield|[of] p1a: Ogerpon\n|move|p2b: Lunala|Meteor Beam||[still]\n|-prepare|p2b: Lunala|Meteor Beam\n|-boost|p2b: Lunala|spa|1\n|-enditem|p2b: Lunala|Power Herb\n|-anim|p2b: Lunala|Meteor Beam|p1b: Landorus\n|-activate|p1b: Landorus|move: Protect\n|\n|upkeep\n|turn|3\n|inactive|Junseville has 30 seconds left.\n|\n|t:|1743241588\n|switch|p2a: Whimsicott|Whimsicott, L50, F, shiny|100/100\n|move|p1a: Ogerpon|Ivy Cudgel|p2b: Lunala|[anim] Ivy Cudgel Rock\n|-damage|p2b: Lunala|87/100\n|move|p1b: Landorus|Sludge Bomb|p2a: Whimsicott\n|-supereffective|p2a: Whimsicott\n|-damage|p2a: Whimsicott|0 fnt\n|faint|p2a: Whimsicott\n|move|p2b: Lunala|Moongeist Beam|p1a: Ogerpon\n|-damage|p1a: Ogerpon|0 fnt\n|faint|p1a: Ogerpon\n|\n|upkeep\n|\n|t:|1743241605\n|switch|p1a: Urshifu|Urshifu-Rapid-Strike, L50, F|100/100\n|switch|p2a: Incineroar|Incineroar, L50, M, shiny|58/100\n|-ability|p2a: Incineroar|Intimidate|boost\n|-unboost|p1a: Urshifu|atk|1\n|-unboost|p1b: Landorus|atk|1\n|turn|4\n|inactive|Junseville has 30 seconds left.\n|\n|t:|1743241637\n|-terastallize|p1a: Urshifu|Ghost\n|move|p2a: Incineroar|Fake Out|p1a: Urshifu\n|-immune|p1a: Urshifu\n|move|p1a: Urshifu|Surging Strikes|p2b: Lunala\n|-crit|p2b: Lunala\n|-damage|p2b: Lunala|72/100\n|-crit|p2b: Lunala\n|-damage|p2b: Lunala|58/100\n|-crit|p2b: Lunala\n|-damage|p2b: Lunala|42/100\n|-hitcount|p2b: Lunala|3\n|move|p1b: Landorus|Earth Power|p2a: Incineroar\n|-supereffective|p2a: Incineroar\n|-damage|p2a: Incineroar|0 fnt\n|faint|p2a: Incineroar\n|move|p2b: Lunala|Expanding Force|p1a: Urshifu\n|-damage|p1a: Urshifu|7/100\n|\n|upkeep\n|turn|5\n|inactive|Sic-beatz has 30 seconds left.\n|-message|Sic-beatz forfeited.\n|raw|Junseville's rating: 1286 &rarr; <strong>1304</strong><br />(+18 for winning)\n|raw|Sic-beatz's rating: 1180 &rarr; <strong>1162</strong><br />(-18 for losing)\n|\n|win|Junseville\n|l|\u2606Sic-beatz\n|player|p2|\n|l|\u2606Junseville\n|player|p1|\n", "uploadtime": 1743241667, "views": 6, "formatid": "gen9vgc2025reggbo3", "rating": 1162, "private": 0, "password": null}