{"id": "gen9vgc2025reggbo3-2330526541", "format": "[Gen 9] VGC 2025 Reg G (Bo3)", "players": ["ash78693", "Nocurne"], "log": "|j|\u2606ash78693\n|j|\u2606Nocurne\n|html|<table width=\"100%\"><tr><td align=\"left\">ash78693</td><td align=\"right\">Nocurne</tr><tr><td align=\"left\"><i class=\"fa fa-circle-o\"></i> <i class=\"fa fa-circle-o\"></i> </td><td align=\"right\"><i class=\"fa fa-circle-o\"></i> <i class=\"fa fa-circle-o\"></i> </tr></table>\n|uhtml|bestof|<h2><strong>Game 1</strong> of <a href=\"/game-bestof3-gen9vgc2025reggbo3-2330526540\">a best-of-3</a></h2>\n|t:|1743245264\n|gametype|doubles\n|player|p1|ash78693|266|1111\n|player|p2|Nocurne|brycenman|1119\n|teamsize|p1|6\n|teamsize|p2|6\n|gen|9\n|tier|[Gen 9] VGC 2025 Reg G (Bo3)\n|rated|\n|rule|Species Clause: Limit one of each Pok\u00e9mon\n|rule|Item Clause: Limit 1 of each item\n|clearpoke\n|poke|p1|Iron Hands, L50|\n|poke|p1|Urshifu-*, L50, M|\n|poke|p1|Flutter Mane, L50|\n|poke|p1|Kyogre, L50|\n|poke|p1|Murkrow, L50, F|\n|poke|p1|Ursaluna-Bloodmoon, L50, M|\n|poke|p2|Calyrex-Shadow, L50|\n|poke|p2|Indeedee-F, L50, F|\n|poke|p2|Armarouge, L50, M|\n|poke|p2|Annihilape, L50, F|\n|poke|p2|Whimsicott, L50, F|\n|poke|p2|Ogerpon-Cornerstone, L50, F|\n|teampreview|4\n|showteam|p1|Iron Hands||ClearAmulet|QuarkDrive|WildCharge,FakeOut,CloseCombat,HeavySlam||||||50|,,,,,Ghost]Urshifu||ChoiceBand|UnseenFist|WickedBlow,SuckerPunch,PoisonJab,CloseCombat|||M|||50|,,,,,Poison]Flutter Mane||FocusSash|Protosynthesis|ShadowBall,TrickRoom,Imprison,Moonblast||||||50|,,,,,Dark]Kyogre||WideLens|Drizzle|IceBeam,OriginPulse,Thunder,Protect||||||50|,,,,,Grass]Murkrow||CovertCloak|Prankster|Taunt,BraveBird,Tailwind,Haze|||F|||50|,,,,,Ghost]Ursaluna-Bloodmoon||LifeOrb|MindsEye|BloodMoon,Protect,HyperVoice,EarthPower|||M|||50|,,,,,Grass\n|showteam|p2|Calyrex-Shadow||FocusSash|AsOneSpectrier|AstralBarrage,ExpandingForce,DrainingKiss,Protect||||||50|,,,,,Fairy]Indeedee-F||PsychicSeed|PsychicSurge|Protect,Psyshock,FollowMe,HelpingHand|||F|||50|,,,,,Dark]Armarouge||WiseGlasses|WeakArmor|ExpandingForce,HeatWave,CalmMind,Protect|||M|||50|,,,,,Psychic]Annihilape||LifeOrb|Defiant|BulkUp,DrainPunch,RageFist,Protect|||F|||50|,,,,,Poison]Whimsicott||Leftovers|Prankster|Protect,Moonblast,Tailwind,Encore|||F|||50|,,,,,Water]Ogerpon-Cornerstone||CornerstoneMask|Sturdy|IvyCudgel,HornLeech,FollowMe,SpikyShield|||F|||50|,,,,,Rock\n|\n|t:|1743245314\n|start\n|switch|p1a: Flutter Mane|Flutter Mane, L50|100/100\n|switch|p1b: Kyogre|Kyogre, L50|100/100\n|switch|p2a: Indeedee|Indeedee-F, L50, F|100/100\n|switch|p2b: Armarouge|Armarouge, L50, M|100/100\n|-weather|RainDance|[from] ability: Drizzle|[of] p1b: Kyogre\n|-fieldstart|move: Psychic Terrain|[from] ability: Psychic Surge|[of] p2a: Indeedee\n|-enditem|p2a: Indeedee|Psychic Seed\n|-boost|p2a: Indeedee|spd|1|[from] item: Psychic Seed\n|turn|1\n|\n|t:|1743245352\n|move|p2a: Indeedee|Follow Me|p2a: Indeedee\n|-singleturn|p2a: Indeedee|move: Follow Me\n|move|p1a: Flutter Mane|Moonblast|p2a: Indeedee\n|-damage|p2a: Indeedee|68/100\n|move|p2b: Armarouge|Expanding Force|p1a: Flutter Mane|[spread] p1a,p1b\n|-damage|p1a: Flutter Mane|32/100\n|-damage|p1b: Kyogre|60/100\n|move|p1b: Kyogre|Origin Pulse|p2b: Armarouge|[spread] p2a,p2b\n|-supereffective|p2b: Armarouge\n|-damage|p2a: Indeedee|20/100\n|-damage|p2b: Armarouge|0 fnt\n|faint|p2b: Armarouge\n|\n|-weather|RainDance|[upkeep]\n|upkeep\n|\n|t:|1743245370\n|switch|p2b: Calyrex|Calyrex-Shadow, L50|100/100\n|-ability|p2b: Calyrex|As One\n|-ability|p2b: Calyrex|Unnerve\n|turn|2\n|\n|t:|1743245388\n|-terastallize|p2b: Calyrex|Fairy\n|move|p2a: Indeedee|Helping Hand|p2b: Calyrex\n|-singleturn|p2b: Calyrex|Helping Hand|[of] p2a: Indeedee\n|move|p2b: Calyrex|Expanding Force|p1b: Kyogre|[spread] p1a,p1b\n|-damage|p1a: Flutter Mane|0 fnt\n|-damage|p1b: Kyogre|0 fnt\n|faint|p1a: Flutter Mane\n|-end|p1a: Flutter Mane|Protosynthesis|[silent]\n|faint|p1b: Kyogre\n|-ability|p2b: Calyrex|Grim Neigh|boost\n|-boost|p2b: Calyrex|spa|2\n|\n|-weather|RainDance|[upkeep]\n|upkeep\n|\n|t:|1743245400\n|switch|p1a: Urshifu|Urshifu, L50, M|100/100\n|switch|p1b: Iron Hands|Iron Hands, L50|100/100\n|turn|3\n|\n|t:|1743245420\n|-terastallize|p1a: Urshifu|Poison\n|move|p2a: Indeedee|Follow Me|p2a: Indeedee\n|-singleturn|p2a: Indeedee|move: Follow Me\n|move|p2b: Calyrex|Draining Kiss|p1a: Urshifu\n|-resisted|p1a: Urshifu\n|-damage|p1a: Urshifu|41/100\n|move|p1a: Urshifu|Poison Jab|p2a: Indeedee\n|-damage|p2a: Indeedee|0 fnt\n|faint|p2a: Indeedee\n|move|p1b: Iron Hands|Heavy Slam|p2b: Calyrex\n|-supereffective|p2b: Calyrex\n|-enditem|p2b: Calyrex|Focus Sash\n|-damage|p2b: Calyrex|1/100\n|\n|-weather|RainDance|[upkeep]\n|upkeep\n|\n|t:|1743245435\n|switch|p2a: Ogerpon|Ogerpon-Cornerstone, L50, F|100/100\n|turn|4\n|\n|t:|1743245442\n|move|p2b: Calyrex|Protect|p2b: Calyrex\n|-singleturn|p2b: Calyrex|Protect\n|move|p2a: Ogerpon|Ivy Cudgel|p1a: Urshifu|[anim] Ivy Cudgel Rock\n|-damage|p1a: Urshifu|0 fnt\n|faint|p1a: Urshifu\n|move|p1b: Iron Hands|Close Combat|p2a: Ogerpon\n|-supereffective|p2a: Ogerpon\n|-ability|p2a: Ogerpon|Sturdy\n|-damage|p2a: Ogerpon|1/100\n|-unboost|p1b: Iron Hands|def|1\n|-unboost|p1b: Iron Hands|spd|1\n|\n|-weather|RainDance|[upkeep]\n|upkeep\n|turn|5\n|-message|ash78693 forfeited.\n|\n|win|Nocurne\n|l|\u2606ash78693\n|player|p1|\n||ash78693 is ready for game 2.\n||Nocurne is ready for game 2.\n|uhtml|next|Next: <a href=\"/battle-gen9vgc2025reggbo3-2330527623\"><strong>Game 2 of 3</strong></a>\n", "uploadtime": 1743245773, "views": 5, "formatid": "gen9vgc2025reggbo3", "rating": null, "private": 0, "password": null}