{"id": "gen9vgc2025reggbo3-2330485750", "format": "[Gen 9] VGC 2025 Reg G (Bo3)", "players": ["ushitsune", "Lass Momo"], "log": "|j|\u2606ushitsune\n|j|\u2606Lass Momo\n|html|<table width=\"100%\"><tr><td align=\"left\">ushitsune</td><td align=\"right\">Lass Momo</tr><tr><td align=\"left\"><i class=\"fa fa-circle-o\"></i> <i class=\"fa fa-circle-o\"></i> </td><td align=\"right\"><i class=\"fa fa-circle-o\"></i> <i class=\"fa fa-circle-o\"></i> </tr></table>\n|uhtml|bestof|<h2><strong>Game 1</strong> of <a href=\"/game-bestof3-gen9vgc2025reggbo3-2330485749\">a best-of-3</a></h2>\n|t:|1743237117\n|gametype|doubles\n|player|p1|ushitsune|steven|1262\n|player|p2|Lass Momo|lady|1257\n|teamsize|p1|6\n|teamsize|p2|6\n|gen|9\n|tier|[Gen 9] VGC 2025 Reg G (Bo3)\n|rated|\n|rule|Species Clause: Limit one of each Pok\u00e9mon\n|rule|Item Clause: Limit 1 of each item\n|clearpoke\n|poke|p1|Farigiraf, L50, F|\n|poke|p1|Rillaboom, L50, M|\n|poke|p1|Chi-Yu, L50|\n|poke|p1|Kyogre, L50|\n|poke|p1|Tornadus, L50, M|\n|poke|p1|Raging Bolt, L50|\n|poke|p2|Kyogre, L50|\n|poke|p2|Roaring Moon, L50|\n|poke|p2|Landorus, L50, M|\n|poke|p2|Bruxish, L50, F|\n|poke|p2|Indeedee-F, L50, F|\n|poke|p2|Scizor, L50, F|\n|teampreview|4\n|showteam|p1|Farigiraf||SafetyGoggles|ArmorTail|HyperVoice,FoulPlay,Imprison,TrickRoom|||F|||50|,,,,,Fairy]Rillaboom||ClearAmulet|GrassySurge|FakeOut,GrassyGlide,KnockOff,Uturn|||M|||50|,,,,,Fire]Chi-Yu||FocusSash|BeadsofRuin|Overheat,Snarl,TeraBlast,Protect||||||50|,,,,,Ground]Kyogre||MysticWater|Drizzle|OriginPulse,WaterSpout,IceBeam,Protect||||||50|,,,,,Grass]Tornadus||CovertCloak|Prankster|BleakwindStorm,Tailwind,RainDance,Taunt|||M|||50|,,,,,Dark]Raging Bolt||AssaultVest|Protosynthesis|Thunderclap,DragonPulse,Electroweb,TeraBlast||||||50|,,,,,Water\n|showteam|p2|Kyogre||ChoiceSpecs|Drizzle|WaterSpout,HydroPump,IceBeam,Thunder||||||50|,,,,,Water]Roaring Moon||BoosterEnergy|Protosynthesis|Acrobatics,KnockOff,Tailwind,Protect||||||50|,,,,,Flying]Landorus||LifeOrb|SheerForce|EarthPower,SludgeBomb,RainDance,Protect|||M|||50|,,,,,Fairy]Bruxish||FocusSash|Dazzling|AquaJet,PsychicFangs,Taunt,SuperFang|||F|||50|,,,,,Stellar]Indeedee-F||RockyHelmet|Synchronize|FakeOut,HelpingHand,HealPulse,FollowMe|||F|||50|,,,,,Dragon]Scizor||ChoiceBand|Technician|BulletPunch,Uturn,BugBite,DualWingbeat|||F|||50|,,,,,Steel\n|inactive|Battle timer is ON: inactive players will automatically lose when time's up. (requested by Lass Momo)\n|inactive|ushitsune has 60 seconds left.\n|inactive|Lass Momo has 60 seconds left.\n|\n|t:|1743237158\n|start\n|switch|p1a: Raging Bolt|Raging Bolt, L50|100/100\n|switch|p1b: Tornadus|Tornadus, L50, M|100/100\n|switch|p2a: Roaring Moon|Roaring Moon, L50|100/100\n|switch|p2b: Bruxish|Bruxish, L50, F|100/100\n|-enditem|p2a: Roaring Moon|Booster Energy\n|-activate|p2a: Roaring Moon|ability: Protosynthesis|[fromitem]\n|-start|p2a: Roaring Moon|protosynthesisspe\n|turn|1\n|\n|t:|1743237182\n|move|p1b: Tornadus|Tailwind|p1b: Tornadus\n|-sidestart|p1: ushitsune|move: Tailwind\n|move|p2a: Roaring Moon|Knock Off|p1b: Tornadus\n|-damage|p1b: Tornadus|31/100\n|-enditem|p1b: Tornadus|Covert Cloak|[from] move: Knock Off|[of] p2a: Roaring Moon\n|move|p1a: Raging Bolt|Electroweb|p2b: Bruxish|[spread] p2a,p2b\n|-resisted|p2a: Roaring Moon\n|-supereffective|p2b: Bruxish\n|-damage|p2a: Roaring Moon|88/100\n|-damage|p2b: Bruxish|21/100\n|-unboost|p2a: Roaring Moon|spe|1\n|-unboost|p2b: Bruxish|spe|1\n|move|p2b: Bruxish|Psychic Fangs|p1b: Tornadus\n|-damage|p1b: Tornadus|0 fnt\n|faint|p1b: Tornadus\n|\n|upkeep\n|\n|t:|1743237203\n|switch|p1b: Rillaboom|Rillaboom, L50, M|100/100\n|-fieldstart|move: Grassy Terrain|[from] ability: Grassy Surge|[of] p1b: Rillaboom\n|turn|2\n|\n|t:|1743237223\n|switch|p2b: Landorus|Landorus, L50, M|100/100\n|move|p2a: Roaring Moon|Protect|p2a: Roaring Moon\n|-singleturn|p2a: Roaring Moon|Protect\n|move|p1a: Raging Bolt|Dragon Pulse|p2a: Roaring Moon\n|-activate|p2a: Roaring Moon|move: Protect\n|move|p1b: Rillaboom|U-turn|p2b: Landorus\n|-resisted|p2b: Landorus\n|-damage|p2b: Landorus|85/100\n|\n|t:|1743237232\n|switch|p1b: Kyogre|Kyogre, L50|100/100|[from] U-turn\n|-weather|RainDance|[from] ability: Drizzle|[of] p1b: Kyogre\n|\n|-weather|RainDance|[upkeep]\n|-heal|p2a: Roaring Moon|94/100|[from] Grassy Terrain\n|upkeep\n|turn|3\n|inactive|Lass Momo has 30 seconds left.\n|\n|t:|1743237258\n|-end|p2a: Roaring Moon|Protosynthesis|[silent]\n|switch|p2a: Bruxish|Bruxish, L50, F|21/100\n|move|p2b: Landorus|Protect|p2b: Landorus\n|-singleturn|p2b: Landorus|Protect\n|move|p1b: Kyogre|Water Spout|p2a: Bruxish|[spread] p2a\n|-activate|p2b: Landorus|move: Protect\n|-resisted|p2a: Bruxish\n|-damage|p2a: Bruxish|0 fnt\n|faint|p2a: Bruxish\n|move|p1a: Raging Bolt|Electroweb|p2b: Landorus\n|-activate|p2b: Landorus|move: Protect\n|\n|-weather|RainDance|[upkeep]\n|upkeep\n|\n|t:|1743237271\n|switch|p2a: Roaring Moon|Roaring Moon, L50|94/100\n|turn|4\n|\n|t:|1743237292\n|move|p2a: Roaring Moon|Protect|p2a: Roaring Moon\n|-singleturn|p2a: Roaring Moon|Protect\n|move|p1b: Kyogre|Water Spout|p2b: Landorus|[spread] p2b\n|-activate|p2a: Roaring Moon|move: Protect\n|-supereffective|p2b: Landorus\n|-damage|p2b: Landorus|0 fnt\n|faint|p2b: Landorus\n|move|p1a: Raging Bolt|Electroweb|p2a: Roaring Moon\n|-activate|p2a: Roaring Moon|move: Protect\n|\n|-weather|RainDance|[upkeep]\n|-heal|p2a: Roaring Moon|99/100|[from] Grassy Terrain\n|-sideend|p1: ushitsune|move: Tailwind\n|upkeep\n|\n|t:|1743237297\n|switch|p2b: Kyogre|Kyogre, L50|100/100\n|turn|5\n|-message|Lass Momo forfeited.\n|\n|win|ushitsune\n||Lass Momo is ready for game 2.\n||ushitsune is ready for game 2.\n|uhtml|next|Next: <a href=\"/battle-gen9vgc2025reggbo3-2330486583\"><strong>Game 2 of 3</strong></a>\n|l|\u2606Lass Momo\n|player|p2|\n|l|\u2606ushitsune\n|player|p1|\n", "uploadtime": 1743237615, "views": 5, "formatid": "gen9vgc2025reggbo3", "rating": null, "private": 0, "password": null}