{"id": "gen9vgc2025reggbo3-2330510475", "format": "[Gen 9] VGC 2025 Reg G (Bo3)", "players": ["Cheesey027", "Fcbjnb cdd"], "log": "|j|\u2606Cheesey027\n|j|\u2606Fcbjnb cdd\n|html|<table width=\"100%\"><tr><td align=\"left\">Cheesey027</td><td align=\"right\">Fcbjnb cdd</tr><tr><td align=\"left\"><i class=\"fa fa-circle-o\"></i> <i class=\"fa fa-circle-o\"></i> </td><td align=\"right\"><i class=\"fa fa-circle-o\"></i> <i class=\"fa fa-circle-o\"></i> </tr></table>\n|uhtml|bestof|<h2><strong>Game 1</strong> of <a href=\"/game-bestof3-gen9vgc2025reggbo3-2330510474\">a best-of-3</a></h2>\n|t:|1743242257\n|gametype|doubles\n|player|p1|Cheesey027|sailor|1055\n|player|p2|Fcbjnb cdd|169|1043\n|teamsize|p1|6\n|teamsize|p2|6\n|gen|9\n|tier|[Gen 9] VGC 2025 Reg G (Bo3)\n|rated|\n|rule|Species Clause: Limit one of each Pok\u00e9mon\n|rule|Item Clause: Limit 1 of each item\n|clearpoke\n|poke|p1|Palkia-Origin, L50|\n|poke|p1|Ogerpon-Wellspring, L50, F|\n|poke|p1|Pelipper, L50, F|\n|poke|p1|Iron Jugulis, L50|\n|poke|p1|Raging Bolt, L50|\n|poke|p1|Farigiraf, L50, M|\n|poke|p2|Zoroark-Hisui, L50, F|\n|poke|p2|Miraidon, L50|\n|poke|p2|Incineroar, L50, M|\n|poke|p2|Landorus, L50, M|\n|poke|p2|Flutter Mane, L50|\n|poke|p2|Whimsicott, L50, F|\n|teampreview|4\n|showteam|p1|Palkia-Origin||LustrousGlobe|Telepathy|Surf,SpacialRend,HydroPump,Protect||||||50|,,,,,Water]Ogerpon-Wellspring||WellspringMask|WaterAbsorb|IvyCudgel,FollowMe,HornLeech,Protect|||F|||50|,,,,,Water]Pelipper||FocusSash|Drizzle|Protect,WideGuard,Hurricane,WeatherBall|||F|||50|,,,,,Ground]Iron Jugulis||BoosterEnergy|QuarkDrive|Tailwind,DarkPulse,Protect,DragonCheer||||||50|,,,,,Dark]Raging Bolt||AssaultVest|Protosynthesis|Electroweb,Thunderbolt,Thunderclap,DracoMeteor||||||50|,,,,,Electric]Farigiraf||SafetyGoggles|ArmorTail|TrickRoom,HelpingHand,PsychicNoise,FoulPlay|||M|||50|,,,,,Normal\n|showteam|p2|Zoroark-Hisui||FocusSash|Illusion|ShadowClaw,KnockOff,Uturn,ShadowSneak|||F|||50|,,,,,Ghost]Miraidon||ChoiceScarf|HadronEngine|DracoMeteor,VoltSwitch,ElectroDrift,Discharge||||||50|,,,,,Electric]Incineroar||AssaultVest|Intimidate|FakeOut,KnockOff,BrickBreak,FlareBlitz|||M|||50|,,,,,Ghost]Landorus||LifeOrb|SheerForce|SandsearStorm,EarthPower,Protect,SludgeBomb|||M|||50|,,,,,Steel]Flutter Mane||BoosterEnergy|Protosynthesis|Moonblast,Protect,IcyWind,ShadowBall||||||50|,,,,,Ghost]Whimsicott||CovertCloak|Prankster|Moonblast,Tailwind,SunnyDay,LightScreen|||F|||50|,,,,,Fairy\n|inactive|Battle timer is ON: inactive players will automatically lose when time's up. (requested by Cheesey027)\n|inactive|Cheesey027 has 60 seconds left.\n|inactive|Fcbjnb cdd has 60 seconds left.\n|\n|t:|1743242313\n|start\n|switch|p1a: Palkia|Palkia-Origin, L50|100/100\n|switch|p1b: Iron Jugulis|Iron Jugulis, L50|100/100\n|switch|p2a: Flutter Mane|Flutter Mane, L50|100/100\n|switch|p2b: Miraidon|Miraidon, L50|100/100\n|-fieldstart|move: Electric Terrain|[from] ability: Hadron Engine|[of] p2b: Miraidon\n|-activate|p1b: Iron Jugulis|ability: Quark Drive\n|-start|p1b: Iron Jugulis|quarkdrivespe\n|-enditem|p2a: Flutter Mane|Booster Energy\n|-activate|p2a: Flutter Mane|ability: Protosynthesis|[fromitem]\n|-start|p2a: Flutter Mane|protosynthesisspe\n|turn|1\n|inactive|Fcbjnb cdd has 30 seconds left.\n|inactive|Fcbjnb cdd has 20 seconds left.\n|inactive|Fcbjnb cdd has 15 seconds left.\n|inactive|Fcbjnb cdd has 10 seconds left.\n|\n|t:|1743242361\n|move|p1a: Palkia|Protect|p1a: Palkia\n|-singleturn|p1a: Palkia|Protect\n|move|p2a: Flutter Mane|Moonblast|p1b: Iron Jugulis\n|-supereffective|p1b: Iron Jugulis\n|-crit|p1b: Iron Jugulis\n|-damage|p1b: Iron Jugulis|0 fnt\n|faint|p1b: Iron Jugulis\n|-end|p1b: Iron Jugulis|Quark Drive|[silent]\n|move|p2b: Miraidon|Volt Switch|p1a: Palkia\n|-activate|p1a: Palkia|move: Protect\n|\n|upkeep\n|\n|t:|1743242381\n|switch|p1b: Raging Bolt|Raging Bolt, L50|100/100\n|turn|2\n|\n|t:|1743242393\n|move|p2a: Flutter Mane|Moonblast|p1b: Raging Bolt\n|-supereffective|p1b: Raging Bolt\n|-damage|p1b: Raging Bolt|39/100\n|move|p2b: Miraidon|Volt Switch|p1a: Palkia\n|-damage|p1a: Palkia|42/100\n|-message|Cheesey027 forfeited.\n|\n|win|Fcbjnb cdd\n|l|\u2606Cheesey027\n|player|p1|\n|l|\u2606Fcbjnb cdd\n|player|p2|\n|raw|Cheesey027's rating: 1055 &rarr; <strong>1036</strong><br />(-19 for losing)\n|raw|Fcbjnb cdd's rating: 1043 &rarr; <strong>1078</strong><br />(+35 for winning)\n", "uploadtime": 1743242731, "views": 6, "formatid": "gen9vgc2025reggbo3", "rating": 1036, "private": 0, "password": null}