{"id": "gen9vgc2025reggbo3-2330425243", "format": "[Gen 9] VGC 2025 Reg G (Bo3)", "players": ["soul_slayer_10293", "JJJ0k3"], "log": "|j|\u2606soul_slayer_10293\n|j|\u2606JJJ0k3\n|html|<table width=\"100%\"><tr><td align=\"left\">soul_slayer_10293</td><td align=\"right\">JJJ0k3</tr><tr><td align=\"left\"><i class=\"fa fa-circle-o\"></i> <i class=\"fa fa-circle-o\"></i> </td><td align=\"right\"><i class=\"fa fa-circle-o\"></i> <i class=\"fa fa-circle-o\"></i> </tr></table>\n|uhtml|bestof|<h2><strong>Game 1</strong> of <a href=\"/game-bestof3-gen9vgc2025reggbo3-2330425242\">a best-of-3</a></h2>\n|t:|1743225188\n|gametype|doubles\n|player|p1|soul_slayer_10293|erika|1193\n|player|p2|JJJ0k3|169|1122\n|teamsize|p1|6\n|teamsize|p2|6\n|gen|9\n|tier|[Gen 9] VGC 2025 Reg G (Bo3)\n|rated|\n|rule|Species Clause: Limit one of each Pok\u00e9mon\n|rule|Item Clause: Limit 1 of each item\n|clearpoke\n|poke|p1|Tornadus, L50, M|\n|poke|p1|Farigiraf, L50, F|\n|poke|p1|Regieleki, L50|\n|poke|p1|Ursaluna-Bloodmoon, L50, M|\n|poke|p1|Urshifu-*, L50, M|\n|poke|p1|Kyogre, L50|\n|poke|p2|Primarina, L50, M|\n|poke|p2|Urshifu-*, L50, F|\n|poke|p2|Farigiraf, L50, M|\n|poke|p2|Typhlosion-Hisui, L50, F|\n|poke|p2|Tornadus, L50, M|\n|poke|p2|Calyrex-Ice, L50|\n|teampreview|4\n|showteam|p1|Tornadus||FocusSash|Prankster|BleakwindStorm,Protect,Tailwind,RainDance|||M|||50|,,,,,Ghost]Farigiraf||SitrusBerry|ArmorTail|HelpingHand,DazzlingGleam,TrickRoom,Protect|||F|||50|,,,,,Fairy]Regieleki||LifeOrb|Transistor|Protect,TeraBlast,Thunder,Electroweb||||||50|,,,,,Fairy]Ursaluna-Bloodmoon||SilkScarf|MindsEye|BloodMoon,Protect,VacuumWave,HyperVoice|||M|||50|,,,,,Normal]Urshifu||ChoiceBand|UnseenFist|WickedBlow,SuckerPunch,CloseCombat,PoisonJab|||M|||50|,,,,,Poison]Kyogre||ChoiceSpecs|Drizzle|WaterSpout,Thunder,IceBeam,OriginPulse||||||50|,,,,,Water\n|showteam|p2|Primarina||ThroatSpray|LiquidVoice|Protect,DazzlingGleam,HyperVoice,AlluringVoice|||M|||50|,,,,,Fire]Urshifu||BlackGlasses|UnseenFist|WickedBlow,Protect,CloseCombat,Uturn|||F|||50|,,,,,Fighting]Farigiraf||Leftovers|ArmorTail|Protect,HyperVoice,DazzlingGleam,TrickRoom|||M|||50|,,,,,Normal]Typhlosion-Hisui||ChoiceSpecs|Blaze|Eruption,HeatWave,SleepTalk,ShadowBall|||F|||50|,,,,,Fire]Tornadus||FocusSash|Prankster|Tailwind,Protect,BleakwindStorm,RainDance|||M|||50|,,,,,Flying]Calyrex-Ice||ClearAmulet|AsOneGlastrier|Protect,GlacialLance,HighHorsepower,StompingTantrum||||||50|,,,,,Psychic\n|\n|t:|1743225242\n|start\n|switch|p1a: Regieleki|Regieleki, L50|100/100\n|switch|p1b: Urshifu|Urshifu, L50, M|100/100\n|switch|p2a: Urshifu|Urshifu, L50, F|100/100\n|switch|p2b: Primarina|Primarina, L50, M|100/100\n|turn|1\n|\n|t:|1743225274\n|move|p2b: Primarina|Protect|p2b: Primarina\n|-singleturn|p2b: Primarina|Protect\n|move|p1a: Regieleki|Electroweb|p2b: Primarina|[spread] p2a\n|-activate|p2b: Primarina|move: Protect\n|-damage|p2a: Urshifu|54/100\n|-unboost|p2a: Urshifu|spe|1\n|-damage|p1a: Regieleki|91/100|[from] item: Life Orb\n|move|p1b: Urshifu|Close Combat|p2a: Urshifu\n|-supereffective|p2a: Urshifu\n|-damage|p2a: Urshifu|0 fnt\n|-unboost|p1b: Urshifu|def|1\n|-unboost|p1b: Urshifu|spd|1\n|faint|p2a: Urshifu\n|\n|upkeep\n|\n|t:|1743225280\n|switch|p2a: Tornadus|Tornadus, L50, M|100/100\n|turn|2\n|-message|JJJ0k3 forfeited.\n|\n|win|soul_slayer_10293\n|l|\u2606JJJ0k3\n|player|p2|\n|raw|soul_slayer_10293's rating: 1193 &rarr; <strong>1213</strong><br />(+20 for winning)\n|raw|JJJ0k3's rating: 1122 &rarr; <strong>1102</strong><br />(-20 for losing)\n|l|\u2606soul_slayer_10293\n|player|p1|\n", "uploadtime": 1743225655, "views": 6, "formatid": "gen9vgc2025reggbo3", "rating": 1102, "private": 0, "password": null}