{"id": "gen9vgc2025reggbo3-2330423767", "format": "[Gen 9] VGC 2025 Reg G (Bo3)", "players": ["Cheesey027", "ShadowJohny"], "log": "|j|\u2606Cheesey027\n|j|\u2606ShadowJohny\n|html|<table width=\"100%\"><tr><td align=\"left\">Cheesey027</td><td align=\"right\">ShadowJohny</tr><tr><td align=\"left\"><i class=\"fa fa-circle-o\"></i> <i class=\"fa fa-circle-o\"></i> </td><td align=\"right\"><i class=\"fa fa-circle-o\"></i> <i class=\"fa fa-circle-o\"></i> </tr></table>\n|uhtml|bestof|<h2><strong>Game 1</strong> of <a href=\"/game-bestof3-gen9vgc2025reggbo3-2330423766\">a best-of-3</a></h2>\n|t:|1743224942\n|gametype|doubles\n|player|p1|Cheesey027|sailor|1131\n|player|p2|ShadowJohny|acetrainer-gen4dp|1169\n|teamsize|p1|6\n|teamsize|p2|6\n|gen|9\n|tier|[Gen 9] VGC 2025 Reg G (Bo3)\n|rated|\n|rule|Species Clause: Limit one of each Pok\u00e9mon\n|rule|Item Clause: Limit 1 of each item\n|clearpoke\n|poke|p1|Kyogre, L50|\n|poke|p1|Rhydon, L50, M|\n|poke|p1|Araquanid, L50, M|\n|poke|p1|Tornadus, L50, M|\n|poke|p1|Chien-Pao, L50|\n|poke|p1|Sneasler, L50, F|\n|poke|p2|Giratina, L50|\n|poke|p2|Ursaluna, L50, M|\n|poke|p2|Oranguru, L50, M|\n|poke|p2|Sinistcha, L50|\n|poke|p2|Incineroar, L50, M|\n|poke|p2|Smeargle, L50, F|\n|teampreview|4\n|showteam|p1|Kyogre||Leftovers|Drizzle|OriginPulse,IceBeam,Thunder,CalmMind||||||50|,,,,,Ghost]Rhydon||Eviolite|LightningRod|RockSlide,HighHorsepower,Protect,HeavySlam|||M|||50|,,,,,Fairy]Araquanid||SafetyGoggles|WaterBubble|LeechLife,Entrainment,WideGuard,Liquidation|||M|||50|,,,,,Grass]Tornadus||CovertCloak|Prankster|Tailwind,IcyWind,Swagger,BleakwindStorm|||M|||50|,,,,,Ground]Chien-Pao||FocusSash|SwordofRuin|SacredSword,IceSpinner,SuckerPunch,Protect||||||50|,,,,,Ghost]Sneasler||MirrorHerb|Unburden|Acrobatics,DireClaw,Protect,CloseCombat|||F|||50|,,,,,Flying\n|showteam|p2|Giratina||GriseousOrb|Telepathy|DracoMeteor,CalmMind,ShadowBall,Protect||||||50|,,,,,Fairy]Ursaluna||FlameOrb|Guts|Earthquake,Facade,PlayRough,Protect|||M|||50|,,,,,Ghost]Oranguru||MentalHerb|Telepathy|TrickRoom,PainSplit,Encore,Instruct|||M|||50|,,,,,Ghost]Sinistcha||RockyHelmet|Hospitality|MatchaGotcha,RagePowder,LifeDew,TrickRoom||||||50|,,,,,Fairy]Incineroar||SafetyGoggles|Intimidate|FakeOut,HelpingHand,PartingShot,KnockOff|||M|||50|,,,,,Ghost]Smeargle||FocusSash|Moody|FakeOut,Decorate,WideGuard,ToxicSpikes|||F|||50|,,,,,Flying\n|inactive|Battle timer is ON: inactive players will automatically lose when time's up. (requested by Cheesey027)\n|inactive|ShadowJohny has 60 seconds left.\n|\n|t:|1743224984\n|start\n|switch|p1a: Kyogre|Kyogre, L50|100/100\n|switch|p1b: Tornadus|Tornadus, L50, M|100/100\n|switch|p2a: Sinistcha|Sinistcha, L50|100/100\n|switch|p2b: Giratina|Giratina, L50|100/100\n|-weather|RainDance|[from] ability: Drizzle|[of] p1a: Kyogre\n|turn|1\n|\n|t:|1743225005\n|move|p1b: Tornadus|Bleakwind Storm|p2a: Sinistcha|[spread] p2a,p2b\n|-supereffective|p2a: Sinistcha\n|-damage|p2a: Sinistcha|23/100\n|-damage|p2b: Giratina|84/100\n|-unboost|p2b: Giratina|spe|1\n|move|p1a: Kyogre|Ice Beam|p2a: Sinistcha\n|-supereffective|p2a: Sinistcha\n|-damage|p2a: Sinistcha|0 fnt\n|faint|p2a: Sinistcha\n|move|p2b: Giratina|Calm Mind|p2b: Giratina\n|-boost|p2b: Giratina|spa|1\n|-boost|p2b: Giratina|spd|1\n|\n|-weather|RainDance|[upkeep]\n|upkeep\n|\n|t:|1743225016\n|switch|p2a: Ursaluna|Ursaluna, L50, M|100/100\n|turn|2\n|\n|t:|1743225028\n|move|p2a: Ursaluna|Protect|p2a: Ursaluna\n|-singleturn|p2a: Ursaluna|Protect\n|move|p1b: Tornadus|Icy Wind|p2b: Giratina|[spread] p2b\n|-activate|p2a: Ursaluna|move: Protect\n|-supereffective|p2b: Giratina\n|-damage|p2b: Giratina|74/100\n|-unboost|p2b: Giratina|spe|1\n|move|p1a: Kyogre|Origin Pulse|p2a: Ursaluna|[spread] \n|-activate|p2a: Ursaluna|move: Protect\n|-miss|p1a: Kyogre|p2b: Giratina\n|move|p2b: Giratina|Draco Meteor|p1a: Kyogre\n|-damage|p1a: Kyogre|32/100\n|-unboost|p2b: Giratina|spa|2\n|\n|-weather|RainDance|[upkeep]\n|-heal|p1a: Kyogre|38/100|[from] item: Leftovers\n|-status|p2a: Ursaluna|brn|[from] item: Flame Orb\n|upkeep\n|turn|3\n|\n|t:|1743225052\n|switch|p2a: Oranguru|Oranguru, L50, M|100/100\n|move|p1b: Tornadus|Bleakwind Storm|p2b: Giratina|[spread] p2a,p2b\n|-damage|p2a: Oranguru|79/100\n|-damage|p2b: Giratina|62/100\n|-unboost|p2a: Oranguru|spe|1\n|-unboost|p2b: Giratina|spe|1\n|move|p1a: Kyogre|Origin Pulse|p2a: Oranguru|[spread] p2a,p2b\n|-resisted|p2b: Giratina\n|-damage|p2a: Oranguru|27/100\n|-damage|p2b: Giratina|46/100\n|move|p2b: Giratina|Draco Meteor|p1a: Kyogre\n|-damage|p1a: Kyogre|5/100\n|-unboost|p2b: Giratina|spa|2\n|\n|-weather|RainDance|[upkeep]\n|-heal|p1a: Kyogre|11/100|[from] item: Leftovers\n|upkeep\n|turn|4\n|-message|ShadowJohny forfeited.\n|\n|win|Cheesey027\n|l|\u2606ShadowJohny\n|player|p2|\n||ShadowJohny is ready for game 2.\n||Cheesey027 is ready for game 2.\n|uhtml|next|Next: <a href=\"/battle-gen9vgc2025reggbo3-2330424545\"><strong>Game 2 of 3</strong></a>\n", "uploadtime": 1743225231, "views": 5, "formatid": "gen9vgc2025reggbo3", "rating": null, "private": 0, "password": null}