{"id": "gen9vgc2025reggbo3-2330443411", "format": "[Gen 9] VGC 2025 Reg G (Bo3)", "players": ["Picha101", "ShadowJohny"], "log": "|j|\u2606Picha101\n|j|\u2606ShadowJohny\n|html|<table width=\"100%\"><tr><td align=\"left\">Picha101</td><td align=\"right\">ShadowJohny</tr><tr><td align=\"left\"><i class=\"fa fa-circle-o\"></i> <i class=\"fa fa-circle-o\"></i> </td><td align=\"right\"><i class=\"fa fa-circle-o\"></i> <i class=\"fa fa-circle-o\"></i> </tr></table>\n|uhtml|bestof|<h2><strong>Game 1</strong> of <a href=\"/game-bestof3-gen9vgc2025reggbo3-2330443410\">a best-of-3</a></h2>\n|t:|1743228349\n|gametype|doubles\n|player|p1|Picha101|lucas|1020\n|player|p2|ShadowJohny|acetrainer-gen4dp|1060\n|teamsize|p1|6\n|teamsize|p2|6\n|gen|9\n|tier|[Gen 9] VGC 2025 Reg G (Bo3)\n|rated|\n|rule|Species Clause: Limit one of each Pok\u00e9mon\n|rule|Item Clause: Limit 1 of each item\n|clearpoke\n|poke|p1|Miraidon, L50|\n|poke|p1|Pikachu, L50, F|\n|poke|p1|Incineroar, L50, F|\n|poke|p1|Ogerpon-Wellspring, L50, F|\n|poke|p1|Landorus-Therian, L50, M|\n|poke|p1|Chien-Pao, L50|\n|poke|p2|Giratina, L50|\n|poke|p2|Ursaluna, L50, M|\n|poke|p2|Oranguru, L50, M|\n|poke|p2|Sinistcha, L50|\n|poke|p2|Incineroar, L50, F|\n|poke|p2|Smeargle, L50, F|\n|teampreview|4\n|showteam|p1|Miraidon||ChoiceSpecs|HadronEngine|ElectroDrift,DracoMeteor,Discharge,Uturn||||||50|,,,,,Electric]Pikachu||LightBall|LightningRod|Electroweb,VoltSwitch,GrassKnot,AlluringVoice|||F|||50|,,,,,Flying]Incineroar||SitrusBerry|Intimidate|FlareBlitz,KnockOff,PartingShot,FakeOut|||F|||50|,,,,,Grass]Ogerpon-Wellspring||WellspringMask|WaterAbsorb|WoodHammer,IvyCudgel,FollowMe,SpikyShield|||F|||50|,,,,,Water]Landorus-Therian||ChoiceScarf|Intimidate|TeraBlast,RockSlide,StompingTantrum,Uturn|||M|||50|,,,,,Flying]Chien-Pao||FocusSash|SwordofRuin|IcicleCrash,SuckerPunch,SacredSword,Protect||||||50|,,,,,Stellar\n|showteam|p2|Giratina||GriseousOrb|Telepathy|DragonPulse,CalmMind,ShadowBall,Protect||||||50|,,,,,Fairy]Ursaluna||FlameOrb|Guts|Earthquake,Facade,PlayRough,Protect|||M|||50|,,,,,Ghost]Oranguru||MentalHerb|Telepathy|TrickRoom,PainSplit,Encore,Instruct|||M|||50|,,,,,Ghost]Sinistcha||RockyHelmet|Hospitality|MatchaGotcha,RagePowder,LifeDew,TrickRoom||||||50|,,,,,Fairy]Incineroar||SafetyGoggles|Intimidate|FakeOut,HelpingHand,PartingShot,KnockOff|||F|||50|,,,,,Ghost]Smeargle||FocusSash|Moody|FakeOut,Decorate,WideGuard,ToxicSpikes|||F|||50|,,,,,Flying\n|\n|t:|1743228375\n|start\n|switch|p1a: Miraidon|Miraidon, L50|100/100\n|switch|p1b: Pikachu|Pikachu, L50, F|100/100\n|switch|p2a: Oranguru|Oranguru, L50, M|100/100\n|switch|p2b: Smeargle|Smeargle, L50, F|100/100\n|-fieldstart|move: Electric Terrain|[from] ability: Hadron Engine|[of] p1a: Miraidon\n|turn|1\n|inactive|Battle timer is ON: inactive players will automatically lose when time's up. (requested by ShadowJohny)\n|\n|t:|1743228397\n|switch|p2a: Ursaluna|Ursaluna, L50, M|100/100\n|-terastallize|p1a: Miraidon|Electric\n|move|p1a: Miraidon|Discharge|p2b: Smeargle|[spread] p2b\n|-ability|p1b: Pikachu|Lightning Rod|boost\n|-boost|p1b: Pikachu|spa|1\n|-immune|p2a: Ursaluna\n|-enditem|p2b: Smeargle|Focus Sash\n|-damage|p2b: Smeargle|1/100\n|move|p1b: Pikachu|Electroweb|p2b: Smeargle|[spread] p2b\n|-immune|p2a: Ursaluna\n|-damage|p2b: Smeargle|0 fnt\n|faint|p2b: Smeargle\n|\n|-status|p2a: Ursaluna|brn|[from] item: Flame Orb\n|upkeep\n|\n|t:|1743228412\n|switch|p2b: Oranguru|Oranguru, L50, M|100/100\n|turn|2\n|\n|t:|1743228426\n|move|p1a: Miraidon|Discharge|p2a: Ursaluna|[spread] p2b\n|-ability|p1b: Pikachu|Lightning Rod|boost\n|-boost|p1b: Pikachu|spa|1\n|-immune|p2a: Ursaluna\n|-damage|p2b: Oranguru|10/100\n|-status|p2b: Oranguru|par\n|move|p1b: Pikachu|Grass Knot|p2a: Ursaluna\n|-supereffective|p2a: Ursaluna\n|-damage|p2a: Ursaluna|0 fnt\n|faint|p2a: Ursaluna\n|cant|p2b: Oranguru|par\n|\n|upkeep\n|-message|ShadowJohny forfeited.\n|\n|win|Picha101\n|l|\u2606ShadowJohny\n|player|p2|\n||ShadowJohny is ready for game 2.\n|l|\u2606Picha101\n|player|p1|\n|inactive|Picha101 has 30 seconds to confirm battle start!\n|inactive|Picha101 has 20 seconds to confirm battle start!\n|inactive|Picha101 has 10 seconds to confirm battle start!\n|uhtml|next|Next: <a href=\"/battle-gen9vgc2025reggbo3-2330444119\"><strong>Game 2 of 3</strong></a>\n", "uploadtime": 1743228764, "views": 5, "formatid": "gen9vgc2025reggbo3", "rating": null, "private": 0, "password": null}