{"id": "gen9vgc2025reggbo3-2330428943", "format": "[Gen 9] VGC 2025 Reg G (Bo3)", "players": ["Kylewithasmile69", "Scarface22"], "log": "|j|\u2606Kylewithasmile69\n|j|\u2606Scarface22\n|html|<table width=\"100%\"><tr><td align=\"left\">Kylewithasmile69</td><td align=\"right\">Scarface22</tr><tr><td align=\"left\"><i class=\"fa fa-circle\"></i> <i class=\"fa fa-circle-o\"></i> </td><td align=\"right\"><i class=\"fa fa-circle-o\"></i> <i class=\"fa fa-circle-o\"></i> </tr></table>\n|uhtml|bestof|<h2><strong>Game 2</strong> of <a href=\"/game-bestof3-gen9vgc2025reggbo3-2330427623\">a best-of-3</a></h2>\n|t:|1743225798\n|gametype|doubles\n|player|p1|Kylewithasmile69|169|1052\n|player|p2|Scarface22|lucas|1077\n|teamsize|p1|6\n|teamsize|p2|6\n|gen|9\n|tier|[Gen 9] VGC 2025 Reg G (Bo3)\n|rated|\n|rule|Species Clause: Limit one of each Pok\u00e9mon\n|rule|Item Clause: Limit 1 of each item\n|clearpoke\n|poke|p1|Rillaboom, L50, F|\n|poke|p1|Zamazenta-*, L50|\n|poke|p1|Chien-Pao, L50|\n|poke|p1|Pelipper, L50, M|\n|poke|p1|Moltres-Galar, L50|\n|poke|p1|Raging Bolt, L50|\n|poke|p2|Raichu, L50, F|\n|poke|p2|Chien-Pao, L50|\n|poke|p2|Incineroar, L50, F|\n|poke|p2|Pelipper, L50, M|\n|poke|p2|Zamazenta-*, L50|\n|poke|p2|Gholdengo, L50|\n|teampreview|4\n|showteam|p1|Rillaboom||ChoiceBand|GrassySurge|GrassyGlide,Uturn,KnockOff,HighHorsepower|||F|||50|,,,,,Fire]Zamazenta-Crowned||RustedShield|DauntlessShield|Protect,WideGuard,BodyPress,HeavySlam||||||50|,,,,,Grass]Chien-Pao||FocusSash|SwordofRuin|IcicleCrash,SuckerPunch,Protect,Haze||||||50|,,,,,Ghost]Pelipper||RockyHelmet|Drizzle|Protect,WideGuard,WeatherBall,Hurricane|||M|||50|,,,,,Fairy]Moltres-Galar||BlackGlasses|Berserk|FoulPlay,FieryWrath,Protect,Tailwind||||||50|,,,,,Steel]Raging Bolt||AssaultVest|Protosynthesis|DracoMeteor,Thunderbolt,Thunderclap,Electroweb||||||50|,,,,,Electric\n|showteam|p2|Raichu||AssaultVest|LightningRod|FakeOut,Nuzzle,Endeavor,VoltSwitch|||F|||50|,,,,,Fairy]Chien-Pao||FocusSash|SwordofRuin|Protect,IcicleCrash,SuckerPunch,ThroatChop||||||50|,,,,,Poison]Incineroar||SafetyGoggles|Intimidate|FakeOut,Flamethrower,KnockOff,WillOWisp|||F|||50|,,,,,Poison]Pelipper||RockyHelmet|Drizzle|Hurricane,WeatherBall,Protect,WideGuard|||M|||50|,,,,,Poison]Zamazenta-Crowned||RustedShield|DauntlessShield|Protect,IronDefense,BodyPress,HeavySlam||||||50|,,,,,Grass]Gholdengo||MetalCoat|GoodasGold|NastyPlot,Protect,MakeItRain,ShadowBall||||||50|,,,,,Normal\n|l|\u2606Kylewithasmile69\n|player|p1|\n|inactive|Battle timer is ON: inactive players will automatically lose when time's up. (requested by Scarface22)\n|inactive|Kylewithasmile69 has 30 seconds to reconnect!\n|inactive|Kylewithasmile69 has 20 seconds to reconnect!\n|inactive|Kylewithasmile69 has 15 seconds to reconnect!\n|inactive|Kylewithasmile69 has 10 seconds to reconnect!\n|inactive|Kylewithasmile69 has 5 seconds to reconnect!\n|-message|Kylewithasmile69 lost due to inactivity.\n|\n|win|Scarface22\n|raw|Kylewithasmile69's rating: 1052 &rarr; <strong>1035</strong><br />(-17 for losing)\n|raw|Scarface22's rating: 1077 &rarr; <strong>1103</strong><br />(+26 for winning)\n|l|\u2606Scarface22\n|player|p2|\n", "uploadtime": 1743226221, "views": 6, "formatid": "gen9vgc2025reggbo3", "rating": 1035, "private": 0, "password": null}