{"id": "gen9vgc2025reggbo3-2330483476", "format": "[Gen 9] VGC 2025 Reg G (Bo3)", "players": ["ice spice rider", "sirwilliamssb"], "log": "|j|\u2606ice spice rider\n|j|\u2606sirwilliamssb\n|html|<table width=\"100%\"><tr><td align=\"left\">ice spice rider</td><td align=\"right\">sirwilliamssb</tr><tr><td align=\"left\"><i class=\"fa fa-circle-o\"></i> <i class=\"fa fa-circle-o\"></i> </td><td align=\"right\"><i class=\"fa fa-circle-o\"></i> <i class=\"fa fa-circle-o\"></i> </tr></table>\n|uhtml|bestof|<h2><strong>Game 1</strong> of <a href=\"/game-bestof3-gen9vgc2025reggbo3-2330483475\">a best-of-3</a></h2>\n|t:|1743236618\n|gametype|doubles\n|player|p1|ice spice rider|ethan|1256\n|player|p2|sirwilliamssb|biker-gen4|1443\n|teamsize|p1|6\n|teamsize|p2|6\n|gen|9\n|tier|[Gen 9] VGC 2025 Reg G (Bo3)\n|rated|\n|rule|Species Clause: Limit one of each Pok\u00e9mon\n|rule|Item Clause: Limit 1 of each item\n|clearpoke\n|poke|p1|Ting-Lu, L50|\n|poke|p1|Dondozo, L50, M|\n|poke|p1|Calyrex-Shadow, L50|\n|poke|p1|Ogerpon-Hearthflame, L50, F|\n|poke|p1|Urshifu-*, L50, M|\n|poke|p1|Whimsicott, L50, F|\n|poke|p2|Miraidon, L50|\n|poke|p2|Ogerpon-Hearthflame, L50, F|\n|poke|p2|Urshifu-*, L50, M|\n|poke|p2|Farigiraf, L50, F|\n|poke|p2|Whimsicott, L50, M|\n|poke|p2|Iron Hands, L50|\n|teampreview|4\n|showteam|p1|Ting-Lu||RockyHelmet|VesselofRuin|Protect,Ruination,SandTomb,StealthRock||||||50|,,,,,Fairy]Dondozo||Leftovers|Oblivious|Protect,Substitute,Yawn,WaveCrash|||M|||50|,,,,,Dragon]Calyrex-Shadow||LifeOrb|AsOneSpectrier|Protect,AstralBarrage,Psychic,Substitute||||||50|,,,,,Dark]Ogerpon-Hearthflame||HearthflameMask|MoldBreaker|SpikyShield,IvyCudgel,FollowMe,HornLeech|||F|||50|,,,,,Fire]Urshifu||FocusSash|UnseenFist|Detect,WickedBlow,CloseCombat,SuckerPunch|||M|||50|,,,,,Dark]Whimsicott||CovertCloak|Prankster|Moonblast,HelpingHand,Tailwind,Encore|||F|||50|,,,,,Normal\n|showteam|p2|Miraidon||ChoiceSpecs|HadronEngine|ElectroDrift,DracoMeteor,VoltSwitch,DazzlingGleam||||||50|,,,,,Fairy]Ogerpon-Hearthflame||HearthflameMask|MoldBreaker|IvyCudgel,WoodHammer,FollowMe,SpikyShield|||F|||50|,,,,,Fire]Urshifu-Rapid-Strike||FocusSash|UnseenFist|SurgingStrikes,CloseCombat,AquaJet,Detect|||M|||50|,,,,,Water]Farigiraf||ElectricSeed|ArmorTail|Psychic,FoulPlay,TrickRoom,HelpingHand|||F|||50|,,,,,Water]Whimsicott||CovertCloak|Prankster|Moonblast,Encore,Tailwind,LightScreen|||M|||50|,,,,,Dark]Iron Hands||AssaultVest|QuarkDrive|DrainPunch,LowKick,HeavySlam,FakeOut||||||50|,,,,,Bug\n|inactive|Battle timer is ON: inactive players will automatically lose when time's up. (requested by ice spice rider)\n|inactive|sirwilliamssb has 60 seconds left.\n|\n|t:|1743236675\n|start\n|switch|p1a: Calyrex|Calyrex-Shadow, L50|100/100\n|switch|p1b: Ogerpon|Ogerpon-Hearthflame, L50, F|100/100\n|switch|p2a: Miraidon|Miraidon, L50|100/100\n|switch|p2b: Ogerpon|Ogerpon-Hearthflame, L50, F|100/100\n|-ability|p1a: Calyrex|As One\n|-ability|p1a: Calyrex|Unnerve\n|-fieldstart|move: Electric Terrain|[from] ability: Hadron Engine|[of] p2a: Miraidon\n|-ability|p1b: Ogerpon|Mold Breaker\n|-ability|p2b: Ogerpon|Mold Breaker\n|turn|1\n|inactive|ice spice rider has 30 seconds left.\n|inactive|sirwilliamssb has 30 seconds left.\n|inactive|sirwilliamssb has 20 seconds left.\n|inactive|sirwilliamssb has 15 seconds left.\n|inactive|sirwilliamssb has 10 seconds left.\n|\n|t:|1743236721\n|switch|p1a: Jordan 96/97|Ting-Lu, L50|100/100\n|-ability|p1a: Jordan 96/97|Vessel of Ruin\n|-terastallize|p2b: Ogerpon|Fire\n|detailschange|p2b: Ogerpon|Ogerpon-Hearthflame-Tera, L50, F, tera:Fire\n|-ability|p2b: Ogerpon|Embody Aspect (Hearthflame)|boost\n|-boost|p2b: Ogerpon|atk|1\n|move|p2a: Miraidon|Draco Meteor|p1b: Ogerpon\n|-damage|p1b: Ogerpon|0 fnt\n|-unboost|p2a: Miraidon|spa|2\n|faint|p1b: Ogerpon\n|move|p2b: Ogerpon|Ivy Cudgel|p1a: Jordan 96/97|[anim] Ivy Cudgel Fire\n|-damage|p1a: Jordan 96/97|45/100\n|\n|upkeep\n|-message|ice spice rider forfeited.\n|\n|win|sirwilliamssb\n|l|\u2606ice spice rider\n|player|p1|\n|raw|ice spice rider's rating: 1256 &rarr; <strong>1243</strong><br />(-13 for losing)\n|raw|sirwilliamssb's rating: 1443 &rarr; <strong>1453</strong><br />(+10 for winning)\n|l|\u2606sirwilliamssb\n|player|p2|\n", "uploadtime": 1743237062, "views": 6, "formatid": "gen9vgc2025reggbo3", "rating": 1243, "private": 0, "password": null}