{"id": "gen9vgc2025reggbo3-2330413828", "format": "[Gen 9] VGC 2025 Reg G (Bo3)", "players": ["juicemakesorange", "all my fella"], "log": "|j|\u2606juicemakesorange\n|j|\u2606all my fella\n|html|<table width=\"100%\"><tr><td align=\"left\">juicemakesorange</td><td align=\"right\">all my fella</tr><tr><td align=\"left\"><i class=\"fa fa-circle-o\"></i> <i class=\"fa fa-circle-o\"></i> </td><td align=\"right\"><i class=\"fa fa-circle-o\"></i> <i class=\"fa fa-circle-o\"></i> </tr></table>\n|uhtml|bestof|<h2><strong>Game 1</strong> of <a href=\"/game-bestof3-gen9vgc2025reggbo3-2330413824\">a best-of-3</a></h2>\n|t:|1743223371\n|gametype|doubles\n|player|p1|juicemakesorange|zinzolin|1374\n|player|p2|all my fella|policeman-gen4|1336\n|teamsize|p1|6\n|teamsize|p2|6\n|gen|9\n|tier|[Gen 9] VGC 2025 Reg G (Bo3)\n|rated|\n|rule|Species Clause: Limit one of each Pok\u00e9mon\n|rule|Item Clause: Limit 1 of each item\n|clearpoke\n|poke|p1|Chi-Yu, L50|\n|poke|p1|Flutter Mane, L50|\n|poke|p1|Calyrex-Ice, L50|\n|poke|p1|Ogerpon-Cornerstone, L50, F|\n|poke|p1|Amoonguss, L50, M|\n|poke|p1|Urshifu-*, L50, M|\n|poke|p2|Calyrex-Shadow, L50|\n|poke|p2|Chi-Yu, L50|\n|poke|p2|Farigiraf, L50, M|\n|poke|p2|Urshifu-*, L50, M|\n|poke|p2|Gastrodon, L50, F|\n|poke|p2|Iron Hands, L50|\n|teampreview|4\n|showteam|p1|Chi-Yu||CovertCloak|BeadsofRuin|Protect,Snarl,HeatWave,Overheat||||||50|,,,,,Water]Flutter Mane||BoosterEnergy|Protosynthesis|Moonblast,ShadowBall,IcyWind,Protect||||||50|,,,,,Normal]Calyrex-Ice||ClearAmulet|AsOneGlastrier|GlacialLance,HighHorsepower,TrickRoom,Protect||||||50|,,,,,Water]Ogerpon-Cornerstone||CornerstoneMask|Sturdy|IvyCudgel,PowerWhip,FollowMe,SpikyShield|||F|||50|,,,,,Rock]Amoonguss||RockyHelmet|Regenerator|ClearSmog,PollenPuff,RagePowder,Spore|||M|||50|,,,,,Water]Urshifu-Rapid-Strike||FocusSash|UnseenFist|SurgingStrikes,CloseCombat,AquaJet,Detect|||M|||50|,,,,,Stellar\n|showteam|p2|Calyrex-Shadow||CovertCloak|AsOneSpectrier|Protect,NastyPlot,Psyshock,AstralBarrage||||||50|,,,,,Fairy]Chi-Yu||FocusSash|BeadsofRuin|Protect,HeatWave,Overheat,DarkPulse||||||50|,,,,,Stellar]Farigiraf||ThroatSpray|ArmorTail|Protect,TrickRoom,HyperVoice,Psyshock|||M|||50|,,,,,Water]Urshifu||SafetyGoggles|UnseenFist|Protect,WickedBlow,CloseCombat,SuckerPunch|||M|||50|,,,,,Dark]Gastrodon||LifeOrb|StormDrain|Protect,EarthPower,IceBeam,Yawn|||F|||50|,,,,,Poison]Iron Hands||AssaultVest|QuarkDrive|FakeOut,DrainPunch,LowKick,WildCharge||||||50|,,,,,Bug\n|inactive|Battle timer is ON: inactive players will automatically lose when time's up. (requested by juicemakesorange)\n|inactive|all my fella also wants the timer to be on.\n|inactive|juicemakesorange has 60 seconds left.\n|inactive|all my fella has 60 seconds left.\n|inactive|juicemakesorange has 30 seconds left.\n|inactive|juicemakesorange has 20 seconds left.\n|inactive|juicemakesorange has 15 seconds left.\n|inactive|juicemakesorange has 10 seconds left.\n|\n|t:|1743223452\n|start\n|switch|p1a: Calyrex|Calyrex-Ice, L50|100/100\n|switch|p1b: Urshifu|Urshifu-Rapid-Strike, L50, M|100/100\n|switch|p2a: Farigiraf|Farigiraf, L50, M|100/100\n|switch|p2b: Iron Hands|Iron Hands, L50|100/100\n|-ability|p1a: Calyrex|As One\n|-ability|p1a: Calyrex|Unnerve\n|turn|1\n|inactive|juicemakesorange has 30 seconds left.\n|inactive|all my fella has 30 seconds left.\n|inactive|all my fella has 20 seconds left.\n|\n|t:|1743223489\n|switch|p2a: Gastrodon|Gastrodon, L50, F|100/100\n|move|p1b: Urshifu|Detect|p1b: Urshifu\n|-singleturn|p1b: Urshifu|Protect\n|move|p1a: Calyrex|Glacial Lance|p2a: Gastrodon|[spread] p2a,p2b\n|-damage|p2a: Gastrodon|39/100\n|-damage|p2b: Iron Hands|58/100\n|move|p2b: Iron Hands|Low Kick|p1a: Calyrex\n|-damage|p1a: Calyrex|62/100\n|\n|upkeep\n|turn|2\n|inactive|juicemakesorange has 30 seconds left.\n|inactive|juicemakesorange has 20 seconds left.\n|\n|t:|1743223525\n|move|p2a: Gastrodon|Protect|p2a: Gastrodon\n|-singleturn|p2a: Gastrodon|Protect\n|move|p1b: Urshifu|Close Combat|p2b: Iron Hands\n|-damage|p2b: Iron Hands|12/100\n|-unboost|p1b: Urshifu|def|1\n|-unboost|p1b: Urshifu|spd|1\n|move|p1a: Calyrex|Glacial Lance|p2a: Gastrodon|[spread] p2b\n|-activate|p2a: Gastrodon|move: Protect\n|-damage|p2b: Iron Hands|0 fnt\n|faint|p2b: Iron Hands\n|-end|p2b: Iron Hands|Quark Drive|[silent]\n|-ability|p1a: Calyrex|Chilling Neigh|boost\n|-boost|p1a: Calyrex|atk|1\n|\n|upkeep\n|\n|t:|1743223533\n|switch|p2b: Urshifu|Urshifu, L50, M|100/100\n|turn|3\n|inactive|juicemakesorange has 30 seconds left.\n|inactive|juicemakesorange has 20 seconds left.\n|inactive|juicemakesorange has 15 seconds left.\n|\n|t:|1743223574\n|-terastallize|p2b: Urshifu|Dark\n|-terastallize|p1a: Calyrex|Water\n|move|p2b: Urshifu|Wicked Blow|p1a: Calyrex\n|-crit|p1a: Calyrex\n|-damage|p1a: Calyrex|5/100\n|move|p1b: Urshifu|Close Combat|p2a: Gastrodon\n|-damage|p2a: Gastrodon|0 fnt\n|-unboost|p1b: Urshifu|def|1\n|-unboost|p1b: Urshifu|spd|1\n|faint|p2a: Gastrodon\n|move|p1a: Calyrex|Glacial Lance|p2b: Urshifu\n|-damage|p2b: Urshifu|0 fnt\n|faint|p2b: Urshifu\n|-ability|p1a: Calyrex|Chilling Neigh|boost\n|-boost|p1a: Calyrex|atk|1\n|\n|upkeep\n|-message|all my fella forfeited.\n|\n|win|juicemakesorange\n|l|\u2606all my fella\n|player|p2|\n||all my fella is ready for game 2.\n||juicemakesorange is ready for game 2.\n|uhtml|next|Next: <a href=\"/battle-gen9vgc2025reggbo3-2330415274\"><strong>Game 2 of 3</strong></a>\n|l|\u2606juicemakesorange\n|player|p1|\n", "uploadtime": 1743223818, "views": 5, "formatid": "gen9vgc2025reggbo3", "rating": null, "private": 0, "password": null}