{"id": "gen9vgc2025reggbo3-2330449708", "format": "[Gen 9] VGC 2025 Reg G (Bo3)", "players": ["Picha101", "EnchantDark"], "log": "|j|\u2606Picha101\n|j|\u2606EnchantDark\n|html|<table width=\"100%\"><tr><td align=\"left\">Picha101</td><td align=\"right\">EnchantDark</tr><tr><td align=\"left\"><i class=\"fa fa-circle-o\"></i> <i class=\"fa fa-circle-o\"></i> </td><td align=\"right\"><i class=\"fa fa-circle-o\"></i> <i class=\"fa fa-circle\"></i> </tr></table>\n|uhtml|bestof|<h2><strong>Game 2</strong> of <a href=\"/game-bestof3-gen9vgc2025reggbo3-2330448305\">a best-of-3</a></h2>\n|t:|1743229550\n|gametype|doubles\n|player|p1|Picha101|lucas|1078\n|player|p2|EnchantDark|101|1069\n|teamsize|p1|6\n|teamsize|p2|6\n|gen|9\n|tier|[Gen 9] VGC 2025 Reg G (Bo3)\n|rated|\n|rule|Species Clause: Limit one of each Pok\u00e9mon\n|rule|Item Clause: Limit 1 of each item\n|clearpoke\n|poke|p1|Miraidon, L50|\n|poke|p1|Pikachu, L50, M|\n|poke|p1|Incineroar, L50, M|\n|poke|p1|Ogerpon-Wellspring, L50, F|\n|poke|p1|Landorus-Therian, L50, M|\n|poke|p1|Chien-Pao, L50|\n|poke|p2|Koraidon, L50|\n|poke|p2|Whimsicott, L50, M|\n|poke|p2|Charizard, L50, F|\n|poke|p2|Lilligant-Hisui, L50, F|\n|poke|p2|Typhlosion-Hisui, L50, M|\n|poke|p2|Ogerpon-Wellspring, L50, F|\n|teampreview|4\n|showteam|p1|Miraidon||ChoiceSpecs|HadronEngine|ElectroDrift,DracoMeteor,Discharge,Uturn||||||50|,,,,,Electric]Pikachu||LightBall|LightningRod|Electroweb,VoltSwitch,GrassKnot,AlluringVoice|||M|||50|,,,,,Flying]Incineroar||SitrusBerry|Intimidate|FlareBlitz,KnockOff,PartingShot,FakeOut|||M|||50|,,,,,Grass]Ogerpon-Wellspring||WellspringMask|WaterAbsorb|WoodHammer,IvyCudgel,FollowMe,SpikyShield|||F|||50|,,,,,Water]Landorus-Therian||ChoiceScarf|Intimidate|TeraBlast,RockSlide,StompingTantrum,Uturn|||M|||50|,,,,,Flying]Chien-Pao||FocusSash|SwordofRuin|IcicleCrash,SuckerPunch,SacredSword,Protect||||||50|,,,,,Stellar\n|showteam|p2|Koraidon||ChoiceBand|OrichalcumPulse|CollisionCourse,FlareBlitz,WildCharge,DragonClaw||||||50|,,,,,Fighting]Whimsicott||CovertCloak|Prankster|SunnyDay,HelpingHand,Moonblast,Tailwind|||M|||50|,,,,,Dark]Charizard||LifeOrb|SolarPower|Flamethrower,SolarBeam,DragonPulse,HeatWave|||F|||50|,,,,,Dragon]Lilligant-Hisui||FocusSash|Chlorophyll|AxeKick,SolarBlade,TripleAxel,Protect|||F|||50|,,,,,Water]Typhlosion-Hisui||ChoiceSpecs|Blaze|FireBlast,Eruption,ShadowBall,TeraBlast|||M|||50|,,,,,Water]Ogerpon-Wellspring||WellspringMask|WaterAbsorb|IvyCudgel,HornLeech,SpikyShield,FollowMe|||F|||50|,,,,,Water\n|\n|t:|1743229577\n|start\n|switch|p1a: Miraidon|Miraidon, L50|100/100\n|switch|p1b: Pikachu|Pikachu, L50, M|100/100\n|switch|p2a: Whimsicott|Whimsicott, L50, M|100/100\n|switch|p2b: Charizard|Charizard, L50, F|100/100\n|-fieldstart|move: Electric Terrain|[from] ability: Hadron Engine|[of] p1a: Miraidon\n|turn|1\n|\n|t:|1743229607\n|-terastallize|p1a: Miraidon|Electric\n|move|p2a: Whimsicott|Tailwind|p2a: Whimsicott\n|-sidestart|p2: EnchantDark|move: Tailwind\n|move|p2b: Charizard|Dragon Pulse|p1a: Miraidon\n|-damage|p1a: Miraidon|68/100\n|-damage|p2b: Charizard|91/100|[from] item: Life Orb\n|move|p1a: Miraidon|Discharge|p2b: Charizard|[spread] p2a,p2b\n|-ability|p1b: Pikachu|Lightning Rod|boost\n|-boost|p1b: Pikachu|spa|1\n|-resisted|p2a: Whimsicott\n|-supereffective|p2b: Charizard\n|-damage|p2a: Whimsicott|39/100\n|-damage|p2b: Charizard|0 fnt\n|faint|p2b: Charizard\n|move|p1b: Pikachu|Volt Switch|p2a: Whimsicott\n|-resisted|p2a: Whimsicott\n|-damage|p2a: Whimsicott|0 fnt\n|faint|p2a: Whimsicott\n|\n|t:|1743229628\n|switch|p1b: Landorus|Landorus-Therian, L50, M|100/100|[from] Volt Switch\n|\n|upkeep\n|\n|t:|1743229632\n|switch|p2b: Lilligant|Lilligant-Hisui, L50, F|100/100\n|switch|p2a: Koraidon|Koraidon, L50|100/100\n|-weather|SunnyDay|[from] ability: Orichalcum Pulse|[of] p2a: Koraidon\n|-activate|p2a: Koraidon|Orichalcum Pulse|[source]\n|turn|2\n|\n|t:|1743229649\n|move|p2b: Lilligant|Triple Axel|p1b: Landorus\n|-supereffective|p1b: Landorus\n|-damage|p1b: Landorus|66/100\n|-supereffective|p1b: Landorus\n|-damage|p1b: Landorus|5/100\n|-supereffective|p1b: Landorus\n|-damage|p1b: Landorus|0 fnt\n|faint|p1b: Landorus\n|-hitcount|p1: Landorus|3\n|move|p2a: Koraidon|Collision Course|p1a: Miraidon\n|-damage|p1a: Miraidon|0 fnt\n|faint|p1a: Miraidon\n|\n|-weather|SunnyDay|[upkeep]\n|upkeep\n|\n|t:|1743229665\n|switch|p1a: Pikachu|Pikachu, L50, M|100/100\n|switch|p1b: Chien-Pao|Chien-Pao, L50|100/100\n|-ability|p1b: Chien-Pao|Sword of Ruin\n|turn|3\n|\n|t:|1743229701\n|move|p2b: Lilligant|Axe Kick|p1a: Pikachu\n|-damage|p1a: Pikachu|0 fnt\n|faint|p1a: Pikachu\n|move|p2a: Koraidon|Collision Course|p1b: Chien-Pao\n|-supereffective|p1b: Chien-Pao\n|-enditem|p1b: Chien-Pao|Focus Sash\n|-damage|p1b: Chien-Pao|1/100\n|move|p1b: Chien-Pao|Icicle Crash|p2b: Lilligant\n|-supereffective|p2b: Lilligant\n|-enditem|p2b: Lilligant|Focus Sash\n|-damage|p2b: Lilligant|1/100\n|\n|-weather|SunnyDay|[upkeep]\n|upkeep\n|turn|4\n|\n|t:|1743229732\n|move|p1b: Chien-Pao|Sucker Punch|p2b: Lilligant\n|-resisted|p2b: Lilligant\n|-damage|p2b: Lilligant|0 fnt\n|faint|p2b: Lilligant\n|move|p2a: Koraidon|Collision Course|p1b: Chien-Pao\n|-supereffective|p1b: Chien-Pao\n|-damage|p1b: Chien-Pao|0 fnt\n|faint|p1b: Chien-Pao\n|\n|win|EnchantDark\n|raw|Picha101's rating: 1078 &rarr; <strong>1056</strong><br />(-22 for losing)\n|raw|EnchantDark's rating: 1069 &rarr; <strong>1099</strong><br />(+30 for winning)\n|l|\u2606Picha101\n|player|p1|\n|l|\u2606EnchantDark\n|player|p2|\n", "uploadtime": 1743230035, "views": 13, "formatid": "gen9vgc2025reggbo3", "rating": 1056, "private": 0, "password": null}