{"id": "gen9vgc2025reggbo3-2330424280", "format": "[Gen 9] VGC 2025 Reg G (Bo3)", "players": ["MrsKeishah", "lakeandbake"], "log": "|j|\u2606MrsKeishah\n|j|\u2606lakeandbake\n|html|<table width=\"100%\"><tr><td align=\"left\">MrsKeishah</td><td align=\"right\">lakeandbake</tr><tr><td align=\"left\"><i class=\"fa fa-circle-o\"></i> <i class=\"fa fa-circle-o\"></i> </td><td align=\"right\"><i class=\"fa fa-circle-o\"></i> <i class=\"fa fa-circle-o\"></i> </tr></table>\n|uhtml|bestof|<h2><strong>Game 1</strong> of <a href=\"/game-bestof3-gen9vgc2025reggbo3-2330424279\">a best-of-3</a></h2>\n|t:|1743225032\n|gametype|doubles\n|player|p1|MrsKeishah|lenora|1150\n|player|p2|lakeandbake|miku-flying|1189\n|teamsize|p1|6\n|teamsize|p2|6\n|gen|9\n|tier|[Gen 9] VGC 2025 Reg G (Bo3)\n|rated|\n|rule|Species Clause: Limit one of each Pok\u00e9mon\n|rule|Item Clause: Limit 1 of each item\n|clearpoke\n|poke|p1|Chesnaught, L50, F|\n|poke|p1|Eternatus, L50|\n|poke|p1|Grimmsnarl, L50, M|\n|poke|p1|Urshifu-*, L50, M|\n|poke|p1|Amoonguss, L50, F|\n|poke|p1|Heatran, L50, F|\n|poke|p2|Calyrex-Ice, L50|\n|poke|p2|Indeedee-F, L50, F|\n|poke|p2|Smeargle, L50, F|\n|poke|p2|Raging Bolt, L50|\n|poke|p2|Urshifu-*, L50, F|\n|poke|p2|Torkoal, L50, M|\n|teampreview|4\n|showteam|p1|Chesnaught||ClearAmulet|Bulletproof|WoodHammer,DrainPunch,WideGuard,SpikyShield|||F|||50|,,,,,Grass]Eternatus||LifeOrb|Pressure|SludgeWave,SludgeBomb,DynamaxCannon,Protect||||||50|,,,,,Poison]Grimmsnarl||LightClay|Prankster|LightScreen,Reflect,ThunderWave,SpiritBreak|||M|||50|,,,,,Ghost]Urshifu-Rapid-Strike||FocusSash|UnseenFist|SurgingStrikes,CloseCombat,AquaJet,Protect|||M|||50|,,,,,Water]Amoonguss||RockyHelmet|Regenerator|Spore,PollenPuff,RagePowder,Protect|||F|||50|,,,,,Dark]Heatran||SafetyGoggles|FlashFire|WillOWisp,HeatWave,HeavySlam,Protect|||F|||50|,,,,,Bug\n|showteam|p2|Calyrex-Ice||ClearAmulet|AsOneGlastrier|GlacialLance,CloseCombat,TrickRoom,Protect||||||50|,,,,,Fire]Indeedee-F||RockyHelmet|PsychicSurge|Psychic,FollowMe,HelpingHand,TrickRoom|||F|||50|,,,,,Fairy]Smeargle||FocusSash|Technician|FakeOut,Spore,FollowMe,Decorate|||F|||50|,,,,,Grass]Raging Bolt||SafetyGoggles|Protosynthesis|Thunderbolt,DracoMeteor,Thunderclap,Protect||||||50|,,,,,Electric]Urshifu||ChoiceBand|UnseenFist|WickedBlow,CloseCombat,SuckerPunch,IronHead|||F|||50|,,,,,Grass]Torkoal||ChoiceSpecs|Drought|Eruption,HeatWave,EarthPower,WeatherBall|||M|||50|,,,,,Fire\n|inactive|Battle timer is ON: inactive players will automatically lose when time's up. (requested by MrsKeishah)\n|inactive|lakeandbake has 60 seconds left.\n|\n|t:|1743225082\n|start\n|switch|p1a: Eternatus|Eternatus, L50|100/100\n|switch|p1b: Heatran|Heatran, L50, F|100/100\n|switch|p2a: Calyrex|Calyrex-Ice, L50|100/100\n|switch|p2b: Smeargle|Smeargle, L50, F|100/100\n|-ability|p2a: Calyrex|As One\n|-ability|p2a: Calyrex|Unnerve\n|-ability|p1a: Eternatus|Pressure\n|turn|1\n|inactive|MrsKeishah has 30 seconds left.\n|\n|t:|1743225120\n|-terastallize|p2a: Calyrex|Fire\n|move|p2b: Smeargle|Fake Out|p1a: Eternatus\n|-damage|p1a: Eternatus|95/100\n|cant|p1a: Eternatus|flinch\n|move|p1b: Heatran|Heat Wave|p2b: Smeargle|[spread] p2a,p2b\n|-resisted|p2a: Calyrex\n|-damage|p2a: Calyrex|89/100\n|-damage|p2b: Smeargle|10/100\n|move|p2a: Calyrex|Close Combat|p1b: Heatran\n|-supereffective|p1b: Heatran\n|-damage|p1b: Heatran|22/100\n|-unboost|p2a: Calyrex|def|1\n|-unboost|p2a: Calyrex|spd|1\n|\n|upkeep\n|turn|2\n|\n|t:|1743225138\n|move|p2b: Smeargle|Follow Me|p2b: Smeargle\n|-singleturn|p2b: Smeargle|move: Follow Me\n|move|p1a: Eternatus|Sludge Wave|p2a: Calyrex|[spread] p2a,p2b\n|-immune|p1b: Heatran\n|-damage|p2a: Calyrex|38/100\n|-damage|p2b: Smeargle|0 fnt\n|faint|p2b: Smeargle\n|-damage|p1a: Eternatus|85/100|[from] item: Life Orb\n|move|p1b: Heatran|Heat Wave|p2a: Calyrex\n|-resisted|p2a: Calyrex\n|-damage|p2a: Calyrex|14/100\n|move|p2a: Calyrex|Trick Room|p2a: Calyrex\n|-fieldstart|move: Trick Room|[of] p2a: Calyrex\n|\n|upkeep\n|\n|t:|1743225150\n|switch|p2b: Torkoal|Torkoal, L50, M|100/100\n|-weather|SunnyDay|[from] ability: Drought|[of] p2b: Torkoal\n|turn|3\n|\n|t:|1743225162\n|move|p1a: Eternatus|Protect|p1a: Eternatus\n|-singleturn|p1a: Eternatus|Protect\n|move|p2b: Torkoal|Eruption|p1a: Eternatus|[spread] \n|-activate|p1a: Eternatus|move: Protect\n|-start|p1b: Heatran|ability: Flash Fire\n|move|p2a: Calyrex|Glacial Lance|p1a: Eternatus|[spread] p1b\n|-activate|p1a: Eternatus|move: Protect\n|-resisted|p1b: Heatran\n|-damage|p1b: Heatran|9/100\n|move|p1b: Heatran|Heat Wave|p2a: Calyrex|[spread] p2a,p2b\n|-resisted|p2a: Calyrex\n|-resisted|p2b: Torkoal\n|-damage|p2a: Calyrex|0 fnt\n|-damage|p2b: Torkoal|47/100\n|faint|p2a: Calyrex\n|\n|-weather|SunnyDay|[upkeep]\n|upkeep\n|\n|t:|1743225177\n|switch|p2a: Raging Bolt|Raging Bolt, L50|100/100\n|-activate|p2a: Raging Bolt|ability: Protosynthesis\n|-start|p2a: Raging Bolt|protosynthesisspa\n|turn|4\n|-message|lakeandbake forfeited.\n|\n|win|MrsKeishah\n||lakeandbake is ready for game 2.\n||MrsKeishah is ready for game 2.\n|uhtml|next|Next: <a href=\"/battle-gen9vgc2025reggbo3-2330425360\"><strong>Game 2 of 3</strong></a>\n", "uploadtime": 1743225372, "views": 5, "formatid": "gen9vgc2025reggbo3", "rating": null, "private": 0, "password": null}