{"id": "gen9vgc2025reggbo3-2330418138", "format": "[Gen 9] VGC 2025 Reg G (Bo3)", "players": ["JJJ0k3", "kkps"], "log": "|j|\u2606JJJ0k3\n|j|\u2606kkps\n|html|<table width=\"100%\"><tr><td align=\"left\">JJJ0k3</td><td align=\"right\">kkps</tr><tr><td align=\"left\"><i class=\"fa fa-circle-o\"></i> <i class=\"fa fa-circle-o\"></i> </td><td align=\"right\"><i class=\"fa fa-circle-o\"></i> <i class=\"fa fa-circle-o\"></i> </tr></table>\n|uhtml|bestof|<h2><strong>Game 1</strong> of <a href=\"/game-bestof3-gen9vgc2025reggbo3-2330418137\">a best-of-3</a></h2>\n|t:|1743224043\n|gametype|doubles\n|player|p1|JJJ0k3|169|1126\n|player|p2|kkps|brock|1048\n|teamsize|p1|6\n|teamsize|p2|6\n|gen|9\n|tier|[Gen 9] VGC 2025 Reg G (Bo3)\n|rated|\n|rule|Species Clause: Limit one of each Pok\u00e9mon\n|rule|Item Clause: Limit 1 of each item\n|clearpoke\n|poke|p1|Zamazenta-*, L50|\n|poke|p1|Regieleki, L50|\n|poke|p1|Incineroar, L50, M|\n|poke|p1|Farigiraf, L50, F|\n|poke|p1|Primarina, L50, M|\n|poke|p1|Ogerpon-Cornerstone, L50, F|\n|poke|p2|Sylveon, L50, F|\n|poke|p2|Iron Bundle, L50|\n|poke|p2|Urshifu-*, L50, F|\n|poke|p2|Great Tusk, L50|\n|poke|p2|Gholdengo, L50|\n|poke|p2|Tornadus, L50, M|\n|teampreview|4\n|showteam|p1|Zamazenta-Crowned||RustedShield|DauntlessShield|BodyPress,LightScreen,behemothbash,Protect||||||50|,,,,,Water]Regieleki||FocusSash|Transistor|Electroweb,VoltSwitch,Protect,ThunderCage||||||50|,,,,,Electric]Incineroar||RockyHelmet|Intimidate|FakeOut,Protect,PartingShot,FlareBlitz|||M|||50|,,,,,Ghost]Farigiraf||Leftovers|ArmorTail|Protect,HyperVoice,DazzlingGleam,TrickRoom|||F|||50|,,,,,Normal]Primarina||ThroatSpray|LiquidVoice|Protect,DazzlingGleam,HyperVoice,AlluringVoice|||M|||50|,,,,,Fire]Ogerpon-Cornerstone||CornerstoneMask|Sturdy|FollowMe,HornLeech,HelpingHand,IvyCudgel|||F|||50|,,,,,Rock\n|showteam|p2|Sylveon||BoosterEnergy|Pixilate|ShadowBall,Moonblast,HyperVoice,Protect|||F|||50|,,,,,Ghost]Iron Bundle||FocusSash|QuarkDrive|FreezeDry,HydroPump,IcyWind,Protect||||||50|,,,,,Ice]Urshifu-Rapid-Strike||SafetyGoggles|UnseenFist|SurgingStrikes,CloseCombat,Uturn,Protect|||F|||50|,,,,,Water]Great Tusk||ChoiceBand|Protosynthesis|HeadlongRush,Earthquake,CloseCombat,StealthRock||||||50|,,,,,Fighting]Gholdengo||ChoiceSpecs|GoodasGold|MakeItRain,ShadowBall,Thunderbolt,PowerGem||||||50|,,,,,Steel]Tornadus||HeavyDutyBoots|Defiant|Taunt,RainDance,BleakwindStorm,Tailwind|||M|||50|,,,,,Flying\n|\n|t:|1743224060\n|start\n|switch|p1a: Primarina|Primarina, L50, M|100/100\n|switch|p1b: Incineroar|Incineroar, L50, M|100/100\n|switch|p2a: Tornadus|Tornadus, L50, M|100/100\n|switch|p2b: Gholdengo|Gholdengo, L50|100/100\n|-ability|p1b: Incineroar|Intimidate|boost\n|-unboost|p2a: Tornadus|atk|1\n|-ability|p2a: Tornadus|Defiant|boost\n|-boost|p2a: Tornadus|atk|2\n|-unboost|p2b: Gholdengo|atk|1\n|turn|1\n|\n|t:|1743224083\n|move|p1b: Incineroar|Fake Out|p2a: Tornadus\n|-damage|p2a: Tornadus|87/100\n|cant|p2a: Tornadus|flinch\n|move|p2b: Gholdengo|Shadow Ball|p1b: Incineroar\n|-resisted|p1b: Incineroar\n|-damage|p1b: Incineroar|76/100\n|move|p1a: Primarina|Hyper Voice|p2b: Gholdengo|[spread] p2a,p2b\n|-damage|p2a: Tornadus|40/100\n|-damage|p2b: Gholdengo|60/100\n|-enditem|p1a: Primarina|Throat Spray\n|-boost|p1a: Primarina|spa|1|[from] item: Throat Spray\n|\n|upkeep\n|turn|2\n|\n|t:|1743224101\n|switch|p2b: Iron Bundle|Iron Bundle, L50|100/100\n|move|p1a: Primarina|Protect|p1a: Primarina\n|-singleturn|p1a: Primarina|Protect\n|move|p2a: Tornadus|Bleakwind Storm|p1b: Incineroar|[spread] p1b\n|-activate|p1a: Primarina|move: Protect\n|-damage|p1b: Incineroar|52/100\n|move|p1b: Incineroar|Flare Blitz|p2b: Iron Bundle\n|-damage|p2b: Iron Bundle|34/100\n|-damage|p1b: Incineroar|37/100|[from] Recoil\n|\n|upkeep\n|turn|3\n|\n|t:|1743224120\n|move|p1b: Incineroar|Protect|p1b: Incineroar\n|-singleturn|p1b: Incineroar|Protect\n|move|p2b: Iron Bundle|Hydro Pump|p1b: Incineroar\n|-activate|p1b: Incineroar|move: Protect\n|move|p2a: Tornadus|Tailwind|p2a: Tornadus\n|-sidestart|p2: kkps|move: Tailwind\n|move|p1a: Primarina|Dazzling Gleam|p2a: Tornadus|[spread] p2a,p2b\n|-damage|p2a: Tornadus|0 fnt\n|-damage|p2b: Iron Bundle|0 fnt\n|faint|p2a: Tornadus\n|faint|p2b: Iron Bundle\n|-end|p2b: Iron Bundle|Quark Drive|[silent]\n|\n|upkeep\n|-message|kkps forfeited.\n|raw|JJJ0k3's rating: 1126 &rarr; <strong>1145</strong><br />(+19 for winning)\n|raw|kkps's rating: 1048 &rarr; <strong>1035</strong><br />(-13 for losing)\n|\n|win|JJJ0k3\n|l|\u2606kkps\n|player|p2|\n|l|\u2606JJJ0k3\n|player|p1|\n", "uploadtime": 1743224524, "views": 6, "formatid": "gen9vgc2025reggbo3", "rating": 1035, "private": 0, "password": null}