{"id": "gen9vgc2025reggbo3-2330465201", "format": "[Gen 9] VGC 2025 Reg G (Bo3)", "players": ["Amewarashi", "enyelvgc"], "log": "|j|\u2606Amewarashi\n|j|\u2606enyelvgc\n|html|<table width=\"100%\"><tr><td align=\"left\">Amewarashi</td><td align=\"right\">enyelvgc</tr><tr><td align=\"left\"><i class=\"fa fa-circle-o\"></i> <i class=\"fa fa-circle-o\"></i> </td><td align=\"right\"><i class=\"fa fa-circle-o\"></i> <i class=\"fa fa-circle-o\"></i> </tr></table>\n|uhtml|bestof|<h2><strong>Game 1</strong> of <a href=\"/game-bestof3-gen9vgc2025reggbo3-2330465200\">a best-of-3</a></h2>\n|t:|1743232665\n|gametype|doubles\n|player|p1|Amewarashi|266|1084\n|player|p2|enyelvgc|101|1292\n|teamsize|p1|6\n|teamsize|p2|6\n|gen|9\n|tier|[Gen 9] VGC 2025 Reg G (Bo3)\n|rated|\n|rule|Species Clause: Limit one of each Pok\u00e9mon\n|rule|Item Clause: Limit 1 of each item\n|clearpoke\n|poke|p1|Incineroar, L50, F|\n|poke|p1|Farigiraf, L50, M|\n|poke|p1|Whimsicott, L50, M|\n|poke|p1|Flutter Mane, L50|\n|poke|p1|Koraidon, L50|\n|poke|p1|Iron Hands, L50|\n|poke|p2|Indeedee-F, L50, F|\n|poke|p2|Calyrex-Ice, L50|\n|poke|p2|Torkoal, L50, M|\n|poke|p2|Raging Bolt, L50|\n|poke|p2|Kingambit, L50, M|\n|poke|p2|Flamigo, L50, M|\n|teampreview|4\n|showteam|p1|Incineroar||SafetyGoggles|Intimidate|FakeOut,PartingShot,KnockOff,Protect|||F|||50|,,,,,Ghost]Farigiraf||ThroatSpray|ArmorTail|HyperVoice,Protect,Psychic,TrickRoom|||M|||50|,,,,,Fairy]Whimsicott||CovertCloak|Prankster|Tailwind,Moonblast,Protect,Taunt|||M|||50|,,,,,Fairy]Flutter Mane||FocusSash|Protosynthesis|DazzlingGleam,ShadowBall,Protect,IcyWind||||||50|,,,,,Dark]Koraidon||LifeOrb|OrichalcumPulse|FlameCharge,FlareBlitz,CloseCombat,Protect||||||50|,,,,,Fire]Iron Hands||AssaultVest|QuarkDrive|VoltSwitch,FakeOut,CloseCombat,IcePunch||||||50|,,,,,Ghost\n|showteam|p2|Indeedee-F||RockyHelmet|PsychicSurge|Psychic,HelpingHand,FollowMe,TrickRoom|||F|||50|,,,,,Fairy]Calyrex-Ice||ClearAmulet|AsOneGlastrier|GlacialLance,CloseCombat,TrickRoom,Protect||||||50|,,,,,Fire]Torkoal||Charcoal|Drought|Eruption,Overheat,WeatherBall,Protect|||M|||50|,,,,,Fire]Raging Bolt||LifeOrb|Protosynthesis|DracoMeteor,Thunderbolt,Thunderclap,Protect||||||50|,,,,,Electric]Kingambit||SafetyGoggles|Defiant|KowtowCleave,SwordsDance,Protect,SuckerPunch|||M|||50|,,,,,Dragon]Flamigo||FocusSash|Scrappy|CloseCombat,DualWingbeat,Protect,WideGuard|||M|||50|,,,,,Stellar\n|inactive|Battle timer is ON: inactive players will automatically lose when time's up. (requested by Amewarashi)\n|inactive|enyelvgc has 60 seconds left.\n|\n|t:|1743232697\n|start\n|switch|p1a: Koraidon|Koraidon, L50|100/100\n|switch|p1b: Incineroar|Incineroar, L50, F|100/100\n|switch|p2a: Indeedee|Indeedee-F, L50, F|100/100\n|switch|p2b: Calyrex|Calyrex-Ice, L50|100/100\n|-ability|p2b: Calyrex|As One\n|-ability|p2b: Calyrex|Unnerve\n|-weather|SunnyDay|[from] ability: Orichalcum Pulse|[of] p1a: Koraidon\n|-activate|p1a: Koraidon|Orichalcum Pulse|[source]\n|-fieldstart|move: Psychic Terrain|[from] ability: Psychic Surge|[of] p2a: Indeedee\n|-ability|p1b: Incineroar|Intimidate|boost\n|-unboost|p2a: Indeedee|atk|1\n|-fail|p2b: Calyrex|unboost|[from] item: Clear Amulet|[of] p2b: Calyrex\n|turn|1\n|inactive|Amewarashi has 30 seconds left.\n|\n|t:|1743232723\n|-terastallize|p1a: Koraidon|Fire\n|move|p2a: Indeedee|Follow Me|p2a: Indeedee\n|-singleturn|p2a: Indeedee|move: Follow Me\n|move|p1a: Koraidon|Flame Charge|p2a: Indeedee\n|-damage|p2a: Indeedee|18/100\n|-boost|p1a: Koraidon|spe|1\n|-damage|p1a: Koraidon|84/100|[from] item: Rocky Helmet|[of] p2a: Indeedee\n|-damage|p1a: Koraidon|74/100|[from] item: Life Orb\n|move|p1b: Incineroar|Knock Off|p2a: Indeedee\n|-supereffective|p2a: Indeedee\n|-damage|p2a: Indeedee|0 fnt\n|-damage|p1b: Incineroar|84/100|[from] item: Rocky Helmet|[of] p2a: Indeedee\n|-enditem|p2a: Indeedee|Rocky Helmet|[from] move: Knock Off|[of] p1b: Incineroar\n|faint|p2a: Indeedee\n|move|p2b: Calyrex|Trick Room|p2b: Calyrex\n|-fieldstart|move: Trick Room|[of] p2b: Calyrex\n|\n|-weather|SunnyDay|[upkeep]\n|upkeep\n|\n|t:|1743232739\n|switch|p2a: Torkoal|Torkoal, L50, M|100/100\n|turn|2\n|inactive|Amewarashi has 30 seconds left.\n|\n|t:|1743232765\n|-terastallize|p2a: Torkoal|Fire\n|move|p1b: Incineroar|Protect|p1b: Incineroar\n|-singleturn|p1b: Incineroar|Protect\n|move|p2a: Torkoal|Eruption|p1a: Koraidon|[spread] p1a\n|-activate|p1b: Incineroar|move: Protect\n|-resisted|p1a: Koraidon\n|-damage|p1a: Koraidon|20/100\n|move|p2b: Calyrex|Glacial Lance|p1b: Incineroar|[spread] p1a\n|-activate|p1b: Incineroar|move: Protect\n|-resisted|p1a: Koraidon\n|-damage|p1a: Koraidon|0 fnt\n|faint|p1a: Koraidon\n|-ability|p2b: Calyrex|Chilling Neigh|boost\n|-boost|p2b: Calyrex|atk|1\n|\n|-weather|SunnyDay|[upkeep]\n|upkeep\n|-message|Amewarashi forfeited.\n|\n|win|enyelvgc\n|l|\u2606Amewarashi\n|player|p1|\n||enyelvgc is ready for game 2.\n||Amewarashi is ready for game 2.\n|uhtml|next|Next: <a href=\"/battle-gen9vgc2025reggbo3-2330465783\"><strong>Game 2 of 3</strong></a>\n|l|\u2606enyelvgc\n|player|p2|\n", "uploadtime": 1743233142, "views": 5, "formatid": "gen9vgc2025reggbo3", "rating": null, "private": 0, "password": null}