{"id": "gen9vgc2025reggbo3-2330504269", "format": "[Gen 9] VGC 2025 Reg G (Bo3)", "players": ["alanalna", "synekkkkk"], "log": "|j|\u2606alanalna\n|j|\u2606synekkkkk\n|html|<table width=\"100%\"><tr><td align=\"left\">alanalna</td><td align=\"right\">synekkkkk</tr><tr><td align=\"left\"><i class=\"fa fa-circle-o\"></i> <i class=\"fa fa-circle-o\"></i> </td><td align=\"right\"><i class=\"fa fa-circle-o\"></i> <i class=\"fa fa-circle-o\"></i> </tr></table>\n|uhtml|bestof|<h2><strong>Game 1</strong> of <a href=\"/game-bestof3-gen9vgc2025reggbo3-2330504268\">a best-of-3</a></h2>\n|t:|1743241034\n|gametype|doubles\n|player|p1|alanalna|emmet|1028\n|player|p2|synekkkkk|169|1094\n|teamsize|p1|6\n|teamsize|p2|6\n|gen|9\n|tier|[Gen 9] VGC 2025 Reg G (Bo3)\n|rated|\n|rule|Species Clause: Limit one of each Pok\u00e9mon\n|rule|Item Clause: Limit 1 of each item\n|clearpoke\n|poke|p1|Miraidon, L50|\n|poke|p1|Sneasler, L50, M|\n|poke|p1|Tornadus, L50, M|\n|poke|p1|Iron Hands, L50|\n|poke|p1|Farigiraf, L50, M|\n|poke|p1|Incineroar, L50, F|\n|poke|p2|Miraidon, L50|\n|poke|p2|Rotom-Wash, L50|\n|poke|p2|Iron Hands, L50|\n|poke|p2|Sandy Shocks, L50|\n|poke|p2|Zapdos, L50|\n|poke|p2|Magnezone, L50|\n|teampreview|4\n|showteam|p1|Miraidon||ChoiceSpecs|HadronEngine|VoltSwitch,DracoMeteor,ElectroDrift,Discharge||||||50|,,,,,Electric]Sneasler||LumBerry|Unburden|Acrobatics,CloseCombat,DireClaw,Protect|||M|||50|,,,,,Flying]Tornadus||CovertCloak|Prankster|Swagger,Tailwind,BleakwindStorm,Protect|||M|||50|,,,,,Dark]Iron Hands||AssaultVest|QuarkDrive|WildCharge,FakeOut,DrainPunch,IcePunch||||||50|,,,,,Fairy]Farigiraf||MentalHerb|ArmorTail|DazzlingGleam,TrickRoom,Imprison,Protect|||M|||50|,,,,,Fairy]Incineroar||SafetyGoggles|Intimidate|FakeOut,FlareBlitz,PartingShot,Protect|||F|||50|,,,,,Ghost\n|showteam|p2|Miraidon||LifeOrb|HadronEngine|FlashCannon,DazzlingGleam,CalmMind,ElectroDrift||||||50|,,,,,Fairy]Rotom-Wash||SitrusBerry|Levitate|Electroweb,HelpingHand,VoltSwitch,WillOWisp||||||50|,,,,,Electric]Iron Hands||AssaultVest|QuarkDrive|FakeOut,DrainPunch,WildCharge,IcePunch||||||50|,,,,,Grass]Sandy Shocks||BoosterEnergy|Protosynthesis|Spikes,StealthRock,VoltSwitch,Electroweb||||||50|,,,,,Grass]Zapdos||CovertCloak|Static|Roost,Discharge,HeatWave,Tailwind||||||50|,,,,,Electric]Magnezone||Leftovers|Analytic|FlashCannon,Electroweb,Protect,TeraBlast||||||50|,,,,,Water\n|inactive|Battle timer is ON: inactive players will automatically lose when time's up. (requested by alanalna)\n|\n|t:|1743241068\n|start\n|switch|p1a: Sneasler|Sneasler, L50, M, shiny|100/100\n|switch|p1b: Tornadus|Tornadus, L50, M, shiny|100/100\n|switch|p2a: Sandy Shocks|Sandy Shocks, L50|100/100\n|switch|p2b: Iron Hands|Iron Hands, L50|100/100\n|-enditem|p2a: Sandy Shocks|Booster Energy\n|-activate|p2a: Sandy Shocks|ability: Protosynthesis|[fromitem]\n|-start|p2a: Sandy Shocks|protosynthesisspe\n|turn|1\n|\n|t:|1743241093\n|move|p2b: Iron Hands|Fake Out|p1b: Tornadus\n|-crit|p1b: Tornadus\n|-damage|p1b: Tornadus|73/100\n|move|p1b: Tornadus|Swagger|p1a: Sneasler\n|-boost|p1a: Sneasler|atk|2\n|-start|p1a: Sneasler|confusion\n|-enditem|p1a: Sneasler|Lum Berry|[eat]\n|-end|p1a: Sneasler|confusion\n|move|p1a: Sneasler|Acrobatics|p2b: Iron Hands\n|-damage|p2b: Iron Hands|53/100\n|move|p2a: Sandy Shocks|Spikes|p1a: Sneasler\n|-sidestart|p1: alanalna|Spikes\n|\n|upkeep\n|turn|2\n|inactive|alanalna has 30 seconds left.\n|\n|t:|1743241118\n|switch|p1b: Miraidon|Miraidon, L50|100/100\n|-damage|p1b: Miraidon|88/100|[from] Spikes\n|-fieldstart|move: Electric Terrain|[from] ability: Hadron Engine|[of] p1b: Miraidon\n|-activate|p2b: Iron Hands|ability: Quark Drive\n|-start|p2b: Iron Hands|quarkdriveatk\n|move|p1a: Sneasler|Protect|p1a: Sneasler\n|-singleturn|p1a: Sneasler|Protect\n|move|p2a: Sandy Shocks|Stealth Rock|p1b: Miraidon\n|-sidestart|p1: alanalna|move: Stealth Rock\n|move|p2b: Iron Hands|Ice Punch|p1b: Miraidon\n|-supereffective|p1b: Miraidon\n|-crit|p1b: Miraidon\n|-damage|p1b: Miraidon|0 fnt\n|faint|p1b: Miraidon\n|\n|upkeep\n|l|\u2606alanalna\n|inactive|alanalna disconnected and has a minute to reconnect!\n|player|p1|\n|inactive|alanalna has 30 seconds left.\n|inactive|alanalna has 20 seconds left.\n|inactive|alanalna has 15 seconds left.\n|inactive|alanalna has 10 seconds left.\n|inactive|alanalna has 5 seconds left.\n|-message|alanalna lost due to inactivity.\n|\n|win|synekkkkk\n||synekkkkk is ready for game 2.\n|l|\u2606synekkkkk\n|player|p2|\n|inactive|alanalna has 0 seconds to reconnect!\n|j|\u2606synekkkkk\n|player|p2|synekkkkk|169|\n|l|\u2606synekkkkk\n|player|p2|\n|raw|alanalna's rating: 1028 &rarr; <strong>1016</strong><br />(-12 for losing)\n|raw|synekkkkk's rating: 1094 &rarr; <strong>1115</strong><br />(+21 for winning)\n", "uploadtime": 1743241486, "views": 6, "formatid": "gen9vgc2025reggbo3", "rating": 1016, "private": 0, "password": null}