{"id": "gen9vgc2025reggbo3-2330488279", "format": "[Gen 9] VGC 2025 Reg G (Bo3)", "players": ["Cheesey027", "ushitsune"], "log": "|j|\u2606Cheesey027\n|j|\u2606ushitsune\n|html|<table width=\"100%\"><tr><td align=\"left\">Cheesey027</td><td align=\"right\">ushitsune</tr><tr><td align=\"left\"><i class=\"fa fa-circle\"></i> <i class=\"fa fa-circle-o\"></i> </td><td align=\"right\"><i class=\"fa fa-circle-o\"></i> <i class=\"fa fa-circle-o\"></i> </tr></table>\n|uhtml|bestof|<h2><strong>Game 2</strong> of <a href=\"/game-bestof3-gen9vgc2025reggbo3-2330487092\">a best-of-3</a></h2>\n|t:|1743237695\n|gametype|doubles\n|player|p1|Cheesey027|sailor|1122\n|player|p2|ushitsune|steven|1287\n|teamsize|p1|6\n|teamsize|p2|6\n|gen|9\n|tier|[Gen 9] VGC 2025 Reg G (Bo3)\n|rated|\n|rule|Species Clause: Limit one of each Pok\u00e9mon\n|rule|Item Clause: Limit 1 of each item\n|clearpoke\n|poke|p1|Palkia-Origin, L50|\n|poke|p1|Ogerpon-Wellspring, L50, F|\n|poke|p1|Pelipper, L50, F|\n|poke|p1|Iron Jugulis, L50|\n|poke|p1|Raging Bolt, L50|\n|poke|p1|Farigiraf, L50, F|\n|poke|p2|Farigiraf, L50, M|\n|poke|p2|Rillaboom, L50, M|\n|poke|p2|Chi-Yu, L50|\n|poke|p2|Kyogre, L50|\n|poke|p2|Tornadus, L50, M|\n|poke|p2|Raging Bolt, L50|\n|teampreview|4\n|showteam|p1|Palkia-Origin||LustrousGlobe|Telepathy|Surf,SpacialRend,HydroPump,Protect||||||50|,,,,,Water]Ogerpon-Wellspring||WellspringMask|WaterAbsorb|IvyCudgel,FollowMe,HornLeech,Protect|||F|||50|,,,,,Water]Pelipper||FocusSash|Drizzle|Protect,WideGuard,Hurricane,WeatherBall|||F|||50|,,,,,Ground]Iron Jugulis||BoosterEnergy|QuarkDrive|Tailwind,DarkPulse,Protect,DragonCheer||||||50|,,,,,Dark]Raging Bolt||AssaultVest|Protosynthesis|Electroweb,Thunderbolt,Thunderclap,DracoMeteor||||||50|,,,,,Electric]Farigiraf||SafetyGoggles|ArmorTail|TrickRoom,HelpingHand,PsychicNoise,FoulPlay|||F|||50|,,,,,Normal\n|showteam|p2|Farigiraf||SafetyGoggles|ArmorTail|HyperVoice,FoulPlay,Imprison,TrickRoom|||M|||50|,,,,,Fairy]Rillaboom||ClearAmulet|GrassySurge|FakeOut,GrassyGlide,KnockOff,Uturn|||M|||50|,,,,,Fire]Chi-Yu||FocusSash|BeadsofRuin|Overheat,Snarl,TeraBlast,Protect||||||50|,,,,,Ground]Kyogre||MysticWater|Drizzle|OriginPulse,WaterSpout,IceBeam,Protect||||||50|,,,,,Grass]Tornadus||CovertCloak|Prankster|BleakwindStorm,Tailwind,RainDance,Taunt|||M|||50|,,,,,Dark]Raging Bolt||AssaultVest|Protosynthesis|Thunderclap,DragonPulse,Electroweb,TeraBlast||||||50|,,,,,Water\n|inactive|Battle timer is ON: inactive players will automatically lose when time's up. (requested by Cheesey027)\n|inactive|Cheesey027 has 60 seconds left.\n|inactive|Cheesey027 has 30 seconds left.\n|inactive|Cheesey027 has 20 seconds left.\n|inactive|Cheesey027 has 15 seconds left.\n|inactive|Cheesey027 has 10 seconds left.\n|inactive|Cheesey027 has 5 seconds left.\n|\n|t:|1743237786\n|start\n|switch|p1a: Palkia|Palkia-Origin, L50|100/100\n|switch|p1b: Ogerpon|Ogerpon-Wellspring, L50, F|100/100\n|switch|p2a: Raging Bolt|Raging Bolt, L50|100/100\n|switch|p2b: Tornadus|Tornadus, L50, M|100/100\n|turn|1\n|inactive|Cheesey027 has 30 seconds left.\n|inactive|Cheesey027 has 20 seconds left.\n|inactive|Cheesey027 has 15 seconds left.\n|inactive|Cheesey027 has 10 seconds left.\n|l|\u2606Cheesey027\n|inactive|Cheesey027 disconnected and has a minute to reconnect!\n|player|p1|\n|inactive|Cheesey027 has 5 seconds left.\n|-message|Cheesey027 lost due to inactivity.\n|\n|win|ushitsune\n||ushitsune is ready for game 3.\n|inactive|Cheesey027 has 30 seconds to confirm battle start!\n|inactive|Cheesey027 has 20 seconds to confirm battle start!\n|inactive|Cheesey027 has 10 seconds to confirm battle start!\n|uhtml|next|Next: <a href=\"/battle-gen9vgc2025reggbo3-2330489120\"><strong>Game 3 of 3</strong></a>\n|l|\u2606ushitsune\n|player|p2|\n", "uploadtime": 1743238168, "views": 6, "formatid": "gen9vgc2025reggbo3", "rating": null, "private": 0, "password": null}