{"id": "gen9vgc2025reggbo3-2330456951", "format": "[Gen 9] VGC 2025 Reg G (Bo3)", "players": ["useless0o0", "belac121"], "log": "|j|\u2606useless0o0\n|j|\u2606belac121\n|html|<table width=\"100%\"><tr><td align=\"left\">useless0o0</td><td align=\"right\">belac121</tr><tr><td align=\"left\"><i class=\"fa fa-circle-o\"></i> <i class=\"fa fa-circle-o\"></i> </td><td align=\"right\"><i class=\"fa fa-circle-o\"></i> <i class=\"fa fa-circle-o\"></i> </tr></table>\n|uhtml|bestof|<h2><strong>Game 1</strong> of <a href=\"/game-bestof3-gen9vgc2025reggbo3-2330456950\">a best-of-3</a></h2>\n|t:|1743230988\n|gametype|doubles\n|player|p1|useless0o0|266|1141\n|player|p2|belac121|clemont|1215\n|teamsize|p1|6\n|teamsize|p2|6\n|gen|9\n|tier|[Gen 9] VGC 2025 Reg G (Bo3)\n|rated|\n|rule|Species Clause: Limit one of each Pok\u00e9mon\n|rule|Item Clause: Limit 1 of each item\n|clearpoke\n|poke|p1|Flutter Mane, L50|\n|poke|p1|Koraidon, L50|\n|poke|p1|Amoonguss, L50, F|\n|poke|p1|Incineroar, L50, F|\n|poke|p1|Gothitelle, L50, F|\n|poke|p1|Scream Tail, L50|\n|poke|p2|Whimsicott, L50, F|\n|poke|p2|Regidrago, L50|\n|poke|p2|Zacian-*, L50|\n|poke|p2|Rillaboom, L50, M|\n|poke|p2|Incineroar, L50, M|\n|poke|p2|Urshifu-*, L50, M|\n|teampreview|4\n|showteam|p1|Flutter Mane||FocusSash|Protosynthesis|Protect,IcyWind,Moonblast,ShadowBall||||||50|,,,,,Normal]Koraidon||LifeOrb|OrichalcumPulse|Protect,FlameCharge,CloseCombat,FlareBlitz||||||50|,,,,,Fire]Amoonguss||MentalHerb|Regenerator|Protect,RagePowder,SludgeBomb,Spore|||F|||50|,,,,,Dark]Incineroar||SafetyGoggles|Intimidate|Protect,FlareBlitz,FakeOut,PartingShot|||F|||50|,,,,,Bug]Gothitelle||Leftovers|ShadowTag|Protect,Psychic,FakeOut,Taunt|||F|||50|,,,,,Water]Scream Tail||BoosterEnergy|Protosynthesis|Protect,Encore,Disable,PerishSong||||||50|,,,,,Dark\n|showteam|p2|Whimsicott||CovertCloak|Prankster|CottonSpore,Tailwind,Moonblast,Protect|||F|||50|,,,,,Dark]Regidrago||LifeOrb|DragonsMaw|DragonEnergy,DracoMeteor,EarthPower,Protect||||||50|,,,,,Ghost]Zacian-Crowned||RustedSword|IntrepidSword|behemothblade,PlayRough,SacredSword,Protect||||||50|,,,,,Grass]Rillaboom||AssaultVest|GrassySurge|WoodHammer,GrassyGlide,FakeOut,Uturn|||M|||50|,,,,,Fire]Incineroar||SafetyGoggles|Intimidate|KnockOff,FlareBlitz,PartingShot,FakeOut|||M|||50|,,,,,Ghost]Urshifu-Rapid-Strike||FocusSash|UnseenFist|SurgingStrikes,CloseCombat,Taunt,Detect|||M|||50|,,,,,Water\n|inactive|Battle timer is ON: inactive players will automatically lose when time's up. (requested by useless0o0)\n|inactive|belac121 has 60 seconds left.\n|\n|t:|1743231034\n|start\n|switch|p1a: Bike (sun)|Koraidon, L50|100/100\n|switch|p1b: Incineroar|Incineroar, L50, F|100/100\n|switch|p2a: Incineroar|Incineroar, L50, M, shiny|100/100\n|switch|p2b: Zacian|Zacian-Crowned, L50, shiny|100/100\n|-ability|p2b: Zacian|Intrepid Sword|boost\n|-boost|p2b: Zacian|atk|1\n|-weather|SunnyDay|[from] ability: Orichalcum Pulse|[of] p1a: Bike (sun)\n|-activate|p1a: Bike (sun)|Orichalcum Pulse|[source]\n|-ability|p2a: Incineroar|Intimidate|boost\n|-unboost|p1a: Bike (sun)|atk|1\n|-unboost|p1b: Incineroar|atk|1\n|-ability|p1b: Incineroar|Intimidate|boost\n|-unboost|p2a: Incineroar|atk|1\n|-unboost|p2b: Zacian|atk|1\n|turn|1\n|\n|t:|1743231057\n|switch|p2a: Rillaboom|Rillaboom, L50, M|100/100\n|-fieldstart|move: Grassy Terrain|[from] ability: Grassy Surge|[of] p2a: Rillaboom\n|move|p2b: Zacian|Protect|p2b: Zacian\n|-singleturn|p2b: Zacian|Protect\n|move|p1b: Incineroar|Fake Out|p2b: Zacian\n|-activate|p2b: Zacian|move: Protect\n|move|p1a: Bike (sun)|Flame Charge|p2a: Rillaboom\n|-supereffective|p2a: Rillaboom\n|-damage|p2a: Rillaboom|44/100\n|-boost|p1a: Bike (sun)|spe|1\n|-damage|p1a: Bike (sun)|91/100|[from] item: Life Orb\n|\n|-weather|SunnyDay|[upkeep]\n|-heal|p1a: Bike (sun)|97/100|[from] Grassy Terrain\n|-heal|p2a: Rillaboom|50/100|[from] Grassy Terrain\n|upkeep\n|turn|2\n|inactive|useless0o0 has 30 seconds left.\n|\n|t:|1743231082\n|move|p1a: Bike (sun)|Protect|p1a: Bike (sun)\n|-singleturn|p1a: Bike (sun)|Protect\n|move|p1b: Incineroar|Protect|p1b: Incineroar\n|-singleturn|p1b: Incineroar|Protect\n|move|p2a: Rillaboom|Fake Out|p1b: Incineroar\n|-activate|p1b: Incineroar|move: Protect\n|move|p2b: Zacian|Sacred Sword|p1b: Incineroar\n|-activate|p1b: Incineroar|move: Protect\n|\n|-weather|SunnyDay|[upkeep]\n|-heal|p1a: Bike (sun)|100/100|[from] Grassy Terrain\n|-heal|p2a: Rillaboom|56/100|[from] Grassy Terrain\n|upkeep\n|turn|3\n|\n|t:|1743231104\n|switch|p2a: Incineroar|Incineroar, L50, M, shiny|100/100\n|-ability|p2a: Incineroar|Intimidate|boost\n|-unboost|p1a: Bike (sun)|atk|1\n|-unboost|p1b: Incineroar|atk|1\n|move|p1a: Bike (sun)|Flare Blitz|p2b: Zacian\n|-supereffective|p2b: Zacian\n|-crit|p2b: Zacian\n|-damage|p2b: Zacian|0 fnt\n|faint|p2b: Zacian\n|-damage|p1a: Bike (sun)|69/100|[from] Recoil\n|-damage|p1a: Bike (sun)|60/100|[from] item: Life Orb\n|move|p1b: Incineroar|Flare Blitz|p2a: Incineroar\n|-resisted|p2a: Incineroar\n|-damage|p2a: Incineroar|88/100\n|-damage|p1b: Incineroar|97/100|[from] Recoil\n|\n|-weather|SunnyDay|[upkeep]\n|-heal|p1a: Bike (sun)|66/100|[from] Grassy Terrain\n|-heal|p2a: Incineroar|94/100|[from] Grassy Terrain\n|-heal|p1b: Incineroar|100/100|[from] Grassy Terrain\n|upkeep\n|-message|belac121 forfeited.\n|\n|win|useless0o0\n|l|\u2606belac121\n|player|p2|\n||useless0o0 is ready for game 2.\n||belac121 is ready for game 2.\n|uhtml|next|Next: <a href=\"/battle-gen9vgc2025reggbo3-2330457576\"><strong>Game 2 of 3</strong></a>\n", "uploadtime": 1743231447, "views": 5, "formatid": "gen9vgc2025reggbo3", "rating": null, "private": 0, "password": null}