{"id": "gen9vgc2025reggbo3-2330518352", "format": "[Gen 9] VGC 2025 Reg G (Bo3)", "players": ["wofley gickl", "ChrisMarrSmells"], "log": "|j|\u2606wofley gickl\n|j|\u2606ChrisMarrSmells\n|html|<table width=\"100%\"><tr><td align=\"left\">wofley gickl</td><td align=\"right\">ChrisMarrSmells</tr><tr><td align=\"left\"><i class=\"fa fa-circle-o\"></i> <i class=\"fa fa-circle-o\"></i> </td><td align=\"right\"><i class=\"fa fa-circle-o\"></i> <i class=\"fa fa-circle-o\"></i> </tr></table>\n|uhtml|bestof|<h2><strong>Game 1</strong> of <a href=\"/game-bestof3-gen9vgc2025reggbo3-2330518351\">a best-of-3</a></h2>\n|t:|1743243781\n|gametype|doubles\n|player|p1|wofley gickl|ninjaboy|\n|player|p2|ChrisMarrSmells|harlequin|\n|teamsize|p1|6\n|teamsize|p2|6\n|gen|9\n|tier|[Gen 9] VGC 2025 Reg G (Bo3)\n|rule|Species Clause: Limit one of each Pok\u00e9mon\n|rule|Item Clause: Limit 1 of each item\n|clearpoke\n|poke|p1|Noctowl, L50, M|\n|poke|p1|Kyogre, L50|\n|poke|p1|Landorus, L50, M|\n|poke|p1|Farigiraf, L50, M|\n|poke|p1|Iron Hands, L50|\n|poke|p1|Amoonguss, L50, M|\n|poke|p2|Dragapult, L50, M|\n|poke|p2|Iron Bundle, L50|\n|poke|p2|Whimsicott, L50, F|\n|poke|p2|Miraidon, L50|\n|poke|p2|Ogerpon-Hearthflame, L50, F|\n|poke|p2|Iron Hands, L50|\n|teampreview|4\n|showteam|p1|Noctowl||CovertCloak|TintedLens|Hurricane,Tailwind,SkillSwap,Haze|||M|||50|,,,,,Steel]Kyogre||MysticWater|Drizzle|WaterSpout,OriginPulse,IceBeam,Protect||||||50|,,,,,Water]Landorus||LifeOrb|SheerForce|EarthPower,SandsearStorm,SludgeBomb,Protect|||M|||50|,,,,,Poison]Farigiraf||RoomService|ArmorTail|Psychic,FoulPlay,TrickRoom,HelpingHand|||M|||50|,,,,,Water]Iron Hands||AssaultVest|QuarkDrive|DrainPunch,LowKick,WildCharge,FakeOut||||||50|,,,,,Grass]Amoonguss||RockyHelmet|Regenerator|Spore,RagePowder,PollenPuff,Protect|||M|||50|,,,,,Electric\n|showteam|p2|Dragapult||ChoiceBand|ClearBody|DragonDarts,TeraBlast,SuckerPunch,Uturn|||M|||50|,,,,,Ghost]Iron Bundle||BoosterEnergy|QuarkDrive|IcyWind,HydroPump,FreezeDry,Protect||||||50|,,,,,Ghost]Whimsicott||FocusSash|Prankster|Tailwind,Moonblast,Encore,Endeavor|||F|||50|,,,,,Ghost]Miraidon||ChoiceSpecs|HadronEngine|VoltSwitch,ElectroDrift,DracoMeteor,DazzlingGleam||||||50|,,,,,Fairy]Ogerpon-Hearthflame||HearthflameMask|MoldBreaker|IvyCudgel,WoodHammer,FollowMe,SpikyShield|||F|||50|,,,,,Fire]Iron Hands||AssaultVest|QuarkDrive|DrainPunch,WildCharge,LowKick,FakeOut||||||50|,,,,,Bug\n|\n|t:|1743243834\n|start\n|switch|p1a: Landorus|Landorus, L50, M|100/100\n|switch|p1b: Iron Hands|Iron Hands, L50|100/100\n|switch|p2a: Dragapult|Dragapult, L50, M|100/100\n|switch|p2b: Iron Bundle|Iron Bundle, L50|100/100\n|-enditem|p2b: Iron Bundle|Booster Energy\n|-activate|p2b: Iron Bundle|ability: Quark Drive|[fromitem]\n|-start|p2b: Iron Bundle|quarkdrivespe\n|turn|1\n|\n|t:|1743243851\n|move|p2b: Iron Bundle|Protect|p2b: Iron Bundle\n|-singleturn|p2b: Iron Bundle|Protect\n|move|p1a: Landorus|Protect|p1a: Landorus\n|-singleturn|p1a: Landorus|Protect\n|move|p2a: Dragapult|Dragon Darts|p1b: Iron Hands\n|-damage|p1b: Iron Hands|78/100\n|-anim|p2a: Dragapult|Dragon Darts|p1b: Iron Hands\n|-damage|p1b: Iron Hands|55/100\n|move|p1b: Iron Hands|Drain Punch|p2b: Iron Bundle\n|-activate|p2b: Iron Bundle|move: Protect\n|\n|upkeep\n|turn|2\n|\n|t:|1743243871\n|-terastallize|p1a: Landorus|Poison\n|move|p2b: Iron Bundle|Freeze-Dry|p1a: Landorus\n|-damage|p1a: Landorus|51/100\n|move|p2a: Dragapult|Dragon Darts|p1b: Iron Hands\n|-damage|p1b: Iron Hands|32/100\n|-anim|p2a: Dragapult|Dragon Darts|p1a: Landorus\n|-damage|p1a: Landorus|10/100\n|move|p1a: Landorus|Earth Power|p2a: Dragapult\n|-damage|p2a: Dragapult|5/100\n|move|p1b: Iron Hands|Drain Punch|p2b: Iron Bundle\n|-supereffective|p2b: Iron Bundle\n|-damage|p2b: Iron Bundle|0 fnt\n|-heal|p1b: Iron Hands|58/100|[from] drain|[of] p2b: Iron Bundle\n|faint|p2b: Iron Bundle\n|-end|p2b: Iron Bundle|Quark Drive|[silent]\n|\n|upkeep\n|\n|t:|1743243886\n|switch|p2b: Miraidon|Miraidon, L50|100/100\n|-fieldstart|move: Electric Terrain|[from] ability: Hadron Engine|[of] p2b: Miraidon\n|-activate|p1b: Iron Hands|ability: Quark Drive\n|-start|p1b: Iron Hands|quarkdriveatk\n|turn|3\n|\n|t:|1743243900\n|move|p2a: Dragapult|Dragon Darts|p1b: Iron Hands\n|-damage|p1b: Iron Hands|35/100\n|-anim|p2a: Dragapult|Dragon Darts|p1a: Landorus\n|-damage|p1a: Landorus|0 fnt\n|faint|p1a: Landorus\n|move|p2b: Miraidon|Dazzling Gleam|p1b: Iron Hands\n|-supereffective|p1b: Iron Hands\n|-damage|p1b: Iron Hands|0 fnt\n|faint|p1b: Iron Hands\n|-end|p1b: Iron Hands|Quark Drive|[silent]\n|\n|upkeep\n|\n|t:|1743243903\n|switch|p1a: Kyogre|Kyogre, L50|100/100\n|switch|p1b: Noctowl|Noctowl, L50, M|100/100\n|-weather|RainDance|[from] ability: Drizzle|[of] p1a: Kyogre\n|turn|4\n|\n|t:|1743243914\n|-terastallize|p2b: Miraidon|Fairy\n|move|p1a: Kyogre|Protect|p1a: Kyogre\n|-singleturn|p1a: Kyogre|Protect\n|move|p2a: Dragapult|Dragon Darts|p1b: Noctowl\n|-damage|p1b: Noctowl|41/100\n|-anim|p2a: Dragapult|Dragon Darts|p1b: Noctowl\n|-damage|p1b: Noctowl|0 fnt\n|faint|p1b: Noctowl\n|move|p2b: Miraidon|Dazzling Gleam|p1a: Kyogre\n|-activate|p1a: Kyogre|move: Protect\n|\n|-weather|RainDance|[upkeep]\n|upkeep\n|turn|5\n|-message|wofley gickl forfeited.\n|\n|win|ChrisMarrSmells\n||wofley gickl is ready for game 2.\n||ChrisMarrSmells is ready for game 2.\n|uhtml|next|Next: <a href=\"/battle-gen9vgc2025reggbo3-2330519132\"><strong>Game 2 of 3</strong></a>\n|l|\u2606wofley gickl\n|player|p1|\n|l|\u2606ChrisMarrSmells\n|player|p2|\n", "uploadtime": 1743244251, "views": 5, "formatid": "gen9vgc2025reggbo3", "rating": null, "private": 0, "password": null}