{"id": "gen9vgc2025reggbo3-2330446599", "format": "[Gen 9] VGC 2025 Reg G (Bo3)", "players": ["Velcraura2", "NoGuessing"], "log": "|j|\u2606Velcraura2\n|j|\u2606NoGuessing\n|html|<table width=\"100%\"><tr><td align=\"left\">Velcraura2</td><td align=\"right\">NoGuessing</tr><tr><td align=\"left\"><i class=\"fa fa-circle-o\"></i> <i class=\"fa fa-circle-o\"></i> </td><td align=\"right\"><i class=\"fa fa-circle-o\"></i> <i class=\"fa fa-circle-o\"></i> </tr></table>\n|uhtml|bestof|<h2><strong>Game 1</strong> of <a href=\"/game-bestof3-gen9vgc2025reggbo3-2330446598\">a best-of-3</a></h2>\n|t:|1743228949\n|gametype|doubles\n|player|p1|Velcraura2|hilda-wonderlauncher|\n|player|p2|NoGuessing|265|\n|teamsize|p1|6\n|teamsize|p2|6\n|gen|9\n|tier|[Gen 9] VGC 2025 Reg G (Bo3)\n|rule|Species Clause: Limit one of each Pok\u00e9mon\n|rule|Item Clause: Limit 1 of each item\n|clearpoke\n|poke|p1|Urshifu-*, L50, F|\n|poke|p1|Tornadus, L50, M|\n|poke|p1|Chien-Pao, L50|\n|poke|p1|Clefairy, L50, F|\n|poke|p1|Gastrodon, L50, M|\n|poke|p1|Toxtricity, L50, F|\n|poke|p2|Iron Hands, L50|\n|poke|p2|Indeedee-F, L50, F|\n|poke|p2|Iron Crown, L50|\n|poke|p2|Enamorus, L50, F|\n|poke|p2|Hydrapple, L50, M|\n|poke|p2|Swampert, L50, M|\n|teampreview|4\n|showteam|p1|Urshifu-Rapid-Strike||ChoiceScarf|UnseenFist|SurgingStrikes,CloseCombat,Uturn,AquaJet|||F|||50|,,,,,Fighting]Tornadus||CovertCloak|Prankster|TeraBlast,Tailwind,Taunt,RainDance|||M|||50|,,,,,Ground]Chien-Pao||FocusSash|SwordofRuin|IceSpinner,SuckerPunch,SacredSword,Protect||||||50|,,,,,Fighting]Clefairy||Eviolite|FriendGuard|HealPulse,HelpingHand,FollowMe,Protect|||F|||50|,,,,,Grass]Gastrodon||Leftovers|StormDrain|EarthPower,Surf,Recover,IceBeam|||M|||50|,,,,,Ground]Toxtricity||ThroatSpray|PunkRock|Encore,Boomburst,Overdrive,SludgeWave|||F|||50|,,,,,Flying\n|showteam|p2|Iron Hands||SitrusBerry|QuarkDrive|DrainPunch,SupercellSlam,Protect,FakeOut||||||50|,,,,,Steel]Indeedee-F||FigyBerry|PsychicSurge|TrickRoom,DazzlingGleam,Protect,FollowMe|||F|||50|,,,,,Fairy]Iron Crown||BoosterEnergy|QuarkDrive|ExpandingForce,TachyonCutter,VoltSwitch,Protect||||||50|,,,,,Water]Enamorus||ChoiceScarf|Contrary|Moonblast,EarthPower,SludgeBomb,SpringtideStorm|||F|||50|,,,,,Fairy]Hydrapple||AssaultVest|Regenerator|DracoMeteor,PollenPuff,EnergyBall,EarthPower|||M|||50|,,,,,Steel]Swampert||Leftovers|Torrent|HighHorsepower,FlipTurn,RockSlide,KnockOff|||M|||50|,,,,,Water\n|\n|t:|1743228962\n|start\n|switch|p1a: Urshifu|Urshifu-Rapid-Strike, L50, F|100/100\n|switch|p1b: Tornadus|Tornadus, L50, M, shiny|100/100\n|switch|p2a: Indeedee|Indeedee-F, L50, F|100/100\n|switch|p2b: Swampert|Swampert, L50, M|100/100\n|-fieldstart|move: Psychic Terrain|[from] ability: Psychic Surge|[of] p2a: Indeedee\n|turn|1\n|\n|t:|1743229001\n|move|p1b: Tornadus|Rain Dance|p1b: Tornadus\n|-weather|RainDance\n|move|p1a: Urshifu|U-turn|p2a: Indeedee\n|-supereffective|p2a: Indeedee\n|-damage|p2a: Indeedee|43/100\n|\n|t:|1743229006\n|switch|p1a: Chien-Pao|Chien-Pao, L50|100/100|[from] U-turn\n|-ability|p1a: Chien-Pao|Sword of Ruin\n|move|p2b: Swampert|Flip Turn|p1b: Tornadus\n|-damage|p1b: Tornadus|42/100\n|\n|t:|1743229014\n|switch|p2b: Iron Crown|Iron Crown, L50|100/100|[from] Flip Turn\n|-enditem|p2b: Iron Crown|Booster Energy\n|-activate|p2b: Iron Crown|ability: Quark Drive|[fromitem]\n|-start|p2b: Iron Crown|quarkdrivespa\n|move|p2a: Indeedee|Trick Room|p2a: Indeedee\n|-fieldstart|move: Trick Room|[of] p2a: Indeedee\n|\n|-weather|RainDance|[upkeep]\n|upkeep\n|turn|2\n|\n|t:|1743229034\n|-terastallize|p1b: Tornadus|Ground\n|move|p2a: Indeedee|Follow Me|p2a: Indeedee\n|-singleturn|p2a: Indeedee|move: Follow Me\n|move|p2b: Iron Crown|Tachyon Cutter|p1a: Chien-Pao\n|-supereffective|p1a: Chien-Pao\n|-enditem|p1a: Chien-Pao|Focus Sash\n|-damage|p1a: Chien-Pao|1/100\n|-supereffective|p1a: Chien-Pao\n|-damage|p1a: Chien-Pao|0 fnt\n|faint|p1a: Chien-Pao\n|-hitcount|p1: Chien-Pao|2\n|move|p1b: Tornadus|Tera Blast|p2a: Indeedee|[anim] Tera Blast Ground\n|-damage|p2a: Indeedee|11/100\n|-enditem|p2a: Indeedee|Figy Berry|[eat]\n|-heal|p2a: Indeedee|44/100|[from] item: Figy Berry\n|\n|-weather|RainDance|[upkeep]\n|upkeep\n|\n|t:|1743229061\n|switch|p1a: Urshifu|Urshifu-Rapid-Strike, L50, F|100/100\n|turn|3\n|\n|t:|1743229075\n|move|p2a: Indeedee|Dazzling Gleam|p1a: Urshifu|[spread] p1a,p1b\n|-supereffective|p1a: Urshifu\n|-damage|p1a: Urshifu|51/100\n|-damage|p1b: Tornadus|28/100\n|move|p2b: Iron Crown|Expanding Force|p1b: Tornadus|[spread] p1a,p1b\n|-supereffective|p1a: Urshifu\n|-damage|p1a: Urshifu|0 fnt\n|-damage|p1b: Tornadus|0 fnt\n|faint|p1a: Urshifu\n|faint|p1b: Tornadus\n|\n|-weather|RainDance|[upkeep]\n|upkeep\n|\n|t:|1743229081\n|switch|p1b: Gastrodon|Gastrodon, L50, M|100/100\n|turn|4\n|\n|t:|1743229088\n|move|p1b: Gastrodon|Earth Power|p2b: Iron Crown\n|-supereffective|p2b: Iron Crown\n|-damage|p2b: Iron Crown|16/100\n|move|p2a: Indeedee|Dazzling Gleam|p1b: Gastrodon\n|-damage|p1b: Gastrodon|79/100\n|move|p2b: Iron Crown|Expanding Force|p1b: Gastrodon\n|-damage|p1b: Gastrodon|0 fnt\n|faint|p1b: Gastrodon\n|\n|win|NoGuessing\n||NoGuessing is ready for game 2.\n||Velcraura2 is ready for game 2.\n|uhtml|next|Next: <a href=\"/battle-gen9vgc2025reggbo3-2330447365\"><strong>Game 2 of 3</strong></a>\n", "uploadtime": 1743229470, "views": 5, "formatid": "gen9vgc2025reggbo3", "rating": null, "private": 0, "password": null}