{"id": "gen9vgc2025reggbo3-2330455019", "format": "[Gen 9] VGC 2025 Reg G (Bo3)", "players": ["enyelvgc", "biglivingorganism"], "log": "|j|\u2606enyelvgc\n|j|\u2606biglivingorganism\n|html|<table width=\"100%\"><tr><td align=\"left\">enyelvgc</td><td align=\"right\">biglivingorganism</tr><tr><td align=\"left\"><i class=\"fa fa-circle-o\"></i> <i class=\"fa fa-circle-o\"></i> </td><td align=\"right\"><i class=\"fa fa-circle-o\"></i> <i class=\"fa fa-circle-o\"></i> </tr></table>\n|uhtml|bestof|<h2><strong>Game 1</strong> of <a href=\"/game-bestof3-gen9vgc2025reggbo3-2330455018\">a best-of-3</a></h2>\n|t:|1743230599\n|gametype|doubles\n|player|p1|enyelvgc|101|1315\n|player|p2|biglivingorganism|101|1290\n|teamsize|p1|6\n|teamsize|p2|6\n|gen|9\n|tier|[Gen 9] VGC 2025 Reg G (Bo3)\n|rated|\n|rule|Species Clause: Limit one of each Pok\u00e9mon\n|rule|Item Clause: Limit 1 of each item\n|clearpoke\n|poke|p1|Indeedee-F, L50, F|\n|poke|p1|Calyrex-Ice, L50|\n|poke|p1|Torkoal, L50, F|\n|poke|p1|Raging Bolt, L50|\n|poke|p1|Smeargle, L50, M|\n|poke|p1|Kingambit, L50, M|\n|poke|p2|Miraidon, L50|\n|poke|p2|Incineroar, L50, F|\n|poke|p2|Iron Hands, L50|\n|poke|p2|Iron Treads, L50|\n|poke|p2|Chi-Yu, L50|\n|poke|p2|Farigiraf, L50, M|\n|teampreview|4\n|showteam|p1|Indeedee-F||RockyHelmet|PsychicSurge|Psychic,HelpingHand,FollowMe,TrickRoom|||F|||50|,,,,,Fairy]Calyrex-Ice||ClearAmulet|AsOneGlastrier|GlacialLance,CloseCombat,TrickRoom,Protect||||||50|,,,,,Fire]Torkoal||Charcoal|Drought|Eruption,Overheat,WeatherBall,Protect|||F|||50|,,,,,Fire]Raging Bolt||LifeOrb|Protosynthesis|DracoMeteor,Thunderbolt,Thunderclap,Protect||||||50|,,,,,Electric]Smeargle||FocusSash|Moody|TrickRoom,FakeOut,FollowMe,Spore|||M|||50|,,,,,Grass]Kingambit||SafetyGoggles|Defiant|KowtowCleave,SwordsDance,Protect,TeraBlast|||M|||50|,,,,,Dragon\n|showteam|p2|Miraidon||ChoiceScarf|HadronEngine|ElectroDrift,VoltSwitch,DracoMeteor,DazzlingGleam||||||50|,,,,,Fairy]Incineroar||RockyHelmet|Intimidate|KnockOff,WillOWisp,Uturn,FakeOut|||F|||50|,,,,,Grass]Iron Hands||AssaultVest|QuarkDrive|DrainPunch,LowKick,HeavySlam,FakeOut||||||50|,,,,,Bug]Iron Treads||ChoiceBand|QuarkDrive|HighHorsepower,IronHead,SteelRoller,Earthquake||||||50|,,,,,Ghost]Chi-Yu||FocusSash|BeadsofRuin|HeatWave,Protect,DarkPulse,Overheat||||||50|,,,,,Ghost]Farigiraf||ElectricSeed|ArmorTail|Psychic,Roar,TrickRoom,LightScreen|||M|||50|,,,,,Flying\n|\n|t:|1743230657\n|start\n|switch|p1a: Indeedee|Indeedee-F, L50, F|100/100\n|switch|p1b: Calyrex|Calyrex-Ice, L50|100/100\n|switch|p2a: Miraidon|Miraidon, L50|100/100\n|switch|p2b: Chi-Yu|Chi-Yu, L50|100/100\n|-ability|p1b: Calyrex|As One\n|-ability|p1b: Calyrex|Unnerve\n|-fieldstart|move: Electric Terrain|[from] ability: Hadron Engine|[of] p2a: Miraidon\n|-ability|p2b: Chi-Yu|Beads of Ruin\n|-fieldstart|move: Psychic Terrain|[from] ability: Psychic Surge|[of] p1a: Indeedee\n|turn|1\n|inactive|Battle timer is ON: inactive players will automatically lose when time's up. (requested by enyelvgc)\n|inactive|biglivingorganism has 60 seconds left.\n|\n|t:|1743230693\n|-terastallize|p1b: Calyrex|Fire\n|move|p2a: Miraidon|Volt Switch|p1a: Indeedee\n|-damage|p1a: Indeedee|44/100\n|\n|t:|1743230698\n|switch|p2a: Incineroar|Incineroar, L50, F|100/100|[from] Volt Switch\n|-ability|p2a: Incineroar|Intimidate|boost\n|-unboost|p1a: Indeedee|atk|1\n|-fail|p1b: Calyrex|unboost|[from] item: Clear Amulet|[of] p1b: Calyrex\n|move|p2b: Chi-Yu|Dark Pulse|p1b: Calyrex\n|-damage|p1b: Calyrex|61/100\n|cant|p1b: Calyrex|flinch\n|move|p1a: Indeedee|Trick Room|p1a: Indeedee\n|-fieldstart|move: Trick Room|[of] p1a: Indeedee\n|\n|upkeep\n|turn|2\n|inactive|enyelvgc has 30 seconds left.\n|inactive|biglivingorganism has 30 seconds left.\n|\n|t:|1743230729\n|move|p2b: Chi-Yu|Protect|p2b: Chi-Yu\n|-singleturn|p2b: Chi-Yu|Protect\n|move|p1a: Indeedee|Follow Me|p1a: Indeedee\n|-singleturn|p1a: Indeedee|move: Follow Me\n|move|p2a: Incineroar|Knock Off|p1a: Indeedee\n|-supereffective|p1a: Indeedee\n|-damage|p1a: Indeedee|0 fnt\n|-damage|p2a: Incineroar|84/100|[from] item: Rocky Helmet|[of] p1a: Indeedee\n|-enditem|p1a: Indeedee|Rocky Helmet|[from] move: Knock Off|[of] p2a: Incineroar\n|faint|p1a: Indeedee\n|move|p1b: Calyrex|Close Combat|p2a: Incineroar\n|-supereffective|p2a: Incineroar\n|-damage|p2a: Incineroar|0 fnt\n|-unboost|p1b: Calyrex|def|1\n|-unboost|p1b: Calyrex|spd|1\n|-damage|p1b: Calyrex|44/100|[from] item: Rocky Helmet|[of] p2a: Incineroar\n|faint|p2a: Incineroar\n|-ability|p1b: Calyrex|Chilling Neigh|boost\n|-boost|p1b: Calyrex|atk|1\n|\n|upkeep\n|\n|t:|1743230748\n|switch|p2a: Iron Treads|Iron Treads, L50, shiny|100/100\n|switch|p1a: Torkoal|Torkoal, L50, F|100/100\n|-weather|SunnyDay|[from] ability: Drought|[of] p1a: Torkoal\n|turn|3\n|inactive|biglivingorganism has 30 seconds left.\n|\n|t:|1743230781\n|-terastallize|p2a: Iron Treads|Ghost\n|move|p1a: Torkoal|Eruption|p2a: Iron Treads|[spread] p2a,p2b\n|-resisted|p2b: Chi-Yu\n|-damage|p2a: Iron Treads|0 fnt\n|-damage|p2b: Chi-Yu|50/100\n|faint|p2a: Iron Treads\n|-end|p2a: Iron Treads|Quark Drive|[silent]\n|move|p1b: Calyrex|Glacial Lance|p2b: Chi-Yu\n|-resisted|p2b: Chi-Yu\n|-crit|p2b: Chi-Yu\n|-damage|p2b: Chi-Yu|0 fnt\n|faint|p2b: Chi-Yu\n|-ability|p1b: Calyrex|Chilling Neigh|boost\n|-boost|p1b: Calyrex|atk|1\n|\n|-weather|SunnyDay|[upkeep]\n|upkeep\n|\n|t:|1743230790\n|switch|p2b: Miraidon|Miraidon, L50|100/100\n|-fieldstart|move: Electric Terrain|[from] ability: Hadron Engine|[of] p2b: Miraidon\n|turn|4\n|\n|t:|1743230799\n|move|p1a: Torkoal|Eruption|p2b: Miraidon\n|-resisted|p2b: Miraidon\n|-damage|p2b: Miraidon|56/100\n|move|p1b: Calyrex|Glacial Lance|p2b: Miraidon\n|-supereffective|p2b: Miraidon\n|-damage|p2b: Miraidon|0 fnt\n|faint|p2b: Miraidon\n|\n|win|enyelvgc\n||biglivingorganism is ready for game 2.\n||enyelvgc is ready for game 2.\n|uhtml|next|Next: <a href=\"/battle-gen9vgc2025reggbo3-2330456049\"><strong>Game 2 of 3</strong></a>\n", "uploadtime": 1743231165, "views": 5, "formatid": "gen9vgc2025reggbo3", "rating": null, "private": 0, "password": null}