{"id": "gen9vgc2025reggbo3-2330507575", "format": "[Gen 9] VGC 2025 Reg G (Bo3)", "players": ["Junseville", "Drgringo"], "log": "|j|\u2606Junseville\n|j|\u2606Drgringo\n|html|<table width=\"100%\"><tr><td align=\"left\">Junseville</td><td align=\"right\">Drgringo</tr><tr><td align=\"left\"><i class=\"fa fa-circle-o\"></i> <i class=\"fa fa-circle-o\"></i> </td><td align=\"right\"><i class=\"fa fa-circle-o\"></i> <i class=\"fa fa-circle-o\"></i> </tr></table>\n|uhtml|bestof|<h2><strong>Game 1</strong> of <a href=\"/game-bestof3-gen9vgc2025reggbo3-2330507574\">a best-of-3</a></h2>\n|t:|1743241684\n|gametype|doubles\n|player|p1|Junseville|102|1304\n|player|p2|Drgringo|266|1415\n|teamsize|p1|6\n|teamsize|p2|6\n|gen|9\n|tier|[Gen 9] VGC 2025 Reg G (Bo3)\n|rated|\n|rule|Species Clause: Limit one of each Pok\u00e9mon\n|rule|Item Clause: Limit 1 of each item\n|clearpoke\n|poke|p1|Calyrex-Ice, L50|\n|poke|p1|Ogerpon-Cornerstone, L50, F|\n|poke|p1|Landorus, L50, M|\n|poke|p1|Rillaboom, L50, F|\n|poke|p1|Pelipper, L50, M|\n|poke|p1|Urshifu-*, L50, F|\n|poke|p2|Calyrex-Ice, L50|\n|poke|p2|Landorus, L50, M|\n|poke|p2|Rillaboom, L50, F|\n|poke|p2|Urshifu-*, L50, F|\n|poke|p2|Incineroar, L50, F|\n|poke|p2|Raging Bolt, L50|\n|teampreview|4\n|showteam|p1|Calyrex-Ice||ClearAmulet|AsOneGlastrier|GlacialLance,HighHorsepower,TrickRoom,Protect||||||50|,,,,,Water]Ogerpon-Cornerstone||CornerstoneMask|Sturdy|IvyCudgel,WoodHammer,FollowMe,SpikyShield|||F|||50|,,,,,Rock]Landorus||LifeOrb|SheerForce|EarthPower,SludgeBomb,SandsearStorm,Protect|||M|||50|,,,,,Water]Rillaboom||AssaultVest|GrassySurge|GrassyGlide,WoodHammer,FakeOut,Uturn|||F|||50|,,,,,Fire]Pelipper||CovertCloak|Drizzle|Hurricane,WeatherBall,WideGuard,HelpingHand|||M|||50|,,,,,Grass]Urshifu-Rapid-Strike||ChoiceScarf|UnseenFist|SurgingStrikes,CloseCombat,Coaching,Uturn|||F|||50|,,,,,Ghost\n|showteam|p2|Calyrex-Ice||ClearAmulet|AsOneGlastrier|TrickRoom,Protect,GlacialLance,HighHorsepower||||||50|,,,,,Fairy]Landorus||ChoiceScarf|SheerForce|EarthPower,Uturn,SandsearStorm,SludgeBomb|||M|||50|,,,,,Water]Rillaboom||AssaultVest|GrassySurge|FakeOut,Uturn,WoodHammer,GrassyGlide|||F|||50|,,,,,Fire]Urshifu-Rapid-Strike||FocusSash|UnseenFist|Protect,CloseCombat,AquaJet,SurgingStrikes|||F|||50|,,,,,Water]Incineroar||SafetyGoggles|Intimidate|KnockOff,FakeOut,Taunt,PartingShot|||F|||50|,,,,,Water]Raging Bolt||LifeOrb|Protosynthesis|Thunderbolt,Protect,Thunderclap,DracoMeteor||||||50|,,,,,Bug\n|\n|t:|1743241742\n|start\n|switch|p1a: Calyrex|Calyrex-Ice, L50|100/100\n|switch|p1b: Ogerpon|Ogerpon-Cornerstone, L50, F|100/100\n|switch|p2a: Raging Bolt|Raging Bolt, L50|100/100\n|switch|p2b: Incineroar|Incineroar, L50, F|100/100\n|-ability|p1a: Calyrex|As One\n|-ability|p1a: Calyrex|Unnerve\n|-ability|p2b: Incineroar|Intimidate|boost\n|-fail|p1a: Calyrex|unboost|[from] item: Clear Amulet|[of] p1a: Calyrex\n|-unboost|p1b: Ogerpon|atk|1\n|turn|1\n|\n|t:|1743241772\n|-terastallize|p2a: Raging Bolt|Bug\n|move|p1b: Ogerpon|Ivy Cudgel|p2b: Incineroar|[anim] Ivy Cudgel Rock\n|-supereffective|p2b: Incineroar\n|-crit|p2b: Incineroar\n|-damage|p2b: Incineroar|0 fnt\n|faint|p2b: Incineroar\n|move|p2a: Raging Bolt|Draco Meteor|p1a: Calyrex\n|-damage|p1a: Calyrex|40/100\n|-unboost|p2a: Raging Bolt|spa|2\n|-damage|p2a: Raging Bolt|91/100|[from] item: Life Orb\n|move|p1a: Calyrex|Glacial Lance|p2a: Raging Bolt\n|-damage|p2a: Raging Bolt|28/100\n|\n|upkeep\n|\n|t:|1743241793\n|switch|p2b: Calyrex|Calyrex-Ice, L50|100/100\n|-ability|p2b: Calyrex|As One\n|-ability|p2b: Calyrex|Unnerve\n|turn|2\n|\n|t:|1743241817\n|move|p2a: Raging Bolt|Thunderclap|p1b: Ogerpon\n|-resisted|p1b: Ogerpon\n|-crit|p1b: Ogerpon\n|-damage|p1b: Ogerpon|57/100\n|-damage|p2a: Raging Bolt|18/100|[from] item: Life Orb\n|move|p1b: Ogerpon|Ivy Cudgel|p2b: Calyrex|[anim] Ivy Cudgel Rock\n|-supereffective|p2b: Calyrex\n|-damage|p2b: Calyrex|53/100\n|move|p1a: Calyrex|Glacial Lance|p2a: Raging Bolt|[spread] p2a,p2b\n|-resisted|p2b: Calyrex\n|-damage|p2a: Raging Bolt|0 fnt\n|-damage|p2b: Calyrex|36/100\n|faint|p2a: Raging Bolt\n|-end|p2a: Raging Bolt|Protosynthesis|[silent]\n|-ability|p1a: Calyrex|Chilling Neigh|boost\n|-boost|p1a: Calyrex|atk|1\n|move|p2b: Calyrex|Glacial Lance|p1a: Calyrex|[spread] p1a,p1b\n|-resisted|p1a: Calyrex\n|-supereffective|p1b: Ogerpon\n|-damage|p1a: Calyrex|23/100\n|-damage|p1b: Ogerpon|0 fnt\n|faint|p1b: Ogerpon\n|-ability|p2b: Calyrex|Chilling Neigh|boost\n|-boost|p2b: Calyrex|atk|1\n|\n|upkeep\n|\n|t:|1743241845\n|switch|p1b: Landorus|Landorus, L50, M|100/100\n|switch|p2a: Urshifu|Urshifu-Rapid-Strike, L50, F|100/100\n|turn|3\n|\n|t:|1743241868\n|-terastallize|p1b: Landorus|Water\n|move|p1b: Landorus|Sandsear Storm|p2b: Calyrex|[spread] p2a,p2b\n|-crit|p2a: Urshifu\n|-enditem|p2a: Urshifu|Focus Sash\n|-damage|p2a: Urshifu|1/100\n|-damage|p2b: Calyrex|0 fnt\n|faint|p2b: Calyrex\n|move|p2a: Urshifu|Surging Strikes|p1b: Landorus\n|-resisted|p1b: Landorus\n|-crit|p1b: Landorus\n|-damage|p1b: Landorus|88/100\n|-resisted|p1b: Landorus\n|-crit|p1b: Landorus\n|-damage|p1b: Landorus|76/100\n|-resisted|p1b: Landorus\n|-crit|p1b: Landorus\n|-damage|p1b: Landorus|65/100\n|-hitcount|p1b: Landorus|3\n|move|p1a: Calyrex|High Horsepower|p2a: Urshifu\n|-damage|p2a: Urshifu|0 fnt\n|faint|p2a: Urshifu\n|\n|win|Junseville\n|inactive|Junseville has 30 seconds to confirm battle start!\n|inactive|Drgringo has 30 seconds to confirm battle start!\n||Drgringo is ready for game 2.\n", "uploadtime": 1743241887, "views": 6, "formatid": "gen9vgc2025reggbo3", "rating": null, "private": 0, "password": null}