{"id": "gen9vgc2025reggbo3-2330451537", "format": "[Gen 9] VGC 2025 Reg G (Bo3)", "players": ["EnchantDark", "Silent Whisp"], "log": "|j|\u2606EnchantDark\n|j|\u2606Silent Whisp\n|html|<table width=\"100%\"><tr><td align=\"left\">EnchantDark</td><td align=\"right\">Silent Whisp</tr><tr><td align=\"left\"><i class=\"fa fa-circle-o\"></i> <i class=\"fa fa-circle-o\"></i> </td><td align=\"right\"><i class=\"fa fa-circle-o\"></i> <i class=\"fa fa-circle-o\"></i> </tr></table>\n|uhtml|bestof|<h2><strong>Game 1</strong> of <a href=\"/game-bestof3-gen9vgc2025reggbo3-2330451536\">a best-of-3</a></h2>\n|t:|1743229905\n|gametype|doubles\n|player|p1|EnchantDark|101|1099\n|player|p2|Silent Whisp|burglar|1162\n|teamsize|p1|6\n|teamsize|p2|6\n|gen|9\n|tier|[Gen 9] VGC 2025 Reg G (Bo3)\n|rated|\n|rule|Species Clause: Limit one of each Pok\u00e9mon\n|rule|Item Clause: Limit 1 of each item\n|clearpoke\n|poke|p1|Koraidon, L50|\n|poke|p1|Whimsicott, L50, M|\n|poke|p1|Charizard, L50, M|\n|poke|p1|Lilligant-Hisui, L50, F|\n|poke|p1|Typhlosion-Hisui, L50, M|\n|poke|p1|Ogerpon-Wellspring, L50, F|\n|poke|p2|Ceruledge, L50, M|\n|poke|p2|Koraidon, L50|\n|poke|p2|Flutter Mane, L50|\n|poke|p2|Venusaur, L50, M|\n|poke|p2|Umbreon, L50, M|\n|poke|p2|Ogerpon-Wellspring, L50, F|\n|teampreview|4\n|showteam|p1|Koraidon||ChoiceBand|OrichalcumPulse|CollisionCourse,FlareBlitz,WildCharge,DragonClaw||||||50|,,,,,Fighting]Whimsicott||CovertCloak|Prankster|SunnyDay,HelpingHand,Moonblast,Tailwind|||M|||50|,,,,,Dark]Charizard||LifeOrb|SolarPower|Flamethrower,SolarBeam,DragonPulse,HeatWave|||M|||50|,,,,,Dragon]Lilligant-Hisui||FocusSash|Chlorophyll|AxeKick,SolarBlade,TripleAxel,Protect|||F|||50|,,,,,Water]Typhlosion-Hisui||ChoiceSpecs|Blaze|FireBlast,Eruption,ShadowBall,TeraBlast|||M|||50|,,,,,Water]Ogerpon-Wellspring||WellspringMask|WaterAbsorb|IvyCudgel,HornLeech,SpikyShield,FollowMe|||F|||50|,,,,,Water\n|showteam|p2|Ceruledge||AssaultVest|FlashFire|BitterBlade,ShadowSneak,TeraBlast,PoisonJab|||M|||50|,,,,,Grass]Koraidon||LoadedDice|OrichalcumPulse|ScaleShot,CloseCombat,FlareBlitz,Protect||||||50|,,,,,Fire]Flutter Mane||FocusSash|Protosynthesis|Protect,ShadowBall,MysticalFire,DazzlingGleam||||||50|,,,,,Fairy]Venusaur||BlackSludge|Chlorophyll|Protect,SolarBeam,SludgeBomb,SleepPowder|||M|||50|,,,,,Poison]Umbreon||Leftovers|InnerFocus|Roar,Snarl,FoulPlay,Moonlight|||M|||50|,,,,,Ghost]Ogerpon-Wellspring||WellspringMask|WaterAbsorb|FollowMe,SpikyShield,IvyCudgel,HornLeech|||F|||50|,,,,,Water\n|\n|t:|1743229945\n|start\n|switch|p1a: Whimsicott|Whimsicott, L50, M|100/100\n|switch|p1b: Charizard|Charizard, L50, M|100/100\n|switch|p2a: Flutter Mane|Flutter Mane, L50|100/100\n|switch|p2b: Venusaur|Venusaur, L50, M|100/100\n|turn|1\n|\n|t:|1743229968\n|move|p1a: Whimsicott|Sunny Day|p1a: Whimsicott\n|-weather|SunnyDay\n|-activate|p2a: Flutter Mane|ability: Protosynthesis\n|-start|p2a: Flutter Mane|protosynthesisspe\n|move|p2a: Flutter Mane|Mystical Fire|p1b: Charizard\n|-resisted|p1b: Charizard\n|-damage|p1b: Charizard|75/100\n|-unboost|p1b: Charizard|spa|1\n|move|p2b: Venusaur|Sludge Bomb|p1a: Whimsicott\n|-supereffective|p1a: Whimsicott\n|-damage|p1a: Whimsicott|0 fnt\n|faint|p1a: Whimsicott\n|move|p1b: Charizard|Flamethrower|p2b: Venusaur\n|-supereffective|p2b: Venusaur\n|-damage|p2b: Venusaur|0 fnt\n|faint|p2b: Venusaur\n|-damage|p1b: Charizard|65/100|[from] item: Life Orb\n|\n|-weather|SunnyDay|[upkeep]\n|-damage|p1b: Charizard|52/100|[from] ability: Solar Power|[of] p1b: Charizard\n|upkeep\n|\n|t:|1743229996\n|switch|p1a: Lilligant|Lilligant-Hisui, L50, F|100/100\n|switch|p2b: Koraidon|Koraidon, L50|100/100\n|-activate|p2b: Koraidon|ability: Orichalcum Pulse\n|turn|2\n|\n|t:|1743230026\n|move|p2a: Flutter Mane|Dazzling Gleam|p1b: Charizard|[spread] p1a,p1b\n|-supereffective|p1a: Lilligant\n|-resisted|p1b: Charizard\n|-damage|p1a: Lilligant|5/100\n|-damage|p1b: Charizard|33/100\n|move|p1a: Lilligant|Triple Axel|p2b: Koraidon\n|-supereffective|p2b: Koraidon\n|-damage|p2b: Koraidon|88/100\n|-supereffective|p2b: Koraidon\n|-damage|p2b: Koraidon|65/100\n|-supereffective|p2b: Koraidon\n|-damage|p2b: Koraidon|32/100\n|-hitcount|p2b: Koraidon|3\n|move|p2b: Koraidon|Scale Shot|p1a: Lilligant\n|-damage|p1a: Lilligant|0 fnt\n|faint|p1a: Lilligant\n|-hitcount|p1: Lilligant|1\n|-unboost|p2b: Koraidon|def|1\n|-boost|p2b: Koraidon|spe|1\n|move|p1b: Charizard|Flamethrower|p2a: Flutter Mane\n|-damage|p2a: Flutter Mane|4/100\n|-damage|p1b: Charizard|23/100|[from] item: Life Orb\n|\n|-weather|SunnyDay|[upkeep]\n|-damage|p1b: Charizard|11/100|[from] ability: Solar Power|[of] p1b: Charizard\n|upkeep\n|\n|t:|1743230055\n|switch|p1a: Koraidon|Koraidon, L50|100/100\n|-activate|p1a: Koraidon|ability: Orichalcum Pulse\n|turn|3\n|\n|t:|1743230087\n|-terastallize|p1a: Koraidon|Fighting\n|move|p2a: Flutter Mane|Dazzling Gleam|p1a: Koraidon|[spread] p1a,p1b\n|-supereffective|p1a: Koraidon\n|-resisted|p1b: Charizard\n|-damage|p1a: Koraidon|32/100\n|-damage|p1b: Charizard|0 fnt\n|faint|p1b: Charizard\n|move|p2b: Koraidon|Close Combat|p1a: Koraidon\n|-damage|p1a: Koraidon|0 fnt\n|-unboost|p2b: Koraidon|def|1\n|-unboost|p2b: Koraidon|spd|1\n|faint|p1a: Koraidon\n|\n|win|Silent Whisp\n||Silent Whisp is ready for game 2.\n|inactive|EnchantDark has 30 seconds to confirm battle start!\n||EnchantDark is ready for game 2.\n|uhtml|next|Next: <a href=\"/battle-gen9vgc2025reggbo3-2330452479\"><strong>Game 2 of 3</strong></a>\n|l|\u2606EnchantDark\n|player|p1|\n|l|\u2606Silent Whisp\n|player|p2|\n", "uploadtime": 1743230459, "views": 5, "formatid": "gen9vgc2025reggbo3", "rating": null, "private": 0, "password": null}