{"id": "gen9vgc2025reggbo3-2330482183", "format": "[Gen 9] VGC 2025 Reg G (Bo3)", "players": ["Scythekatana", "Dryynvgc"], "log": "|j|\u2606Scythekatana\n|j|\u2606Dryynvgc\n|html|<table width=\"100%\"><tr><td align=\"left\">Scythekatana</td><td align=\"right\">Dryynvgc</tr><tr><td align=\"left\"><i class=\"fa fa-circle-o\"></i> <i class=\"fa fa-circle-o\"></i> </td><td align=\"right\"><i class=\"fa fa-circle-o\"></i> <i class=\"fa fa-circle-o\"></i> </tr></table>\n|uhtml|bestof|<h2><strong>Game 1</strong> of <a href=\"/game-bestof3-gen9vgc2025reggbo3-2330482182\">a best-of-3</a></h2>\n|t:|1743236330\n|gametype|doubles\n|player|p1|Scythekatana|102|1052\n|player|p2|Dryynvgc|cynthia|1130\n|teamsize|p1|6\n|teamsize|p2|6\n|gen|9\n|tier|[Gen 9] VGC 2025 Reg G (Bo3)\n|rated|\n|rule|Species Clause: Limit one of each Pok\u00e9mon\n|rule|Item Clause: Limit 1 of each item\n|clearpoke\n|poke|p1|Dragalge, L50, M|\n|poke|p1|Espathra, L50, F|\n|poke|p1|Indeedee, L50, M|\n|poke|p1|Gumshoos, L50, F|\n|poke|p1|Kingambit, L50, F|\n|poke|p1|Yanmega, L50, M|\n|poke|p2|Smeargle, L50, F|\n|poke|p2|Calyrex-Shadow, L50|\n|poke|p2|Clefairy, L50, F|\n|poke|p2|Rillaboom, L50, M|\n|poke|p2|Tornadus, L50, M|\n|poke|p2|Urshifu-*, L50, F|\n|teampreview|4\n|showteam|p1|Dragalge||ChoiceSpecs|Adaptability|DragonPulse,SludgeWave,Thunderbolt,MuddyWater|||M|||50|,,,,,Water]Espathra||TwistedSpoon|SpeedBoost|ExpandingForce,Protect,ShadowBall,TrickRoom|||F|||50|,,,,,Psychic]Indeedee||TerrainExtender|PsychicSurge|ExpandingForce,TrickRoom,DrainingKiss,SkillSwap|||M|||50|,,,,,Steel]Gumshoos||SilkScarf|Adaptability|Protect,LastResort|||F|||50|,,,,,Normal]Kingambit||AssaultVest|Defiant|KowtowCleave,SuckerPunch,IronHead,Reversal|||F|||50|,,,,,Dark]Yanmega||ThroatSpray|TintedLens|BugBuzz,Protect,Tailwind,PsychicNoise|||M|||50|,,,,,Bug\n|showteam|p2|Smeargle||FocusSash|Moody|FollowMe,WideGuard,Spore,FakeOut|||F|||50|,,,,,Ghost]Calyrex-Shadow||LifeOrb|AsOneSpectrier|AstralBarrage,GigaDrain,NastyPlot,Protect||||||50|,,,,,Grass]Clefairy||Eviolite|FriendGuard|FollowMe,HelpingHand,AfterYou,Protect|||F|||50|,,,,,Grass]Rillaboom||AssaultVest|GrassySurge|WoodHammer,GrassyGlide,Uturn,FakeOut|||M|||50|,,,,,Fire]Tornadus||CovertCloak|Prankster|BleakwindStorm,Taunt,RainDance,Tailwind|||M|||50|,,,,,Dark]Urshifu-Rapid-Strike||SplashPlate|UnseenFist|SurgingStrikes,CloseCombat,AquaJet,Protect|||F|||50|,,,,,Water\n|\n|t:|1743236355\n|start\n|switch|p1a: Indeedee|Indeedee, L50, M|100/100\n|switch|p1b: Espathra|Espathra, L50, F|100/100\n|switch|p2a: Lini|Clefairy, L50, F|100/100\n|switch|p2b: Moony|Calyrex-Shadow, L50|100/100\n|-ability|p2b: Moony|As One\n|-ability|p2b: Moony|Unnerve\n|-fieldstart|move: Psychic Terrain|[from] ability: Psychic Surge|[of] p1a: Indeedee\n|turn|1\n|inactive|Battle timer is ON: inactive players will automatically lose when time's up. (requested by Dryynvgc)\n|\n|t:|1743236379\n|switch|p2a: Nudel|Rillaboom, L50, M, shiny|100/100\n|-fieldstart|move: Grassy Terrain|[from] ability: Grassy Surge|[of] p2a: Nudel\n|move|p2b: Moony|Protect|p2b: Moony\n|-singleturn|p2b: Moony|Protect\n|move|p1b: Espathra|Protect|p1b: Espathra\n|-singleturn|p1b: Espathra|Protect\n|move|p1a: Indeedee|Skill Swap|p2b: Moony\n|-activate|p2b: Moony|move: Protect\n|\n|-ability|p1b: Espathra|Speed Boost|boost\n|-boost|p1b: Espathra|spe|1\n|upkeep\n|turn|2\n|inactive|Scythekatana has 30 seconds left.\n|inactive|Scythekatana has 20 seconds left.\n|\n|t:|1743236417\n|switch|p1b: Dragalge|Dragalge, L50, M, shiny|100/100\n|switch|p1a: Kingambit|Kingambit, L50, F|100/100\n|move|p2a: Nudel|Fake Out|p1b: Dragalge\n|-damage|p1b: Dragalge|85/100\n|move|p2b: Moony|Nasty Plot|p2b: Moony\n|-boost|p2b: Moony|spa|2\n|\n|-heal|p1b: Dragalge|90/100|[from] Grassy Terrain\n|upkeep\n|turn|3\n|\n|t:|1743236431\n|-terastallize|p2b: Moony|Grass\n|move|p2b: Moony|Giga Drain|p1a: Kingambit\n|-resisted|p1a: Kingambit\n|-damage|p1a: Kingambit|49/100\n|-damage|p2b: Moony|91/100|[from] item: Life Orb\n|move|p2a: Nudel|Wood Hammer|p1b: Dragalge\n|-resisted|p1b: Dragalge\n|-damage|p1b: Dragalge|69/100\n|-damage|p2a: Nudel|95/100|[from] Recoil\n|move|p1a: Kingambit|Kowtow Cleave|p2b: Moony\n|-damage|p2b: Moony|33/100\n|move|p1b: Dragalge|Sludge Wave|p2a: Nudel|[spread] p2a,p2b\n|-immune|p1a: Kingambit\n|-supereffective|p2a: Nudel\n|-supereffective|p2b: Moony\n|-damage|p2a: Nudel|7/100\n|-damage|p2b: Moony|0 fnt\n|faint|p2b: Moony\n|\n|-heal|p2a: Nudel|13/100|[from] Grassy Terrain\n|-heal|p1a: Kingambit|55/100|[from] Grassy Terrain\n|-heal|p1b: Dragalge|75/100|[from] Grassy Terrain\n|upkeep\n|-message|Dryynvgc forfeited.\n|\n|win|Scythekatana\n|l|\u2606Dryynvgc\n|player|p2|\n||Dryynvgc is ready for game 2.\n||Scythekatana is ready for game 2.\n|uhtml|next|Next: <a href=\"/battle-gen9vgc2025reggbo3-2330482743\"><strong>Game 2 of 3</strong></a>\n|j|\u2606Dryynvgc\n|player|p2|Dryynvgc|cynthia|\n|l|\u2606Scythekatana\n|player|p1|\n|l|\u2606Dryynvgc\n|player|p2|\n", "uploadtime": 1743236785, "views": 5, "formatid": "gen9vgc2025reggbo3", "rating": null, "private": 0, "password": null}