{"id": "gen9vgc2025reggbo3-2330518465", "format": "[Gen 9] VGC 2025 Reg G (Bo3)", "players": ["pikabolz4848", "TangCB._.0139"], "log": "|j|\u2606pikabolz4848\n|j|\u203dTangCB._.0139\n|html|<table width=\"100%\"><tr><td align=\"left\">pikabolz4848</td><td align=\"right\">TangCB._.0139</tr><tr><td align=\"left\"><i class=\"fa fa-circle-o\"></i> <i class=\"fa fa-circle-o\"></i> </td><td align=\"right\"><i class=\"fa fa-circle-o\"></i> <i class=\"fa fa-circle-o\"></i> </tr></table>\n|uhtml|bestof|<h2><strong>Game 1</strong> of <a href=\"/game-bestof3-gen9vgc2025reggbo3-2330518464\">a best-of-3</a></h2>\n|t:|1743243801\n|gametype|doubles\n|player|p1|pikabolz4848|265|1124\n|player|p2|TangCB._.0139|170|1215\n|teamsize|p1|6\n|teamsize|p2|6\n|gen|9\n|tier|[Gen 9] VGC 2025 Reg G (Bo3)\n|rated|\n|rule|Species Clause: Limit one of each Pok\u00e9mon\n|rule|Item Clause: Limit 1 of each item\n|clearpoke\n|poke|p1|Walking Wake, L50|\n|poke|p1|Arcanine, L50, F|\n|poke|p1|Sinistcha-Masterpiece, L50|\n|poke|p1|Dragonite, L50, M|\n|poke|p1|Iron Hands, L50|\n|poke|p1|Zacian-*, L50|\n|poke|p2|Lunala, L50|\n|poke|p2|Indeedee-F, L50, F|\n|poke|p2|Incineroar, L50, M|\n|poke|p2|Whimsicott, L50, F|\n|poke|p2|Iron Hands, L50|\n|poke|p2|Urshifu-*, L50, F|\n|teampreview|4\n|showteam|p1|Walking Wake||LifeOrb|Protosynthesis|Protect,NobleRoar,HydroSteam,DragonPulse||||||50|,,,,,Normal]Arcanine||SafetyGoggles|Intimidate|Protect,HelpingHand,Howl,FlareBlitz|||F|||50|,,,,,Water]Sinistcha-Masterpiece||Leftovers|Hospitality|Protect,RagePowder,TrickRoom,ShadowBall||||||50|,,,,,Dark]Dragonite||LoadedDice|InnerFocus|Protect,Tailwind,ThunderPunch,ScaleShot|||M|||50|,,,,,Steel]Iron Hands||AssaultVest|QuarkDrive|FakeOut,DrainPunch,WildCharge,VoltSwitch||||||50|,,,,,Flying]Zacian-Crowned||RustedSword|IntrepidSword|Protect,behemothblade,PlayRough,SacredSword||||||50|,,,,,Flying\n|showteam|p2|Lunala||PowerHerb|ShadowShield|Moonblast,MeteorBeam,ExpandingForce,TrickRoom||||||50|,,,,,Fairy]Indeedee-F||SafetyGoggles|PsychicSurge|FollowMe,TrickRoom,HelpingHand,Psychic|||F|||50|,,,,,Fairy]Incineroar||SitrusBerry|Intimidate|FakeOut,FlareBlitz,PartingShot,KnockOff|||M|||50|,,,,,Grass]Whimsicott||CovertCloak|Prankster|Tailwind,Moonblast,Encore,FakeTears|||F|||50|,,,,,Dark]Iron Hands||AssaultVest|QuarkDrive|FakeOut,DrainPunch,SupercellSlam,HeavySlam||||||50|,,,,,Fairy]Urshifu||FocusSash|UnseenFist|WickedBlow,CloseCombat,SuckerPunch,Detect|||F|||50|,,,,,Dark\n|\n|t:|1743243847\n|start\n|switch|p1a: Sinistcha|Sinistcha-Masterpiece, L50|100/100\n|switch|p1b: Iron Hands|Iron Hands, L50|100/100\n|switch|p2a: Indeedee|Indeedee-F, L50, F|100/100\n|switch|p2b: Lunala|Lunala, L50|100/100\n|-fieldstart|move: Psychic Terrain|[from] ability: Psychic Surge|[of] p2a: Indeedee\n|turn|1\n|\n|t:|1743243874\n|move|p2a: Indeedee|Follow Me|p2a: Indeedee\n|-singleturn|p2a: Indeedee|move: Follow Me\n|move|p2b: Lunala|Meteor Beam||[still]\n|-prepare|p2b: Lunala|Meteor Beam\n|-boost|p2b: Lunala|spa|1\n|-enditem|p2b: Lunala|Power Herb\n|-anim|p2b: Lunala|Meteor Beam|p1a: Sinistcha\n|-damage|p1a: Sinistcha|33/100\n|move|p1a: Sinistcha|Shadow Ball|p2a: Indeedee\n|-immune|p2a: Indeedee\n|move|p1b: Iron Hands|Drain Punch|p2a: Indeedee\n|-damage|p2a: Indeedee|58/100\n|\n|-heal|p1a: Sinistcha|39/100|[from] item: Leftovers\n|upkeep\n|turn|2\n|\n|t:|1743243902\n|move|p2a: Indeedee|Helping Hand|p2b: Lunala\n|-singleturn|p2b: Lunala|Helping Hand|[of] p2a: Indeedee\n|move|p1a: Sinistcha|Protect|p1a: Sinistcha\n|-singleturn|p1a: Sinistcha|Protect\n|move|p2b: Lunala|Expanding Force|p1a: Sinistcha|[spread] p1b\n|-activate|p1a: Sinistcha|move: Protect\n|-supereffective|p1b: Iron Hands\n|-damage|p1b: Iron Hands|0 fnt\n|faint|p1b: Iron Hands\n|-end|p1b: Iron Hands|Quark Drive|[silent]\n|\n|-heal|p1a: Sinistcha|45/100|[from] item: Leftovers\n|upkeep\n|\n|t:|1743243917\n|switch|p1b: Zacian|Zacian-Crowned, L50|100/100\n|-ability|p1b: Zacian|Intrepid Sword|boost\n|-boost|p1b: Zacian|atk|1\n|turn|3\n|\n|t:|1743243929\n|move|p2a: Indeedee|Follow Me|p2a: Indeedee\n|-singleturn|p2a: Indeedee|move: Follow Me\n|move|p1a: Sinistcha|Rage Powder|p1a: Sinistcha\n|-singleturn|p1a: Sinistcha|move: Rage Powder\n|move|p1b: Zacian|Behemoth Blade|p2a: Indeedee\n|-damage|p2a: Indeedee|0 fnt\n|faint|p2a: Indeedee\n|move|p2b: Lunala|Trick Room|p2b: Lunala\n|-fieldstart|move: Trick Room|[of] p2b: Lunala\n|\n|-heal|p1a: Sinistcha|52/100|[from] item: Leftovers\n|upkeep\n|\n|t:|1743243932\n|switch|p2a: Incineroar|Incineroar, L50, M|100/100\n|-ability|p2a: Incineroar|Intimidate|boost\n|-unboost|p1a: Sinistcha|atk|1\n|-unboost|p1b: Zacian|atk|1\n|turn|4\n|\n|t:|1743243953\n|switch|p1b: Dragonite|Dragonite, L50, M, shiny|100/100\n|-terastallize|p2a: Incineroar|Grass\n|move|p1a: Sinistcha|Shadow Ball|p2b: Lunala\n|-supereffective|p2b: Lunala\n|-damage|p2b: Lunala|59/100\n|move|p2a: Incineroar|Flare Blitz|p1b: Dragonite\n|-resisted|p1b: Dragonite\n|-damage|p1b: Dragonite|77/100\n|-damage|p2a: Incineroar|93/100|[from] Recoil\n|move|p2b: Lunala|Expanding Force|p1b: Dragonite|[spread] p1a,p1b\n|-damage|p1a: Sinistcha|0 fnt\n|-damage|p1b: Dragonite|0 fnt\n|faint|p1a: Sinistcha\n|faint|p1b: Dragonite\n|\n|upkeep\n|\n|t:|1743243970\n|switch|p1a: Zacian|Zacian-Crowned, L50|100/100\n|turn|5\n|\n|t:|1743243976\n|move|p2a: Incineroar|Flare Blitz|p1a: Zacian\n|-supereffective|p1a: Zacian\n|-damage|p1a: Zacian|9/100\n|-damage|p2a: Incineroar|68/100|[from] Recoil\n|move|p2b: Lunala|Expanding Force|p1a: Zacian\n|-resisted|p1a: Zacian\n|-damage|p1a: Zacian|0 fnt\n|faint|p1a: Zacian\n|\n|win|TangCB._.0139\n||TangCB._.0139 is ready for game 2.\n|inactive|pikabolz4848 has 30 seconds to confirm battle start!\n||pikabolz4848 is ready for game 2.\n|uhtml|next|Next: <a href=\"/battle-gen9vgc2025reggbo3-2330519495\"><strong>Game 2 of 3</strong></a>\n|l|\u203dTangCB._.0139\n|player|p2|\n", "uploadtime": 1743244252, "views": 5, "formatid": "gen9vgc2025reggbo3", "rating": null, "private": 0, "password": null}